ISO-10303-21;
HEADER;
/* Generated by software containing ST-Developer
 * from STEP Tools, Inc. (www.steptools.com) 
 */

FILE_DESCRIPTION(
/* description */ (''),
/* implementation_level */ '2;1');

FILE_NAME(
/* name */ 'pen-clamp.step',
/* time_stamp */ '2026-09-24T14:24:25-04:00',
/* author */ (''),
/* organization */ (''),
/* preprocessor_version */ 'ST-DEVELOPER v20.2',
/* originating_system */ 'Autodesk Translation Framework v15.15.0.0',
/* authorisation */ '');

FILE_SCHEMA (('AUTOMOTIVE_DESIGN { 1 0 10303 214 3 1 1 }'));
ENDSEC;

DATA;
#10=MECHANICAL_DESIGN_GEOMETRIC_PRESENTATION_REPRESENTATION('',(#23,#24),
#12553);
#11=ITEM_DEFINED_TRANSFORMATION($,$,#4670,#5184);
#12=ITEM_DEFINED_TRANSFORMATION($,$,#4913,#5185);
#13=(
REPRESENTATION_RELATIONSHIP($,$,#12567,#12566)
REPRESENTATION_RELATIONSHIP_WITH_TRANSFORMATION(#11)
SHAPE_REPRESENTATION_RELATIONSHIP()
);
#14=(
REPRESENTATION_RELATIONSHIP($,$,#12568,#12566)
REPRESENTATION_RELATIONSHIP_WITH_TRANSFORMATION(#12)
SHAPE_REPRESENTATION_RELATIONSHIP()
);
#15=CONTEXT_DEPENDENT_SHAPE_REPRESENTATION(#13,#12564);
#16=CONTEXT_DEPENDENT_SHAPE_REPRESENTATION(#14,#12565);
#17=NEXT_ASSEMBLY_USAGE_OCCURRENCE('pen-clamp-body:1',
'pen-clamp-body:1','pen-clamp-body:1',#12570,#12571,'pen-clamp-body:1');
#18=NEXT_ASSEMBLY_USAGE_OCCURRENCE('pen-clamp-screw:1',
'pen-clamp-screw:1','pen-clamp-screw:1',#12570,#12572,
'pen-clamp-screw:1');
#19=SHAPE_REPRESENTATION_RELATIONSHIP('SRR','None',#12567,#21);
#20=SHAPE_REPRESENTATION_RELATIONSHIP('SRR','None',#12568,#22);
#21=ADVANCED_BREP_SHAPE_REPRESENTATION('',(#25),#12551);
#22=ADVANCED_BREP_SHAPE_REPRESENTATION('',(#26),#12552);
#23=STYLED_ITEM('',(#12585),#25);
#24=STYLED_ITEM('',(#12585),#26);
#25=MANIFOLD_SOLID_BREP('Body3',#4644);
#26=MANIFOLD_SOLID_BREP('Body1',#4645);
#27=B_SPLINE_SURFACE_WITH_KNOTS('',3,3,((#7822,#7823,#7824,#7825,#7826),
(#7827,#7828,#7829,#7830,#7831),(#7832,#7833,#7834,#7835,#7836),(#7837,
#7838,#7839,#7840,#7841)),.UNSPECIFIED.,.F.,.F.,.F.,(4,4),(4,1,4),(0.038360871868723,
0.0965329650085056),(37.0371555920775,37.664884593792,38.2926135955065),
 .UNSPECIFIED.);
#28=B_SPLINE_SURFACE_WITH_KNOTS('',3,3,((#7894,#7895,#7896,#7897,#7898,
#7899,#7900,#7901,#7902,#7903,#7904,#7905,#7906,#7907,#7908,#7909,#7910,
#7911,#7912,#7913,#7914,#7915,#7916,#7917,#7918,#7919,#7920,#7921),(#7922,
#7923,#7924,#7925,#7926,#7927,#7928,#7929,#7930,#7931,#7932,#7933,#7934,
#7935,#7936,#7937,#7938,#7939,#7940,#7941,#7942,#7943,#7944,#7945,#7946,
#7947,#7948,#7949),(#7950,#7951,#7952,#7953,#7954,#7955,#7956,#7957,#7958,
#7959,#7960,#7961,#7962,#7963,#7964,#7965,#7966,#7967,#7968,#7969,#7970,
#7971,#7972,#7973,#7974,#7975,#7976,#7977),(#7978,#7979,#7980,#7981,#7982,
#7983,#7984,#7985,#7986,#7987,#7988,#7989,#7990,#7991,#7992,#7993,#7994,
#7995,#7996,#7997,#7998,#7999,#8000,#8001,#8002,#8003,#8004,#8005)),
 .UNSPECIFIED.,.F.,.F.,.F.,(4,4),(4,1,1,1,1,1,1,1,1,1,1,1,1,1,1,1,1,1,1,
1,1,1,1,1,1,4),(-0.00865046163371893,0.105199730141447),(11.4909915829985,
12.1343637643101,12.7777359456217,13.4211081269332,14.0644803082448,14.9223098833269,
15.780139458409,16.6379690334911,17.4957986085732,18.3536281836553,19.2114577587374,
19.854829940049,20.4982021213606,21.1415743026722,21.7849464839838,22.4283186652953,
23.0716908466069,23.500605634148,24.3584352092301,25.2162647843122,26.0740943593943,
26.9319239344764,27.575296115788,28.2186682970995,28.8620404784111,29.5054126597227),
 .UNSPECIFIED.);
#29=B_SPLINE_SURFACE_WITH_KNOTS('',3,3,((#8081,#8082,#8083,#8084,#8085,
#8086),(#8087,#8088,#8089,#8090,#8091,#8092),(#8093,#8094,#8095,#8096,#8097,
#8098),(#8099,#8100,#8101,#8102,#8103,#8104)),.UNSPECIFIED.,.F.,.F.,.F.,
(4,4),(4,1,1,4),(0.,0.0965329650085056),(30.2434317942951,30.957104810755,
31.6707778272149,32.3844508436748),.UNSPECIFIED.);
#30=B_SPLINE_SURFACE_WITH_KNOTS('',3,3,((#8121,#8122,#8123,#8124,#8125),
(#8126,#8127,#8128,#8129,#8130),(#8131,#8132,#8133,#8134,#8135),(#8136,
#8137,#8138,#8139,#8140)),.UNSPECIFIED.,.F.,.F.,.F.,(4,4),(4,1,4),(0.,0.0965329650085056),
(33.6865126531109,34.5036566084918,35.3208005638726),.UNSPECIFIED.);
#31=B_SPLINE_SURFACE_WITH_KNOTS('',3,3,((#8184,#8185,#8186,#8187,#8188),
(#8189,#8190,#8191,#8192,#8193),(#8194,#8195,#8196,#8197,#8198),(#8199,
#8200,#8201,#8202,#8203)),.UNSPECIFIED.,.F.,.F.,.F.,(4,4),(4,1,4),(0.,0.0965329650085056),
(33.5750479823794,34.4635179655856,35.3519879487918),.UNSPECIFIED.);
#32=B_SPLINE_SURFACE_WITH_KNOTS('',3,3,((#8211,#8212,#8213,#8214,#8215,
#8216,#8217,#8218,#8219,#8220,#8221,#8222,#8223,#8224,#8225,#8226,#8227,
#8228,#8229,#8230,#8231,#8232,#8233,#8234),(#8235,#8236,#8237,#8238,#8239,
#8240,#8241,#8242,#8243,#8244,#8245,#8246,#8247,#8248,#8249,#8250,#8251,
#8252,#8253,#8254,#8255,#8256,#8257,#8258),(#8259,#8260,#8261,#8262,#8263,
#8264,#8265,#8266,#8267,#8268,#8269,#8270,#8271,#8272,#8273,#8274,#8275,
#8276,#8277,#8278,#8279,#8280,#8281,#8282),(#8283,#8284,#8285,#8286,#8287,
#8288,#8289,#8290,#8291,#8292,#8293,#8294,#8295,#8296,#8297,#8298,#8299,
#8300,#8301,#8302,#8303,#8304,#8305,#8306)),.UNSPECIFIED.,.F.,.F.,.F.,(4,
4),(4,1,1,1,1,1,1,1,1,1,1,1,1,1,1,1,1,1,1,1,1,4),(-0.0173205080756891,0.0792124569328169),
(14.0368494537011,14.5229974990055,15.0091455443099,15.9814416349187,16.9537377255275,
17.9260338161364,18.8983299067452,19.870625997354,20.8429220879628,21.8152181785716,
22.7875142691804,23.7598103597892,24.732106450398,25.7044025410068,26.6766986316156,
27.6489947222244,28.6212908128332,29.593586903442,30.5658829940508,31.5381790846596,
32.024327129964,32.5104751752684),.UNSPECIFIED.);
#33=B_SPLINE_SURFACE_WITH_KNOTS('',3,3,((#8331,#8332,#8333,#8334,#8335),
(#8336,#8337,#8338,#8339,#8340),(#8341,#8342,#8343,#8344,#8345),(#8346,
#8347,#8348,#8349,#8350)),.UNSPECIFIED.,.F.,.F.,.F.,(4,4),(4,1,4),(0.,0.0965329650085056),
(37.0053733006747,37.6623256572936,38.3192780139126),.UNSPECIFIED.);
#34=B_SPLINE_SURFACE_WITH_KNOTS('',3,3,((#11799,#11800,#11801,#11802,#11803,
#11804,#11805,#11806,#11807,#11808,#11809,#11810,#11811,#11812,#11813,#11814,
#11815,#11816,#11817,#11818,#11819,#11820,#11821,#11822,#11823,#11824,#11825,
#11826,#11827,#11828,#11829,#11830,#11831,#11832,#11833,#11834,#11835,#11836,
#11837,#11838,#11839,#11840,#11841,#11842,#11843,#11844,#11845,#11846,#11847,
#11848,#11849,#11850,#11851,#11852,#11853,#11854,#11855,#11856,#11857,#11858,
#11859,#11860,#11861,#11862,#11863,#11864,#11865,#11866,#11867,#11868,#11869,
#11870,#11871,#11872,#11873,#11874,#11875,#11876,#11877,#11878,#11879,#11880,
#11881,#11882,#11883,#11884,#11885,#11886,#11887,#11888,#11889,#11890,#11891,
#11892,#11893,#11894,#11895,#11896,#11897,#11898,#11899,#11900,#11901,#11902,
#11903,#11904,#11905,#11906,#11907,#11908,#11909,#11910,#11911,#11912),
(#11913,#11914,#11915,#11916,#11917,#11918,#11919,#11920,#11921,#11922,
#11923,#11924,#11925,#11926,#11927,#11928,#11929,#11930,#11931,#11932,#11933,
#11934,#11935,#11936,#11937,#11938,#11939,#11940,#11941,#11942,#11943,#11944,
#11945,#11946,#11947,#11948,#11949,#11950,#11951,#11952,#11953,#11954,#11955,
#11956,#11957,#11958,#11959,#11960,#11961,#11962,#11963,#11964,#11965,#11966,
#11967,#11968,#11969,#11970,#11971,#11972,#11973,#11974,#11975,#11976,#11977,
#11978,#11979,#11980,#11981,#11982,#11983,#11984,#11985,#11986,#11987,#11988,
#11989,#11990,#11991,#11992,#11993,#11994,#11995,#11996,#11997,#11998,#11999,
#12000,#12001,#12002,#12003,#12004,#12005,#12006,#12007,#12008,#12009,#12010,
#12011,#12012,#12013,#12014,#12015,#12016,#12017,#12018,#12019,#12020,#12021,
#12022,#12023,#12024,#12025,#12026),(#12027,#12028,#12029,#12030,#12031,
#12032,#12033,#12034,#12035,#12036,#12037,#12038,#12039,#12040,#12041,#12042,
#12043,#12044,#12045,#12046,#12047,#12048,#12049,#12050,#12051,#12052,#12053,
#12054,#12055,#12056,#12057,#12058,#12059,#12060,#12061,#12062,#12063,#12064,
#12065,#12066,#12067,#12068,#12069,#12070,#12071,#12072,#12073,#12074,#12075,
#12076,#12077,#12078,#12079,#12080,#12081,#12082,#12083,#12084,#12085,#12086,
#12087,#12088,#12089,#12090,#12091,#12092,#12093,#12094,#12095,#12096,#12097,
#12098,#12099,#12100,#12101,#12102,#12103,#12104,#12105,#12106,#12107,#12108,
#12109,#12110,#12111,#12112,#12113,#12114,#12115,#12116,#12117,#12118,#12119,
#12120,#12121,#12122,#12123,#12124,#12125,#12126,#12127,#12128,#12129,#12130,
#12131,#12132,#12133,#12134,#12135,#12136,#12137,#12138,#12139,#12140),
(#12141,#12142,#12143,#12144,#12145,#12146,#12147,#12148,#12149,#12150,
#12151,#12152,#12153,#12154,#12155,#12156,#12157,#12158,#12159,#12160,#12161,
#12162,#12163,#12164,#12165,#12166,#12167,#12168,#12169,#12170,#12171,#12172,
#12173,#12174,#12175,#12176,#12177,#12178,#12179,#12180,#12181,#12182,#12183,
#12184,#12185,#12186,#12187,#12188,#12189,#12190,#12191,#12192,#12193,#12194,
#12195,#12196,#12197,#12198,#12199,#12200,#12201,#12202,#12203,#12204,#12205,
#12206,#12207,#12208,#12209,#12210,#12211,#12212,#12213,#12214,#12215,#12216,
#12217,#12218,#12219,#12220,#12221,#12222,#12223,#12224,#12225,#12226,#12227,
#12228,#12229,#12230,#12231,#12232,#12233,#12234,#12235,#12236,#12237,#12238,
#12239,#12240,#12241,#12242,#12243,#12244,#12245,#12246,#12247,#12248,#12249,
#12250,#12251,#12252,#12253,#12254)),.UNSPECIFIED.,.F.,.F.,.F.,(4,4),(4,
1,1,1,1,1,1,1,1,1,1,1,1,1,1,1,1,1,1,1,1,1,1,1,1,1,1,1,1,1,1,1,1,1,1,1,1,
1,1,1,1,1,1,1,1,1,1,1,1,1,1,1,1,1,1,1,1,1,1,1,1,1,1,1,1,1,1,1,1,1,1,1,1,
1,1,1,1,1,1,1,1,1,1,1,1,1,1,1,1,1,1,1,1,1,1,1,1,1,1,1,1,1,1,1,1,1,1,1,1,
1,1,4),(-0.0217683051807171,0.0986691610045145),(11.6147305479243,12.1145262413931,
12.614321934862,13.1141176283309,13.6139133217998,14.1137090152687,14.6135047087376,
15.1133004022065,15.6130960956753,16.1128917891442,16.6126874826131,17.112483176082,
17.6122788695509,18.1120745630198,18.6118702564886,19.1116659499575,19.6114616434264,
20.1112573368953,20.6110530303642,21.1108487238331,21.6106444173019,22.1104401107708,
22.6102358042397,23.1100314977086,23.6098271911775,24.1096228846464,24.6094185781153,
25.1092142715841,25.609009965053,26.1088056585219,26.6086013519908,27.1083970454597,
27.6081927389286,28.1079884323974,28.6077841258663,29.1075798193352,29.6073755128041,
30.107171206273,30.6069668997419,31.1067625932108,31.6065582866796,32.1063539801485,
32.6061496736174,33.1059453670863,33.6057410605552,34.1055367540241,34.605332447493,
35.1051281409618,35.6049238344307,36.1047195278996,36.6045152213685,37.1043109148374,
37.6041066083063,38.1039023017752,38.603697995244,39.6032893821818,40.6028807691196,
41.6024721560573,42.1022678495262,42.6020635429951,43.101859236464,43.6016549299329,
44.1014506234018,44.6012463168706,45.1010420103395,45.6008377038084,46.1006333972773,
46.6004290907462,47.1002247842151,47.600020477684,48.0998161711528,48.5996118646217,
49.0994075580906,49.5992032515595,50.0989989450284,50.5987946384973,51.0985903319662,
51.598386025435,52.0981817189039,52.5979774123728,53.0977731058417,53.5975687993106,
54.0973644927795,54.5971601862483,55.0969558797172,55.5967515731861,56.096547266655,
56.5963429601239,57.0961386535928,57.5959343470616,58.0957300405305,58.5955257339994,
59.0953214274683,59.5951171209372,60.0949128144061,60.594708507875,61.0945042013438,
61.5942998948127,62.0940955882816,62.5938912817505,63.0936869752194,63.5934826686883,
64.0932783621572,64.593074055626,65.0928697490949,65.5926654425638,66.0924611360327,
66.5922568295016,67.0920525229705,67.5918482164393,68.0916439099082,68.5914396033771),
 .UNSPECIFIED.);
#35=B_SPLINE_SURFACE_WITH_KNOTS('',3,3,((#12281,#12282,#12283,#12284,#12285,
#12286,#12287,#12288,#12289,#12290,#12291,#12292,#12293,#12294,#12295,#12296,
#12297,#12298,#12299,#12300,#12301,#12302,#12303,#12304,#12305,#12306,#12307,
#12308,#12309,#12310,#12311,#12312,#12313,#12314,#12315,#12316,#12317,#12318,
#12319,#12320,#12321,#12322,#12323,#12324,#12325,#12326,#12327,#12328,#12329,
#12330,#12331,#12332,#12333,#12334,#12335,#12336,#12337,#12338,#12339,#12340,
#12341),(#12342,#12343,#12344,#12345,#12346,#12347,#12348,#12349,#12350,
#12351,#12352,#12353,#12354,#12355,#12356,#12357,#12358,#12359,#12360,#12361,
#12362,#12363,#12364,#12365,#12366,#12367,#12368,#12369,#12370,#12371,#12372,
#12373,#12374,#12375,#12376,#12377,#12378,#12379,#12380,#12381,#12382,#12383,
#12384,#12385,#12386,#12387,#12388,#12389,#12390,#12391,#12392,#12393,#12394,
#12395,#12396,#12397,#12398,#12399,#12400,#12401,#12402),(#12403,#12404,
#12405,#12406,#12407,#12408,#12409,#12410,#12411,#12412,#12413,#12414,#12415,
#12416,#12417,#12418,#12419,#12420,#12421,#12422,#12423,#12424,#12425,#12426,
#12427,#12428,#12429,#12430,#12431,#12432,#12433,#12434,#12435,#12436,#12437,
#12438,#12439,#12440,#12441,#12442,#12443,#12444,#12445,#12446,#12447,#12448,
#12449,#12450,#12451,#12452,#12453,#12454,#12455,#12456,#12457,#12458,#12459,
#12460,#12461,#12462,#12463),(#12464,#12465,#12466,#12467,#12468,#12469,
#12470,#12471,#12472,#12473,#12474,#12475,#12476,#12477,#12478,#12479,#12480,
#12481,#12482,#12483,#12484,#12485,#12486,#12487,#12488,#12489,#12490,#12491,
#12492,#12493,#12494,#12495,#12496,#12497,#12498,#12499,#12500,#12501,#12502,
#12503,#12504,#12505,#12506,#12507,#12508,#12509,#12510,#12511,#12512,#12513,
#12514,#12515,#12516,#12517,#12518,#12519,#12520,#12521,#12522,#12523,#12524)),
 .UNSPECIFIED.,.F.,.F.,.F.,(4,4),(4,1,1,1,1,1,1,1,1,1,1,1,1,1,1,1,1,1,1,
1,1,1,1,1,1,1,1,1,1,1,1,1,1,1,1,1,1,1,1,1,1,1,1,1,1,1,1,1,1,1,1,1,1,1,1,
1,1,1,4),(-9.13200584724097E-16,0.120437466185224),(9.51909552772639,10.0129490559559,
10.5068025841853,11.4945096406443,12.4822166971032,13.4699237535622,14.4576308100211,
15.4453378664801,16.433044922939,17.420751979398,18.4084590358569,19.3961660923158,
20.3838731487748,21.3715802052337,22.3592872616927,23.3469943181516,24.3347013746106,
25.3224084310695,26.3101154875285,27.2978225439874,28.2855296004464,29.2732366569053,
30.2609437133642,31.2486507698232,32.2363578262821,33.2240648827411,34.2117719392,
35.199478995659,36.1871860521179,37.1748931085769,38.1626001650358,39.1503072214948,
40.1380142779537,41.1257213344126,42.1134283908716,43.1011354473305,44.0888425037895,
45.0765495602484,46.0642566167074,47.0519636731663,48.0396707296253,49.0273777860842,
50.0150848425431,51.0027918990021,51.990498955461,52.97820601192,53.9659130683789,
54.9536201248379,55.9413271812968,56.9290342377558,57.9167412942147,58.9044483506737,
59.8921554071326,60.8798624635916,61.8675695200505,62.8552765765094,63.8429836329684,
64.3368371611978,64.8306906894273),.UNSPECIFIED.);
#36=CONICAL_SURFACE('',#4819,2.45,0.785398163397447);
#37=CONICAL_SURFACE('',#4821,2.45,0.785398163397447);
#38=CONICAL_SURFACE('',#4823,1.7,0.785398163397446);
#39=CONICAL_SURFACE('',#4828,1.7,0.785398163397446);
#40=CONICAL_SURFACE('',#4829,2.45,0.785398163397447);
#41=CONICAL_SURFACE('',#4832,2.45,0.785398163397447);
#42=CONICAL_SURFACE('',#4868,2.45,0.785398163397447);
#43=CONICAL_SURFACE('',#4871,2.45,0.785398163397447);
#44=CONICAL_SURFACE('',#4872,1.7,0.785398163397446);
#45=CONICAL_SURFACE('',#4877,1.7,0.785398163397446);
#46=CONICAL_SURFACE('',#4880,2.45,0.785398163397447);
#47=CONICAL_SURFACE('',#4883,2.45,0.785398163397447);
#48=CONICAL_SURFACE('',#4885,2.45,0.785398163397447);
#49=CONICAL_SURFACE('',#4888,2.45,0.785398163397447);
#50=CONICAL_SURFACE('',#4889,1.7,0.785398163397446);
#51=CONICAL_SURFACE('',#4894,1.7,0.785398163397446);
#52=CONICAL_SURFACE('',#4897,2.45,0.785398163397447);
#53=CONICAL_SURFACE('',#4900,2.45,0.785398163397447);
#54=CONICAL_SURFACE('',#4963,7.25,0.785398163397448);
#55=CONICAL_SURFACE('',#4966,7.25,0.785398163397448);
#56=CONICAL_SURFACE('',#4969,7.25,0.785398163397448);
#57=CONICAL_SURFACE('',#4972,7.25,0.785398163397448);
#58=CONICAL_SURFACE('',#4975,7.25,0.785398163397448);
#59=CONICAL_SURFACE('',#4978,7.25,0.785398163397448);
#60=CONICAL_SURFACE('',#4981,7.25,0.785398163397448);
#61=CONICAL_SURFACE('',#4984,7.25,0.785398163397448);
#62=CONICAL_SURFACE('',#4987,7.25,0.785398163397448);
#63=CONICAL_SURFACE('',#4990,7.25,0.785398163397448);
#64=CONICAL_SURFACE('',#4993,7.25,0.785398163397448);
#65=CONICAL_SURFACE('',#4996,7.25,0.785398163397448);
#66=CONICAL_SURFACE('',#4999,7.25,0.785398163397448);
#67=CONICAL_SURFACE('',#5002,7.25,0.785398163397448);
#68=CONICAL_SURFACE('',#5005,7.25,0.785398163397448);
#69=CONICAL_SURFACE('',#5008,7.25,0.785398163397448);
#70=CONICAL_SURFACE('',#5011,7.25,0.785398163397448);
#71=CONICAL_SURFACE('',#5014,7.25,0.785398163397448);
#72=CONICAL_SURFACE('',#5017,7.25,0.785398163397448);
#73=CONICAL_SURFACE('',#5020,7.25,0.785398163397448);
#74=CONICAL_SURFACE('',#5023,7.25,0.785398163397448);
#75=CONICAL_SURFACE('',#5026,7.25,0.785398163397448);
#76=CONICAL_SURFACE('',#5029,7.25,0.785398163397448);
#77=CONICAL_SURFACE('',#5032,7.25,0.785398163397448);
#78=CONICAL_SURFACE('',#5035,7.25,0.785398163397448);
#79=CONICAL_SURFACE('',#5038,7.25,0.785398163397448);
#80=CONICAL_SURFACE('',#5041,7.25,0.785398163397448);
#81=CONICAL_SURFACE('',#5044,7.25,0.785398163397448);
#82=CONICAL_SURFACE('',#5047,7.25,0.785398163397448);
#83=CONICAL_SURFACE('',#5108,7.25,0.785398163397448);
#84=CONICAL_SURFACE('',#5110,7.25,0.785398163397448);
#85=CONICAL_SURFACE('',#5112,7.25,0.785398163397448);
#86=CONICAL_SURFACE('',#5114,7.25,0.785398163397448);
#87=CONICAL_SURFACE('',#5116,7.25,0.785398163397448);
#88=CONICAL_SURFACE('',#5118,7.25,0.785398163397448);
#89=CONICAL_SURFACE('',#5120,7.25,0.785398163397448);
#90=CONICAL_SURFACE('',#5122,7.25,0.785398163397448);
#91=CONICAL_SURFACE('',#5124,7.25,0.785398163397448);
#92=CONICAL_SURFACE('',#5126,7.25,0.785398163397448);
#93=CONICAL_SURFACE('',#5128,7.25,0.785398163397448);
#94=CONICAL_SURFACE('',#5130,7.25,0.785398163397448);
#95=CONICAL_SURFACE('',#5132,7.25,0.785398163397448);
#96=CONICAL_SURFACE('',#5134,7.25,0.785398163397448);
#97=CONICAL_SURFACE('',#5136,7.25,0.785398163397448);
#98=CONICAL_SURFACE('',#5138,7.25,0.785398163397448);
#99=CONICAL_SURFACE('',#5140,7.25,0.785398163397448);
#100=CONICAL_SURFACE('',#5142,7.25,0.785398163397448);
#101=CONICAL_SURFACE('',#5144,7.25,0.785398163397448);
#102=CONICAL_SURFACE('',#5146,7.25,0.785398163397448);
#103=CONICAL_SURFACE('',#5148,7.25,0.785398163397448);
#104=CONICAL_SURFACE('',#5150,7.25,0.785398163397448);
#105=CONICAL_SURFACE('',#5152,7.25,0.785398163397448);
#106=CONICAL_SURFACE('',#5154,7.25,0.785398163397448);
#107=CONICAL_SURFACE('',#5156,7.25,0.785398163397448);
#108=CONICAL_SURFACE('',#5158,7.25,0.785398163397448);
#109=CONICAL_SURFACE('',#5160,7.25,0.785398163397448);
#110=CONICAL_SURFACE('',#5162,7.25,0.785398163397448);
#111=CONICAL_SURFACE('',#5164,7.25,0.785398163397448);
#112=CONICAL_SURFACE('',#5166,7.25,0.785398163397448);
#113=CONICAL_SURFACE('',#5170,7.25,0.785398163397448);
#114=CONICAL_SURFACE('',#5175,5.175,0.785398163397451);
#115=CONICAL_SURFACE('',#5178,4.675,0.785398163397449);
#116=(
BOUNDED_CURVE()
B_SPLINE_CURVE(2,(#7522,#7523,#7524),.UNSPECIFIED.,.F.,.F.)
B_SPLINE_CURVE_WITH_KNOTS((3,3),(0.,0.0102366466288876),.UNSPECIFIED.)
CURVE()
GEOMETRIC_REPRESENTATION_ITEM()
RATIONAL_B_SPLINE_CURVE((1.,1.06167642870754,1.12048192771084))
REPRESENTATION_ITEM('')
);
#117=(
BOUNDED_CURVE()
B_SPLINE_CURVE(2,(#7526,#7527,#7528),.UNSPECIFIED.,.F.,.F.)
B_SPLINE_CURVE_WITH_KNOTS((3,3),(0.497547654480601,0.553974395314236),
 .UNSPECIFIED.)
CURVE()
GEOMETRIC_REPRESENTATION_ITEM()
RATIONAL_B_SPLINE_CURVE((1.02311370515588,1.01286751200804,1.))
REPRESENTATION_ITEM('')
);
#118=(
BOUNDED_CURVE()
B_SPLINE_CURVE(2,(#7529,#7530,#7531),.UNSPECIFIED.,.F.,.F.)
B_SPLINE_CURVE_WITH_KNOTS((3,3),(0.710810860207277,0.718486001155317),
 .UNSPECIFIED.)
CURVE()
GEOMETRIC_REPRESENTATION_ITEM()
RATIONAL_B_SPLINE_CURVE((1.17699115048509,1.12966728961008,1.08130081300813))
REPRESENTATION_ITEM('')
);
#119=(
BOUNDED_CURVE()
B_SPLINE_CURVE(2,(#7535,#7536,#7537),.UNSPECIFIED.,.F.,.F.)
B_SPLINE_CURVE_WITH_KNOTS((3,3),(0.,0.0564267408347623),.UNSPECIFIED.)
CURVE()
GEOMETRIC_REPRESENTATION_ITEM()
RATIONAL_B_SPLINE_CURVE((1.,1.01286751200829,1.02311370515629))
REPRESENTATION_ITEM('')
);
#120=(
BOUNDED_CURVE()
B_SPLINE_CURVE(2,(#7540,#7541,#7542),.UNSPECIFIED.,.F.,.F.)
B_SPLINE_CURVE_WITH_KNOTS((3,3),(0.00639329914232886,0.0140684400869105),
 .UNSPECIFIED.)
CURVE()
GEOMETRIC_REPRESENTATION_ITEM()
RATIONAL_B_SPLINE_CURVE((1.08130081300817,1.12966728958832,1.17699115044248))
REPRESENTATION_ITEM('')
);
#121=(
BOUNDED_CURVE()
B_SPLINE_CURVE(2,(#7545,#7546,#7547),.UNSPECIFIED.,.F.,.F.)
B_SPLINE_CURVE_WITH_KNOTS((3,3),(0.710810860207283,0.718486001155314),
 .UNSPECIFIED.)
CURVE()
GEOMETRIC_REPRESENTATION_ITEM()
RATIONAL_B_SPLINE_CURVE((1.17699115048502,1.12966728961007,1.08130081300818))
REPRESENTATION_ITEM('')
);
#122=(
BOUNDED_CURVE()
B_SPLINE_CURVE(2,(#7550,#7551,#7552),.UNSPECIFIED.,.F.,.F.)
B_SPLINE_CURVE_WITH_KNOTS((3,3),(0.,0.0102366466288875),.UNSPECIFIED.)
CURVE()
GEOMETRIC_REPRESENTATION_ITEM()
RATIONAL_B_SPLINE_CURVE((1.,1.06167642870754,1.12048192771084))
REPRESENTATION_ITEM('')
);
#123=(
BOUNDED_CURVE()
B_SPLINE_CURVE(2,(#7553,#7554,#7555),.UNSPECIFIED.,.F.,.F.)
B_SPLINE_CURVE_WITH_KNOTS((3,3),(0.497547654480412,0.553974395314235),
 .UNSPECIFIED.)
CURVE()
GEOMETRIC_REPRESENTATION_ITEM()
RATIONAL_B_SPLINE_CURVE((1.0231137051571,1.01286751200872,1.))
REPRESENTATION_ITEM('')
);
#124=(
BOUNDED_CURVE()
B_SPLINE_CURVE(2,(#7558,#7559,#7560),.UNSPECIFIED.,.F.,.F.)
B_SPLINE_CURVE_WITH_KNOTS((3,3),(0.429592865797449,0.439829512424986),
 .UNSPECIFIED.)
CURVE()
GEOMETRIC_REPRESENTATION_ITEM()
RATIONAL_B_SPLINE_CURVE((1.12048192769533,1.0616764286994,1.))
REPRESENTATION_ITEM('')
);
#125=(
BOUNDED_CURVE()
B_SPLINE_CURVE(2,(#7569,#7570,#7571),.UNSPECIFIED.,.F.,.F.)
B_SPLINE_CURVE_WITH_KNOTS((3,3),(0.429592865797448,0.439829512424985),
 .UNSPECIFIED.)
CURVE()
GEOMETRIC_REPRESENTATION_ITEM()
RATIONAL_B_SPLINE_CURVE((1.12048192769533,1.0616764286994,1.))
REPRESENTATION_ITEM('')
);
#126=(
BOUNDED_CURVE()
B_SPLINE_CURVE(2,(#7575,#7576,#7577),.UNSPECIFIED.,.F.,.F.)
B_SPLINE_CURVE_WITH_KNOTS((3,3),(0.,0.0564267408348489),.UNSPECIFIED.)
CURVE()
GEOMETRIC_REPRESENTATION_ITEM()
RATIONAL_B_SPLINE_CURVE((1.,1.01286751200845,1.02311370515657))
REPRESENTATION_ITEM('')
);
#127=(
BOUNDED_CURVE()
B_SPLINE_CURVE(2,(#7580,#7581,#7582),.UNSPECIFIED.,.F.,.F.)
B_SPLINE_CURVE_WITH_KNOTS((3,3),(0.00639329914232884,0.0140684400869105),
 .UNSPECIFIED.)
CURVE()
GEOMETRIC_REPRESENTATION_ITEM()
RATIONAL_B_SPLINE_CURVE((1.08130081300817,1.12966728958833,1.17699115044248))
REPRESENTATION_ITEM('')
);
#128=(
BOUNDED_CURVE()
B_SPLINE_CURVE(2,(#7675,#7676,#7677),.UNSPECIFIED.,.F.,.F.)
B_SPLINE_CURVE_WITH_KNOTS((3,3),(0.71081086020728,0.718486001155311),
 .UNSPECIFIED.)
CURVE()
GEOMETRIC_REPRESENTATION_ITEM()
RATIONAL_B_SPLINE_CURVE((1.17699115048507,1.12966728961011,1.08130081300821))
REPRESENTATION_ITEM('')
);
#129=(
BOUNDED_CURVE()
B_SPLINE_CURVE(2,(#7680,#7681,#7682),.UNSPECIFIED.,.F.,.F.)
B_SPLINE_CURVE_WITH_KNOTS((3,3),(0.,0.0102366466288875),.UNSPECIFIED.)
CURVE()
GEOMETRIC_REPRESENTATION_ITEM()
RATIONAL_B_SPLINE_CURVE((1.,1.06167642870754,1.12048192771084))
REPRESENTATION_ITEM('')
);
#130=(
BOUNDED_CURVE()
B_SPLINE_CURVE(2,(#7685,#7686,#7687),.UNSPECIFIED.,.F.,.F.)
B_SPLINE_CURVE_WITH_KNOTS((3,3),(0.497547654480407,0.553974395314236),
 .UNSPECIFIED.)
CURVE()
GEOMETRIC_REPRESENTATION_ITEM()
RATIONAL_B_SPLINE_CURVE((1.02311370515708,1.01286751200871,1.))
REPRESENTATION_ITEM('')
);
#131=(
BOUNDED_CURVE()
B_SPLINE_CURVE(2,(#7695,#7696,#7697),.UNSPECIFIED.,.F.,.F.)
B_SPLINE_CURVE_WITH_KNOTS((3,3),(0.710810860207282,0.718486001155316),
 .UNSPECIFIED.)
CURVE()
GEOMETRIC_REPRESENTATION_ITEM()
RATIONAL_B_SPLINE_CURVE((1.17699115048504,1.12966728961007,1.08130081300815))
REPRESENTATION_ITEM('')
);
#132=(
BOUNDED_CURVE()
B_SPLINE_CURVE(2,(#7700,#7701,#7702),.UNSPECIFIED.,.F.,.F.)
B_SPLINE_CURVE_WITH_KNOTS((3,3),(0.,0.0102366466288875),.UNSPECIFIED.)
CURVE()
GEOMETRIC_REPRESENTATION_ITEM()
RATIONAL_B_SPLINE_CURVE((1.,1.06167642870754,1.12048192771084))
REPRESENTATION_ITEM('')
);
#133=(
BOUNDED_CURVE()
B_SPLINE_CURVE(2,(#7705,#7706,#7707),.UNSPECIFIED.,.F.,.F.)
B_SPLINE_CURVE_WITH_KNOTS((3,3),(0.497547654480385,0.553974395314235),
 .UNSPECIFIED.)
CURVE()
GEOMETRIC_REPRESENTATION_ITEM()
RATIONAL_B_SPLINE_CURVE((1.02311370515719,1.01286751200877,1.))
REPRESENTATION_ITEM('')
);
#134=(
BOUNDED_CURVE()
B_SPLINE_CURVE(2,(#7712,#7713,#7714),.UNSPECIFIED.,.F.,.F.)
B_SPLINE_CURVE_WITH_KNOTS((3,3),(0.,0.0102366466288876),.UNSPECIFIED.)
CURVE()
GEOMETRIC_REPRESENTATION_ITEM()
RATIONAL_B_SPLINE_CURVE((1.,1.06167642870754,1.12048192771084))
REPRESENTATION_ITEM('')
);
#135=(
BOUNDED_CURVE()
B_SPLINE_CURVE(2,(#7718,#7719,#7720),.UNSPECIFIED.,.F.,.F.)
B_SPLINE_CURVE_WITH_KNOTS((3,3),(0.497547654480604,0.553974395314236),
 .UNSPECIFIED.)
CURVE()
GEOMETRIC_REPRESENTATION_ITEM()
RATIONAL_B_SPLINE_CURVE((1.02311370515585,1.01286751200802,1.))
REPRESENTATION_ITEM('')
);
#136=(
BOUNDED_CURVE()
B_SPLINE_CURVE(2,(#7721,#7722,#7723),.UNSPECIFIED.,.F.,.F.)
B_SPLINE_CURVE_WITH_KNOTS((3,3),(0.710810860207279,0.718486001155315),
 .UNSPECIFIED.)
CURVE()
GEOMETRIC_REPRESENTATION_ITEM()
RATIONAL_B_SPLINE_CURVE((1.17699115048506,1.12966728961008,1.08130081300816))
REPRESENTATION_ITEM('')
);
#137=(
BOUNDED_CURVE()
B_SPLINE_CURVE(2,(#7728,#7729,#7730),.UNSPECIFIED.,.F.,.F.)
B_SPLINE_CURVE_WITH_KNOTS((3,3),(0.,0.0564267408347711),.UNSPECIFIED.)
CURVE()
GEOMETRIC_REPRESENTATION_ITEM()
RATIONAL_B_SPLINE_CURVE((1.,1.01286751200826,1.02311370515622))
REPRESENTATION_ITEM('')
);
#138=(
BOUNDED_CURVE()
B_SPLINE_CURVE(2,(#7733,#7734,#7735),.UNSPECIFIED.,.F.,.F.)
B_SPLINE_CURVE_WITH_KNOTS((3,3),(0.00639329914232887,0.0140684400869106),
 .UNSPECIFIED.)
CURVE()
GEOMETRIC_REPRESENTATION_ITEM()
RATIONAL_B_SPLINE_CURVE((1.08130081300817,1.12966728958832,1.17699115044248))
REPRESENTATION_ITEM('')
);
#139=(
BOUNDED_CURVE()
B_SPLINE_CURVE(2,(#7738,#7739,#7740),.UNSPECIFIED.,.F.,.F.)
B_SPLINE_CURVE_WITH_KNOTS((3,3),(0.42959286579745,0.439829512424986),
 .UNSPECIFIED.)
CURVE()
GEOMETRIC_REPRESENTATION_ITEM()
RATIONAL_B_SPLINE_CURVE((1.12048192769532,1.0616764286994,1.))
REPRESENTATION_ITEM('')
);
#140=(
BOUNDED_CURVE()
B_SPLINE_CURVE(2,(#7744,#7745,#7746),.UNSPECIFIED.,.F.,.F.)
B_SPLINE_CURVE_WITH_KNOTS((3,3),(0.429592865797448,0.439829512424985),
 .UNSPECIFIED.)
CURVE()
GEOMETRIC_REPRESENTATION_ITEM()
RATIONAL_B_SPLINE_CURVE((1.12048192769533,1.0616764286994,1.))
REPRESENTATION_ITEM('')
);
#141=(
BOUNDED_CURVE()
B_SPLINE_CURVE(2,(#7757,#7758,#7759),.UNSPECIFIED.,.F.,.F.)
B_SPLINE_CURVE_WITH_KNOTS((3,3),(0.,0.0564267408348326),.UNSPECIFIED.)
CURVE()
GEOMETRIC_REPRESENTATION_ITEM()
RATIONAL_B_SPLINE_CURVE((1.,1.01286751200851,1.02311370515667))
REPRESENTATION_ITEM('')
);
#142=(
BOUNDED_CURVE()
B_SPLINE_CURVE(2,(#7762,#7763,#7764),.UNSPECIFIED.,.F.,.F.)
B_SPLINE_CURVE_WITH_KNOTS((3,3),(0.0063932991423288,0.0140684400869105),
 .UNSPECIFIED.)
CURVE()
GEOMETRIC_REPRESENTATION_ITEM()
RATIONAL_B_SPLINE_CURVE((1.08130081300817,1.12966728958833,1.17699115044248))
REPRESENTATION_ITEM('')
);
#143=(
BOUNDED_CURVE()
B_SPLINE_CURVE(2,(#7768,#7769,#7770),.UNSPECIFIED.,.F.,.F.)
B_SPLINE_CURVE_WITH_KNOTS((3,3),(0.,0.0102366466288876),.UNSPECIFIED.)
CURVE()
GEOMETRIC_REPRESENTATION_ITEM()
RATIONAL_B_SPLINE_CURVE((1.,1.06167642870754,1.12048192771084))
REPRESENTATION_ITEM('')
);
#144=(
BOUNDED_CURVE()
B_SPLINE_CURVE(2,(#7774,#7775,#7776),.UNSPECIFIED.,.F.,.F.)
B_SPLINE_CURVE_WITH_KNOTS((3,3),(0.497547654480607,0.553974395314235),
 .UNSPECIFIED.)
CURVE()
GEOMETRIC_REPRESENTATION_ITEM()
RATIONAL_B_SPLINE_CURVE((1.02311370515593,1.01286751200806,1.))
REPRESENTATION_ITEM('')
);
#145=(
BOUNDED_CURVE()
B_SPLINE_CURVE(2,(#7777,#7778,#7779),.UNSPECIFIED.,.F.,.F.)
B_SPLINE_CURVE_WITH_KNOTS((3,3),(0.710810860207278,0.718486001155321),
 .UNSPECIFIED.)
CURVE()
GEOMETRIC_REPRESENTATION_ITEM()
RATIONAL_B_SPLINE_CURVE((1.17699115048508,1.12966728961006,1.08130081300809))
REPRESENTATION_ITEM('')
);
#146=(
BOUNDED_CURVE()
B_SPLINE_CURVE(2,(#7784,#7785,#7786),.UNSPECIFIED.,.F.,.F.)
B_SPLINE_CURVE_WITH_KNOTS((3,3),(0.,0.0564267408347654),.UNSPECIFIED.)
CURVE()
GEOMETRIC_REPRESENTATION_ITEM()
RATIONAL_B_SPLINE_CURVE((1.,1.01286751200829,1.02311370515629))
REPRESENTATION_ITEM('')
);
#147=(
BOUNDED_CURVE()
B_SPLINE_CURVE(2,(#7789,#7790,#7791),.UNSPECIFIED.,.F.,.F.)
B_SPLINE_CURVE_WITH_KNOTS((3,3),(0.00639329914232889,0.0140684400869106),
 .UNSPECIFIED.)
CURVE()
GEOMETRIC_REPRESENTATION_ITEM()
RATIONAL_B_SPLINE_CURVE((1.08130081300817,1.12966728958832,1.17699115044248))
REPRESENTATION_ITEM('')
);
#148=(
BOUNDED_CURVE()
B_SPLINE_CURVE(2,(#7794,#7795,#7796),.UNSPECIFIED.,.F.,.F.)
B_SPLINE_CURVE_WITH_KNOTS((3,3),(0.429592865797449,0.439829512424986),
 .UNSPECIFIED.)
CURVE()
GEOMETRIC_REPRESENTATION_ITEM()
RATIONAL_B_SPLINE_CURVE((1.12048192769533,1.0616764286994,1.))
REPRESENTATION_ITEM('')
);
#149=(
BOUNDED_CURVE()
B_SPLINE_CURVE(2,(#7800,#7801,#7802),.UNSPECIFIED.,.F.,.F.)
B_SPLINE_CURVE_WITH_KNOTS((3,3),(0.429592865797448,0.439829512424985),
 .UNSPECIFIED.)
CURVE()
GEOMETRIC_REPRESENTATION_ITEM()
RATIONAL_B_SPLINE_CURVE((1.12048192769532,1.0616764286994,1.))
REPRESENTATION_ITEM('')
);
#150=(
BOUNDED_CURVE()
B_SPLINE_CURVE(2,(#7813,#7814,#7815),.UNSPECIFIED.,.F.,.F.)
B_SPLINE_CURVE_WITH_KNOTS((3,3),(0.,0.0564267408348333),.UNSPECIFIED.)
CURVE()
GEOMETRIC_REPRESENTATION_ITEM()
RATIONAL_B_SPLINE_CURVE((1.,1.0128675120085,1.02311370515665))
REPRESENTATION_ITEM('')
);
#151=(
BOUNDED_CURVE()
B_SPLINE_CURVE(2,(#7818,#7819,#7820),.UNSPECIFIED.,.F.,.F.)
B_SPLINE_CURVE_WITH_KNOTS((3,3),(0.00639329914232885,0.0140684400869105),
 .UNSPECIFIED.)
CURVE()
GEOMETRIC_REPRESENTATION_ITEM()
RATIONAL_B_SPLINE_CURVE((1.08130081300817,1.12966728958832,1.17699115044248))
REPRESENTATION_ITEM('')
);
#152=FACE_BOUND('',#790,.T.);
#153=FACE_BOUND('',#802,.T.);
#154=FACE_BOUND('',#805,.T.);
#155=FACE_BOUND('',#808,.T.);
#156=FACE_BOUND('',#1018,.T.);
#157=PLANE('',#4767);
#158=PLANE('',#4769);
#159=PLANE('',#4770);
#160=PLANE('',#4771);
#161=PLANE('',#4772);
#162=PLANE('',#4774);
#163=PLANE('',#4776);
#164=PLANE('',#4777);
#165=PLANE('',#4778);
#166=PLANE('',#4779);
#167=PLANE('',#4780);
#168=PLANE('',#4781);
#169=PLANE('',#4785);
#170=PLANE('',#4791);
#171=PLANE('',#4797);
#172=PLANE('',#4799);
#173=PLANE('',#4807);
#174=PLANE('',#4810);
#175=PLANE('',#4813);
#176=PLANE('',#4816);
#177=PLANE('',#4818);
#178=PLANE('',#4822);
#179=PLANE('',#4827);
#180=PLANE('',#4831);
#181=PLANE('',#4840);
#182=PLANE('',#4848);
#183=PLANE('',#4861);
#184=PLANE('',#4862);
#185=PLANE('',#4863);
#186=PLANE('',#4864);
#187=PLANE('',#4865);
#188=PLANE('',#4866);
#189=PLANE('',#4867);
#190=PLANE('',#4874);
#191=PLANE('',#4875);
#192=PLANE('',#4878);
#193=PLANE('',#4882);
#194=PLANE('',#4884);
#195=PLANE('',#4891);
#196=PLANE('',#4892);
#197=PLANE('',#4895);
#198=PLANE('',#4899);
#199=PLANE('',#4901);
#200=PLANE('',#4905);
#201=PLANE('',#4911);
#202=PLANE('',#5174);
#203=PLANE('',#5177);
#204=PLANE('',#5180);
#205=SPHERICAL_SURFACE('',#4691,2.);
#206=SPHERICAL_SURFACE('',#4699,2.);
#207=SPHERICAL_SURFACE('',#4703,2.);
#208=SPHERICAL_SURFACE('',#4708,2.);
#209=SPHERICAL_SURFACE('',#4711,2.);
#210=SPHERICAL_SURFACE('',#4717,2.);
#211=SPHERICAL_SURFACE('',#4722,2.);
#212=SPHERICAL_SURFACE('',#4727,2.);
#213=SPHERICAL_SURFACE('',#4730,2.);
#214=SPHERICAL_SURFACE('',#4735,2.);
#215=SPHERICAL_SURFACE('',#4741,2.);
#216=SPHERICAL_SURFACE('',#4746,2.);
#217=TOROIDAL_SURFACE('',#4678,7.,2.);
#218=TOROIDAL_SURFACE('',#4686,7.,2.);
#219=TOROIDAL_SURFACE('',#4695,7.,2.);
#220=TOROIDAL_SURFACE('',#4763,7.,2.);
#221=CIRCLE('',#4673,4.413);
#222=CIRCLE('',#4677,5.249);
#223=CIRCLE('',#4679,7.);
#224=CIRCLE('',#4680,2.);
#225=CIRCLE('',#4681,5.);
#226=CIRCLE('',#4682,7.);
#227=CIRCLE('',#4684,2.);
#228=CIRCLE('',#4685,2.);
#229=CIRCLE('',#4687,7.);
#230=CIRCLE('',#4688,5.);
#231=CIRCLE('',#4689,1.99999992549421);
#232=CIRCLE('',#4690,7.);
#233=CIRCLE('',#4692,2.);
#234=CIRCLE('',#4693,2.);
#235=CIRCLE('',#4694,2.);
#236=CIRCLE('',#4696,5.);
#237=CIRCLE('',#4697,1.99999992549421);
#238=CIRCLE('',#4698,7.);
#239=CIRCLE('',#4700,2.);
#240=CIRCLE('',#4701,2.);
#241=CIRCLE('',#4702,2.);
#242=CIRCLE('',#4704,2.);
#243=CIRCLE('',#4705,2.);
#244=CIRCLE('',#4706,2.);
#245=CIRCLE('',#4709,2.);
#246=CIRCLE('',#4710,2.);
#247=CIRCLE('',#4712,2.);
#248=CIRCLE('',#4713,2.);
#249=CIRCLE('',#4714,2.);
#250=CIRCLE('',#4718,2.);
#251=CIRCLE('',#4719,2.);
#252=CIRCLE('',#4720,2.);
#253=CIRCLE('',#4723,2.);
#254=CIRCLE('',#4724,2.);
#255=CIRCLE('',#4725,2.);
#256=CIRCLE('',#4728,2.);
#257=CIRCLE('',#4729,2.);
#258=CIRCLE('',#4731,2.);
#259=CIRCLE('',#4732,2.);
#260=CIRCLE('',#4733,2.);
#261=CIRCLE('',#4736,2.);
#262=CIRCLE('',#4737,2.);
#263=CIRCLE('',#4738,2.);
#264=CIRCLE('',#4742,2.);
#265=CIRCLE('',#4743,2.);
#266=CIRCLE('',#4744,2.);
#267=CIRCLE('',#4747,2.);
#268=CIRCLE('',#4748,2.);
#269=CIRCLE('',#4749,2.);
#270=CIRCLE('',#4762,2.);
#271=CIRCLE('',#4764,7.);
#272=CIRCLE('',#4765,5.);
#273=CIRCLE('',#4773,2.825);
#274=CIRCLE('',#4775,2.825);
#275=CIRCLE('',#4783,2.825);
#276=CIRCLE('',#4784,2.825);
#277=CIRCLE('',#4786,2.325);
#278=CIRCLE('',#4788,2.825);
#279=CIRCLE('',#4789,2.825);
#280=CIRCLE('',#4790,2.825);
#281=CIRCLE('',#4792,2.325);
#282=CIRCLE('',#4794,2.825);
#283=CIRCLE('',#4795,2.825);
#284=CIRCLE('',#4796,2.825);
#285=CIRCLE('',#4798,2.325);
#286=CIRCLE('',#4800,1.575);
#287=CIRCLE('',#4802,2.325);
#288=CIRCLE('',#4803,2.325);
#289=CIRCLE('',#4804,2.325);
#290=CIRCLE('',#4805,2.325);
#291=CIRCLE('',#4806,2.325);
#292=CIRCLE('',#4808,1.825);
#293=CIRCLE('',#4809,2.325);
#294=CIRCLE('',#4811,2.325);
#295=CIRCLE('',#4812,1.825);
#296=CIRCLE('',#4814,1.575);
#297=CIRCLE('',#4815,1.575);
#298=CIRCLE('',#4817,1.575);
#299=CIRCLE('',#4820,2.575);
#300=CIRCLE('',#4824,1.575);
#301=CIRCLE('',#4826,1.575);
#302=CIRCLE('',#4830,2.575);
#303=CIRCLE('',#4834,1.575);
#304=CIRCLE('',#4835,1.575);
#305=CIRCLE('',#4836,1.575);
#306=CIRCLE('',#4837,1.575);
#307=CIRCLE('',#4838,1.575);
#308=CIRCLE('',#4839,1.575);
#309=CIRCLE('',#4842,1.575);
#310=CIRCLE('',#4843,1.575);
#311=CIRCLE('',#4844,1.575);
#312=CIRCLE('',#4845,1.575);
#313=CIRCLE('',#4846,1.575);
#314=CIRCLE('',#4847,1.575);
#315=CIRCLE('',#4850,2.325);
#316=CIRCLE('',#4851,2.325);
#317=CIRCLE('',#4852,2.325);
#318=CIRCLE('',#4853,2.325);
#319=CIRCLE('',#4854,2.325);
#320=CIRCLE('',#4856,2.325);
#321=CIRCLE('',#4857,2.325);
#322=CIRCLE('',#4858,2.325);
#323=CIRCLE('',#4859,2.325);
#324=CIRCLE('',#4860,2.325);
#325=CIRCLE('',#4869,2.325);
#326=CIRCLE('',#4870,2.575);
#327=CIRCLE('',#4873,1.825);
#328=CIRCLE('',#4876,1.825);
#329=CIRCLE('',#4879,2.325);
#330=CIRCLE('',#4881,2.575);
#331=CIRCLE('',#4886,2.325);
#332=CIRCLE('',#4887,2.575);
#333=CIRCLE('',#4890,1.825);
#334=CIRCLE('',#4893,1.825);
#335=CIRCLE('',#4896,2.325);
#336=CIRCLE('',#4898,2.575);
#337=CIRCLE('',#4906,4.263);
#338=CIRCLE('',#4915,4.925);
#339=CIRCLE('',#4924,4.0705);
#340=CIRCLE('',#4926,4.0705);
#341=CIRCLE('',#4964,7.);
#342=CIRCLE('',#4965,7.5);
#343=CIRCLE('',#4967,7.);
#344=CIRCLE('',#4968,7.5);
#345=CIRCLE('',#4970,7.);
#346=CIRCLE('',#4971,7.5);
#347=CIRCLE('',#4973,7.);
#348=CIRCLE('',#4974,7.5);
#349=CIRCLE('',#4976,7.);
#350=CIRCLE('',#4977,7.5);
#351=CIRCLE('',#4979,7.);
#352=CIRCLE('',#4980,7.5);
#353=CIRCLE('',#4982,7.);
#354=CIRCLE('',#4983,7.5);
#355=CIRCLE('',#4985,7.);
#356=CIRCLE('',#4986,7.5);
#357=CIRCLE('',#4988,7.);
#358=CIRCLE('',#4989,7.5);
#359=CIRCLE('',#4991,7.);
#360=CIRCLE('',#4992,7.5);
#361=CIRCLE('',#4994,7.);
#362=CIRCLE('',#4995,7.5);
#363=CIRCLE('',#4997,7.);
#364=CIRCLE('',#4998,7.5);
#365=CIRCLE('',#5000,7.);
#366=CIRCLE('',#5001,7.5);
#367=CIRCLE('',#5003,7.);
#368=CIRCLE('',#5004,7.5);
#369=CIRCLE('',#5006,7.);
#370=CIRCLE('',#5007,7.5);
#371=CIRCLE('',#5009,7.);
#372=CIRCLE('',#5010,7.5);
#373=CIRCLE('',#5012,7.);
#374=CIRCLE('',#5013,7.5);
#375=CIRCLE('',#5015,7.);
#376=CIRCLE('',#5016,7.5);
#377=CIRCLE('',#5018,7.);
#378=CIRCLE('',#5019,7.5);
#379=CIRCLE('',#5021,7.);
#380=CIRCLE('',#5022,7.5);
#381=CIRCLE('',#5024,7.);
#382=CIRCLE('',#5025,7.5);
#383=CIRCLE('',#5027,7.);
#384=CIRCLE('',#5028,7.5);
#385=CIRCLE('',#5030,7.);
#386=CIRCLE('',#5031,7.5);
#387=CIRCLE('',#5033,7.);
#388=CIRCLE('',#5034,7.5);
#389=CIRCLE('',#5036,7.);
#390=CIRCLE('',#5037,7.5);
#391=CIRCLE('',#5039,7.);
#392=CIRCLE('',#5040,7.5);
#393=CIRCLE('',#5042,7.);
#394=CIRCLE('',#5043,7.5);
#395=CIRCLE('',#5045,7.);
#396=CIRCLE('',#5046,7.5);
#397=CIRCLE('',#5048,7.5);
#398=CIRCLE('',#5049,7.);
#399=CIRCLE('',#5051,7.5);
#400=CIRCLE('',#5053,7.5);
#401=CIRCLE('',#5055,7.5);
#402=CIRCLE('',#5057,7.5);
#403=CIRCLE('',#5059,7.5);
#404=CIRCLE('',#5061,7.5);
#405=CIRCLE('',#5063,7.5);
#406=CIRCLE('',#5065,7.5);
#407=CIRCLE('',#5067,7.5);
#408=CIRCLE('',#5069,7.5);
#409=CIRCLE('',#5071,7.5);
#410=CIRCLE('',#5073,7.5);
#411=CIRCLE('',#5075,7.5);
#412=CIRCLE('',#5077,7.5);
#413=CIRCLE('',#5079,7.5);
#414=CIRCLE('',#5081,7.5);
#415=CIRCLE('',#5083,7.5);
#416=CIRCLE('',#5085,7.5);
#417=CIRCLE('',#5087,7.5);
#418=CIRCLE('',#5089,7.5);
#419=CIRCLE('',#5091,7.5);
#420=CIRCLE('',#5093,7.5);
#421=CIRCLE('',#5095,7.5);
#422=CIRCLE('',#5097,7.5);
#423=CIRCLE('',#5099,7.5);
#424=CIRCLE('',#5101,7.5);
#425=CIRCLE('',#5103,7.5);
#426=CIRCLE('',#5105,7.5);
#427=CIRCLE('',#5107,7.5);
#428=CIRCLE('',#5109,7.);
#429=CIRCLE('',#5111,7.);
#430=CIRCLE('',#5113,7.);
#431=CIRCLE('',#5115,7.);
#432=CIRCLE('',#5117,7.);
#433=CIRCLE('',#5119,7.);
#434=CIRCLE('',#5121,7.);
#435=CIRCLE('',#5123,7.);
#436=CIRCLE('',#5125,7.);
#437=CIRCLE('',#5127,7.);
#438=CIRCLE('',#5129,7.);
#439=CIRCLE('',#5131,7.);
#440=CIRCLE('',#5133,7.);
#441=CIRCLE('',#5135,7.);
#442=CIRCLE('',#5137,7.);
#443=CIRCLE('',#5139,7.);
#444=CIRCLE('',#5141,7.);
#445=CIRCLE('',#5143,7.);
#446=CIRCLE('',#5145,7.);
#447=CIRCLE('',#5147,7.);
#448=CIRCLE('',#5149,7.);
#449=CIRCLE('',#5151,7.);
#450=CIRCLE('',#5153,7.);
#451=CIRCLE('',#5155,7.);
#452=CIRCLE('',#5157,7.);
#453=CIRCLE('',#5159,7.);
#454=CIRCLE('',#5161,7.);
#455=CIRCLE('',#5163,7.);
#456=CIRCLE('',#5165,7.);
#457=CIRCLE('',#5167,7.);
#458=CIRCLE('',#5168,7.5);
#459=CIRCLE('',#5171,7.5);
#460=CIRCLE('',#5172,7.);
#461=CIRCLE('',#5176,4.925);
#462=CIRCLE('',#5179,4.425);
#463=CIRCLE('',#5181,4.0705);
#464=FACE_OUTER_BOUND('',#742,.T.);
#465=FACE_OUTER_BOUND('',#743,.T.);
#466=FACE_OUTER_BOUND('',#744,.T.);
#467=FACE_OUTER_BOUND('',#745,.T.);
#468=FACE_OUTER_BOUND('',#746,.T.);
#469=FACE_OUTER_BOUND('',#747,.T.);
#470=FACE_OUTER_BOUND('',#748,.T.);
#471=FACE_OUTER_BOUND('',#749,.T.);
#472=FACE_OUTER_BOUND('',#750,.T.);
#473=FACE_OUTER_BOUND('',#751,.T.);
#474=FACE_OUTER_BOUND('',#752,.T.);
#475=FACE_OUTER_BOUND('',#753,.T.);
#476=FACE_OUTER_BOUND('',#754,.T.);
#477=FACE_OUTER_BOUND('',#755,.T.);
#478=FACE_OUTER_BOUND('',#756,.T.);
#479=FACE_OUTER_BOUND('',#757,.T.);
#480=FACE_OUTER_BOUND('',#758,.T.);
#481=FACE_OUTER_BOUND('',#759,.T.);
#482=FACE_OUTER_BOUND('',#760,.T.);
#483=FACE_OUTER_BOUND('',#761,.T.);
#484=FACE_OUTER_BOUND('',#762,.T.);
#485=FACE_OUTER_BOUND('',#763,.T.);
#486=FACE_OUTER_BOUND('',#764,.T.);
#487=FACE_OUTER_BOUND('',#765,.T.);
#488=FACE_OUTER_BOUND('',#766,.T.);
#489=FACE_OUTER_BOUND('',#767,.T.);
#490=FACE_OUTER_BOUND('',#768,.T.);
#491=FACE_OUTER_BOUND('',#769,.T.);
#492=FACE_OUTER_BOUND('',#770,.T.);
#493=FACE_OUTER_BOUND('',#771,.T.);
#494=FACE_OUTER_BOUND('',#772,.T.);
#495=FACE_OUTER_BOUND('',#773,.T.);
#496=FACE_OUTER_BOUND('',#774,.T.);
#497=FACE_OUTER_BOUND('',#775,.T.);
#498=FACE_OUTER_BOUND('',#776,.T.);
#499=FACE_OUTER_BOUND('',#777,.T.);
#500=FACE_OUTER_BOUND('',#778,.T.);
#501=FACE_OUTER_BOUND('',#779,.T.);
#502=FACE_OUTER_BOUND('',#780,.T.);
#503=FACE_OUTER_BOUND('',#781,.T.);
#504=FACE_OUTER_BOUND('',#782,.T.);
#505=FACE_OUTER_BOUND('',#783,.T.);
#506=FACE_OUTER_BOUND('',#784,.T.);
#507=FACE_OUTER_BOUND('',#785,.T.);
#508=FACE_OUTER_BOUND('',#786,.T.);
#509=FACE_OUTER_BOUND('',#787,.T.);
#510=FACE_OUTER_BOUND('',#788,.T.);
#511=FACE_OUTER_BOUND('',#789,.T.);
#512=FACE_OUTER_BOUND('',#791,.T.);
#513=FACE_OUTER_BOUND('',#792,.T.);
#514=FACE_OUTER_BOUND('',#793,.T.);
#515=FACE_OUTER_BOUND('',#794,.T.);
#516=FACE_OUTER_BOUND('',#795,.T.);
#517=FACE_OUTER_BOUND('',#796,.T.);
#518=FACE_OUTER_BOUND('',#797,.T.);
#519=FACE_OUTER_BOUND('',#798,.T.);
#520=FACE_OUTER_BOUND('',#799,.T.);
#521=FACE_OUTER_BOUND('',#800,.T.);
#522=FACE_OUTER_BOUND('',#801,.T.);
#523=FACE_OUTER_BOUND('',#803,.T.);
#524=FACE_OUTER_BOUND('',#804,.T.);
#525=FACE_OUTER_BOUND('',#806,.T.);
#526=FACE_OUTER_BOUND('',#807,.T.);
#527=FACE_OUTER_BOUND('',#809,.T.);
#528=FACE_OUTER_BOUND('',#810,.T.);
#529=FACE_OUTER_BOUND('',#811,.T.);
#530=FACE_OUTER_BOUND('',#812,.T.);
#531=FACE_OUTER_BOUND('',#813,.T.);
#532=FACE_OUTER_BOUND('',#814,.T.);
#533=FACE_OUTER_BOUND('',#815,.T.);
#534=FACE_OUTER_BOUND('',#816,.T.);
#535=FACE_OUTER_BOUND('',#817,.T.);
#536=FACE_OUTER_BOUND('',#818,.T.);
#537=FACE_OUTER_BOUND('',#819,.T.);
#538=FACE_OUTER_BOUND('',#820,.T.);
#539=FACE_OUTER_BOUND('',#821,.T.);
#540=FACE_OUTER_BOUND('',#822,.T.);
#541=FACE_OUTER_BOUND('',#823,.T.);
#542=FACE_OUTER_BOUND('',#824,.T.);
#543=FACE_OUTER_BOUND('',#825,.T.);
#544=FACE_OUTER_BOUND('',#826,.T.);
#545=FACE_OUTER_BOUND('',#827,.T.);
#546=FACE_OUTER_BOUND('',#828,.T.);
#547=FACE_OUTER_BOUND('',#829,.T.);
#548=FACE_OUTER_BOUND('',#830,.T.);
#549=FACE_OUTER_BOUND('',#831,.T.);
#550=FACE_OUTER_BOUND('',#832,.T.);
#551=FACE_OUTER_BOUND('',#833,.T.);
#552=FACE_OUTER_BOUND('',#834,.T.);
#553=FACE_OUTER_BOUND('',#835,.T.);
#554=FACE_OUTER_BOUND('',#836,.T.);
#555=FACE_OUTER_BOUND('',#837,.T.);
#556=FACE_OUTER_BOUND('',#838,.T.);
#557=FACE_OUTER_BOUND('',#839,.T.);
#558=FACE_OUTER_BOUND('',#840,.T.);
#559=FACE_OUTER_BOUND('',#841,.T.);
#560=FACE_OUTER_BOUND('',#842,.T.);
#561=FACE_OUTER_BOUND('',#843,.T.);
#562=FACE_OUTER_BOUND('',#844,.T.);
#563=FACE_OUTER_BOUND('',#845,.T.);
#564=FACE_OUTER_BOUND('',#846,.T.);
#565=FACE_OUTER_BOUND('',#847,.T.);
#566=FACE_OUTER_BOUND('',#848,.T.);
#567=FACE_OUTER_BOUND('',#849,.T.);
#568=FACE_OUTER_BOUND('',#850,.T.);
#569=FACE_OUTER_BOUND('',#851,.T.);
#570=FACE_OUTER_BOUND('',#852,.T.);
#571=FACE_OUTER_BOUND('',#853,.T.);
#572=FACE_OUTER_BOUND('',#854,.T.);
#573=FACE_OUTER_BOUND('',#855,.T.);
#574=FACE_OUTER_BOUND('',#856,.T.);
#575=FACE_OUTER_BOUND('',#857,.T.);
#576=FACE_OUTER_BOUND('',#858,.T.);
#577=FACE_OUTER_BOUND('',#859,.T.);
#578=FACE_OUTER_BOUND('',#860,.T.);
#579=FACE_OUTER_BOUND('',#861,.T.);
#580=FACE_OUTER_BOUND('',#862,.T.);
#581=FACE_OUTER_BOUND('',#863,.T.);
#582=FACE_OUTER_BOUND('',#864,.T.);
#583=FACE_OUTER_BOUND('',#865,.T.);
#584=FACE_OUTER_BOUND('',#866,.T.);
#585=FACE_OUTER_BOUND('',#867,.T.);
#586=FACE_OUTER_BOUND('',#868,.T.);
#587=FACE_OUTER_BOUND('',#869,.T.);
#588=FACE_OUTER_BOUND('',#870,.T.);
#589=FACE_OUTER_BOUND('',#871,.T.);
#590=FACE_OUTER_BOUND('',#872,.T.);
#591=FACE_OUTER_BOUND('',#873,.T.);
#592=FACE_OUTER_BOUND('',#874,.T.);
#593=FACE_OUTER_BOUND('',#875,.T.);
#594=FACE_OUTER_BOUND('',#876,.T.);
#595=FACE_OUTER_BOUND('',#877,.T.);
#596=FACE_OUTER_BOUND('',#878,.T.);
#597=FACE_OUTER_BOUND('',#879,.T.);
#598=FACE_OUTER_BOUND('',#880,.T.);
#599=FACE_OUTER_BOUND('',#881,.T.);
#600=FACE_OUTER_BOUND('',#882,.T.);
#601=FACE_OUTER_BOUND('',#883,.T.);
#602=FACE_OUTER_BOUND('',#884,.T.);
#603=FACE_OUTER_BOUND('',#885,.T.);
#604=FACE_OUTER_BOUND('',#886,.T.);
#605=FACE_OUTER_BOUND('',#887,.T.);
#606=FACE_OUTER_BOUND('',#888,.T.);
#607=FACE_OUTER_BOUND('',#889,.T.);
#608=FACE_OUTER_BOUND('',#890,.T.);
#609=FACE_OUTER_BOUND('',#891,.T.);
#610=FACE_OUTER_BOUND('',#892,.T.);
#611=FACE_OUTER_BOUND('',#893,.T.);
#612=FACE_OUTER_BOUND('',#894,.T.);
#613=FACE_OUTER_BOUND('',#895,.T.);
#614=FACE_OUTER_BOUND('',#896,.T.);
#615=FACE_OUTER_BOUND('',#897,.T.);
#616=FACE_OUTER_BOUND('',#898,.T.);
#617=FACE_OUTER_BOUND('',#899,.T.);
#618=FACE_OUTER_BOUND('',#900,.T.);
#619=FACE_OUTER_BOUND('',#901,.T.);
#620=FACE_OUTER_BOUND('',#902,.T.);
#621=FACE_OUTER_BOUND('',#903,.T.);
#622=FACE_OUTER_BOUND('',#904,.T.);
#623=FACE_OUTER_BOUND('',#905,.T.);
#624=FACE_OUTER_BOUND('',#906,.T.);
#625=FACE_OUTER_BOUND('',#907,.T.);
#626=FACE_OUTER_BOUND('',#908,.T.);
#627=FACE_OUTER_BOUND('',#909,.T.);
#628=FACE_OUTER_BOUND('',#910,.T.);
#629=FACE_OUTER_BOUND('',#911,.T.);
#630=FACE_OUTER_BOUND('',#912,.T.);
#631=FACE_OUTER_BOUND('',#913,.T.);
#632=FACE_OUTER_BOUND('',#914,.T.);
#633=FACE_OUTER_BOUND('',#915,.T.);
#634=FACE_OUTER_BOUND('',#916,.T.);
#635=FACE_OUTER_BOUND('',#917,.T.);
#636=FACE_OUTER_BOUND('',#918,.T.);
#637=FACE_OUTER_BOUND('',#919,.T.);
#638=FACE_OUTER_BOUND('',#920,.T.);
#639=FACE_OUTER_BOUND('',#921,.T.);
#640=FACE_OUTER_BOUND('',#922,.T.);
#641=FACE_OUTER_BOUND('',#923,.T.);
#642=FACE_OUTER_BOUND('',#924,.T.);
#643=FACE_OUTER_BOUND('',#925,.T.);
#644=FACE_OUTER_BOUND('',#926,.T.);
#645=FACE_OUTER_BOUND('',#927,.T.);
#646=FACE_OUTER_BOUND('',#928,.T.);
#647=FACE_OUTER_BOUND('',#929,.T.);
#648=FACE_OUTER_BOUND('',#930,.T.);
#649=FACE_OUTER_BOUND('',#931,.T.);
#650=FACE_OUTER_BOUND('',#932,.T.);
#651=FACE_OUTER_BOUND('',#933,.T.);
#652=FACE_OUTER_BOUND('',#934,.T.);
#653=FACE_OUTER_BOUND('',#935,.T.);
#654=FACE_OUTER_BOUND('',#936,.T.);
#655=FACE_OUTER_BOUND('',#937,.T.);
#656=FACE_OUTER_BOUND('',#938,.T.);
#657=FACE_OUTER_BOUND('',#939,.T.);
#658=FACE_OUTER_BOUND('',#940,.T.);
#659=FACE_OUTER_BOUND('',#941,.T.);
#660=FACE_OUTER_BOUND('',#942,.T.);
#661=FACE_OUTER_BOUND('',#943,.T.);
#662=FACE_OUTER_BOUND('',#944,.T.);
#663=FACE_OUTER_BOUND('',#945,.T.);
#664=FACE_OUTER_BOUND('',#946,.T.);
#665=FACE_OUTER_BOUND('',#947,.T.);
#666=FACE_OUTER_BOUND('',#948,.T.);
#667=FACE_OUTER_BOUND('',#949,.T.);
#668=FACE_OUTER_BOUND('',#950,.T.);
#669=FACE_OUTER_BOUND('',#951,.T.);
#670=FACE_OUTER_BOUND('',#952,.T.);
#671=FACE_OUTER_BOUND('',#953,.T.);
#672=FACE_OUTER_BOUND('',#954,.T.);
#673=FACE_OUTER_BOUND('',#955,.T.);
#674=FACE_OUTER_BOUND('',#956,.T.);
#675=FACE_OUTER_BOUND('',#957,.T.);
#676=FACE_OUTER_BOUND('',#958,.T.);
#677=FACE_OUTER_BOUND('',#959,.T.);
#678=FACE_OUTER_BOUND('',#960,.T.);
#679=FACE_OUTER_BOUND('',#961,.T.);
#680=FACE_OUTER_BOUND('',#962,.T.);
#681=FACE_OUTER_BOUND('',#963,.T.);
#682=FACE_OUTER_BOUND('',#964,.T.);
#683=FACE_OUTER_BOUND('',#965,.T.);
#684=FACE_OUTER_BOUND('',#966,.T.);
#685=FACE_OUTER_BOUND('',#967,.T.);
#686=FACE_OUTER_BOUND('',#968,.T.);
#687=FACE_OUTER_BOUND('',#969,.T.);
#688=FACE_OUTER_BOUND('',#970,.T.);
#689=FACE_OUTER_BOUND('',#971,.T.);
#690=FACE_OUTER_BOUND('',#972,.T.);
#691=FACE_OUTER_BOUND('',#973,.T.);
#692=FACE_OUTER_BOUND('',#974,.T.);
#693=FACE_OUTER_BOUND('',#975,.T.);
#694=FACE_OUTER_BOUND('',#976,.T.);
#695=FACE_OUTER_BOUND('',#977,.T.);
#696=FACE_OUTER_BOUND('',#978,.T.);
#697=FACE_OUTER_BOUND('',#979,.T.);
#698=FACE_OUTER_BOUND('',#980,.T.);
#699=FACE_OUTER_BOUND('',#981,.T.);
#700=FACE_OUTER_BOUND('',#982,.T.);
#701=FACE_OUTER_BOUND('',#983,.T.);
#702=FACE_OUTER_BOUND('',#984,.T.);
#703=FACE_OUTER_BOUND('',#985,.T.);
#704=FACE_OUTER_BOUND('',#986,.T.);
#705=FACE_OUTER_BOUND('',#987,.T.);
#706=FACE_OUTER_BOUND('',#988,.T.);
#707=FACE_OUTER_BOUND('',#989,.T.);
#708=FACE_OUTER_BOUND('',#990,.T.);
#709=FACE_OUTER_BOUND('',#991,.T.);
#710=FACE_OUTER_BOUND('',#992,.T.);
#711=FACE_OUTER_BOUND('',#993,.T.);
#712=FACE_OUTER_BOUND('',#994,.T.);
#713=FACE_OUTER_BOUND('',#995,.T.);
#714=FACE_OUTER_BOUND('',#996,.T.);
#715=FACE_OUTER_BOUND('',#997,.T.);
#716=FACE_OUTER_BOUND('',#998,.T.);
#717=FACE_OUTER_BOUND('',#999,.T.);
#718=FACE_OUTER_BOUND('',#1000,.T.);
#719=FACE_OUTER_BOUND('',#1001,.T.);
#720=FACE_OUTER_BOUND('',#1002,.T.);
#721=FACE_OUTER_BOUND('',#1003,.T.);
#722=FACE_OUTER_BOUND('',#1004,.T.);
#723=FACE_OUTER_BOUND('',#1005,.T.);
#724=FACE_OUTER_BOUND('',#1006,.T.);
#725=FACE_OUTER_BOUND('',#1007,.T.);
#726=FACE_OUTER_BOUND('',#1008,.T.);
#727=FACE_OUTER_BOUND('',#1009,.T.);
#728=FACE_OUTER_BOUND('',#1010,.T.);
#729=FACE_OUTER_BOUND('',#1011,.T.);
#730=FACE_OUTER_BOUND('',#1012,.T.);
#731=FACE_OUTER_BOUND('',#1013,.T.);
#732=FACE_OUTER_BOUND('',#1014,.T.);
#733=FACE_OUTER_BOUND('',#1015,.T.);
#734=FACE_OUTER_BOUND('',#1016,.T.);
#735=FACE_OUTER_BOUND('',#1017,.T.);
#736=FACE_OUTER_BOUND('',#1019,.T.);
#737=FACE_OUTER_BOUND('',#1020,.T.);
#738=FACE_OUTER_BOUND('',#1021,.T.);
#739=FACE_OUTER_BOUND('',#1022,.T.);
#740=FACE_OUTER_BOUND('',#1023,.T.);
#741=FACE_OUTER_BOUND('',#1024,.T.);
#742=EDGE_LOOP('',(#2813,#2814,#2815,#2816));
#743=EDGE_LOOP('',(#2817,#2818,#2819,#2820));
#744=EDGE_LOOP('',(#2821,#2822,#2823,#2824));
#745=EDGE_LOOP('',(#2825,#2826,#2827,#2828));
#746=EDGE_LOOP('',(#2829,#2830,#2831,#2832));
#747=EDGE_LOOP('',(#2833,#2834,#2835,#2836,#2837,#2838));
#748=EDGE_LOOP('',(#2839,#2840,#2841,#2842,#2843,#2844));
#749=EDGE_LOOP('',(#2845,#2846,#2847,#2848,#2849,#2850));
#750=EDGE_LOOP('',(#2851,#2852,#2853));
#751=EDGE_LOOP('',(#2854,#2855,#2856,#2857));
#752=EDGE_LOOP('',(#2858,#2859,#2860));
#753=EDGE_LOOP('',(#2861,#2862,#2863));
#754=EDGE_LOOP('',(#2864,#2865,#2866,#2867));
#755=EDGE_LOOP('',(#2868,#2869,#2870));
#756=EDGE_LOOP('',(#2871,#2872,#2873));
#757=EDGE_LOOP('',(#2874,#2875,#2876,#2877));
#758=EDGE_LOOP('',(#2878,#2879,#2880,#2881));
#759=EDGE_LOOP('',(#2882,#2883,#2884));
#760=EDGE_LOOP('',(#2885,#2886,#2887,#2888,#2889,#2890,#2891));
#761=EDGE_LOOP('',(#2892,#2893,#2894));
#762=EDGE_LOOP('',(#2895,#2896,#2897,#2898));
#763=EDGE_LOOP('',(#2899,#2900,#2901));
#764=EDGE_LOOP('',(#2902,#2903,#2904));
#765=EDGE_LOOP('',(#2905,#2906,#2907,#2908));
#766=EDGE_LOOP('',(#2909,#2910,#2911));
#767=EDGE_LOOP('',(#2912,#2913,#2914,#2915,#2916,#2917));
#768=EDGE_LOOP('',(#2918,#2919,#2920,#2921,#2922,#2923,#2924,#2925,#2926,
#2927));
#769=EDGE_LOOP('',(#2928,#2929,#2930));
#770=EDGE_LOOP('',(#2931,#2932,#2933,#2934));
#771=EDGE_LOOP('',(#2935,#2936,#2937));
#772=EDGE_LOOP('',(#2938,#2939,#2940,#2941));
#773=EDGE_LOOP('',(#2942,#2943,#2944,#2945));
#774=EDGE_LOOP('',(#2946,#2947,#2948,#2949));
#775=EDGE_LOOP('',(#2950,#2951,#2952,#2953,#2954,#2955));
#776=EDGE_LOOP('',(#2956,#2957,#2958,#2959));
#777=EDGE_LOOP('',(#2960,#2961,#2962,#2963));
#778=EDGE_LOOP('',(#2964,#2965,#2966,#2967));
#779=EDGE_LOOP('',(#2968,#2969,#2970,#2971));
#780=EDGE_LOOP('',(#2972,#2973,#2974,#2975));
#781=EDGE_LOOP('',(#2976,#2977,#2978,#2979));
#782=EDGE_LOOP('',(#2980,#2981,#2982,#2983));
#783=EDGE_LOOP('',(#2984,#2985,#2986,#2987));
#784=EDGE_LOOP('',(#2988,#2989,#2990,#2991));
#785=EDGE_LOOP('',(#2992,#2993,#2994,#2995,#2996,#2997,#2998,#2999,#3000,
#3001,#3002,#3003,#3004,#3005,#3006,#3007,#3008,#3009,#3010,#3011,#3012,
#3013,#3014,#3015,#3016,#3017,#3018,#3019,#3020,#3021,#3022,#3023,#3024,
#3025,#3026));
#786=EDGE_LOOP('',(#3027,#3028,#3029,#3030));
#787=EDGE_LOOP('',(#3031,#3032,#3033,#3034));
#788=EDGE_LOOP('',(#3035,#3036,#3037,#3038));
#789=EDGE_LOOP('',(#3039,#3040,#3041,#3042));
#790=EDGE_LOOP('',(#3043,#3044,#3045,#3046));
#791=EDGE_LOOP('',(#3047,#3048,#3049,#3050));
#792=EDGE_LOOP('',(#3051,#3052,#3053));
#793=EDGE_LOOP('',(#3054,#3055,#3056));
#794=EDGE_LOOP('',(#3057,#3058,#3059,#3060,#3061,#3062,#3063,#3064));
#795=EDGE_LOOP('',(#3065,#3066,#3067,#3068));
#796=EDGE_LOOP('',(#3069,#3070,#3071,#3072));
#797=EDGE_LOOP('',(#3073,#3074,#3075,#3076));
#798=EDGE_LOOP('',(#3077,#3078,#3079,#3080));
#799=EDGE_LOOP('',(#3081,#3082,#3083,#3084));
#800=EDGE_LOOP('',(#3085,#3086,#3087,#3088,#3089,#3090,#3091,#3092));
#801=EDGE_LOOP('',(#3093));
#802=EDGE_LOOP('',(#3094));
#803=EDGE_LOOP('',(#3095,#3096,#3097,#3098,#3099,#3100,#3101,#3102));
#804=EDGE_LOOP('',(#3103));
#805=EDGE_LOOP('',(#3104));
#806=EDGE_LOOP('',(#3105,#3106,#3107,#3108,#3109,#3110));
#807=EDGE_LOOP('',(#3111));
#808=EDGE_LOOP('',(#3112));
#809=EDGE_LOOP('',(#3113));
#810=EDGE_LOOP('',(#3114,#3115,#3116,#3117,#3118,#3119,#3120,#3121,#3122,
#3123,#3124,#3125));
#811=EDGE_LOOP('',(#3126,#3127,#3128,#3129));
#812=EDGE_LOOP('',(#3130,#3131,#3132,#3133));
#813=EDGE_LOOP('',(#3134,#3135,#3136,#3137,#3138,#3139));
#814=EDGE_LOOP('',(#3140,#3141,#3142,#3143));
#815=EDGE_LOOP('',(#3144,#3145,#3146,#3147,#3148,#3149,#3150));
#816=EDGE_LOOP('',(#3151,#3152,#3153,#3154));
#817=EDGE_LOOP('',(#3155,#3156,#3157,#3158));
#818=EDGE_LOOP('',(#3159,#3160,#3161,#3162,#3163,#3164,#3165));
#819=EDGE_LOOP('',(#3166,#3167,#3168,#3169));
#820=EDGE_LOOP('',(#3170,#3171,#3172,#3173,#3174,#3175,#3176,#3177,#3178,
#3179,#3180,#3181));
#821=EDGE_LOOP('',(#3182,#3183,#3184,#3185,#3186,#3187,#3188));
#822=EDGE_LOOP('',(#3189,#3190,#3191,#3192));
#823=EDGE_LOOP('',(#3193,#3194,#3195,#3196));
#824=EDGE_LOOP('',(#3197,#3198,#3199,#3200,#3201,#3202,#3203));
#825=EDGE_LOOP('',(#3204,#3205,#3206,#3207));
#826=EDGE_LOOP('',(#3208,#3209,#3210,#3211,#3212,#3213,#3214,#3215,#3216,
#3217,#3218,#3219));
#827=EDGE_LOOP('',(#3220));
#828=EDGE_LOOP('',(#3221,#3222,#3223,#3224,#3225,#3226,#3227,#3228,#3229,
#3230,#3231,#3232));
#829=EDGE_LOOP('',(#3233));
#830=EDGE_LOOP('',(#3234,#3235,#3236,#3237,#3238,#3239,#3240,#3241,#3242,
#3243,#3244,#3245));
#831=EDGE_LOOP('',(#3246,#3247,#3248,#3249,#3250,#3251,#3252,#3253,#3254,
#3255,#3256,#3257));
#832=EDGE_LOOP('',(#3258,#3259,#3260,#3261));
#833=EDGE_LOOP('',(#3262,#3263,#3264,#3265,#3266,#3267,#3268));
#834=EDGE_LOOP('',(#3269,#3270,#3271,#3272,#3273,#3274));
#835=EDGE_LOOP('',(#3275,#3276,#3277,#3278));
#836=EDGE_LOOP('',(#3279,#3280,#3281,#3282,#3283,#3284,#3285));
#837=EDGE_LOOP('',(#3286,#3287,#3288,#3289,#3290,#3291));
#838=EDGE_LOOP('',(#3292,#3293,#3294,#3295,#3296,#3297,#3298));
#839=EDGE_LOOP('',(#3299,#3300,#3301,#3302));
#840=EDGE_LOOP('',(#3303,#3304,#3305,#3306));
#841=EDGE_LOOP('',(#3307,#3308,#3309,#3310));
#842=EDGE_LOOP('',(#3311,#3312,#3313,#3314,#3315,#3316,#3317));
#843=EDGE_LOOP('',(#3318,#3319,#3320,#3321));
#844=EDGE_LOOP('',(#3322,#3323,#3324,#3325));
#845=EDGE_LOOP('',(#3326,#3327,#3328,#3329));
#846=EDGE_LOOP('',(#3330,#3331,#3332,#3333));
#847=EDGE_LOOP('',(#3334,#3335,#3336,#3337,#3338,#3339,#3340));
#848=EDGE_LOOP('',(#3341,#3342,#3343,#3344));
#849=EDGE_LOOP('',(#3345,#3346,#3347,#3348,#3349,#3350,#3351));
#850=EDGE_LOOP('',(#3352,#3353,#3354,#3355));
#851=EDGE_LOOP('',(#3356,#3357,#3358,#3359));
#852=EDGE_LOOP('',(#3360,#3361,#3362,#3363));
#853=EDGE_LOOP('',(#3364,#3365,#3366,#3367,#3368,#3369,#3370));
#854=EDGE_LOOP('',(#3371,#3372,#3373,#3374));
#855=EDGE_LOOP('',(#3375,#3376,#3377,#3378));
#856=EDGE_LOOP('',(#3379,#3380,#3381,#3382));
#857=EDGE_LOOP('',(#3383,#3384,#3385,#3386));
#858=EDGE_LOOP('',(#3387,#3388,#3389,#3390,#3391,#3392,#3393));
#859=EDGE_LOOP('',(#3394,#3395,#3396,#3397));
#860=EDGE_LOOP('',(#3398,#3399,#3400,#3401));
#861=EDGE_LOOP('',(#3402,#3403));
#862=EDGE_LOOP('',(#3404,#3405,#3406,#3407,#3408,#3409,#3410,#3411,#3412,
#3413,#3414));
#863=EDGE_LOOP('',(#3415,#3416,#3417,#3418));
#864=EDGE_LOOP('',(#3419,#3420,#3421,#3422,#3423));
#865=EDGE_LOOP('',(#3424,#3425,#3426,#3427));
#866=EDGE_LOOP('',(#3428,#3429,#3430,#3431));
#867=EDGE_LOOP('',(#3432,#3433,#3434,#3435));
#868=EDGE_LOOP('',(#3436,#3437,#3438,#3439));
#869=EDGE_LOOP('',(#3440,#3441,#3442,#3443,#3444,#3445,#3446,#3447,#3448,
#3449,#3450));
#870=EDGE_LOOP('',(#3451,#3452,#3453,#3454,#3455,#3456,#3457));
#871=EDGE_LOOP('',(#3458,#3459,#3460,#3461));
#872=EDGE_LOOP('',(#3462,#3463,#3464));
#873=EDGE_LOOP('',(#3465,#3466,#3467,#3468));
#874=EDGE_LOOP('',(#3469,#3470,#3471,#3472));
#875=EDGE_LOOP('',(#3473,#3474,#3475,#3476,#3477,#3478,#3479,#3480,#3481,
#3482,#3483,#3484,#3485,#3486));
#876=EDGE_LOOP('',(#3487,#3488,#3489,#3490,#3491,#3492));
#877=EDGE_LOOP('',(#3493,#3494,#3495,#3496,#3497,#3498));
#878=EDGE_LOOP('',(#3499,#3500,#3501,#3502));
#879=EDGE_LOOP('',(#3503,#3504,#3505,#3506));
#880=EDGE_LOOP('',(#3507,#3508,#3509,#3510));
#881=EDGE_LOOP('',(#3511,#3512,#3513,#3514));
#882=EDGE_LOOP('',(#3515,#3516,#3517,#3518));
#883=EDGE_LOOP('',(#3519,#3520,#3521,#3522));
#884=EDGE_LOOP('',(#3523,#3524,#3525,#3526));
#885=EDGE_LOOP('',(#3527,#3528,#3529,#3530));
#886=EDGE_LOOP('',(#3531,#3532,#3533));
#887=EDGE_LOOP('',(#3534,#3535,#3536,#3537,#3538));
#888=EDGE_LOOP('',(#3539,#3540,#3541,#3542));
#889=EDGE_LOOP('',(#3543,#3544,#3545,#3546));
#890=EDGE_LOOP('',(#3547,#3548,#3549,#3550));
#891=EDGE_LOOP('',(#3551,#3552,#3553,#3554));
#892=EDGE_LOOP('',(#3555,#3556,#3557,#3558));
#893=EDGE_LOOP('',(#3559,#3560,#3561,#3562));
#894=EDGE_LOOP('',(#3563,#3564,#3565,#3566));
#895=EDGE_LOOP('',(#3567,#3568,#3569,#3570,#3571,#3572));
#896=EDGE_LOOP('',(#3573,#3574,#3575,#3576,#3577,#3578));
#897=EDGE_LOOP('',(#3579,#3580,#3581,#3582,#3583,#3584));
#898=EDGE_LOOP('',(#3585,#3586,#3587,#3588,#3589,#3590));
#899=EDGE_LOOP('',(#3591,#3592,#3593,#3594,#3595,#3596));
#900=EDGE_LOOP('',(#3597,#3598,#3599,#3600,#3601,#3602));
#901=EDGE_LOOP('',(#3603,#3604,#3605,#3606,#3607,#3608));
#902=EDGE_LOOP('',(#3609,#3610,#3611,#3612,#3613,#3614));
#903=EDGE_LOOP('',(#3615,#3616,#3617,#3618,#3619,#3620));
#904=EDGE_LOOP('',(#3621,#3622,#3623,#3624,#3625,#3626));
#905=EDGE_LOOP('',(#3627,#3628,#3629,#3630,#3631,#3632));
#906=EDGE_LOOP('',(#3633,#3634,#3635,#3636,#3637,#3638));
#907=EDGE_LOOP('',(#3639,#3640,#3641,#3642,#3643,#3644));
#908=EDGE_LOOP('',(#3645,#3646,#3647,#3648,#3649,#3650));
#909=EDGE_LOOP('',(#3651,#3652,#3653,#3654,#3655,#3656));
#910=EDGE_LOOP('',(#3657,#3658,#3659,#3660,#3661,#3662));
#911=EDGE_LOOP('',(#3663,#3664,#3665,#3666,#3667,#3668));
#912=EDGE_LOOP('',(#3669,#3670,#3671,#3672,#3673,#3674));
#913=EDGE_LOOP('',(#3675,#3676,#3677,#3678,#3679,#3680));
#914=EDGE_LOOP('',(#3681,#3682,#3683,#3684,#3685,#3686));
#915=EDGE_LOOP('',(#3687,#3688,#3689,#3690,#3691,#3692));
#916=EDGE_LOOP('',(#3693,#3694,#3695,#3696,#3697,#3698));
#917=EDGE_LOOP('',(#3699,#3700,#3701,#3702,#3703,#3704));
#918=EDGE_LOOP('',(#3705,#3706,#3707,#3708,#3709,#3710));
#919=EDGE_LOOP('',(#3711,#3712,#3713,#3714,#3715,#3716));
#920=EDGE_LOOP('',(#3717,#3718,#3719,#3720,#3721,#3722));
#921=EDGE_LOOP('',(#3723,#3724,#3725,#3726,#3727,#3728));
#922=EDGE_LOOP('',(#3729,#3730,#3731,#3732,#3733,#3734));
#923=EDGE_LOOP('',(#3735,#3736,#3737,#3738,#3739,#3740));
#924=EDGE_LOOP('',(#3741,#3742,#3743,#3744));
#925=EDGE_LOOP('',(#3745,#3746,#3747,#3748));
#926=EDGE_LOOP('',(#3749,#3750,#3751,#3752));
#927=EDGE_LOOP('',(#3753,#3754,#3755,#3756));
#928=EDGE_LOOP('',(#3757,#3758,#3759,#3760));
#929=EDGE_LOOP('',(#3761,#3762,#3763,#3764));
#930=EDGE_LOOP('',(#3765,#3766,#3767,#3768));
#931=EDGE_LOOP('',(#3769,#3770,#3771,#3772));
#932=EDGE_LOOP('',(#3773,#3774,#3775,#3776));
#933=EDGE_LOOP('',(#3777,#3778,#3779,#3780));
#934=EDGE_LOOP('',(#3781,#3782,#3783,#3784));
#935=EDGE_LOOP('',(#3785,#3786,#3787,#3788));
#936=EDGE_LOOP('',(#3789,#3790,#3791,#3792));
#937=EDGE_LOOP('',(#3793,#3794,#3795,#3796));
#938=EDGE_LOOP('',(#3797,#3798,#3799,#3800));
#939=EDGE_LOOP('',(#3801,#3802,#3803,#3804));
#940=EDGE_LOOP('',(#3805,#3806,#3807,#3808));
#941=EDGE_LOOP('',(#3809,#3810,#3811,#3812));
#942=EDGE_LOOP('',(#3813,#3814,#3815,#3816));
#943=EDGE_LOOP('',(#3817,#3818,#3819,#3820));
#944=EDGE_LOOP('',(#3821,#3822,#3823,#3824));
#945=EDGE_LOOP('',(#3825,#3826,#3827,#3828));
#946=EDGE_LOOP('',(#3829,#3830,#3831,#3832));
#947=EDGE_LOOP('',(#3833,#3834,#3835,#3836));
#948=EDGE_LOOP('',(#3837,#3838,#3839,#3840));
#949=EDGE_LOOP('',(#3841,#3842,#3843,#3844));
#950=EDGE_LOOP('',(#3845,#3846,#3847,#3848));
#951=EDGE_LOOP('',(#3849,#3850,#3851,#3852));
#952=EDGE_LOOP('',(#3853,#3854,#3855,#3856));
#953=EDGE_LOOP('',(#3857,#3858,#3859,#3860));
#954=EDGE_LOOP('',(#3861,#3862,#3863,#3864));
#955=EDGE_LOOP('',(#3865,#3866,#3867,#3868));
#956=EDGE_LOOP('',(#3869,#3870,#3871,#3872));
#957=EDGE_LOOP('',(#3873,#3874,#3875,#3876));
#958=EDGE_LOOP('',(#3877,#3878,#3879,#3880));
#959=EDGE_LOOP('',(#3881,#3882,#3883,#3884));
#960=EDGE_LOOP('',(#3885,#3886,#3887,#3888));
#961=EDGE_LOOP('',(#3889,#3890,#3891,#3892));
#962=EDGE_LOOP('',(#3893,#3894,#3895,#3896));
#963=EDGE_LOOP('',(#3897,#3898,#3899,#3900));
#964=EDGE_LOOP('',(#3901,#3902,#3903,#3904));
#965=EDGE_LOOP('',(#3905,#3906,#3907,#3908));
#966=EDGE_LOOP('',(#3909,#3910,#3911,#3912));
#967=EDGE_LOOP('',(#3913,#3914,#3915,#3916));
#968=EDGE_LOOP('',(#3917,#3918,#3919,#3920));
#969=EDGE_LOOP('',(#3921,#3922,#3923,#3924));
#970=EDGE_LOOP('',(#3925,#3926,#3927,#3928));
#971=EDGE_LOOP('',(#3929,#3930,#3931,#3932));
#972=EDGE_LOOP('',(#3933,#3934,#3935,#3936));
#973=EDGE_LOOP('',(#3937,#3938,#3939,#3940));
#974=EDGE_LOOP('',(#3941,#3942,#3943,#3944));
#975=EDGE_LOOP('',(#3945,#3946,#3947,#3948));
#976=EDGE_LOOP('',(#3949,#3950,#3951,#3952));
#977=EDGE_LOOP('',(#3953,#3954,#3955,#3956));
#978=EDGE_LOOP('',(#3957,#3958,#3959,#3960));
#979=EDGE_LOOP('',(#3961,#3962,#3963,#3964));
#980=EDGE_LOOP('',(#3965,#3966,#3967,#3968));
#981=EDGE_LOOP('',(#3969,#3970,#3971,#3972));
#982=EDGE_LOOP('',(#3973,#3974,#3975,#3976));
#983=EDGE_LOOP('',(#3977,#3978,#3979,#3980));
#984=EDGE_LOOP('',(#3981,#3982,#3983,#3984));
#985=EDGE_LOOP('',(#3985,#3986,#3987,#3988));
#986=EDGE_LOOP('',(#3989,#3990,#3991,#3992));
#987=EDGE_LOOP('',(#3993,#3994,#3995,#3996));
#988=EDGE_LOOP('',(#3997,#3998,#3999,#4000));
#989=EDGE_LOOP('',(#4001,#4002,#4003,#4004));
#990=EDGE_LOOP('',(#4005,#4006,#4007,#4008));
#991=EDGE_LOOP('',(#4009,#4010,#4011,#4012));
#992=EDGE_LOOP('',(#4013,#4014,#4015,#4016));
#993=EDGE_LOOP('',(#4017,#4018,#4019,#4020));
#994=EDGE_LOOP('',(#4021,#4022,#4023,#4024));
#995=EDGE_LOOP('',(#4025,#4026,#4027,#4028));
#996=EDGE_LOOP('',(#4029,#4030,#4031,#4032));
#997=EDGE_LOOP('',(#4033,#4034,#4035,#4036));
#998=EDGE_LOOP('',(#4037,#4038,#4039,#4040));
#999=EDGE_LOOP('',(#4041,#4042,#4043,#4044));
#1000=EDGE_LOOP('',(#4045,#4046,#4047,#4048));
#1001=EDGE_LOOP('',(#4049,#4050,#4051,#4052));
#1002=EDGE_LOOP('',(#4053,#4054,#4055,#4056));
#1003=EDGE_LOOP('',(#4057,#4058,#4059,#4060));
#1004=EDGE_LOOP('',(#4061,#4062,#4063,#4064));
#1005=EDGE_LOOP('',(#4065,#4066,#4067,#4068));
#1006=EDGE_LOOP('',(#4069,#4070,#4071,#4072));
#1007=EDGE_LOOP('',(#4073,#4074,#4075,#4076));
#1008=EDGE_LOOP('',(#4077,#4078,#4079,#4080));
#1009=EDGE_LOOP('',(#4081,#4082,#4083,#4084));
#1010=EDGE_LOOP('',(#4085,#4086,#4087,#4088));
#1011=EDGE_LOOP('',(#4089,#4090,#4091,#4092));
#1012=EDGE_LOOP('',(#4093,#4094,#4095,#4096,#4097,#4098));
#1013=EDGE_LOOP('',(#4099,#4100,#4101,#4102));
#1014=EDGE_LOOP('',(#4103,#4104,#4105,#4106));
#1015=EDGE_LOOP('',(#4107,#4108,#4109,#4110,#4111,#4112,#4113,#4114,#4115,
#4116,#4117,#4118,#4119,#4120,#4121,#4122,#4123,#4124,#4125,#4126,#4127,
#4128,#4129,#4130,#4131,#4132,#4133,#4134,#4135,#4136));
#1016=EDGE_LOOP('',(#4137,#4138,#4139));
#1017=EDGE_LOOP('',(#4140,#4141,#4142,#4143,#4144,#4145,#4146,#4147,#4148,
#4149,#4150,#4151,#4152,#4153,#4154,#4155,#4156,#4157,#4158,#4159,#4160,
#4161,#4162,#4163,#4164,#4165,#4166,#4167,#4168,#4169));
#1018=EDGE_LOOP('',(#4170,#4171,#4172,#4173,#4174,#4175));
#1019=EDGE_LOOP('',(#4176,#4177,#4178,#4179));
#1020=EDGE_LOOP('',(#4180,#4181,#4182,#4183));
#1021=EDGE_LOOP('',(#4184,#4185,#4186,#4187,#4188,#4189,#4190,#4191,#4192,
#4193,#4194,#4195,#4196,#4197,#4198,#4199,#4200,#4201,#4202,#4203,#4204,
#4205,#4206,#4207,#4208));
#1022=EDGE_LOOP('',(#4209,#4210,#4211,#4212,#4213,#4214,#4215,#4216,#4217,
#4218,#4219,#4220,#4221,#4222,#4223,#4224,#4225,#4226,#4227,#4228,#4229,
#4230,#4231,#4232));
#1023=EDGE_LOOP('',(#4233,#4234,#4235,#4236));
#1024=EDGE_LOOP('',(#4237,#4238,#4239,#4240));
#1025=B_SPLINE_CURVE_WITH_KNOTS('',3,(#6423,#6424,#6425,#6426,#6427,#6428,
#6429,#6430,#6431),.UNSPECIFIED.,.F.,.F.,(4,1,1,1,1,1,4),(28.2743338823081,
28.6212908128332,29.593586903442,30.5658829940508,31.5381790846596,32.024327129964,
32.5104751752684),.UNSPECIFIED.);
#1026=B_SPLINE_CURVE_WITH_KNOTS('',3,(#6433,#6434,#6435,#6436,#6437,#6438),
 .UNSPECIFIED.,.F.,.F.,(4,2,4),(0.525600858133144,0.557108870609116,0.644614351260995),
 .UNSPECIFIED.);
#1027=B_SPLINE_CURVE_WITH_KNOTS('',3,(#6439,#6440,#6441,#6442,#6443,#6444,
#6445,#6446,#6447,#6448,#6449,#6450,#6451,#6452,#6453,#6454,#6455,#6456,
#6457,#6458,#6459,#6460),.UNSPECIFIED.,.F.,.F.,(4,3,3,3,3,3,3,4),(-7.28134387545997,
-7.09323728921122,-6.71293752589136,-6.3326377625715,-5.95233799925164,
-5.76218811759171,-5.47696329510181,-5.28387096262842),.UNSPECIFIED.);
#1028=B_SPLINE_CURVE_WITH_KNOTS('',3,(#6466,#6467,#6468,#6469,#6470,#6471,
#6472,#6473,#6474,#6475,#6476,#6477,#6478,#6479,#6480,#6481,#6482,#6483,
#6484),.UNSPECIFIED.,.F.,.F.,(4,3,3,3,3,3,4),(-2.4982485858522,-2.14922770122008,
-1.7689263224847,-1.48370028843316,-1.19847425438161,-0.913248220330075,
-0.628022186278538),.UNSPECIFIED.);
#1029=B_SPLINE_CURVE_WITH_KNOTS('',3,(#6487,#6488,#6489,#6490,#6491,#6492,
#6493,#6494,#6495,#6496),.UNSPECIFIED.,.F.,.F.,(4,1,1,1,1,1,1,4),(16.0586311450342,
16.9537377255275,17.9260338161364,18.8983299067452,19.870625997354,20.8429220879628,
21.8152181785716,21.9911485751286),.UNSPECIFIED.);
#1030=B_SPLINE_CURVE_WITH_KNOTS('',3,(#6502,#6503,#6504,#6505,#6506,#6507,
#6508),.UNSPECIFIED.,.F.,.F.,(4,3,4),(9.59379473446148,9.90292469841624,
10.2419926800845),.UNSPECIFIED.);
#1031=B_SPLINE_CURVE_WITH_KNOTS('',3,(#6510,#6511,#6512,#6513),
 .UNSPECIFIED.,.F.,.F.,(4,4),(0.69669998212042,0.731440946528272),
 .UNSPECIFIED.);
#1032=B_SPLINE_CURVE_WITH_KNOTS('',3,(#6514,#6515,#6516,#6517,#6518),
 .UNSPECIFIED.,.F.,.F.,(4,1,4),(28.2743338823081,28.6212908128332,29.5696531873455),
 .UNSPECIFIED.);
#1033=B_SPLINE_CURVE_WITH_KNOTS('',3,(#6523,#6524,#6525,#6526,#6527,#6528,
#6529,#6530,#6531,#6532,#6533,#6534,#6535,#6536,#6537,#6538,#6539,#6540,
#6541,#6542,#6543,#6544,#6545,#6546,#6547,#6548,#6549,#6550,#6551,#6552,
#6553),.UNSPECIFIED.,.F.,.F.,(4,3,3,3,3,3,3,3,3,3,4),(6.28189540169603,
6.51172859009537,6.8508533801789,7.07693657356792,7.52910296034596,7.981269347124,
8.43343573390204,8.88560212068008,9.22472691076361,9.56385170084714,9.59379473446148),
 .UNSPECIFIED.);
#1034=B_SPLINE_CURVE_WITH_KNOTS('',3,(#6554,#6555,#6556,#6557,#6558,#6559,
#6560,#6561,#6562,#6563),.UNSPECIFIED.,.F.,.F.,(4,1,1,1,1,1,1,4),(21.9911485751286,
22.7875142691804,23.7598103597892,24.732106450398,25.7044025410068,26.6766986316156,
27.6489947222244,28.2743338823081),.UNSPECIFIED.);
#1035=B_SPLINE_CURVE_WITH_KNOTS('',3,(#6569,#6570,#6571,#6572,#6573,#6574),
 .UNSPECIFIED.,.F.,.F.,(4,1,1,4),(14.0368494537011,14.5229974990055,15.0091455443099,
15.707963267949),.UNSPECIFIED.);
#1036=B_SPLINE_CURVE_WITH_KNOTS('',3,(#6577,#6578,#6579,#6580,#6581,#6582,
#6583,#6584,#6585,#6586),.UNSPECIFIED.,.F.,.F.,(4,3,3,4),(1.81225103118867,
2.10316274099405,2.55529565941953,2.96998832600802),.UNSPECIFIED.);
#1037=B_SPLINE_CURVE_WITH_KNOTS('',3,(#6590,#6591,#6592,#6593,#6594,#6595,
#6596,#6597,#6598,#6599,#6600,#6601,#6602,#6603,#6604,#6605,#6606,#6607),
 .UNSPECIFIED.,.F.,.F.,(4,2,2,2,2,2,2,2,4),(-0.519525403201231,-0.516681930102852,
-0.460070699205827,-0.341973386072035,-0.258340965116546,-0.174708544161036,
-0.0566112310271911,0.,0.00284347308086613),.UNSPECIFIED.);
#1038=B_SPLINE_CURVE_WITH_KNOTS('',3,(#6615,#6616,#6617,#6618,#6619,#6620,
#6621,#6622,#6623,#6624,#6625,#6626,#6627,#6628),.UNSPECIFIED.,.F.,.F.,
(4,2,2,2,2,2,4),(-0.329326312468883,-0.328625253500137,-0.277945207779914,
-0.227422807850163,-0.144671861401887,-0.0702990519170031,0.),
 .UNSPECIFIED.);
#1039=B_SPLINE_CURVE_WITH_KNOTS('',3,(#6633,#6634,#6635,#6636,#6637,#6638,
#6639,#6640,#6641,#6642,#6643,#6644,#6645,#6646,#6647,#6648,#6649,#6650),
 .UNSPECIFIED.,.F.,.F.,(4,2,2,2,2,2,2,2,4),(-0.00284347311208475,0.,0.0566112311663856,
0.174708544860105,0.258340966212112,0.341973387564139,0.460070701257899,
0.516681932552833,0.519525405647603),.UNSPECIFIED.);
#1040=B_SPLINE_CURVE_WITH_KNOTS('',3,(#6664,#6665,#6666,#6667,#6668,#6669,
#6670,#6671,#6672,#6673,#6674,#6675,#6676,#6677),.UNSPECIFIED.,.F.,.F.,
(4,2,2,2,2,2,4),(-0.00070307898869419,0.,0.0508260743841334,0.101494048739253,
0.184483432425162,0.259070538519451,0.329572148986744),.UNSPECIFIED.);
#1041=B_SPLINE_CURVE_WITH_KNOTS('',3,(#6698,#6699,#6700,#6701,#6702,#6703,
#6704,#6705,#6706,#6707,#6708,#6709,#6710,#6711),.UNSPECIFIED.,.F.,.F.,
(4,2,2,2,2,2,4),(-0.000703078985888587,0.,0.0508260743358792,0.10149404859602,
0.184483432126356,0.259070538080824,0.329572148415958),.UNSPECIFIED.);
#1042=B_SPLINE_CURVE_WITH_KNOTS('',3,(#6756,#6757,#6758,#6759,#6760,#6761),
 .UNSPECIFIED.,.F.,.F.,(4,2,4),(0.867049550409046,0.961557880136988,1.08299704438891),
 .UNSPECIFIED.);
#1043=B_SPLINE_CURVE_WITH_KNOTS('',3,(#6766,#6767,#6768,#6769,#6770,#6771),
 .UNSPECIFIED.,.F.,.F.,(4,2,4),(1.08299704438891,1.20443620864084,1.29894453836878),
 .UNSPECIFIED.);
#1044=B_SPLINE_CURVE_WITH_KNOTS('',3,(#6806,#6807,#6808,#6809,#6810,#6811,
#6812,#6813,#6814,#6815,#6816),.UNSPECIFIED.,.F.,.F.,(4,2,3,2,4),(1.95004659479796,
2.0445549245259,2.16599408877783,2.28743325302975,2.38194158275769),
 .UNSPECIFIED.);
#1045=B_SPLINE_CURVE_WITH_KNOTS('',3,(#6823,#6824,#6825,#6826,#6827,#6828,
#6829,#6830,#6831,#6832,#6833),.UNSPECIFIED.,.F.,.F.,(4,2,3,2,4),(1.82681795030493,
1.85510988717425,1.96877242170511,2.08243495623596,2.11072689310528),
 .UNSPECIFIED.);
#1046=B_SPLINE_CURVE_WITH_KNOTS('',3,(#6839,#6840,#6841,#6842,#6843,#6844,
#6845,#6846,#6847,#6848,#6849),.UNSPECIFIED.,.F.,.F.,(4,2,3,2,4),(1.82681795030493,
1.85510988717425,1.9687724217051,2.08243495623596,2.11072689310528),
 .UNSPECIFIED.);
#1047=B_SPLINE_CURVE_WITH_KNOTS('',3,(#6853,#6854,#6855,#6856,#6857,#6858,
#6859,#6860,#6861,#6862,#6863),.UNSPECIFIED.,.F.,.F.,(4,2,3,2,4),(1.82681795030493,
1.85510988717425,1.96877242170511,2.08243495623596,2.11072689310528),
 .UNSPECIFIED.);
#1048=B_SPLINE_CURVE_WITH_KNOTS('',3,(#6912,#6913,#6914,#6915,#6916,#6917,
#6918,#6919,#6920,#6921,#6922,#6923,#6924,#6925),.UNSPECIFIED.,.F.,.F.,
(4,2,2,2,2,2,4),(-0.329326312468854,-0.328625253500117,-0.277945207779913,
-0.227422807850161,-0.14467186140189,-0.0702990519170045,0.),
 .UNSPECIFIED.);
#1049=B_SPLINE_CURVE_WITH_KNOTS('',3,(#6946,#6947,#6948,#6949,#6950,#6951),
 .UNSPECIFIED.,.F.,.F.,(4,2,4),(4.00730823822198,4.0251263594626,4.04790031280041),
 .UNSPECIFIED.);
#1050=B_SPLINE_CURVE_WITH_KNOTS('',3,(#6953,#6954,#6955,#6956,#6957,#6958,
#6959,#6960),.UNSPECIFIED.,.F.,.F.,(4,2,2,4),(0.,0.00931926110719547,0.132054735946751,
0.223663453131544),.UNSPECIFIED.);
#1051=B_SPLINE_CURVE_WITH_KNOTS('',3,(#6962,#6963,#6964,#6965),
 .UNSPECIFIED.,.F.,.F.,(4,4),(0.542302600670299,0.566345235414522),
 .UNSPECIFIED.);
#1052=B_SPLINE_CURVE_WITH_KNOTS('',3,(#6967,#6968,#6969,#6970,#6971,#6972,
#6973,#6974,#6975,#6976,#6977,#6978),.UNSPECIFIED.,.F.,.F.,(4,2,2,2,2,4),
(0.,0.00625332655275894,0.010558291465271,0.0608507029741479,0.0954120912591493,
0.103471550176775),.UNSPECIFIED.);
#1053=B_SPLINE_CURVE_WITH_KNOTS('',3,(#6980,#6981,#6982,#6983),
 .UNSPECIFIED.,.F.,.F.,(4,4),(3.68379303026084,3.75465130987594),
 .UNSPECIFIED.);
#1054=B_SPLINE_CURVE_WITH_KNOTS('',3,(#6984,#6985,#6986,#6987,#6988,#6989,
#6990,#6991,#6992,#6993,#6994,#6995,#6996,#6997,#6998,#6999,#7000,#7001,
#7002,#7003,#7004,#7005,#7006,#7007,#7008,#7009,#7010,#7011),
 .UNSPECIFIED.,.F.,.F.,(4,2,2,2,2,2,2,2,2,2,2,2,2,4),(0.06708597897292,
0.0764949422492802,0.131970496633223,0.180528295643139,0.186464182171036,
0.189164308345844,0.191229886686451,0.193435445673018,0.196878361210579,
0.207515025069544,0.232370396690448,0.282022233311775,0.345577113880392,
0.366855790320518),.UNSPECIFIED.);
#1055=B_SPLINE_CURVE_WITH_KNOTS('',3,(#7013,#7014,#7015,#7016,#7017,#7018,
#7019,#7020,#7021,#7022,#7023,#7024,#7025,#7026,#7027,#7028),
 .UNSPECIFIED.,.F.,.F.,(4,3,3,3,3,4),(0.0218388511602262,0.0455867540958162,
0.0581175662784287,0.0803664919443632,0.102848704265364,0.110434118133905),
 .UNSPECIFIED.);
#1056=B_SPLINE_CURVE_WITH_KNOTS('',3,(#7030,#7031,#7032,#7033),
 .UNSPECIFIED.,.F.,.F.,(4,4),(1.20574931876561,1.22819284356058),
 .UNSPECIFIED.);
#1057=B_SPLINE_CURVE_WITH_KNOTS('',3,(#7035,#7036,#7037,#7038,#7039,#7040,
#7041,#7042,#7043,#7044,#7045,#7046,#7047,#7048,#7049,#7050,#7051,#7052,
#7053),.UNSPECIFIED.,.F.,.F.,(4,3,3,3,3,3,4),(0.,0.0364763661530855,0.0712080724877553,
0.0824209793082793,0.115759193147941,0.147597599889106,0.174251561465262),
 .UNSPECIFIED.);
#1058=B_SPLINE_CURVE_WITH_KNOTS('',3,(#7055,#7056,#7057,#7058),
 .UNSPECIFIED.,.F.,.F.,(4,4),(3.02443347871105,3.09793495921204),
 .UNSPECIFIED.);
#1059=B_SPLINE_CURVE_WITH_KNOTS('',3,(#7060,#7061,#7062,#7063,#7064,#7065),
 .UNSPECIFIED.,.F.,.F.,(4,2,4),(0.,0.0572032760944604,0.0673001189999523),
 .UNSPECIFIED.);
#1060=B_SPLINE_CURVE_WITH_KNOTS('',3,(#7067,#7068,#7069,#7070,#7071,#7072,
#7073),.UNSPECIFIED.,.F.,.F.,(4,3,4),(0.0673001189999104,0.0997302502980336,
0.114170126347685),.UNSPECIFIED.);
#1061=B_SPLINE_CURVE_WITH_KNOTS('',3,(#7075,#7076,#7077,#7078),
 .UNSPECIFIED.,.F.,.F.,(4,4),(1.44395532260893,1.46171236090078),
 .UNSPECIFIED.);
#1062=B_SPLINE_CURVE_WITH_KNOTS('',3,(#7080,#7081,#7082,#7083,#7084,#7085,
#7086),.UNSPECIFIED.,.F.,.F.,(4,3,4),(0.,0.00918537613626804,0.0289853953344629),
 .UNSPECIFIED.);
#1063=B_SPLINE_CURVE_WITH_KNOTS('',3,(#7090,#7091,#7092,#7093),
 .UNSPECIFIED.,.F.,.F.,(4,4),(0.461132592933232,0.609553526962233),
 .UNSPECIFIED.);
#1064=B_SPLINE_CURVE_WITH_KNOTS('',3,(#7095,#7096,#7097,#7098),
 .UNSPECIFIED.,.F.,.F.,(4,4),(2.2375679886848,2.24212730559608),
 .UNSPECIFIED.);
#1065=B_SPLINE_CURVE_WITH_KNOTS('',3,(#7100,#7101,#7102,#7103),
 .UNSPECIFIED.,.F.,.F.,(4,4),(2.24212730655106,2.25817494999133),
 .UNSPECIFIED.);
#1066=B_SPLINE_CURVE_WITH_KNOTS('',3,(#7105,#7106,#7107,#7108,#7109,#7110,
#7111,#7112,#7113,#7114,#7115,#7116,#7117,#7118,#7119,#7120,#7121,#7122,
#7123,#7124,#7125,#7126),.UNSPECIFIED.,.F.,.F.,(4,3,3,3,3,3,3,4),(0.,0.00516344241298547,
0.0306960749757749,0.0425744923554875,0.0612288175821571,0.0822837893598111,
0.0855176381922372,0.10403244350633),.UNSPECIFIED.);
#1067=B_SPLINE_CURVE_WITH_KNOTS('',3,(#7128,#7129,#7130,#7131,#7132,#7133),
 .UNSPECIFIED.,.F.,.F.,(4,2,4),(2.43748370985302,2.44412972616939,2.52974164229458),
 .UNSPECIFIED.);
#1068=B_SPLINE_CURVE_WITH_KNOTS('',3,(#7135,#7136,#7137,#7138,#7139,#7140),
 .UNSPECIFIED.,.F.,.F.,(4,2,4),(0.,0.0117463179347802,0.210869912657409),
 .UNSPECIFIED.);
#1069=B_SPLINE_CURVE_WITH_KNOTS('',3,(#7142,#7143,#7144,#7145),
 .UNSPECIFIED.,.F.,.F.,(4,4),(2.5366156374353,2.57762847438563),
 .UNSPECIFIED.);
#1070=B_SPLINE_CURVE_WITH_KNOTS('',3,(#7146,#7147,#7148,#7149,#7150,#7151,
#7152,#7153,#7154,#7155,#7156,#7157,#7158,#7159,#7160,#7161,#7162,#7163,
#7164,#7165,#7166,#7167,#7168,#7169,#7170,#7171,#7172,#7173,#7174,#7175,
#7176),.UNSPECIFIED.,.F.,.F.,(4,2,2,2,2,2,2,2,2,2,2,2,3,2,4),(0.,0.0036270506109232,
0.11288856380811,0.134707747812533,0.13712831883931,0.138087687630046,0.138807501216305,
0.139599338009539,0.140697008748219,0.143297209744483,0.161075645530684,
0.210015798986701,0.281556268165075,0.285143544234831,0.311867292099446),
 .UNSPECIFIED.);
#1071=B_SPLINE_CURVE_WITH_KNOTS('',3,(#7178,#7179,#7180,#7181,#7182,#7183,
#7184,#7185),.UNSPECIFIED.,.F.,.F.,(4,2,2,4),(0.0250263220558074,0.0323204526288151,
0.175802340252919,0.223547954534409),.UNSPECIFIED.);
#1072=B_SPLINE_CURVE_WITH_KNOTS('',3,(#7187,#7188,#7189,#7190,#7191,#7192),
 .UNSPECIFIED.,.F.,.F.,(4,2,4),(1.75924524559373,1.76046251839747,1.80475089122901),
 .UNSPECIFIED.);
#1073=B_SPLINE_CURVE_WITH_KNOTS('',3,(#7194,#7195,#7196,#7197,#7198,#7199,
#7200,#7201,#7202,#7203,#7204,#7205,#7206,#7207,#7208,#7209,#7210,#7211,
#7212),.UNSPECIFIED.,.F.,.F.,(4,3,3,3,3,3,4),(0.,0.0195357308635873,0.0390617482065134,
0.0483100108391281,0.0698282972212437,0.0912494336785672,0.0969942360897481),
 .UNSPECIFIED.);
#1074=B_SPLINE_CURVE_WITH_KNOTS('',3,(#7214,#7215,#7216,#7217),
 .UNSPECIFIED.,.F.,.F.,(4,4),(3.15879549583836,3.17849422971545),
 .UNSPECIFIED.);
#1075=B_SPLINE_CURVE_WITH_KNOTS('',3,(#7219,#7220,#7221,#7222,#7223,#7224),
 .UNSPECIFIED.,.F.,.F.,(4,2,4),(0.,0.0916864740654561,0.208090326022699),
 .UNSPECIFIED.);
#1076=B_SPLINE_CURVE_WITH_KNOTS('',3,(#7232,#7233,#7234,#7235,#7236,#7237,
#7238,#7239,#7240,#7241,#7242,#7243,#7244,#7245,#7246,#7247,#7248,#7249,
#7250,#7251,#7252,#7253,#7254,#7255,#7256,#7257,#7258,#7259,#7260,#7261,
#7262,#7263,#7264,#7265,#7266,#7267,#7268,#7269,#7270,#7271,#7272,#7273,
#7274,#7275,#7276,#7277,#7278,#7279,#7280,#7281,#7282,#7283,#7284,#7285,
#7286,#7287,#7288,#7289,#7290,#7291,#7292,#7293,#7294,#7295,#7296,#7297,
#7298,#7299,#7300,#7301,#7302,#7303,#7304,#7305,#7306,#7307,#7308,#7309,
#7310,#7311,#7312,#7313,#7314,#7315,#7316,#7317,#7318,#7319,#7320,#7321,
#7322,#7323,#7324,#7325,#7326,#7327,#7328,#7329,#7330,#7331,#7332,#7333,
#7334,#7335,#7336,#7337,#7338,#7339,#7340),.UNSPECIFIED.,.F.,.F.,(4,3,3,
3,3,3,3,3,3,3,3,3,3,3,3,3,3,3,3,3,3,3,3,3,3,3,3,3,3,3,3,3,3,3,3,3,4),(-0.188903627666749,
-0.143478341103351,-0.0976608844719939,-0.0520476387645029,-0.0232932721335372,
-0.00955071571974862,-0.000908320837559548,0.00460288203391095,0.0490924099014727,
0.06296982775936,0.107412790515484,0.151363046582693,0.189855197765331,
0.195320364026272,0.200926981339951,0.244109005869644,0.2865536821833,0.305331651313245,
0.349032639851024,0.374788871413592,0.38227141291516,0.3888844552999,0.431073899330321,
0.473783913503018,0.516150391533371,0.546773135698212,0.56017058627033,
0.566817131026238,0.572176977670456,0.613681267623535,0.654471025157982,
0.694583436198087,0.727857890525095,0.744492828330901,0.751463039963257,
0.761132344852103,0.795619071811683),.UNSPECIFIED.);
#1077=B_SPLINE_CURVE_WITH_KNOTS('',3,(#7341,#7342,#7343,#7344,#7345,#7346,
#7347,#7348,#7349,#7350,#7351,#7352,#7353,#7354,#7355,#7356,#7357,#7358,
#7359,#7360,#7361,#7362,#7363,#7364,#7365,#7366,#7367,#7368,#7369,#7370,
#7371,#7372,#7373,#7374,#7375,#7376,#7377,#7378,#7379,#7380,#7381,#7382,
#7383,#7384,#7385,#7386,#7387,#7388,#7389,#7390,#7391,#7392,#7393,#7394,
#7395,#7396,#7397,#7398,#7399,#7400,#7401,#7402,#7403,#7404,#7405,#7406,
#7407,#7408,#7409,#7410,#7411,#7412,#7413,#7414,#7415,#7416,#7417,#7418,
#7419,#7420,#7421,#7422,#7423,#7424,#7425),.UNSPECIFIED.,.F.,.F.,(4,3,3,
3,3,3,3,3,3,3,3,3,3,3,3,3,3,3,3,3,3,3,3,3,3,3,3,3,4),(0.27889282947516,
0.318757331502064,0.334457005767407,0.374399025664466,0.415335933698179,
0.456536922091575,0.497540667651711,0.510867277724204,0.553031753014439,
0.572926096650245,0.614348743147477,0.656483104617111,0.693395032532547,
0.735785322979666,0.779054495597091,0.822403911892986,0.86520245601347,
0.882037454163736,0.883772423611985,0.92630424203808,0.970026860791185,
1.01420858831158,1.05855615522506,1.07679171068636,1.12186400671129,1.16730837579836,
1.21130445049527,1.25640683788472,1.25919096500482),.UNSPECIFIED.);
#1078=B_SPLINE_CURVE_WITH_KNOTS('',3,(#7842,#7843,#7844,#7845,#7846),
 .UNSPECIFIED.,.F.,.F.,(4,1,4),(37.0371555920775,37.664884593792,38.2926135955065),
 .UNSPECIFIED.);
#1079=B_SPLINE_CURVE_WITH_KNOTS('',3,(#7847,#7848,#7849,#7850,#7851,#7852,
#7853,#7854,#7855,#7856,#7857,#7858,#7859,#7860,#7861,#7862,#7863,#7864,
#7865,#7866,#7867,#7868,#7869,#7870,#7871,#7872,#7873,#7874,#7875,#7876,
#7877,#7878,#7879,#7880,#7881,#7882,#7883,#7884,#7885,#7886,#7887,#7888,
#7889,#7890,#7891,#7892),.UNSPECIFIED.,.F.,.F.,(4,3,3,3,3,3,3,3,3,3,3,3,
3,3,3,4),(-0.802841310432443,-0.758880906676341,-0.729230454365406,-0.713457979512779,
-0.707360054706433,-0.664364395470269,-0.621537554471668,-0.579201766059718,
-0.55043952712429,-0.536058407656577,-0.526335308279237,-0.521677288188863,
-0.479935824887732,-0.437920962070317,-0.396210089368427,-0.358207269616429),
 .UNSPECIFIED.);
#1080=B_SPLINE_CURVE_WITH_KNOTS('',3,(#8006,#8007,#8008,#8009,#8010,#8011,
#8012,#8013,#8014,#8015,#8016,#8017,#8018,#8019,#8020,#8021,#8022,#8023,
#8024,#8025,#8026,#8027,#8028,#8029,#8030,#8031,#8032,#8033,#8034,#8035,
#8036),.UNSPECIFIED.,.F.,.F.,(4,3,3,3,3,3,3,3,3,3,4),(2.96998832600802,
3.00743143683687,3.4595988807868,3.91176632473674,4.36393376868667,4.8161012126366,
5.15522679559905,5.49435237856151,5.83347796152396,6.17260354448641,6.28189540169603),
 .UNSPECIFIED.);
#1081=B_SPLINE_CURVE_WITH_KNOTS('',3,(#8037,#8038,#8039,#8040,#8041,#8042,
#8043,#8044,#8045,#8046,#8047,#8048,#8049,#8050,#8051,#8052,#8053,#8054,
#8055,#8056,#8057,#8058,#8059,#8060,#8061,#8062,#8063,#8064,#8065,#8066,
#8067),.UNSPECIFIED.,.F.,.F.,(4,3,3,3,3,3,3,3,3,3,4),(-5.28387096262842,
-5.19173479518958,-4.90649858809333,-4.62126238099707,-4.33602617390082,
-4.05078996680457,-3.67047502400956,-3.29016008121456,-2.90984513841955,
-2.52953019562455,-2.4982485858522),.UNSPECIFIED.);
#1082=B_SPLINE_CURVE_WITH_KNOTS('',3,(#8068,#8069,#8070,#8071,#8072,#8073,
#8074,#8075,#8076,#8077,#8078,#8079,#8080),.UNSPECIFIED.,.F.,.F.,(4,3,3,
3,4),(7.30568419038752,7.49592429974762,7.77148625274225,8.04704820573687,
8.17267194326891),.UNSPECIFIED.);
#1083=B_SPLINE_CURVE_WITH_KNOTS('',3,(#8105,#8106,#8107,#8108,#8109,#8110),
 .UNSPECIFIED.,.F.,.F.,(4,1,1,4),(30.2434317942951,30.957104810755,31.6707778272149,
32.3844508436748),.UNSPECIFIED.);
#1084=B_SPLINE_CURVE_WITH_KNOTS('',3,(#8111,#8112,#8113,#8114,#8115,#8116,
#8117,#8118,#8119,#8120),.UNSPECIFIED.,.F.,.F.,(4,3,3,4),(-20.2139814020812,
-19.8178349627879,-19.104161946328,-18.7637821187902),.UNSPECIFIED.);
#1085=B_SPLINE_CURVE_WITH_KNOTS('',3,(#8142,#8143,#8144,#8145,#8146,#8147,
#8148),.UNSPECIFIED.,.F.,.F.,(4,3,4),(-23.0383461263251,-22.6507137440647,
-22.2630904302033),.UNSPECIFIED.);
#1086=B_SPLINE_CURVE_WITH_KNOTS('',3,(#8149,#8150,#8151,#8152),
 .UNSPECIFIED.,.F.,.F.,(4,4),(0.126190858245291,0.137403468470756),
 .UNSPECIFIED.);
#1087=B_SPLINE_CURVE_WITH_KNOTS('',3,(#8153,#8154,#8155,#8156,#8157),
 .UNSPECIFIED.,.F.,.F.,(4,1,4),(33.6865126531109,34.5036566084918,35.3208005638726),
 .UNSPECIFIED.);
#1088=B_SPLINE_CURVE_WITH_KNOTS('',3,(#8159,#8160,#8161,#8162,#8163),
 .UNSPECIFIED.,.F.,.F.,(4,1,4),(33.6457203944548,34.4635179655856,35.3519879487918),
 .UNSPECIFIED.);
#1089=B_SPLINE_CURVE_WITH_KNOTS('',3,(#8165,#8166,#8167,#8168,#8169,#8170,
#8171,#8172,#8173,#8174,#8175),.UNSPECIFIED.,.F.,.F.,(4,1,1,1,1,1,1,1,4),
(15.707963267949,15.9814416349187,16.9537377255275,17.9260338161364,18.8983299067452,
19.870625997354,20.8429220879628,21.8152181785716,21.9911485751286),
 .UNSPECIFIED.);
#1090=B_SPLINE_CURVE_WITH_KNOTS('',3,(#8177,#8178,#8179,#8180,#8181,#8182,
#8183),.UNSPECIFIED.,.F.,.F.,(4,1,1,1,4),(30.1647616928449,30.5658829940508,
31.5381790846596,32.024327129964,32.4245747223321),.UNSPECIFIED.);
#1091=B_SPLINE_CURVE_WITH_KNOTS('',3,(#8204,#8205,#8206,#8207,#8208,#8209,
#8210),.UNSPECIFIED.,.F.,.F.,(4,3,4),(19.1754386558314,20.0639086390376,
20.9407887652649),.UNSPECIFIED.);
#1092=B_SPLINE_CURVE_WITH_KNOTS('',3,(#8307,#8308,#8309,#8310,#8311,#8312,
#8313,#8314,#8315,#8316),.UNSPECIFIED.,.F.,.F.,(4,1,1,1,1,1,1,4),(21.9911485751286,
22.7875142691804,23.7598103597892,24.732106450398,25.7044025410068,26.6766986316156,
27.6489947222244,28.2743338823081),.UNSPECIFIED.);
#1093=B_SPLINE_CURVE_WITH_KNOTS('',3,(#8323,#8324,#8325,#8326,#8327,#8328,
#8329),.UNSPECIFIED.,.F.,.F.,(4,3,4),(22.6943863382109,23.2627163307457,
23.7930981123603),.UNSPECIFIED.);
#1094=B_SPLINE_CURVE_WITH_KNOTS('',3,(#8352,#8353,#8354,#8355),
 .UNSPECIFIED.,.F.,.F.,(4,4),(37.0053733006747,37.4379554528731),
 .UNSPECIFIED.);
#1095=B_SPLINE_CURVE_WITH_KNOTS('',3,(#8356,#8357,#8358,#8359,#8360),
 .UNSPECIFIED.,.F.,.F.,(4,1,4),(37.4379554528731,37.6623256572936,38.3192780139126),
 .UNSPECIFIED.);
#1096=B_SPLINE_CURVE_WITH_KNOTS('',3,(#8368,#8369,#8370,#8371,#8372,#8373,
#8374,#8375,#8376,#8377,#8378,#8379,#8380,#8381,#8382,#8383,#8384,#8385,
#8386,#8387,#8388,#8389,#8390,#8391,#8392,#8393,#8394,#8395,#8396,#8397,
#8398,#8399,#8400,#8401,#8402,#8403,#8404,#8405,#8406,#8407),
 .UNSPECIFIED.,.F.,.F.,(4,3,3,3,3,3,3,3,3,3,3,3,3,4),(-10.3764180272043,
-9.99591386937769,-9.49611817590881,-8.99632248243993,-8.49652678897104,
-7.99673109550216,-7.49693540203327,-6.99713970856439,-6.49734401509551,
-5.99754832162662,-5.49775262815773,-4.99795693468885,-4.49816124121997,
-4.16091717804405),.UNSPECIFIED.);
#1097=B_SPLINE_CURVE_WITH_KNOTS('',3,(#8410,#8411,#8412,#8413,#8414,#8415,
#8416,#8417,#8418,#8419,#8420,#8421,#8422,#8423,#8424,#8425,#8426,#8427,
#8428,#8429,#8430,#8431),.UNSPECIFIED.,.F.,.F.,(4,3,3,3,3,3,3,4),(2.0943951023932,
2.19690663263195,3.18461368909089,4.17232074554984,5.16002780200879,6.14773485846773,
7.13544191492668,7.39806731639554),.UNSPECIFIED.);
#1098=B_SPLINE_CURVE_WITH_KNOTS('',3,(#8436,#8437,#8438,#8439,#8440,#8441,
#8442,#8443,#8444,#8445,#8446,#8447,#8448,#8449,#8450,#8451,#8452,#8453,
#8454,#8455,#8456,#8457,#8458,#8459,#8460,#8461,#8462,#8463,#8464,#8465,
#8466,#8467,#8468,#8469,#8470,#8471,#8472,#8473,#8474,#8475,#8476,#8477,
#8478),.UNSPECIFIED.,.F.,.F.,(4,3,3,3,3,3,3,3,3,3,3,3,3,3,4),(-16.6596033343839,
-16.4932578844732,-15.9934621910043,-15.4936664975354,-14.9938708040665,
-14.4940751105977,-13.9942794171288,-13.4944837236599,-12.994688030191,
-12.4948923367221,-11.9950966432532,-11.4953009497843,-10.9955052563155,
-10.4957095628466,-10.3764180272043),.UNSPECIFIED.);
#1099=B_SPLINE_CURVE_WITH_KNOTS('',3,(#8479,#8480,#8481,#8482,#8483,#8484,
#8485,#8486,#8487,#8488,#8489,#8490,#8491,#8492,#8493,#8494,#8495,#8496,
#8497,#8498,#8499,#8500),.UNSPECIFIED.,.F.,.F.,(4,3,3,3,3,3,3,4),(7.39806731639554,
8.12314897138562,9.11085602784456,10.0985630843035,11.0862701407625,12.0739771972214,
13.0616842536803,13.6812526235751),.UNSPECIFIED.);
#1100=B_SPLINE_CURVE_WITH_KNOTS('',3,(#8505,#8506,#8507,#8508,#8509,#8510,
#8511,#8512,#8513,#8514,#8515,#8516,#8517,#8518,#8519,#8520,#8521,#8522,
#8523,#8524,#8525,#8526,#8527,#8528,#8529,#8530,#8531,#8532,#8533,#8534,
#8535,#8536,#8537,#8538,#8539,#8540,#8541,#8542,#8543,#8544),
 .UNSPECIFIED.,.F.,.F.,(4,3,3,3,3,3,3,3,3,3,3,3,3,4),(-22.9427886415635,
-22.4908062060998,-21.9910105126309,-21.491214819162,-20.9914191256932,
-20.4916234322243,-19.9918277387554,-19.4920320452865,-18.9922363518176,
-18.4924406583487,-17.9926449648798,-17.492849271411,-16.9930535779421,
-16.6596033343839),.UNSPECIFIED.);
#1101=B_SPLINE_CURVE_WITH_KNOTS('',3,(#8545,#8546,#8547,#8548,#8549,#8550,
#8551,#8552,#8553,#8554,#8555,#8556,#8557,#8558,#8559,#8560,#8561,#8562,
#8563,#8564,#8565,#8566),.UNSPECIFIED.,.F.,.F.,(4,3,3,3,3,3,3,4),(13.6812526235751,
14.0493913101393,15.0370983665982,16.0248054230572,17.0125124795161,18.0002195359751,
18.987926592434,19.9644379307547),.UNSPECIFIED.);
#1102=B_SPLINE_CURVE_WITH_KNOTS('',3,(#8571,#8572,#8573,#8574,#8575,#8576,
#8577,#8578,#8579,#8580,#8581,#8582,#8583,#8584,#8585,#8586,#8587,#8588,
#8589,#8590,#8591,#8592,#8593,#8594,#8595,#8596,#8597,#8598,#8599,#8600,
#8601,#8602,#8603,#8604,#8605,#8606,#8607),.UNSPECIFIED.,.F.,.F.,(4,3,3,
3,3,3,3,3,3,3,3,3,4),(-29.225973948743,-28.9881502211953,-27.9885588342575,
-26.9889674473198,-26.4891717538509,-25.989376060382,-25.4895803669131,
-24.9897846734442,-24.4899889799754,-23.9901932865065,-23.4903975930376,
-22.9906018995687,-22.9427886415635),.UNSPECIFIED.);
#1103=B_SPLINE_CURVE_WITH_KNOTS('',3,(#8608,#8609,#8610,#8611,#8612,#8613,
#8614,#8615,#8616,#8617,#8618,#8619,#8620,#8621,#8622,#8623,#8624,#8625,
#8626,#8627,#8628,#8629,#8630,#8631,#8632),.UNSPECIFIED.,.F.,.F.,(4,3,3,
3,3,3,3,3,4),(19.9644379307547,19.975633648893,20.9633407053519,21.9510477618109,
22.9387548182698,23.9264618747287,24.9141689311877,25.9018759876466,26.2476232379343),
 .UNSPECIFIED.);
#1104=B_SPLINE_CURVE_WITH_KNOTS('',3,(#8637,#8638,#8639,#8640,#8641,#8642,
#8643,#8644,#8645,#8646,#8647,#8648,#8649,#8650,#8651,#8652,#8653,#8654,
#8655,#8656,#8657,#8658,#8659,#8660,#8661,#8662,#8663,#8664,#8665,#8666,
#8667,#8668,#8669,#8670,#8671,#8672,#8673,#8674,#8675,#8676),
 .UNSPECIFIED.,.F.,.F.,(4,3,3,3,3,3,3,3,3,3,3,3,3,4),(-35.5091592559226,
-35.4854942362908,-34.9856985428219,-34.485902849353,-33.9861071558841,
-33.4863114624153,-32.9865157689464,-32.4867200754775,-31.9869243820086,
-31.4871286885397,-30.9873329950709,-30.487537301602,-29.9877416081331,
-29.225973948743),.UNSPECIFIED.);
#1105=B_SPLINE_CURVE_WITH_KNOTS('',3,(#8677,#8678,#8679,#8680,#8681,#8682,
#8683,#8684,#8685,#8686,#8687,#8688,#8689,#8690,#8691,#8692,#8693,#8694,
#8695,#8696,#8697,#8698),.UNSPECIFIED.,.F.,.F.,(4,3,3,3,3,3,3,4),(26.2476232379343,
26.8895830441056,27.8772901005645,28.8649971570235,29.8527042134824,30.8404112699414,
31.8281183264003,32.5308085451139),.UNSPECIFIED.);
#1106=B_SPLINE_CURVE_WITH_KNOTS('',3,(#8703,#8704,#8705,#8706,#8707,#8708,
#8709,#8710,#8711,#8712,#8713,#8714,#8715,#8716,#8717,#8718,#8719,#8720,
#8721,#8722,#8723,#8724,#8725,#8726,#8727,#8728,#8729,#8730,#8731,#8732,
#8733,#8734,#8735,#8736,#8737,#8738,#8739,#8740,#8741,#8742),
 .UNSPECIFIED.,.F.,.F.,(4,3,3,3,3,3,3,3,3,3,3,3,3,4),(-41.7923445631022,
-41.4830425579174,-40.9832468644485,-40.4834511709797,-39.9836554775108,
-39.4838597840419,-38.984064090573,-38.4842683971041,-37.9844727036352,
-37.4846770101664,-36.9848813166975,-36.4850856232286,-35.9852899297597,
-35.5091592559226),.UNSPECIFIED.);
#1107=B_SPLINE_CURVE_WITH_KNOTS('',3,(#8743,#8744,#8745,#8746,#8747,#8748,
#8749,#8750,#8751,#8752,#8753,#8754,#8755,#8756,#8757,#8758,#8759,#8760,
#8761,#8762,#8763,#8764,#8765,#8766,#8767),.UNSPECIFIED.,.F.,.F.,(4,3,3,
3,3,3,3,3,4),(32.5308085451139,32.8158253828593,33.8035324393182,34.7912394957771,
35.7789465522361,36.766653608695,37.754360665154,38.7420677216129,38.8139938522935),
 .UNSPECIFIED.);
#1108=B_SPLINE_CURVE_WITH_KNOTS('',3,(#8772,#8773,#8774,#8775,#8776,#8777,
#8778,#8779,#8780,#8781,#8782,#8783,#8784,#8785,#8786,#8787,#8788,#8789,
#8790,#8791,#8792,#8793,#8794,#8795,#8796,#8797,#8798,#8799,#8800,#8801,
#8802,#8803,#8804,#8805,#8806,#8807,#8808,#8809,#8810,#8811,#8812,#8813,
#8814),.UNSPECIFIED.,.F.,.F.,(4,3,3,3,3,3,3,3,3,3,3,3,3,3,4),(-48.0755298702818,
-47.9803865730129,-47.4805908795441,-46.9807951860752,-46.4809994926063,
-45.9812037991374,-45.4814081056685,-44.9816124121996,-44.4818167187307,
-43.9820210252619,-43.482225331793,-42.9824296383241,-42.4826339448552,
-41.9828382513863,-41.7923445631022),.UNSPECIFIED.);
#1109=B_SPLINE_CURVE_WITH_KNOTS('',3,(#8815,#8816,#8817,#8818,#8819,#8820,
#8821,#8822,#8823,#8824,#8825,#8826,#8827,#8828,#8829,#8830,#8831,#8832,
#8833,#8834,#8835,#8836),.UNSPECIFIED.,.F.,.F.,(4,3,3,3,3,3,3,4),(38.8139938522935,
39.7297747780719,40.7174818345308,41.7051888909898,42.6928959474487,43.6806030039077,
44.6683100603666,45.0971791594731),.UNSPECIFIED.);
#1110=B_SPLINE_CURVE_WITH_KNOTS('',3,(#8841,#8842,#8843,#8844,#8845,#8846,
#8847,#8848,#8849,#8850,#8851,#8852,#8853,#8854,#8855,#8856,#8857,#8858,
#8859,#8860,#8861,#8862,#8863,#8864,#8865,#8866,#8867,#8868,#8869,#8870,
#8871,#8872,#8873,#8874,#8875,#8876,#8877,#8878,#8879,#8880),
 .UNSPECIFIED.,.F.,.F.,(4,3,3,3,3,3,3,3,3,3,3,3,3,4),(-54.3587151774614,
-53.9779348946395,-53.4781392011707,-52.9783435077018,-52.4785478142329,
-51.978752120764,-51.4789564272951,-50.9791607338262,-50.4793650403574,
-49.9795693468885,-49.4797736534196,-48.9799779599507,-48.4801822664818,
-48.0755298702818),.UNSPECIFIED.);
#1111=B_SPLINE_CURVE_WITH_KNOTS('',3,(#8881,#8882,#8883,#8884,#8885,#8886,
#8887,#8888,#8889,#8890,#8891,#8892,#8893,#8894,#8895,#8896,#8897,#8898,
#8899,#8900,#8901,#8902),.UNSPECIFIED.,.F.,.F.,(4,3,3,3,3,3,3,4),(45.0971791594731,
45.6560171168255,46.6437241732845,47.6314312297434,48.6191382862024,49.6068453426613,
50.5945523991203,51.3803644666527),.UNSPECIFIED.);
#1112=B_SPLINE_CURVE_WITH_KNOTS('',3,(#8908,#8909,#8910,#8911),
 .UNSPECIFIED.,.F.,.F.,(4,4),(65.9734457253856,66.0690032101473),
 .UNSPECIFIED.);
#1113=B_SPLINE_CURVE_WITH_KNOTS('',3,(#8917,#8918,#8919,#8920,#8921,#8922,
#8923,#8924,#8925,#8926,#8927,#8928,#8929,#8930,#8931,#8932),
 .UNSPECIFIED.,.F.,.F.,(4,1,1,1,1,1,1,1,1,1,1,1,1,4),(59.6902604182061,
60.0949128144061,60.594708507875,61.0945042013438,61.5942998948127,62.0940955882816,
62.5938912817505,63.0936869752194,63.5934826686883,64.0932783621572,64.593074055626,
65.0928697490949,65.5926654425638,65.9734457253856),.UNSPECIFIED.);
#1114=B_SPLINE_CURVE_WITH_KNOTS('',3,(#8935,#8936,#8937,#8938,#8939,#8940,
#8941,#8942,#8943,#8944),.UNSPECIFIED.,.F.,.F.,(4,1,1,1,1,1,1,4),(59.6902604182061,
59.8921554071326,60.8798624635916,61.8675695200505,62.8552765765094,63.8429836329684,
64.3368371611978,64.8306906894273),.UNSPECIFIED.);
#1115=B_SPLINE_CURVE_WITH_KNOTS('',3,(#8949,#8950,#8951,#8952,#8953,#8954,
#8955,#8956,#8957,#8958,#8959,#8960,#8961,#8962,#8963,#8964,#8965),
 .UNSPECIFIED.,.F.,.F.,(4,1,1,1,1,1,1,1,1,1,1,1,1,1,4),(53.4070751110265,
53.5975687993106,54.0973644927795,54.5971601862483,55.0969558797172,55.5967515731861,
56.096547266655,56.5963429601239,57.0961386535928,57.5959343470616,58.0957300405305,
58.5955257339994,59.0953214274683,59.5951171209372,59.6902604182061),
 .UNSPECIFIED.);
#1116=B_SPLINE_CURVE_WITH_KNOTS('',3,(#8966,#8967,#8968,#8969,#8970,#8971,
#8972,#8973,#8974,#8975),.UNSPECIFIED.,.F.,.F.,(4,1,1,1,1,1,1,4),(53.4070751110265,
53.9659130683789,54.9536201248379,55.9413271812968,56.9290342377558,57.9167412942147,
58.9044483506737,59.6902604182061),.UNSPECIFIED.);
#1117=B_SPLINE_CURVE_WITH_KNOTS('',3,(#8980,#8981,#8982,#8983,#8984,#8985,
#8986,#8987,#8988,#8989,#8990,#8991,#8992,#8993,#8994,#8995),
 .UNSPECIFIED.,.F.,.F.,(4,1,1,1,1,1,1,1,1,1,1,1,1,4),(47.1238898038469,
47.600020477684,48.0998161711528,48.5996118646217,49.0994075580906,49.5992032515595,
50.0989989450284,50.5987946384973,51.0985903319662,51.598386025435,52.0981817189039,
52.5979774123728,53.0977731058417,53.4070751110265),.UNSPECIFIED.);
#1118=B_SPLINE_CURVE_WITH_KNOTS('',3,(#8996,#8997,#8998,#8999,#9000,#9001,
#9002,#9003,#9004,#9005),.UNSPECIFIED.,.F.,.F.,(4,1,1,1,1,1,1,4),(47.1238898038469,
48.0396707296253,49.0273777860842,50.0150848425431,51.0027918990021,51.990498955461,
52.97820601192,53.4070751110265),.UNSPECIFIED.);
#1119=B_SPLINE_CURVE_WITH_KNOTS('',3,(#9010,#9011,#9012,#9013,#9014,#9015,
#9016,#9017,#9018,#9019,#9020,#9021,#9022,#9023,#9024,#9025),
 .UNSPECIFIED.,.F.,.F.,(4,1,1,1,1,1,1,1,1,1,1,1,1,4),(40.8407044966673,
41.6024721560573,42.1022678495262,42.6020635429951,43.101859236464,43.6016549299329,
44.1014506234018,44.6012463168706,45.1010420103395,45.6008377038084,46.1006333972773,
46.6004290907462,47.1002247842151,47.1238898038469),.UNSPECIFIED.);
#1120=B_SPLINE_CURVE_WITH_KNOTS('',3,(#9026,#9027,#9028,#9029,#9030,#9031,
#9032,#9033,#9034,#9035,#9036),.UNSPECIFIED.,.F.,.F.,(4,1,1,1,1,1,1,1,4),
(40.8407044966673,41.1257213344126,42.1134283908716,43.1011354473305,44.0888425037895,
45.0765495602484,46.0642566167074,47.0519636731663,47.1238898038469),
 .UNSPECIFIED.);
#1121=B_SPLINE_CURVE_WITH_KNOTS('',3,(#9041,#9042,#9043,#9044,#9045,#9046,
#9047,#9048,#9049,#9050,#9051,#9052,#9053,#9054,#9055),.UNSPECIFIED.,.F.,
 .F.,(4,1,1,1,1,1,1,1,1,1,1,1,4),(34.5575191894877,34.605332447493,35.1051281409618,
35.6049238344307,36.1047195278996,36.6045152213685,37.1043109148374,37.6041066083063,
38.1039023017752,38.603697995244,39.6032893821818,40.6028807691196,40.8407044966673),
 .UNSPECIFIED.);
#1122=B_SPLINE_CURVE_WITH_KNOTS('',3,(#9056,#9057,#9058,#9059,#9060,#9061,
#9062,#9063,#9064,#9065),.UNSPECIFIED.,.F.,.F.,(4,1,1,1,1,1,1,4),(34.5575191894877,
35.199478995659,36.1871860521179,37.1748931085769,38.1626001650358,39.1503072214948,
40.1380142779537,40.8407044966673),.UNSPECIFIED.);
#1123=B_SPLINE_CURVE_WITH_KNOTS('',3,(#9070,#9071,#9072,#9073,#9074,#9075,
#9076,#9077,#9078,#9079,#9080,#9081,#9082,#9083,#9084,#9085),
 .UNSPECIFIED.,.F.,.F.,(4,1,1,1,1,1,1,1,1,1,1,1,1,4),(28.2743338823081,
28.6077841258663,29.1075798193352,29.6073755128041,30.107171206273,30.6069668997419,
31.1067625932108,31.6065582866796,32.1063539801485,32.6061496736174,33.1059453670863,
33.6057410605552,34.1055367540241,34.5575191894877),.UNSPECIFIED.);
#1124=B_SPLINE_CURVE_WITH_KNOTS('',3,(#9086,#9087,#9088,#9089,#9090,#9091,
#9092,#9093,#9094,#9095,#9096),.UNSPECIFIED.,.F.,.F.,(4,1,1,1,1,1,1,1,4),
(28.2743338823081,28.2855296004464,29.2732366569053,30.2609437133642,31.2486507698232,
32.2363578262821,33.2240648827411,34.2117719392,34.5575191894877),
 .UNSPECIFIED.);
#1125=B_SPLINE_CURVE_WITH_KNOTS('',3,(#9101,#9102,#9103,#9104,#9105,#9106,
#9107,#9108,#9109,#9110,#9111,#9112,#9113,#9114,#9115,#9116,#9117),
 .UNSPECIFIED.,.F.,.F.,(4,1,1,1,1,1,1,1,1,1,1,1,1,1,4),(21.9911485751285,
22.1104401107708,22.6102358042397,23.1100314977086,23.6098271911775,24.1096228846464,
24.6094185781153,25.1092142715841,25.609009965053,26.1088056585219,26.6086013519908,
27.1083970454597,27.6081927389286,28.1079884323974,28.2743338823081),
 .UNSPECIFIED.);
#1126=B_SPLINE_CURVE_WITH_KNOTS('',3,(#9118,#9119,#9120,#9121,#9122,#9123,
#9124,#9125,#9126,#9127),.UNSPECIFIED.,.F.,.F.,(4,1,1,1,1,1,1,4),(21.9911485751285,
22.3592872616927,23.3469943181516,24.3347013746106,25.3224084310695,26.3101154875285,
27.2978225439874,28.2743338823081),.UNSPECIFIED.);
#1127=B_SPLINE_CURVE_WITH_KNOTS('',3,(#9132,#9133,#9134,#9135,#9136,#9137,
#9138,#9139,#9140,#9141,#9142,#9143,#9144,#9145,#9146,#9147),
 .UNSPECIFIED.,.F.,.F.,(4,1,1,1,1,1,1,1,1,1,1,1,1,4),(15.7079632679489,
16.1128917891442,16.6126874826131,17.112483176082,17.6122788695509,18.1120745630198,
18.6118702564886,19.1116659499575,19.6114616434264,20.1112573368953,20.6110530303642,
21.1108487238331,21.6106444173019,21.9911485751285),.UNSPECIFIED.);
#1128=B_SPLINE_CURVE_WITH_KNOTS('',3,(#9148,#9149,#9150,#9151,#9152,#9153,
#9154,#9155,#9156,#9157),.UNSPECIFIED.,.F.,.F.,(4,1,1,1,1,1,1,4),(15.7079632679489,
16.433044922939,17.420751979398,18.4084590358569,19.3961660923158,20.3838731487748,
21.3715802052337,21.9911485751285),.UNSPECIFIED.);
#1129=B_SPLINE_CURVE_WITH_KNOTS('',3,(#9161,#9162,#9163,#9164,#9165,#9166,
#9167,#9168,#9169,#9170,#9171,#9172),.UNSPECIFIED.,.F.,.F.,(4,2,2,2,2,4),
(-0.17805789435108,-0.175715157863219,-0.149540816298235,-0.123366474733251,
-0.10561202683243,-0.0878575789316093),.UNSPECIFIED.);
#1130=B_SPLINE_CURVE_WITH_KNOTS('',3,(#9176,#9177,#9178,#9179,#9180,#9181,
#9182,#9183,#9184,#9185,#9186,#9187),.UNSPECIFIED.,.F.,.F.,(4,2,2,2,2,4),
(0.0878575789316093,0.10561202683243,0.123366474733251,0.149540816298235,
0.175715157863219,0.178057894347229),.UNSPECIFIED.);
#1131=B_SPLINE_CURVE_WITH_KNOTS('',3,(#9189,#9190,#9191,#9192,#9193,#9194,
#9195,#9196,#9197,#9198,#9199,#9200,#9201),.UNSPECIFIED.,.F.,.F.,(4,3,2,
2,2,4),(-0.00234273648786117,0.,0.0261743415649838,0.0523486831299675,0.0701031310307884,
0.0878575789316093),.UNSPECIFIED.);
#1132=B_SPLINE_CURVE_WITH_KNOTS('',3,(#9204,#9205,#9206,#9207,#9208,#9209,
#9210,#9211,#9212,#9213,#9214,#9215,#9216),.UNSPECIFIED.,.F.,.F.,(4,2,2,
2,3,4),(-0.0878575789316093,-0.0701031310307884,-0.0523486831299675,-0.0261743415649838,
0.,0.00234273648401034),.UNSPECIFIED.);
#1133=B_SPLINE_CURVE_WITH_KNOTS('',3,(#9220,#9221,#9222,#9223,#9224,#9225,
#9226,#9227,#9228,#9229,#9230,#9231),.UNSPECIFIED.,.F.,.F.,(4,2,2,2,2,4),
(-0.17805789435108,-0.175715157863219,-0.149540816298235,-0.123366474733251,
-0.10561202683243,-0.0878575789316092),.UNSPECIFIED.);
#1134=B_SPLINE_CURVE_WITH_KNOTS('',3,(#9235,#9236,#9237,#9238,#9239,#9240,
#9241,#9242,#9243,#9244,#9245,#9246),.UNSPECIFIED.,.F.,.F.,(4,2,2,2,2,4),
(0.0878575789316093,0.10561202683243,0.123366474733251,0.149540816298235,
0.175715157863218,0.178057894347229),.UNSPECIFIED.);
#1135=B_SPLINE_CURVE_WITH_KNOTS('',3,(#9248,#9249,#9250,#9251,#9252,#9253,
#9254,#9255,#9256,#9257,#9258,#9259,#9260),.UNSPECIFIED.,.F.,.F.,(4,3,2,
2,2,4),(-0.00234273648786135,0.,0.0261743415649838,0.0523486831299676,0.0701031310307884,
0.0878575789316093),.UNSPECIFIED.);
#1136=B_SPLINE_CURVE_WITH_KNOTS('',3,(#9263,#9264,#9265,#9266,#9267,#9268,
#9269,#9270,#9271,#9272,#9273,#9274,#9275),.UNSPECIFIED.,.F.,.F.,(4,2,2,
2,3,4),(-0.0878575789316092,-0.0701031310307884,-0.0523486831299675,-0.0261743415649838,
0.,0.0023427364840104),.UNSPECIFIED.);
#1137=B_SPLINE_CURVE_WITH_KNOTS('',3,(#9279,#9280,#9281,#9282,#9283,#9284,
#9285,#9286,#9287,#9288,#9289,#9290),.UNSPECIFIED.,.F.,.F.,(4,2,2,2,2,4),
(-0.17805789435108,-0.175715157863218,-0.149540816298235,-0.123366474733251,
-0.10561202683243,-0.0878575789316093),.UNSPECIFIED.);
#1138=B_SPLINE_CURVE_WITH_KNOTS('',3,(#9294,#9295,#9296,#9297,#9298,#9299,
#9300,#9301,#9302,#9303,#9304,#9305),.UNSPECIFIED.,.F.,.F.,(4,2,2,2,2,4),
(0.0878575789316092,0.10561202683243,0.123366474733251,0.149540816298235,
0.175715157863219,0.178057894347229),.UNSPECIFIED.);
#1139=B_SPLINE_CURVE_WITH_KNOTS('',3,(#9307,#9308,#9309,#9310,#9311,#9312,
#9313,#9314,#9315,#9316,#9317,#9318,#9319),.UNSPECIFIED.,.F.,.F.,(4,3,2,
2,2,4),(-0.00234273648786138,0.,0.0261743415649837,0.0523486831299674,0.0701031310307883,
0.0878575789316092),.UNSPECIFIED.);
#1140=B_SPLINE_CURVE_WITH_KNOTS('',3,(#9322,#9323,#9324,#9325,#9326,#9327,
#9328,#9329,#9330,#9331,#9332,#9333,#9334),.UNSPECIFIED.,.F.,.F.,(4,2,2,
2,3,4),(-0.0878575789316093,-0.0701031310307884,-0.0523486831299674,-0.0261743415649837,
0.,0.00234273648401045),.UNSPECIFIED.);
#1141=B_SPLINE_CURVE_WITH_KNOTS('',3,(#9338,#9339,#9340,#9341,#9342,#9343,
#9344,#9345,#9346,#9347,#9348,#9349),.UNSPECIFIED.,.F.,.F.,(4,2,2,2,2,4),
(-0.17805789435108,-0.175715157863219,-0.149540816298235,-0.123366474733251,
-0.10561202683243,-0.0878575789316093),.UNSPECIFIED.);
#1142=B_SPLINE_CURVE_WITH_KNOTS('',3,(#9353,#9354,#9355,#9356,#9357,#9358,
#9359,#9360,#9361,#9362,#9363,#9364),.UNSPECIFIED.,.F.,.F.,(4,2,2,2,2,4),
(0.0878575789316092,0.10561202683243,0.123366474733251,0.149540816298235,
0.175715157863219,0.178057894347229),.UNSPECIFIED.);
#1143=B_SPLINE_CURVE_WITH_KNOTS('',3,(#9366,#9367,#9368,#9369,#9370,#9371,
#9372,#9373,#9374,#9375,#9376,#9377,#9378),.UNSPECIFIED.,.F.,.F.,(4,3,2,
2,2,4),(-0.00234273648786136,0.,0.0261743415649838,0.0523486831299675,0.0701031310307884,
0.0878575789316092),.UNSPECIFIED.);
#1144=B_SPLINE_CURVE_WITH_KNOTS('',3,(#9381,#9382,#9383,#9384,#9385,#9386,
#9387,#9388,#9389,#9390,#9391,#9392,#9393),.UNSPECIFIED.,.F.,.F.,(4,2,2,
2,3,4),(-0.0878575789316093,-0.0701031310307885,-0.0523486831299678,-0.0261743415649839,
0.,0.00234273648401047),.UNSPECIFIED.);
#1145=B_SPLINE_CURVE_WITH_KNOTS('',3,(#9397,#9398,#9399,#9400,#9401,#9402,
#9403,#9404,#9405,#9406,#9407,#9408),.UNSPECIFIED.,.F.,.F.,(4,2,2,2,2,4),
(-0.17805789435108,-0.175715157863219,-0.149540816298235,-0.123366474733251,
-0.10561202683243,-0.0878575789316096),.UNSPECIFIED.);
#1146=B_SPLINE_CURVE_WITH_KNOTS('',3,(#9412,#9413,#9414,#9415,#9416,#9417,
#9418,#9419,#9420,#9421,#9422,#9423),.UNSPECIFIED.,.F.,.F.,(4,2,2,2,2,4),
(0.0878575789316095,0.10561202683243,0.123366474733251,0.149540816298235,
0.175715157863219,0.178057894347229),.UNSPECIFIED.);
#1147=B_SPLINE_CURVE_WITH_KNOTS('',3,(#9425,#9426,#9427,#9428,#9429,#9430,
#9431,#9432,#9433,#9434,#9435,#9436,#9437),.UNSPECIFIED.,.F.,.F.,(4,3,2,
2,2,4),(-0.00234273648786114,0.,0.0261743415649839,0.0523486831299678,0.0701031310307887,
0.0878575789316095),.UNSPECIFIED.);
#1148=B_SPLINE_CURVE_WITH_KNOTS('',3,(#9440,#9441,#9442,#9443,#9444,#9445,
#9446,#9447,#9448,#9449,#9450,#9451,#9452),.UNSPECIFIED.,.F.,.F.,(4,2,2,
2,3,4),(-0.0878575789316096,-0.0701031310307887,-0.0523486831299678,-0.0261743415649839,
0.,0.00234273648401031),.UNSPECIFIED.);
#1149=B_SPLINE_CURVE_WITH_KNOTS('',3,(#9456,#9457,#9458,#9459,#9460,#9461,
#9462,#9463,#9464,#9465,#9466,#9467),.UNSPECIFIED.,.F.,.F.,(4,2,2,2,2,4),
(-0.17805789435108,-0.175715157863219,-0.149540816298235,-0.123366474733251,
-0.10561202683243,-0.0878575789316094),.UNSPECIFIED.);
#1150=B_SPLINE_CURVE_WITH_KNOTS('',3,(#9471,#9472,#9473,#9474,#9475,#9476,
#9477,#9478,#9479,#9480,#9481,#9482),.UNSPECIFIED.,.F.,.F.,(4,2,2,2,2,4),
(0.0878575789316094,0.10561202683243,0.123366474733251,0.149540816298235,
0.175715157863219,0.178057894347229),.UNSPECIFIED.);
#1151=B_SPLINE_CURVE_WITH_KNOTS('',3,(#9484,#9485,#9486,#9487,#9488,#9489,
#9490,#9491,#9492,#9493,#9494,#9495,#9496),.UNSPECIFIED.,.F.,.F.,(4,3,2,
2,2,4),(-0.00234273648786181,0.,0.0261743415649838,0.0523486831299676,0.0701031310307885,
0.0878575789316094),.UNSPECIFIED.);
#1152=B_SPLINE_CURVE_WITH_KNOTS('',3,(#9499,#9500,#9501,#9502,#9503,#9504,
#9505,#9506,#9507,#9508,#9509,#9510,#9511),.UNSPECIFIED.,.F.,.F.,(4,2,2,
2,3,4),(-0.0878575789316094,-0.0701031310307885,-0.0523486831299675,-0.0261743415649838,
0.,0.00234273648401064),.UNSPECIFIED.);
#1153=B_SPLINE_CURVE_WITH_KNOTS('',3,(#9515,#9516,#9517,#9518,#9519,#9520,
#9521,#9522,#9523,#9524,#9525,#9526),.UNSPECIFIED.,.F.,.F.,(4,2,2,2,2,4),
(-0.17805789435108,-0.175715157863219,-0.149540816298235,-0.123366474733251,
-0.10561202683243,-0.0878575789316093),.UNSPECIFIED.);
#1154=B_SPLINE_CURVE_WITH_KNOTS('',3,(#9530,#9531,#9532,#9533,#9534,#9535,
#9536,#9537,#9538,#9539,#9540,#9541),.UNSPECIFIED.,.F.,.F.,(4,2,2,2,2,4),
(0.0878575789316093,0.10561202683243,0.123366474733251,0.149540816298235,
0.175715157863218,0.178057894347229),.UNSPECIFIED.);
#1155=B_SPLINE_CURVE_WITH_KNOTS('',3,(#9543,#9544,#9545,#9546,#9547,#9548,
#9549,#9550,#9551,#9552,#9553,#9554,#9555),.UNSPECIFIED.,.F.,.F.,(4,3,2,
2,2,4),(-0.00234273648786113,0.,0.0261743415649838,0.0523486831299676,0.0701031310307885,
0.0878575789316093),.UNSPECIFIED.);
#1156=B_SPLINE_CURVE_WITH_KNOTS('',3,(#9558,#9559,#9560,#9561,#9562,#9563,
#9564,#9565,#9566,#9567,#9568,#9569,#9570),.UNSPECIFIED.,.F.,.F.,(4,2,2,
2,3,4),(-0.0878575789316093,-0.0701031310307885,-0.0523486831299677,-0.0261743415649838,
0.,0.00234273648401032),.UNSPECIFIED.);
#1157=B_SPLINE_CURVE_WITH_KNOTS('',3,(#9574,#9575,#9576,#9577,#9578,#9579,
#9580,#9581,#9582,#9583,#9584,#9585),.UNSPECIFIED.,.F.,.F.,(4,2,2,2,2,4),
(-0.17805789435108,-0.175715157863219,-0.149540816298235,-0.123366474733251,
-0.10561202683243,-0.0878575789316095),.UNSPECIFIED.);
#1158=B_SPLINE_CURVE_WITH_KNOTS('',3,(#9589,#9590,#9591,#9592,#9593,#9594,
#9595,#9596,#9597,#9598,#9599,#9600),.UNSPECIFIED.,.F.,.F.,(4,2,2,2,2,4),
(0.0878575789316095,0.10561202683243,0.123366474733251,0.149540816298235,
0.175715157863219,0.178057894347229),.UNSPECIFIED.);
#1159=B_SPLINE_CURVE_WITH_KNOTS('',3,(#9602,#9603,#9604,#9605,#9606,#9607,
#9608,#9609,#9610,#9611,#9612,#9613,#9614),.UNSPECIFIED.,.F.,.F.,(4,3,2,
2,2,4),(-0.00234273648786126,0.,0.0261743415649838,0.0523486831299675,0.0701031310307885,
0.0878575789316095),.UNSPECIFIED.);
#1160=B_SPLINE_CURVE_WITH_KNOTS('',3,(#9617,#9618,#9619,#9620,#9621,#9622,
#9623,#9624,#9625,#9626,#9627,#9628,#9629),.UNSPECIFIED.,.F.,.F.,(4,2,2,
2,3,4),(-0.0878575789316095,-0.0701031310307885,-0.0523486831299676,-0.0261743415649838,
0.,0.00234273648401035),.UNSPECIFIED.);
#1161=B_SPLINE_CURVE_WITH_KNOTS('',3,(#9633,#9634,#9635,#9636,#9637,#9638,
#9639,#9640,#9641,#9642,#9643,#9644),.UNSPECIFIED.,.F.,.F.,(4,2,2,2,2,4),
(-0.17805789435108,-0.175715157863219,-0.149540816298235,-0.123366474733251,
-0.10561202683243,-0.0878575789316092),.UNSPECIFIED.);
#1162=B_SPLINE_CURVE_WITH_KNOTS('',3,(#9648,#9649,#9650,#9651,#9652,#9653,
#9654,#9655,#9656,#9657,#9658,#9659),.UNSPECIFIED.,.F.,.F.,(4,2,2,2,2,4),
(0.0878575789316092,0.10561202683243,0.123366474733251,0.149540816298235,
0.175715157863219,0.178057894347229),.UNSPECIFIED.);
#1163=B_SPLINE_CURVE_WITH_KNOTS('',3,(#9661,#9662,#9663,#9664,#9665,#9666,
#9667,#9668,#9669,#9670,#9671,#9672,#9673),.UNSPECIFIED.,.F.,.F.,(4,3,2,
2,2,4),(-0.0023427364878614,0.,0.0261743415649837,0.0523486831299674,0.0701031310307883,
0.0878575789316092),.UNSPECIFIED.);
#1164=B_SPLINE_CURVE_WITH_KNOTS('',3,(#9676,#9677,#9678,#9679,#9680,#9681,
#9682,#9683,#9684,#9685,#9686,#9687,#9688),.UNSPECIFIED.,.F.,.F.,(4,2,2,
2,3,4),(-0.0878575789316092,-0.0701031310307883,-0.0523486831299674,-0.0261743415649837,
0.,0.00234273648401045),.UNSPECIFIED.);
#1165=B_SPLINE_CURVE_WITH_KNOTS('',3,(#9692,#9693,#9694,#9695,#9696,#9697,
#9698,#9699,#9700,#9701,#9702,#9703),.UNSPECIFIED.,.F.,.F.,(4,2,2,2,2,4),
(-0.17805789435108,-0.175715157863219,-0.149540816298235,-0.123366474733251,
-0.10561202683243,-0.0878575789316093),.UNSPECIFIED.);
#1166=B_SPLINE_CURVE_WITH_KNOTS('',3,(#9707,#9708,#9709,#9710,#9711,#9712,
#9713,#9714,#9715,#9716,#9717,#9718),.UNSPECIFIED.,.F.,.F.,(4,2,2,2,2,4),
(0.0878575789316094,0.10561202683243,0.123366474733251,0.149540816298235,
0.175715157863219,0.178057894347229),.UNSPECIFIED.);
#1167=B_SPLINE_CURVE_WITH_KNOTS('',3,(#9720,#9721,#9722,#9723,#9724,#9725,
#9726,#9727,#9728,#9729,#9730,#9731,#9732),.UNSPECIFIED.,.F.,.F.,(4,3,2,
2,2,4),(-0.0023427364878615,0.,0.0261743415649838,0.0523486831299676,0.0701031310307885,
0.0878575789316094),.UNSPECIFIED.);
#1168=B_SPLINE_CURVE_WITH_KNOTS('',3,(#9735,#9736,#9737,#9738,#9739,#9740,
#9741,#9742,#9743,#9744,#9745,#9746,#9747),.UNSPECIFIED.,.F.,.F.,(4,2,2,
2,3,4),(-0.0878575789316093,-0.0701031310307885,-0.0523486831299676,-0.0261743415649838,
0.,0.00234273648401014),.UNSPECIFIED.);
#1169=B_SPLINE_CURVE_WITH_KNOTS('',3,(#9751,#9752,#9753,#9754,#9755,#9756,
#9757,#9758,#9759,#9760,#9761,#9762),.UNSPECIFIED.,.F.,.F.,(4,2,2,2,2,4),
(-0.17805789435108,-0.175715157863219,-0.149540816298235,-0.123366474733251,
-0.10561202683243,-0.0878575789316094),.UNSPECIFIED.);
#1170=B_SPLINE_CURVE_WITH_KNOTS('',3,(#9766,#9767,#9768,#9769,#9770,#9771,
#9772,#9773,#9774,#9775,#9776,#9777),.UNSPECIFIED.,.F.,.F.,(4,2,2,2,2,4),
(0.0878575789316094,0.10561202683243,0.123366474733251,0.149540816298235,
0.175715157863219,0.178057894347229),.UNSPECIFIED.);
#1171=B_SPLINE_CURVE_WITH_KNOTS('',3,(#9779,#9780,#9781,#9782,#9783,#9784,
#9785,#9786,#9787,#9788,#9789,#9790,#9791),.UNSPECIFIED.,.F.,.F.,(4,3,2,
2,2,4),(-0.00234273648786097,0.,0.0261743415649838,0.0523486831299676,0.0701031310307885,
0.0878575789316094),.UNSPECIFIED.);
#1172=B_SPLINE_CURVE_WITH_KNOTS('',3,(#9794,#9795,#9796,#9797,#9798,#9799,
#9800,#9801,#9802,#9803,#9804,#9805,#9806),.UNSPECIFIED.,.F.,.F.,(4,2,2,
2,3,4),(-0.0878575789316094,-0.0701031310307885,-0.0523486831299675,-0.0261743415649838,
0.,0.00234273648401016),.UNSPECIFIED.);
#1173=B_SPLINE_CURVE_WITH_KNOTS('',3,(#9810,#9811,#9812,#9813,#9814,#9815,
#9816,#9817,#9818,#9819,#9820,#9821),.UNSPECIFIED.,.F.,.F.,(4,2,2,2,2,4),
(-0.17805789435108,-0.175715157863219,-0.149540816298235,-0.123366474733251,
-0.10561202683243,-0.0878575789316093),.UNSPECIFIED.);
#1174=B_SPLINE_CURVE_WITH_KNOTS('',3,(#9825,#9826,#9827,#9828,#9829,#9830,
#9831,#9832,#9833,#9834,#9835,#9836),.UNSPECIFIED.,.F.,.F.,(4,2,2,2,2,4),
(0.0878575789316092,0.10561202683243,0.123366474733251,0.149540816298235,
0.175715157863219,0.178057894347229),.UNSPECIFIED.);
#1175=B_SPLINE_CURVE_WITH_KNOTS('',3,(#9838,#9839,#9840,#9841,#9842,#9843,
#9844,#9845,#9846,#9847,#9848,#9849,#9850),.UNSPECIFIED.,.F.,.F.,(4,3,2,
2,2,4),(-0.00234273648786152,0.,0.0261743415649837,0.0523486831299674,0.0701031310307883,
0.0878575789316092),.UNSPECIFIED.);
#1176=B_SPLINE_CURVE_WITH_KNOTS('',3,(#9853,#9854,#9855,#9856,#9857,#9858,
#9859,#9860,#9861,#9862,#9863,#9864,#9865),.UNSPECIFIED.,.F.,.F.,(4,2,2,
2,3,4),(-0.0878575789316093,-0.0701031310307884,-0.0523486831299676,-0.0261743415649838,
0.,0.00234273648401058),.UNSPECIFIED.);
#1177=B_SPLINE_CURVE_WITH_KNOTS('',3,(#9869,#9870,#9871,#9872,#9873,#9874,
#9875,#9876,#9877,#9878,#9879,#9880),.UNSPECIFIED.,.F.,.F.,(4,2,2,2,2,4),
(-0.17805789435108,-0.175715157863218,-0.149540816298235,-0.123366474733251,
-0.10561202683243,-0.0878575789316093),.UNSPECIFIED.);
#1178=B_SPLINE_CURVE_WITH_KNOTS('',3,(#9884,#9885,#9886,#9887,#9888,#9889,
#9890,#9891,#9892,#9893,#9894,#9895),.UNSPECIFIED.,.F.,.F.,(4,2,2,2,2,4),
(0.0878575789316093,0.10561202683243,0.123366474733251,0.149540816298235,
0.175715157863219,0.178057894347229),.UNSPECIFIED.);
#1179=B_SPLINE_CURVE_WITH_KNOTS('',3,(#9897,#9898,#9899,#9900,#9901,#9902,
#9903,#9904,#9905,#9906,#9907,#9908,#9909),.UNSPECIFIED.,.F.,.F.,(4,3,2,
2,2,4),(-0.00234273648786095,0.,0.0261743415649838,0.0523486831299676,0.0701031310307884,
0.0878575789316093),.UNSPECIFIED.);
#1180=B_SPLINE_CURVE_WITH_KNOTS('',3,(#9912,#9913,#9914,#9915,#9916,#9917,
#9918,#9919,#9920,#9921,#9922,#9923,#9924),.UNSPECIFIED.,.F.,.F.,(4,2,2,
2,3,4),(-0.0878575789316093,-0.0701031310307884,-0.0523486831299675,-0.0261743415649838,
0.,0.00234273648401035),.UNSPECIFIED.);
#1181=B_SPLINE_CURVE_WITH_KNOTS('',3,(#9928,#9929,#9930,#9931,#9932,#9933,
#9934,#9935,#9936,#9937,#9938,#9939),.UNSPECIFIED.,.F.,.F.,(4,2,2,2,2,4),
(-0.17805789435108,-0.175715157863219,-0.149540816298235,-0.123366474733251,
-0.10561202683243,-0.0878575789316093),.UNSPECIFIED.);
#1182=B_SPLINE_CURVE_WITH_KNOTS('',3,(#9943,#9944,#9945,#9946,#9947,#9948,
#9949,#9950,#9951,#9952,#9953,#9954),.UNSPECIFIED.,.F.,.F.,(4,2,2,2,2,4),
(0.0878575789316094,0.10561202683243,0.123366474733251,0.149540816298235,
0.175715157863219,0.178057894347229),.UNSPECIFIED.);
#1183=B_SPLINE_CURVE_WITH_KNOTS('',3,(#9956,#9957,#9958,#9959,#9960,#9961,
#9962,#9963,#9964,#9965,#9966,#9967,#9968),.UNSPECIFIED.,.F.,.F.,(4,3,2,
2,2,4),(-0.00234273648786134,0.,0.0261743415649837,0.0523486831299674,0.0701031310307884,
0.0878575789316094),.UNSPECIFIED.);
#1184=B_SPLINE_CURVE_WITH_KNOTS('',3,(#9971,#9972,#9973,#9974,#9975,#9976,
#9977,#9978,#9979,#9980,#9981,#9982,#9983),.UNSPECIFIED.,.F.,.F.,(4,2,2,
2,3,4),(-0.0878575789316093,-0.0701031310307884,-0.0523486831299674,-0.0261743415649837,
0.,0.0023427364840104),.UNSPECIFIED.);
#1185=B_SPLINE_CURVE_WITH_KNOTS('',3,(#9987,#9988,#9989,#9990,#9991,#9992,
#9993,#9994,#9995,#9996,#9997,#9998),.UNSPECIFIED.,.F.,.F.,(4,2,2,2,2,4),
(-0.17805789435108,-0.175715157863219,-0.149540816298235,-0.123366474733251,
-0.10561202683243,-0.0878575789316094),.UNSPECIFIED.);
#1186=B_SPLINE_CURVE_WITH_KNOTS('',3,(#10002,#10003,#10004,#10005,#10006,
#10007,#10008,#10009,#10010,#10011,#10012,#10013),.UNSPECIFIED.,.F.,.F.,
(4,2,2,2,2,4),(0.0878575789316093,0.10561202683243,0.123366474733251,0.149540816298235,
0.175715157863218,0.178057894347229),.UNSPECIFIED.);
#1187=B_SPLINE_CURVE_WITH_KNOTS('',3,(#10015,#10016,#10017,#10018,#10019,
#10020,#10021,#10022,#10023,#10024,#10025,#10026,#10027),.UNSPECIFIED.,
 .F.,.F.,(4,3,2,2,2,4),(-0.0023427364878613,0.,0.0261743415649837,0.0523486831299674,
0.0701031310307883,0.0878575789316093),.UNSPECIFIED.);
#1188=B_SPLINE_CURVE_WITH_KNOTS('',3,(#10030,#10031,#10032,#10033,#10034,
#10035,#10036,#10037,#10038,#10039,#10040,#10041,#10042),.UNSPECIFIED.,
 .F.,.F.,(4,2,2,2,3,4),(-0.0878575789316094,-0.0701031310307885,-0.0523486831299676,
-0.0261743415649838,0.,0.00234273648401058),.UNSPECIFIED.);
#1189=B_SPLINE_CURVE_WITH_KNOTS('',3,(#10046,#10047,#10048,#10049,#10050,
#10051,#10052,#10053,#10054,#10055,#10056,#10057),.UNSPECIFIED.,.F.,.F.,
(4,2,2,2,2,4),(-0.17805789435108,-0.175715157863219,-0.149540816298235,
-0.123366474733251,-0.10561202683243,-0.0878575789316092),.UNSPECIFIED.);
#1190=B_SPLINE_CURVE_WITH_KNOTS('',3,(#10061,#10062,#10063,#10064,#10065,
#10066,#10067,#10068,#10069,#10070,#10071,#10072),.UNSPECIFIED.,.F.,.F.,
(4,2,2,2,2,4),(0.0878575789316093,0.10561202683243,0.123366474733251,0.149540816298235,
0.175715157863219,0.178057894347229),.UNSPECIFIED.);
#1191=B_SPLINE_CURVE_WITH_KNOTS('',3,(#10074,#10075,#10076,#10077,#10078,
#10079,#10080,#10081,#10082,#10083,#10084,#10085,#10086),.UNSPECIFIED.,
 .F.,.F.,(4,3,2,2,2,4),(-0.0023427364878612,0.,0.0261743415649838,0.0523486831299676,
0.0701031310307884,0.0878575789316093),.UNSPECIFIED.);
#1192=B_SPLINE_CURVE_WITH_KNOTS('',3,(#10089,#10090,#10091,#10092,#10093,
#10094,#10095,#10096,#10097,#10098,#10099,#10100,#10101),.UNSPECIFIED.,
 .F.,.F.,(4,2,2,2,3,4),(-0.0878575789316092,-0.0701031310307884,-0.0523486831299676,
-0.0261743415649838,0.,0.00234273648401046),.UNSPECIFIED.);
#1193=B_SPLINE_CURVE_WITH_KNOTS('',3,(#10105,#10106,#10107,#10108,#10109,
#10110,#10111,#10112,#10113,#10114,#10115,#10116),.UNSPECIFIED.,.F.,.F.,
(4,2,2,2,2,4),(-0.17805789435108,-0.175715157863219,-0.149540816298235,
-0.123366474733251,-0.10561202683243,-0.0878575789316093),.UNSPECIFIED.);
#1194=B_SPLINE_CURVE_WITH_KNOTS('',3,(#10120,#10121,#10122,#10123,#10124,
#10125,#10126,#10127,#10128,#10129,#10130,#10131),.UNSPECIFIED.,.F.,.F.,
(4,2,2,2,2,4),(0.0878575789316094,0.10561202683243,0.123366474733251,0.149540816298235,
0.175715157863219,0.178057894347229),.UNSPECIFIED.);
#1195=B_SPLINE_CURVE_WITH_KNOTS('',3,(#10133,#10134,#10135,#10136,#10137,
#10138,#10139,#10140,#10141,#10142,#10143,#10144,#10145),.UNSPECIFIED.,
 .F.,.F.,(4,3,2,2,2,4),(-0.00234273648786167,0.,0.0261743415649838,0.0523486831299676,
0.0701031310307885,0.0878575789316094),.UNSPECIFIED.);
#1196=B_SPLINE_CURVE_WITH_KNOTS('',3,(#10148,#10149,#10150,#10151,#10152,
#10153,#10154,#10155,#10156,#10157,#10158,#10159,#10160),.UNSPECIFIED.,
 .F.,.F.,(4,2,2,2,3,4),(-0.0878575789316093,-0.0701031310307885,-0.0523486831299676,
-0.0261743415649838,0.,0.00234273648401064),.UNSPECIFIED.);
#1197=B_SPLINE_CURVE_WITH_KNOTS('',3,(#10164,#10165,#10166,#10167,#10168,
#10169,#10170,#10171,#10172,#10173,#10174,#10175),.UNSPECIFIED.,.F.,.F.,
(4,2,2,2,2,4),(-0.17805789435108,-0.175715157863219,-0.149540816298235,
-0.123366474733251,-0.10561202683243,-0.0878575789316093),.UNSPECIFIED.);
#1198=B_SPLINE_CURVE_WITH_KNOTS('',3,(#10179,#10180,#10181,#10182,#10183,
#10184,#10185,#10186,#10187,#10188,#10189,#10190),.UNSPECIFIED.,.F.,.F.,
(4,2,2,2,2,4),(0.0878575789316093,0.10561202683243,0.123366474733251,0.149540816298235,
0.175715157863219,0.178057894347229),.UNSPECIFIED.);
#1199=B_SPLINE_CURVE_WITH_KNOTS('',3,(#10192,#10193,#10194,#10195,#10196,
#10197,#10198,#10199,#10200,#10201,#10202,#10203,#10204),.UNSPECIFIED.,
 .F.,.F.,(4,3,2,2,2,4),(-0.00234273648786155,0.,0.0261743415649838,0.0523486831299676,
0.0701031310307884,0.0878575789316093),.UNSPECIFIED.);
#1200=B_SPLINE_CURVE_WITH_KNOTS('',3,(#10207,#10208,#10209,#10210,#10211,
#10212,#10213,#10214,#10215,#10216,#10217,#10218,#10219),.UNSPECIFIED.,
 .F.,.F.,(4,2,2,2,3,4),(-0.0878575789316093,-0.0701031310307885,-0.0523486831299675,
-0.0261743415649838,0.,0.00234273648401029),.UNSPECIFIED.);
#1201=B_SPLINE_CURVE_WITH_KNOTS('',3,(#10223,#10224,#10225,#10226,#10227,
#10228,#10229,#10230,#10231,#10232,#10233,#10234),.UNSPECIFIED.,.F.,.F.,
(4,2,2,2,2,4),(-0.178057894351079,-0.175715157863218,-0.149540816298234,
-0.123366474733251,-0.10561202683243,-0.0878575789316091),.UNSPECIFIED.);
#1202=B_SPLINE_CURVE_WITH_KNOTS('',3,(#10238,#10239,#10240,#10241,#10242,
#10243,#10244,#10245,#10246,#10247,#10248,#10249),.UNSPECIFIED.,.F.,.F.,
(4,2,2,2,2,4),(0.0878575789316091,0.10561202683243,0.123366474733251,0.149540816298235,
0.175715157863219,0.178057894347229),.UNSPECIFIED.);
#1203=B_SPLINE_CURVE_WITH_KNOTS('',3,(#10251,#10252,#10253,#10254,#10255,
#10256,#10257,#10258,#10259,#10260,#10261,#10262,#10263),.UNSPECIFIED.,
 .F.,.F.,(4,3,2,2,2,4),(-0.00234273648786112,0.,0.0261743415649837,0.0523486831299674,
0.0701031310307882,0.0878575789316091),.UNSPECIFIED.);
#1204=B_SPLINE_CURVE_WITH_KNOTS('',3,(#10266,#10267,#10268,#10269,#10270,
#10271,#10272,#10273,#10274,#10275,#10276,#10277,#10278),.UNSPECIFIED.,
 .F.,.F.,(4,2,2,2,3,4),(-0.0878575789316091,-0.0701031310307882,-0.0523486831299674,
-0.0261743415649837,0.,0.00234273648401048),.UNSPECIFIED.);
#1205=B_SPLINE_CURVE_WITH_KNOTS('',3,(#10282,#10283,#10284,#10285,#10286,
#10287,#10288,#10289,#10290,#10291,#10292,#10293),.UNSPECIFIED.,.F.,.F.,
(4,2,2,2,2,4),(-0.17805789435108,-0.175715157863218,-0.149540816298235,
-0.123366474733251,-0.10561202683243,-0.0878575789316093),.UNSPECIFIED.);
#1206=B_SPLINE_CURVE_WITH_KNOTS('',3,(#10297,#10298,#10299,#10300,#10301,
#10302,#10303,#10304,#10305,#10306,#10307,#10308),.UNSPECIFIED.,.F.,.F.,
(4,2,2,2,2,4),(0.0878575789316093,0.10561202683243,0.123366474733251,0.149540816298235,
0.175715157863219,0.178057894347229),.UNSPECIFIED.);
#1207=B_SPLINE_CURVE_WITH_KNOTS('',3,(#10310,#10311,#10312,#10313,#10314,
#10315,#10316,#10317,#10318,#10319,#10320,#10321,#10322),.UNSPECIFIED.,
 .F.,.F.,(4,3,2,2,2,4),(-0.00234273648786102,0.,0.0261743415649838,0.0523486831299676,
0.0701031310307884,0.0878575789316093),.UNSPECIFIED.);
#1208=B_SPLINE_CURVE_WITH_KNOTS('',3,(#10325,#10326,#10327,#10328,#10329,
#10330,#10331,#10332,#10333,#10334,#10335,#10336,#10337),.UNSPECIFIED.,
 .F.,.F.,(4,2,2,2,3,4),(-0.0878575789316093,-0.0701031310307885,-0.0523486831299676,
-0.0261743415649838,0.,0.00234273648401061),.UNSPECIFIED.);
#1209=B_SPLINE_CURVE_WITH_KNOTS('',3,(#10341,#10342,#10343,#10344,#10345,
#10346,#10347,#10348,#10349,#10350,#10351,#10352),.UNSPECIFIED.,.F.,.F.,
(4,2,2,2,2,4),(-0.17805789435108,-0.175715157863219,-0.149540816298235,
-0.123366474733251,-0.10561202683243,-0.0878575789316093),.UNSPECIFIED.);
#1210=B_SPLINE_CURVE_WITH_KNOTS('',3,(#10356,#10357,#10358,#10359,#10360,
#10361,#10362,#10363,#10364,#10365,#10366,#10367),.UNSPECIFIED.,.F.,.F.,
(4,2,2,2,2,4),(0.0878575789316093,0.10561202683243,0.123366474733251,0.149540816298235,
0.175715157863219,0.178057894347229),.UNSPECIFIED.);
#1211=B_SPLINE_CURVE_WITH_KNOTS('',3,(#10369,#10370,#10371,#10372,#10373,
#10374,#10375,#10376,#10377,#10378,#10379,#10380,#10381),.UNSPECIFIED.,
 .F.,.F.,(4,3,2,2,2,4),(-0.00234273648786082,0.,0.0261743415649838,0.0523486831299675,
0.0701031310307884,0.0878575789316093),.UNSPECIFIED.);
#1212=B_SPLINE_CURVE_WITH_KNOTS('',3,(#10384,#10385,#10386,#10387,#10388,
#10389,#10390,#10391,#10392,#10393,#10394,#10395,#10396),.UNSPECIFIED.,
 .F.,.F.,(4,2,2,2,3,4),(-0.0878575789316093,-0.0701031310307884,-0.0523486831299675,
-0.0261743415649838,0.,0.00234273648401032),.UNSPECIFIED.);
#1213=B_SPLINE_CURVE_WITH_KNOTS('',3,(#10400,#10401,#10402,#10403,#10404,
#10405,#10406,#10407,#10408,#10409,#10410,#10411),.UNSPECIFIED.,.F.,.F.,
(4,2,2,2,2,4),(-0.17805789435108,-0.175715157863219,-0.149540816298235,
-0.123366474733251,-0.10561202683243,-0.0878575789316094),.UNSPECIFIED.);
#1214=B_SPLINE_CURVE_WITH_KNOTS('',3,(#10415,#10416,#10417,#10418,#10419,
#10420,#10421,#10422,#10423,#10424,#10425,#10426),.UNSPECIFIED.,.F.,.F.,
(4,2,2,2,2,4),(0.0878575789316094,0.10561202683243,0.123366474733251,0.149540816298235,
0.175715157863219,0.178057894347229),.UNSPECIFIED.);
#1215=B_SPLINE_CURVE_WITH_KNOTS('',3,(#10428,#10429,#10430,#10431,#10432,
#10433,#10434,#10435,#10436,#10437,#10438,#10439,#10440),.UNSPECIFIED.,
 .F.,.F.,(4,3,2,2,2,4),(-0.00234273648786137,0.,0.0261743415649838,0.0523486831299676,
0.0701031310307885,0.0878575789316094),.UNSPECIFIED.);
#1216=B_SPLINE_CURVE_WITH_KNOTS('',3,(#10443,#10444,#10445,#10446,#10447,
#10448,#10449,#10450,#10451,#10452,#10453,#10454,#10455),.UNSPECIFIED.,
 .F.,.F.,(4,2,2,2,3,4),(-0.0878575789316094,-0.0701031310307885,-0.0523486831299676,
-0.0261743415649838,0.,0.00234273648401041),.UNSPECIFIED.);
#1217=B_SPLINE_CURVE_WITH_KNOTS('',3,(#10459,#10460,#10461,#10462,#10463,
#10464,#10465,#10466,#10467,#10468,#10469,#10470),.UNSPECIFIED.,.F.,.F.,
(4,2,2,2,2,4),(-0.17805789435108,-0.175715157863219,-0.149540816298235,
-0.123366474733251,-0.10561202683243,-0.0878575789316092),.UNSPECIFIED.);
#1218=B_SPLINE_CURVE_WITH_KNOTS('',3,(#10474,#10475,#10476,#10477,#10478,
#10479,#10480,#10481,#10482,#10483,#10484,#10485),.UNSPECIFIED.,.F.,.F.,
(4,2,2,2,2,4),(0.0878575789316092,0.10561202683243,0.123366474733251,0.149540816298235,
0.175715157863218,0.178057894347229),.UNSPECIFIED.);
#1219=B_SPLINE_CURVE_WITH_KNOTS('',3,(#10487,#10488,#10489,#10490,#10491,
#10492,#10493,#10494,#10495,#10496,#10497,#10498,#10499),.UNSPECIFIED.,
 .F.,.F.,(4,3,2,2,2,4),(-0.00234273648786129,0.,0.0261743415649838,0.0523486831299675,
0.0701031310307884,0.0878575789316092),.UNSPECIFIED.);
#1220=B_SPLINE_CURVE_WITH_KNOTS('',3,(#10502,#10503,#10504,#10505,#10506,
#10507,#10508,#10509,#10510,#10511,#10512,#10513,#10514),.UNSPECIFIED.,
 .F.,.F.,(4,2,2,2,3,4),(-0.0878575789316092,-0.0701031310307885,-0.0523486831299677,
-0.0261743415649838,0.,0.00234273648401033),.UNSPECIFIED.);
#1221=B_SPLINE_CURVE_WITH_KNOTS('',3,(#10518,#10519,#10520,#10521,#10522,
#10523,#10524,#10525,#10526,#10527,#10528,#10529),.UNSPECIFIED.,.F.,.F.,
(4,2,2,2,2,4),(-0.17805789435108,-0.175715157863219,-0.149540816298235,
-0.123366474733251,-0.10561202683243,-0.0878575789316094),.UNSPECIFIED.);
#1222=B_SPLINE_CURVE_WITH_KNOTS('',3,(#10533,#10534,#10535,#10536,#10537,
#10538,#10539,#10540,#10541,#10542,#10543,#10544),.UNSPECIFIED.,.F.,.F.,
(4,2,2,2,2,4),(0.0878575789316094,0.10561202683243,0.123366474733251,0.149540816298235,
0.175715157863219,0.178057894347229),.UNSPECIFIED.);
#1223=B_SPLINE_CURVE_WITH_KNOTS('',3,(#10546,#10547,#10548,#10549,#10550,
#10551,#10552,#10553,#10554,#10555,#10556,#10557,#10558),.UNSPECIFIED.,
 .F.,.F.,(4,3,2,2,2,4),(-0.00234273648786079,0.,0.0261743415649838,0.0523486831299676,
0.0701031310307885,0.0878575789316094),.UNSPECIFIED.);
#1224=B_SPLINE_CURVE_WITH_KNOTS('',3,(#10561,#10562,#10563,#10564,#10565,
#10566,#10567,#10568,#10569,#10570,#10571,#10572,#10573),.UNSPECIFIED.,
 .F.,.F.,(4,2,2,2,3,4),(-0.0878575789316094,-0.0701031310307885,-0.0523486831299676,
-0.0261743415649838,0.,0.00234273648401032),.UNSPECIFIED.);
#1225=B_SPLINE_CURVE_WITH_KNOTS('',3,(#10577,#10578,#10579,#10580,#10581,
#10582,#10583,#10584,#10585,#10586,#10587,#10588),.UNSPECIFIED.,.F.,.F.,
(4,2,2,2,2,4),(-0.17805789435108,-0.175715157863219,-0.149540816298235,
-0.123366474733251,-0.10561202683243,-0.0878575789316092),.UNSPECIFIED.);
#1226=B_SPLINE_CURVE_WITH_KNOTS('',3,(#10592,#10593,#10594,#10595,#10596,
#10597,#10598,#10599,#10600,#10601,#10602,#10603),.UNSPECIFIED.,.F.,.F.,
(4,2,2,2,2,4),(0.0878575789316091,0.10561202683243,0.123366474733251,0.149540816298235,
0.175715157863218,0.178057894347229),.UNSPECIFIED.);
#1227=B_SPLINE_CURVE_WITH_KNOTS('',3,(#10605,#10606,#10607,#10608,#10609,
#10610,#10611,#10612,#10613,#10614,#10615,#10616,#10617),.UNSPECIFIED.,
 .F.,.F.,(4,3,2,2,2,4),(-0.0023427364878611,0.,0.0261743415649837,0.0523486831299674,
0.0701031310307882,0.0878575789316091),.UNSPECIFIED.);
#1228=B_SPLINE_CURVE_WITH_KNOTS('',3,(#10620,#10621,#10622,#10623,#10624,
#10625,#10626,#10627,#10628,#10629,#10630,#10631,#10632),.UNSPECIFIED.,
 .F.,.F.,(4,2,2,2,3,4),(-0.0878575789316092,-0.0701031310307883,-0.0523486831299674,
-0.0261743415649837,0.,0.00234273648401021),.UNSPECIFIED.);
#1229=B_SPLINE_CURVE_WITH_KNOTS('',3,(#10636,#10637,#10638,#10639,#10640,
#10641,#10642,#10643,#10644,#10645,#10646,#10647),.UNSPECIFIED.,.F.,.F.,
(4,2,2,2,2,4),(-0.17805789435108,-0.175715157863219,-0.149540816298235,
-0.123366474733251,-0.10561202683243,-0.0878575789316093),.UNSPECIFIED.);
#1230=B_SPLINE_CURVE_WITH_KNOTS('',3,(#10651,#10652,#10653,#10654,#10655,
#10656,#10657,#10658,#10659,#10660,#10661,#10662),.UNSPECIFIED.,.F.,.F.,
(4,2,2,2,2,4),(0.0878575789316094,0.10561202683243,0.123366474733251,0.149540816298235,
0.175715157863219,0.178057894347229),.UNSPECIFIED.);
#1231=B_SPLINE_CURVE_WITH_KNOTS('',3,(#10664,#10665,#10666,#10667,#10668,
#10669,#10670,#10671,#10672,#10673,#10674,#10675,#10676),.UNSPECIFIED.,
 .F.,.F.,(4,3,2,2,2,4),(-0.00234273648786104,0.,0.0261743415649838,0.0523486831299676,
0.0701031310307885,0.0878575789316094),.UNSPECIFIED.);
#1232=B_SPLINE_CURVE_WITH_KNOTS('',3,(#10679,#10680,#10681,#10682,#10683,
#10684,#10685,#10686,#10687,#10688,#10689,#10690,#10691),.UNSPECIFIED.,
 .F.,.F.,(4,2,2,2,3,4),(-0.0878575789316093,-0.0701031310307885,-0.0523486831299675,
-0.0261743415649838,0.,0.00234273648401016),.UNSPECIFIED.);
#1233=B_SPLINE_CURVE_WITH_KNOTS('',3,(#10695,#10696,#10697,#10698,#10699,
#10700,#10701,#10702,#10703,#10704,#10705,#10706),.UNSPECIFIED.,.F.,.F.,
(4,2,2,2,2,4),(-0.17805789435108,-0.175715157863219,-0.149540816298235,
-0.123366474733251,-0.10561202683243,-0.0878575789316092),.UNSPECIFIED.);
#1234=B_SPLINE_CURVE_WITH_KNOTS('',3,(#10710,#10711,#10712,#10713,#10714,
#10715,#10716,#10717,#10718,#10719,#10720,#10721),.UNSPECIFIED.,.F.,.F.,
(4,2,2,2,2,4),(0.0878575789316092,0.10561202683243,0.123366474733251,0.149540816298235,
0.175715157863219,0.178057894347229),.UNSPECIFIED.);
#1235=B_SPLINE_CURVE_WITH_KNOTS('',3,(#10723,#10724,#10725,#10726,#10727,
#10728,#10729,#10730,#10731,#10732,#10733,#10734,#10735),.UNSPECIFIED.,
 .F.,.F.,(4,3,2,2,2,4),(-0.00234273648786085,0.,0.0261743415649837,0.0523486831299674,
0.0701031310307883,0.0878575789316092),.UNSPECIFIED.);
#1236=B_SPLINE_CURVE_WITH_KNOTS('',3,(#10738,#10739,#10740,#10741,#10742,
#10743,#10744,#10745,#10746,#10747,#10748,#10749,#10750),.UNSPECIFIED.,
 .F.,.F.,(4,2,2,2,3,4),(-0.0878575789316092,-0.0701031310307884,-0.0523486831299676,
-0.0261743415649838,0.,0.00234273648401026),.UNSPECIFIED.);
#1237=B_SPLINE_CURVE_WITH_KNOTS('',3,(#10754,#10755,#10756,#10757,#10758,
#10759,#10760,#10761,#10762,#10763,#10764,#10765),.UNSPECIFIED.,.F.,.F.,
(4,2,2,2,2,4),(-0.17805789435108,-0.175715157863219,-0.149540816298235,
-0.123366474733251,-0.10561202683243,-0.0878575789316093),.UNSPECIFIED.);
#1238=B_SPLINE_CURVE_WITH_KNOTS('',3,(#10769,#10770,#10771,#10772,#10773,
#10774,#10775,#10776,#10777,#10778,#10779,#10780),.UNSPECIFIED.,.F.,.F.,
(4,2,2,2,2,4),(0.0878575789316094,0.10561202683243,0.123366474733251,0.149540816298235,
0.175715157863219,0.178057894347229),.UNSPECIFIED.);
#1239=B_SPLINE_CURVE_WITH_KNOTS('',3,(#10782,#10783,#10784,#10785,#10786,
#10787,#10788,#10789,#10790,#10791,#10792,#10793,#10794),.UNSPECIFIED.,
 .F.,.F.,(4,3,2,2,2,4),(-0.002342736487861,0.,0.0261743415649838,0.0523486831299676,
0.0701031310307885,0.0878575789316094),.UNSPECIFIED.);
#1240=B_SPLINE_CURVE_WITH_KNOTS('',3,(#10797,#10798,#10799,#10800,#10801,
#10802,#10803,#10804,#10805,#10806,#10807,#10808,#10809),.UNSPECIFIED.,
 .F.,.F.,(4,2,2,2,3,4),(-0.0878575789316093,-0.0701031310307885,-0.0523486831299677,
-0.0261743415649838,0.,0.00234273648401038),.UNSPECIFIED.);
#1241=B_SPLINE_CURVE_WITH_KNOTS('',3,(#10813,#10814,#10815,#10816,#10817,
#10818,#10819,#10820,#10821,#10822,#10823,#10824),.UNSPECIFIED.,.F.,.F.,
(4,2,2,2,2,4),(-0.17805789435108,-0.175715157863219,-0.149540816298235,
-0.123366474733251,-0.10561202683243,-0.0878575789316093),.UNSPECIFIED.);
#1242=B_SPLINE_CURVE_WITH_KNOTS('',3,(#10828,#10829,#10830,#10831,#10832,
#10833,#10834,#10835,#10836,#10837,#10838,#10839),.UNSPECIFIED.,.F.,.F.,
(4,2,2,2,2,4),(0.0878575789316093,0.10561202683243,0.123366474733251,0.149540816298235,
0.175715157863219,0.178057894347229),.UNSPECIFIED.);
#1243=B_SPLINE_CURVE_WITH_KNOTS('',3,(#10841,#10842,#10843,#10844,#10845,
#10846,#10847,#10848,#10849,#10850,#10851,#10852,#10853),.UNSPECIFIED.,
 .F.,.F.,(4,3,2,2,2,4),(-0.00234273648786156,0.,0.0261743415649837,0.0523486831299674,
0.0701031310307884,0.0878575789316093),.UNSPECIFIED.);
#1244=B_SPLINE_CURVE_WITH_KNOTS('',3,(#10856,#10857,#10858,#10859,#10860,
#10861,#10862,#10863,#10864,#10865,#10866,#10867,#10868),.UNSPECIFIED.,
 .F.,.F.,(4,2,2,2,3,4),(-0.0878575789316093,-0.0701031310307884,-0.0523486831299674,
-0.0261743415649837,0.,0.00234273648401052),.UNSPECIFIED.);
#1245=B_SPLINE_CURVE_WITH_KNOTS('',3,(#10873,#10874,#10875,#10876,#10877,
#10878,#10879,#10880,#10881,#10882,#10883,#10884,#10885),.UNSPECIFIED.,
 .F.,.F.,(4,3,2,2,2,4),(-0.00234273648786114,0.,0.0261743415649838,0.0523486831299676,
0.0701031310307885,0.0878575789316093),.UNSPECIFIED.);
#1246=B_SPLINE_CURVE_WITH_KNOTS('',3,(#10971,#10972,#10973,#10974,#10975,
#10976,#10977,#10978,#10979,#10980,#10981,#10982),.UNSPECIFIED.,.F.,.F.,
(4,2,2,2,2,4),(0.0878575789316093,0.10561202683243,0.123366474733251,0.149540816298235,
0.175715157863219,0.178057894347229),.UNSPECIFIED.);
#1247=B_SPLINE_CURVE_WITH_KNOTS('',3,(#11049,#11050,#11051,#11052,#11053,
#11054,#11055,#11056,#11057,#11058,#11059,#11060),.UNSPECIFIED.,.F.,.F.,
(4,2,2,2,2,4),(-0.17805789435108,-0.175715157863219,-0.149540816298235,
-0.123366474733251,-0.10561202683243,-0.0878575789316093),.UNSPECIFIED.);
#1248=B_SPLINE_CURVE_WITH_KNOTS('',3,(#11062,#11063,#11064,#11065,#11066,
#11067,#11068,#11069,#11070,#11071,#11072,#11073,#11074),.UNSPECIFIED.,
 .F.,.F.,(4,2,2,2,3,4),(-0.0878575789316093,-0.0701031310307885,-0.0523486831299676,
-0.0261743415649838,0.,0.00234273648401052),.UNSPECIFIED.);
#1249=B_SPLINE_CURVE_WITH_KNOTS('',3,(#11142,#11143,#11144,#11145,#11146,
#11147,#11148,#11149,#11150,#11151,#11152,#11153,#11154,#11155,#11156,#11157,
#11158,#11159,#11160),.UNSPECIFIED.,.F.,.F.,(4,3,3,3,3,3,4),(-1.17372990277896,
-1.12758110519463,-1.0969613758088,-1.09006993408166,-1.06696043043978,
-1.02531379160358,-1.00287828046492),.UNSPECIFIED.);
#1250=B_SPLINE_CURVE_WITH_KNOTS('',3,(#11162,#11163,#11164,#11165,#11166,
#11167,#11168,#11169,#11170,#11171,#11172,#11173,#11174,#11175,#11176,#11177,
#11178,#11179,#11180,#11181,#11182,#11183,#11184,#11185,#11186,#11187,#11188,
#11189,#11190,#11191,#11192,#11193,#11194,#11195,#11196,#11197,#11198,#11199,
#11200,#11201,#11202,#11203,#11204,#11205,#11206,#11207,#11208,#11209,#11210,
#11211,#11212,#11213,#11214,#11215,#11216,#11217,#11218,#11219,#11220,#11221,
#11222,#11223,#11224,#11225,#11226,#11227,#11228,#11229,#11230,#11231),
 .UNSPECIFIED.,.F.,.F.,(4,3,3,3,3,3,3,3,3,3,3,3,3,3,3,3,3,3,3,3,3,3,3,4),
(-5.12263632796654,-5.07800359274966,-5.05097566524434,-5.03746170149167,
-5.02991304039446,-5.02458288599339,-5.02394773773901,-4.97993247112908,
-4.93541130145356,-4.89098997631258,-4.86151513739665,-4.8394090082097,
-4.83350597697593,-4.82794840061925,-4.78379716164331,-4.77309062064885,
-4.7289823373022,-4.6847784517386,-4.64503336541284,-4.63911002732117,-4.59535130915778,
-4.55170172764376,-4.52579810643557,-4.50059010906113),.UNSPECIFIED.);
#1251=B_SPLINE_CURVE_WITH_KNOTS('',3,(#11236,#11237,#11238,#11239,#11240,
#11241,#11242,#11243,#11244,#11245,#11246,#11247,#11248,#11249,#11250,#11251,
#11252,#11253,#11254,#11255,#11256,#11257),.UNSPECIFIED.,.F.,.F.,(4,3,3,
3,3,3,3,4),(1.65346420845859,1.69664572227155,1.74008051209181,1.75756476208341,
1.76276953816588,1.80682708008954,1.85135848943598,1.8817287317193),
 .UNSPECIFIED.);
#1252=B_SPLINE_CURVE_WITH_KNOTS('',3,(#11259,#11260,#11261,#11262,#11263,
#11264,#11265,#11266,#11267,#11268,#11269,#11270,#11271,#11272,#11273,#11274,
#11275,#11276,#11277,#11278,#11279,#11280),.UNSPECIFIED.,.F.,.F.,(4,3,3,
3,3,3,3,4),(1.32726583207047,1.37237776200023,1.41884327537258,1.45369241040183,
1.46154729149388,1.46807433945829,1.51315707747394,1.5582398154896),
 .UNSPECIFIED.);
#1253=B_SPLINE_CURVE_WITH_KNOTS('',3,(#11281,#11282,#11283,#11284,#11285,
#11286,#11287,#11288,#11289,#11290,#11291,#11292,#11293,#11294,#11295,#11296,
#11297,#11298,#11299,#11300,#11301,#11302,#11303,#11304,#11305,#11306,#11307,
#11308,#11309,#11310,#11311,#11312,#11313,#11314,#11315,#11316,#11317,#11318,
#11319,#11320,#11321,#11322,#11323,#11324,#11325,#11326,#11327,#11328,#11329,
#11330,#11331,#11332,#11333,#11334,#11335,#11336,#11337,#11338,#11339,#11340,
#11341,#11342,#11343,#11344,#11345,#11346,#11347,#11348,#11349,#11350,#11351,
#11352,#11353,#11354,#11355,#11356,#11357,#11358,#11359,#11360,#11361,#11362,
#11363,#11364,#11365,#11366,#11367,#11368,#11369,#11370,#11371,#11372,#11373,
#11374,#11375,#11376,#11377,#11378,#11379,#11380,#11381,#11382,#11383,#11384,
#11385,#11386,#11387,#11388,#11389),.UNSPECIFIED.,.F.,.F.,(4,3,3,3,3,3,
3,3,3,3,3,3,3,3,3,3,3,3,3,3,3,3,3,3,3,3,3,3,3,3,3,3,3,3,3,3,4),(-0.933975894023141,
-0.891554762011621,-0.889224265525401,-0.845839841747793,-0.819544003238822,
-0.807213362615432,-0.799862238485607,-0.757113725264435,-0.715612812806912,
-0.697456163606746,-0.688137942033761,-0.681834853532529,-0.675907776299568,
-0.633878202303482,-0.592051485904004,-0.550315220829065,-0.519013022022861,
-0.505871218452435,-0.498252712130679,-0.45815601997777,-0.425106425604249,
-0.384512233411085,-0.344049616292198,-0.331023966654034,-0.325347893234903,
-0.285878108992372,-0.24656329192971,-0.207576568471911,-0.181629497412922,
-0.169385498262597,-0.161987180472396,-0.156828198377491,-0.117621148783118,
-0.0793845111387455,-0.0396922555693728,-0.00266711551566493,0.),
 .UNSPECIFIED.);
#1254=B_SPLINE_CURVE_WITH_KNOTS('',3,(#11390,#11391,#11392,#11393,#11394,
#11395,#11396,#11397,#11398,#11399,#11400,#11401,#11402,#11403,#11404,#11405,
#11406,#11407,#11408,#11409,#11410,#11411,#11412,#11413,#11414,#11415,#11416,
#11417,#11418,#11419,#11420,#11421,#11422,#11423,#11424,#11425,#11426,#11427,
#11428,#11429,#11430,#11431,#11432,#11433,#11434,#11435,#11436,#11437,#11438,
#11439,#11440,#11441,#11442,#11443,#11444,#11445,#11446,#11447,#11448,#11449,
#11450,#11451,#11452,#11453,#11454,#11455,#11456,#11457,#11458,#11459,#11460,
#11461,#11462,#11463,#11464,#11465,#11466,#11467,#11468,#11469,#11470,#11471,
#11472,#11473,#11474,#11475,#11476,#11477,#11478,#11479,#11480,#11481,#11482,
#11483,#11484,#11485,#11486,#11487,#11488,#11489,#11490,#11491,#11492,#11493,
#11494,#11495,#11496,#11497,#11498),.UNSPECIFIED.,.F.,.F.,(4,3,3,3,3,3,
3,3,3,3,3,3,3,3,3,3,3,3,3,3,3,3,3,3,3,3,3,3,3,3,3,3,3,3,3,3,4),(-0.937740963081821,
-0.928094921819788,-0.890475061039776,-0.852305021409666,-0.834403322577739,
-0.824677486126496,-0.785731489593188,-0.751361925356393,-0.734177143237996,
-0.724320086597511,-0.718090809503001,-0.716992361119599,-0.678238951875453,
-0.638762300015765,-0.59870772425284,-0.572879440698979,-0.553508228033583,
-0.548176813688031,-0.542355993905945,-0.501432993071491,-0.495394590037397,
-0.454874160261477,-0.413875414781363,-0.376297271261895,-0.370584226251022,
-0.32886586794311,-0.286638680101279,-0.263562840703491,-0.221546182903637,
-0.196561817874923,-0.188921807410908,-0.183263408122758,-0.140498287913661,
-0.0973094154182274,-0.0541041930535611,-0.021671262673926,0.),
 .UNSPECIFIED.);
#1255=B_SPLINE_CURVE_WITH_KNOTS('',3,(#11501,#11502,#11503,#11504,#11505,
#11506,#11507,#11508,#11509,#11510,#11511,#11512,#11513,#11514,#11515,#11516,
#11517,#11518,#11519,#11520,#11521,#11522,#11523,#11524,#11525,#11526,#11527,
#11528,#11529,#11530,#11531,#11532,#11533,#11534,#11535,#11536,#11537,#11538,
#11539,#11540,#11541,#11542,#11543,#11544,#11545,#11546,#11547,#11548,#11549,
#11550,#11551,#11552,#11553,#11554,#11555,#11556,#11557,#11558,#11559,#11560,
#11561,#11562,#11563,#11564,#11565,#11566,#11567,#11568,#11569,#11570,#11571,
#11572,#11573,#11574,#11575,#11576,#11577,#11578,#11579,#11580,#11581,#11582,
#11583,#11584,#11585,#11586,#11587,#11588,#11589,#11590,#11591,#11592,#11593,
#11594,#11595,#11596,#11597,#11598,#11599,#11600,#11601,#11602,#11603,#11604,
#11605,#11606,#11607,#11608,#11609,#11610,#11611,#11612,#11613,#11614,#11615,
#11616,#11617,#11618,#11619,#11620,#11621,#11622,#11623,#11624,#11625,#11626,
#11627,#11628,#11629,#11630,#11631,#11632,#11633,#11634,#11635,#11636,#11637,
#11638,#11639,#11640,#11641,#11642,#11643,#11644,#11645,#11646,#11647,#11648,
#11649,#11650,#11651,#11652,#11653,#11654,#11655,#11656,#11657,#11658,#11659,
#11660,#11661,#11662,#11663,#11664,#11665,#11666,#11667,#11668,#11669),
 .UNSPECIFIED.,.F.,.F.,(4,3,3,3,3,3,3,3,3,3,3,3,3,3,3,3,3,3,3,3,3,3,3,3,
3,3,3,3,3,3,3,3,3,3,3,3,3,3,3,3,3,3,3,3,3,3,3,3,3,3,3,3,3,3,3,3,4),(-1.92321733704659,
-1.87947683268947,-1.84332400270485,-1.79951533632031,-1.774593780731,-1.76283340463491,
-1.75683386208634,-1.71336507428464,-1.66995394212872,-1.63504841686727,
-1.61759565423654,-1.60735200229792,-1.60188357587667,-1.60014289160582,
-1.55757313090273,-1.51449460826783,-1.47149792877213,-1.42898414048751,
-1.41655440380275,-1.41108669775194,-1.3683811925632,-1.36048973018397,
-1.31783244339597,-1.27506826198308,-1.23740622917954,-1.23117768638027,
-1.22562399268224,-1.18329654799603,-1.14112002654632,-1.12442013076891,
-1.08205332232887,-1.05830904524873,-1.04917492996306,-1.04428079933068,
-1.00235920601624,-0.960392193687996,-0.918989496104949,-0.892099105687729,
-0.877818201754664,-0.868755750084353,-0.863882666887437,-0.822705416967458,
-0.781101251519678,-0.739725063585705,-0.701664853172194,-0.693054952627011,
-0.685824426390143,-0.663604642758683,-0.622694665015388,-0.581481355551625,
-0.545781890361548,-0.51900729146899,-0.513087699293972,-0.472329924279041,
-0.438683494791318,-0.397877019767959,-0.375274930093678),.UNSPECIFIED.);
#1256=B_SPLINE_CURVE_WITH_KNOTS('',3,(#11672,#11673,#11674,#11675,#11676,
#11677,#11678,#11679,#11680,#11681,#11682,#11683,#11684,#11685,#11686,#11687,
#11688,#11689,#11690,#11691,#11692,#11693,#11694,#11695,#11696,#11697,#11698,
#11699,#11700,#11701,#11702,#11703,#11704,#11705,#11706,#11707,#11708,#11709,
#11710,#11711),.UNSPECIFIED.,.F.,.F.,(4,3,3,3,3,3,3,3,3,3,3,3,3,4),(-0.421607218593441,
-0.381587836551566,-0.370831044338482,-0.33032672106336,-0.288911468488183,
-0.247203753544898,-0.205535722202409,-0.191692715685586,-0.185906474198123,
-0.144067311730705,-0.101128099330529,-0.057930385852016,-0.0150670601737017,
0.),.UNSPECIFIED.);
#1257=B_SPLINE_CURVE_WITH_KNOTS('',3,(#11714,#11715,#11716,#11717,#11718,
#11719,#11720,#11721,#11722,#11723,#11724,#11725,#11726,#11727,#11728,#11729,
#11730,#11731,#11732,#11733,#11734,#11735,#11736,#11737,#11738,#11739,#11740,
#11741,#11742,#11743,#11744,#11745,#11746,#11747,#11748,#11749,#11750,#11751,
#11752,#11753,#11754,#11755,#11756,#11757,#11758,#11759),.UNSPECIFIED.,
 .F.,.F.,(4,3,3,3,3,3,3,3,3,3,3,3,3,3,3,4),(0.569913802044923,0.609961153840996,
0.649747017146609,0.688432133104324,0.707774691083182,0.715492138914945,
0.722310026422073,0.727117249062039,0.766273441715994,0.80537650425865,
0.82232313604217,0.829239255868501,0.835351177076386,0.873658683738363,
0.911297471507846,0.937740963081767),.UNSPECIFIED.);
#1258=B_SPLINE_CURVE_WITH_KNOTS('',3,(#11762,#11763,#11764,#11765,#11766,
#11767,#11768,#11769,#11770,#11771,#11772,#11773,#11774,#11775,#11776,#11777,
#11778,#11779,#11780,#11781,#11782,#11783,#11784,#11785,#11786,#11787,#11788,
#11789,#11790,#11791,#11792,#11793,#11794,#11795,#11796,#11797,#11798),
 .UNSPECIFIED.,.F.,.F.,(4,3,3,3,3,3,3,3,3,3,3,3,4),(0.,0.0379695469934895,
0.0758341411206263,0.114278461446452,0.151878187973958,0.160751372589327,
0.166442701869362,0.205343118815992,0.245675721371289,0.285250105490021,
0.325961817263601,0.3312598101556,0.366673529037181),.UNSPECIFIED.);
#1259=B_SPLINE_CURVE_WITH_KNOTS('',3,(#12255,#12256,#12257,#12258),
 .UNSPECIFIED.,.F.,.F.,(4,4),(-54.4263996354807,-54.3587151774614),
 .UNSPECIFIED.);
#1260=B_SPLINE_CURVE_WITH_KNOTS('',3,(#12259,#12260,#12261,#12262,#12263,
#12264,#12265,#12266,#12267,#12268),.UNSPECIFIED.,.F.,.F.,(4,3,3,4),(31.326780765171,
31.4834909283503,31.7401726044919,31.9968542806332),.UNSPECIFIED.);
#1261=B_SPLINE_CURVE_WITH_KNOTS('',3,(#12269,#12270,#12271,#12272,#12273,
#12274,#12275,#12276,#12277,#12278,#12279,#12280),.UNSPECIFIED.,.F.,.F.,
(4,1,1,1,1,1,1,1,1,4),(11.6147305479243,12.1145262413931,12.614321934862,
13.1141176283309,13.6139133217998,14.1137090152687,14.6135047087376,15.1133004022065,
15.6130960956753,15.7079632679489),.UNSPECIFIED.);
#1262=B_SPLINE_CURVE_WITH_KNOTS('',3,(#12525,#12526,#12527,#12528,#12529,
#12530,#12531,#12532,#12533,#12534),.UNSPECIFIED.,.F.,.F.,(4,1,1,1,1,1,
1,4),(10.3764180272042,10.5068025841853,11.4945096406443,12.4822166971032,
13.4699237535622,14.4576308100211,15.4453378664801,15.7079632679489),
 .UNSPECIFIED.);
#1263=B_SPLINE_CURVE_WITH_KNOTS('',3,(#12535,#12536,#12537,#12538,#12539,
#12540,#12541),.UNSPECIFIED.,.F.,.F.,(4,3,4),(51.3803644666527,51.5822594555792,
52.3598775598299),.UNSPECIFIED.);
#1264=LINE('',#6421,#1460);
#1265=LINE('',#6464,#1461);
#1266=LINE('',#6500,#1462);
#1267=LINE('',#6522,#1463);
#1268=LINE('',#6567,#1464);
#1269=LINE('',#6652,#1465);
#1270=LINE('',#6656,#1466);
#1271=LINE('',#6659,#1467);
#1272=LINE('',#6727,#1468);
#1273=LINE('',#6728,#1469);
#1274=LINE('',#6741,#1470);
#1275=LINE('',#6742,#1471);
#1276=LINE('',#6744,#1472);
#1277=LINE('',#6745,#1473);
#1278=LINE('',#6762,#1474);
#1279=LINE('',#6763,#1475);
#1280=LINE('',#6765,#1476);
#1281=LINE('',#6780,#1477);
#1282=LINE('',#6781,#1478);
#1283=LINE('',#6794,#1479);
#1284=LINE('',#6795,#1480);
#1285=LINE('',#6817,#1481);
#1286=LINE('',#6818,#1482);
#1287=LINE('',#6819,#1483);
#1288=LINE('',#6834,#1484);
#1289=LINE('',#6835,#1485);
#1290=LINE('',#6837,#1486);
#1291=LINE('',#6851,#1487);
#1292=LINE('',#6864,#1488);
#1293=LINE('',#6873,#1489);
#1294=LINE('',#6874,#1490);
#1295=LINE('',#6883,#1491);
#1296=LINE('',#6884,#1492);
#1297=LINE('',#6886,#1493);
#1298=LINE('',#6887,#1494);
#1299=LINE('',#6889,#1495);
#1300=LINE('',#6890,#1496);
#1301=LINE('',#6892,#1497);
#1302=LINE('',#6893,#1498);
#1303=LINE('',#6894,#1499);
#1304=LINE('',#6896,#1500);
#1305=LINE('',#6897,#1501);
#1306=LINE('',#6899,#1502);
#1307=LINE('',#6900,#1503);
#1308=LINE('',#6902,#1504);
#1309=LINE('',#6903,#1505);
#1310=LINE('',#6905,#1506);
#1311=LINE('',#6906,#1507);
#1312=LINE('',#6909,#1508);
#1313=LINE('',#6911,#1509);
#1314=LINE('',#6927,#1510);
#1315=LINE('',#6928,#1511);
#1316=LINE('',#6930,#1512);
#1317=LINE('',#6931,#1513);
#1318=LINE('',#6936,#1514);
#1319=LINE('',#6937,#1515);
#1320=LINE('',#6942,#1516);
#1321=LINE('',#6944,#1517);
#1322=LINE('',#7088,#1518);
#1323=LINE('',#7225,#1519);
#1324=LINE('',#7227,#1520);
#1325=LINE('',#7229,#1521);
#1326=LINE('',#7440,#1522);
#1327=LINE('',#7449,#1523);
#1328=LINE('',#7459,#1524);
#1329=LINE('',#7471,#1525);
#1330=LINE('',#7475,#1526);
#1331=LINE('',#7478,#1527);
#1332=LINE('',#7482,#1528);
#1333=LINE('',#7486,#1529);
#1334=LINE('',#7493,#1530);
#1335=LINE('',#7496,#1531);
#1336=LINE('',#7502,#1532);
#1337=LINE('',#7505,#1533);
#1338=LINE('',#7508,#1534);
#1339=LINE('',#7513,#1535);
#1340=LINE('',#7516,#1536);
#1341=LINE('',#7519,#1537);
#1342=LINE('',#7532,#1538);
#1343=LINE('',#7549,#1539);
#1344=LINE('',#7565,#1540);
#1345=LINE('',#7566,#1541);
#1346=LINE('',#7567,#1542);
#1347=LINE('',#7589,#1543);
#1348=LINE('',#7593,#1544);
#1349=LINE('',#7597,#1545);
#1350=LINE('',#7601,#1546);
#1351=LINE('',#7605,#1547);
#1352=LINE('',#7612,#1548);
#1353=LINE('',#7616,#1549);
#1354=LINE('',#7620,#1550);
#1355=LINE('',#7624,#1551);
#1356=LINE('',#7628,#1552);
#1357=LINE('',#7633,#1553);
#1358=LINE('',#7636,#1554);
#1359=LINE('',#7640,#1555);
#1360=LINE('',#7644,#1556);
#1361=LINE('',#7648,#1557);
#1362=LINE('',#7653,#1558);
#1363=LINE('',#7656,#1559);
#1364=LINE('',#7660,#1560);
#1365=LINE('',#7664,#1561);
#1366=LINE('',#7668,#1562);
#1367=LINE('',#7671,#1563);
#1368=LINE('',#7672,#1564);
#1369=LINE('',#7678,#1565);
#1370=LINE('',#7684,#1566);
#1371=LINE('',#7689,#1567);
#1372=LINE('',#7691,#1568);
#1373=LINE('',#7692,#1569);
#1374=LINE('',#7698,#1570);
#1375=LINE('',#7704,#1571);
#1376=LINE('',#7709,#1572);
#1377=LINE('',#7716,#1573);
#1378=LINE('',#7747,#1574);
#1379=LINE('',#7754,#1575);
#1380=LINE('',#7772,#1576);
#1381=LINE('',#7803,#1577);
#1382=LINE('',#7810,#1578);
#1383=LINE('',#8366,#1579);
#1384=LINE('',#8435,#1580);
#1385=LINE('',#8504,#1581);
#1386=LINE('',#8570,#1582);
#1387=LINE('',#8636,#1583);
#1388=LINE('',#8702,#1584);
#1389=LINE('',#8771,#1585);
#1390=LINE('',#8840,#1586);
#1391=LINE('',#8906,#1587);
#1392=LINE('',#8916,#1588);
#1393=LINE('',#8948,#1589);
#1394=LINE('',#8979,#1590);
#1395=LINE('',#9009,#1591);
#1396=LINE('',#9040,#1592);
#1397=LINE('',#9069,#1593);
#1398=LINE('',#9100,#1594);
#1399=LINE('',#9131,#1595);
#1400=LINE('',#9174,#1596);
#1401=LINE('',#9203,#1597);
#1402=LINE('',#9233,#1598);
#1403=LINE('',#9262,#1599);
#1404=LINE('',#9292,#1600);
#1405=LINE('',#9321,#1601);
#1406=LINE('',#9351,#1602);
#1407=LINE('',#9380,#1603);
#1408=LINE('',#9410,#1604);
#1409=LINE('',#9439,#1605);
#1410=LINE('',#9469,#1606);
#1411=LINE('',#9498,#1607);
#1412=LINE('',#9528,#1608);
#1413=LINE('',#9557,#1609);
#1414=LINE('',#9587,#1610);
#1415=LINE('',#9616,#1611);
#1416=LINE('',#9646,#1612);
#1417=LINE('',#9675,#1613);
#1418=LINE('',#9705,#1614);
#1419=LINE('',#9734,#1615);
#1420=LINE('',#9764,#1616);
#1421=LINE('',#9793,#1617);
#1422=LINE('',#9823,#1618);
#1423=LINE('',#9852,#1619);
#1424=LINE('',#9882,#1620);
#1425=LINE('',#9911,#1621);
#1426=LINE('',#9941,#1622);
#1427=LINE('',#9970,#1623);
#1428=LINE('',#10000,#1624);
#1429=LINE('',#10029,#1625);
#1430=LINE('',#10059,#1626);
#1431=LINE('',#10088,#1627);
#1432=LINE('',#10118,#1628);
#1433=LINE('',#10147,#1629);
#1434=LINE('',#10177,#1630);
#1435=LINE('',#10206,#1631);
#1436=LINE('',#10236,#1632);
#1437=LINE('',#10265,#1633);
#1438=LINE('',#10295,#1634);
#1439=LINE('',#10324,#1635);
#1440=LINE('',#10354,#1636);
#1441=LINE('',#10383,#1637);
#1442=LINE('',#10413,#1638);
#1443=LINE('',#10442,#1639);
#1444=LINE('',#10472,#1640);
#1445=LINE('',#10501,#1641);
#1446=LINE('',#10531,#1642);
#1447=LINE('',#10560,#1643);
#1448=LINE('',#10590,#1644);
#1449=LINE('',#10619,#1645);
#1450=LINE('',#10649,#1646);
#1451=LINE('',#10678,#1647);
#1452=LINE('',#10708,#1648);
#1453=LINE('',#10737,#1649);
#1454=LINE('',#10767,#1650);
#1455=LINE('',#10796,#1651);
#1456=LINE('',#10826,#1652);
#1457=LINE('',#10855,#1653);
#1458=LINE('',#10987,#1654);
#1459=LINE('',#10990,#1655);
#1460=VECTOR('',#5192,5.);
#1461=VECTOR('',#5195,5.);
#1462=VECTOR('',#5200,5.099);
#1463=VECTOR('',#5203,5.099);
#1464=VECTOR('',#5206,5.099);
#1465=VECTOR('',#5221,10.);
#1466=VECTOR('',#5224,10.);
#1467=VECTOR('',#5227,10.);
#1468=VECTOR('',#5272,10.);
#1469=VECTOR('',#5273,10.);
#1470=VECTOR('',#5290,10.);
#1471=VECTOR('',#5291,10.);
#1472=VECTOR('',#5294,10.);
#1473=VECTOR('',#5295,10.);
#1474=VECTOR('',#5306,10.);
#1475=VECTOR('',#5307,10.);
#1476=VECTOR('',#5308,10.);
#1477=VECTOR('',#5319,10.);
#1478=VECTOR('',#5320,10.);
#1479=VECTOR('',#5337,10.);
#1480=VECTOR('',#5338,10.);
#1481=VECTOR('',#5349,10.);
#1482=VECTOR('',#5350,10.);
#1483=VECTOR('',#5351,10.);
#1484=VECTOR('',#5354,10.);
#1485=VECTOR('',#5355,10.);
#1486=VECTOR('',#5356,10.);
#1487=VECTOR('',#5357,10.);
#1488=VECTOR('',#5358,10.);
#1489=VECTOR('',#5369,10.);
#1490=VECTOR('',#5370,10.);
#1491=VECTOR('',#5381,10.);
#1492=VECTOR('',#5382,10.);
#1493=VECTOR('',#5385,10.);
#1494=VECTOR('',#5386,10.);
#1495=VECTOR('',#5389,10.);
#1496=VECTOR('',#5390,10.);
#1497=VECTOR('',#5393,10.);
#1498=VECTOR('',#5394,10.);
#1499=VECTOR('',#5395,10.);
#1500=VECTOR('',#5398,10.);
#1501=VECTOR('',#5399,10.);
#1502=VECTOR('',#5402,10.);
#1503=VECTOR('',#5403,10.);
#1504=VECTOR('',#5406,10.);
#1505=VECTOR('',#5407,10.);
#1506=VECTOR('',#5410,10.);
#1507=VECTOR('',#5411,10.);
#1508=VECTOR('',#5414,10.);
#1509=VECTOR('',#5415,10.);
#1510=VECTOR('',#5418,10.);
#1511=VECTOR('',#5419,10.);
#1512=VECTOR('',#5422,10.);
#1513=VECTOR('',#5423,10.);
#1514=VECTOR('',#5428,10.);
#1515=VECTOR('',#5429,10.);
#1516=VECTOR('',#5438,10.);
#1517=VECTOR('',#5439,10.);
#1518=VECTOR('',#5440,10.);
#1519=VECTOR('',#5441,10.);
#1520=VECTOR('',#5444,10.);
#1521=VECTOR('',#5447,10.);
#1522=VECTOR('',#5478,2.825);
#1523=VECTOR('',#5489,2.825);
#1524=VECTOR('',#5502,2.825);
#1525=VECTOR('',#5517,10.);
#1526=VECTOR('',#5520,10.);
#1527=VECTOR('',#5523,2.325);
#1528=VECTOR('',#5526,10.);
#1529=VECTOR('',#5529,10.);
#1530=VECTOR('',#5536,10.);
#1531=VECTOR('',#5539,10.);
#1532=VECTOR('',#5544,10.);
#1533=VECTOR('',#5547,10.);
#1534=VECTOR('',#5550,10.);
#1535=VECTOR('',#5555,10.);
#1536=VECTOR('',#5558,10.);
#1537=VECTOR('',#5561,10.);
#1538=VECTOR('',#5564,10.);
#1539=VECTOR('',#5573,10.);
#1540=VECTOR('',#5582,10.);
#1541=VECTOR('',#5583,1.575);
#1542=VECTOR('',#5584,10.);
#1543=VECTOR('',#5601,10.);
#1544=VECTOR('',#5604,10.);
#1545=VECTOR('',#5607,10.);
#1546=VECTOR('',#5610,1.575);
#1547=VECTOR('',#5615,10.);
#1548=VECTOR('',#5622,10.);
#1549=VECTOR('',#5625,10.);
#1550=VECTOR('',#5628,10.);
#1551=VECTOR('',#5631,1.575);
#1552=VECTOR('',#5636,10.);
#1553=VECTOR('',#5641,10.);
#1554=VECTOR('',#5644,2.325);
#1555=VECTOR('',#5647,10.);
#1556=VECTOR('',#5650,10.);
#1557=VECTOR('',#5653,10.);
#1558=VECTOR('',#5658,10.);
#1559=VECTOR('',#5661,2.325);
#1560=VECTOR('',#5664,10.);
#1561=VECTOR('',#5667,10.);
#1562=VECTOR('',#5670,10.);
#1563=VECTOR('',#5675,10.);
#1564=VECTOR('',#5676,10.);
#1565=VECTOR('',#5679,10.);
#1566=VECTOR('',#5680,10.);
#1567=VECTOR('',#5683,10.);
#1568=VECTOR('',#5686,10.);
#1569=VECTOR('',#5687,10.);
#1570=VECTOR('',#5690,10.);
#1571=VECTOR('',#5691,10.);
#1572=VECTOR('',#5694,10.);
#1573=VECTOR('',#5697,10.);
#1574=VECTOR('',#5712,10.);
#1575=VECTOR('',#5723,10.);
#1576=VECTOR('',#5734,10.);
#1577=VECTOR('',#5749,10.);
#1578=VECTOR('',#5760,10.);
#1579=VECTOR('',#5797,5.);
#1580=VECTOR('',#5802,5.);
#1581=VECTOR('',#5805,5.);
#1582=VECTOR('',#5808,5.);
#1583=VECTOR('',#5811,5.);
#1584=VECTOR('',#5814,5.);
#1585=VECTOR('',#5817,5.);
#1586=VECTOR('',#5820,5.);
#1587=VECTOR('',#5823,4.0705);
#1588=VECTOR('',#5828,4.0705);
#1589=VECTOR('',#5833,4.0705);
#1590=VECTOR('',#5836,4.0705);
#1591=VECTOR('',#5839,4.0705);
#1592=VECTOR('',#5842,4.0705);
#1593=VECTOR('',#5845,4.0705);
#1594=VECTOR('',#5848,4.0705);
#1595=VECTOR('',#5851,4.0705);
#1596=VECTOR('',#5854,10.);
#1597=VECTOR('',#5855,10.);
#1598=VECTOR('',#5858,10.);
#1599=VECTOR('',#5859,10.);
#1600=VECTOR('',#5862,10.);
#1601=VECTOR('',#5863,10.);
#1602=VECTOR('',#5866,10.);
#1603=VECTOR('',#5867,10.);
#1604=VECTOR('',#5870,10.);
#1605=VECTOR('',#5871,10.);
#1606=VECTOR('',#5874,10.);
#1607=VECTOR('',#5875,10.);
#1608=VECTOR('',#5878,10.);
#1609=VECTOR('',#5879,10.);
#1610=VECTOR('',#5882,10.);
#1611=VECTOR('',#5883,10.);
#1612=VECTOR('',#5886,10.);
#1613=VECTOR('',#5887,10.);
#1614=VECTOR('',#5890,10.);
#1615=VECTOR('',#5891,10.);
#1616=VECTOR('',#5894,10.);
#1617=VECTOR('',#5895,10.);
#1618=VECTOR('',#5898,10.);
#1619=VECTOR('',#5899,10.);
#1620=VECTOR('',#5902,10.);
#1621=VECTOR('',#5903,10.);
#1622=VECTOR('',#5906,10.);
#1623=VECTOR('',#5907,10.);
#1624=VECTOR('',#5910,10.);
#1625=VECTOR('',#5911,10.);
#1626=VECTOR('',#5914,10.);
#1627=VECTOR('',#5915,10.);
#1628=VECTOR('',#5918,10.);
#1629=VECTOR('',#5919,10.);
#1630=VECTOR('',#5922,10.);
#1631=VECTOR('',#5923,10.);
#1632=VECTOR('',#5926,10.);
#1633=VECTOR('',#5927,10.);
#1634=VECTOR('',#5930,10.);
#1635=VECTOR('',#5931,10.);
#1636=VECTOR('',#5934,10.);
#1637=VECTOR('',#5935,10.);
#1638=VECTOR('',#5938,10.);
#1639=VECTOR('',#5939,10.);
#1640=VECTOR('',#5942,10.);
#1641=VECTOR('',#5943,10.);
#1642=VECTOR('',#5946,10.);
#1643=VECTOR('',#5947,10.);
#1644=VECTOR('',#5950,10.);
#1645=VECTOR('',#5951,10.);
#1646=VECTOR('',#5954,10.);
#1647=VECTOR('',#5955,10.);
#1648=VECTOR('',#5958,10.);
#1649=VECTOR('',#5959,10.);
#1650=VECTOR('',#5962,10.);
#1651=VECTOR('',#5963,10.);
#1652=VECTOR('',#5966,10.);
#1653=VECTOR('',#5967,10.);
#1654=VECTOR('',#6146,10.);
#1655=VECTOR('',#6149,10.);
#1656=VERTEX_POINT('',#6419);
#1657=VERTEX_POINT('',#6420);
#1658=VERTEX_POINT('',#6422);
#1659=VERTEX_POINT('',#6432);
#1660=VERTEX_POINT('',#6462);
#1661=VERTEX_POINT('',#6463);
#1662=VERTEX_POINT('',#6465);
#1663=VERTEX_POINT('',#6485);
#1664=VERTEX_POINT('',#6498);
#1665=VERTEX_POINT('',#6499);
#1666=VERTEX_POINT('',#6501);
#1667=VERTEX_POINT('',#6509);
#1668=VERTEX_POINT('',#6520);
#1669=VERTEX_POINT('',#6521);
#1670=VERTEX_POINT('',#6565);
#1671=VERTEX_POINT('',#6566);
#1672=VERTEX_POINT('',#6568);
#1673=VERTEX_POINT('',#6575);
#1674=VERTEX_POINT('',#6588);
#1675=VERTEX_POINT('',#6589);
#1676=VERTEX_POINT('',#6608);
#1677=VERTEX_POINT('',#6610);
#1678=VERTEX_POINT('',#6612);
#1679=VERTEX_POINT('',#6614);
#1680=VERTEX_POINT('',#6631);
#1681=VERTEX_POINT('',#6632);
#1682=VERTEX_POINT('',#6651);
#1683=VERTEX_POINT('',#6653);
#1684=VERTEX_POINT('',#6655);
#1685=VERTEX_POINT('',#6657);
#1686=VERTEX_POINT('',#6661);
#1687=VERTEX_POINT('',#6663);
#1688=VERTEX_POINT('',#6678);
#1689=VERTEX_POINT('',#6680);
#1690=VERTEX_POINT('',#6684);
#1691=VERTEX_POINT('',#6685);
#1692=VERTEX_POINT('',#6687);
#1693=VERTEX_POINT('',#6691);
#1694=VERTEX_POINT('',#6692);
#1695=VERTEX_POINT('',#6694);
#1696=VERTEX_POINT('',#6696);
#1697=VERTEX_POINT('',#6713);
#1698=VERTEX_POINT('',#6714);
#1699=VERTEX_POINT('',#6716);
#1700=VERTEX_POINT('',#6720);
#1701=VERTEX_POINT('',#6721);
#1702=VERTEX_POINT('',#6723);
#1703=VERTEX_POINT('',#6730);
#1704=VERTEX_POINT('',#6734);
#1705=VERTEX_POINT('',#6735);
#1706=VERTEX_POINT('',#6737);
#1707=VERTEX_POINT('',#6747);
#1708=VERTEX_POINT('',#6748);
#1709=VERTEX_POINT('',#6750);
#1710=VERTEX_POINT('',#6754);
#1711=VERTEX_POINT('',#6755);
#1712=VERTEX_POINT('',#6764);
#1713=VERTEX_POINT('',#6773);
#1714=VERTEX_POINT('',#6774);
#1715=VERTEX_POINT('',#6776);
#1716=VERTEX_POINT('',#6783);
#1717=VERTEX_POINT('',#6787);
#1718=VERTEX_POINT('',#6788);
#1719=VERTEX_POINT('',#6790);
#1720=VERTEX_POINT('',#6797);
#1721=VERTEX_POINT('',#6798);
#1722=VERTEX_POINT('',#6800);
#1723=VERTEX_POINT('',#6804);
#1724=VERTEX_POINT('',#6805);
#1725=VERTEX_POINT('',#6821);
#1726=VERTEX_POINT('',#6822);
#1727=VERTEX_POINT('',#6836);
#1728=VERTEX_POINT('',#6838);
#1729=VERTEX_POINT('',#6850);
#1730=VERTEX_POINT('',#6852);
#1731=VERTEX_POINT('',#6866);
#1732=VERTEX_POINT('',#6867);
#1733=VERTEX_POINT('',#6869);
#1734=VERTEX_POINT('',#6876);
#1735=VERTEX_POINT('',#6877);
#1736=VERTEX_POINT('',#6879);
#1737=VERTEX_POINT('',#6908);
#1738=VERTEX_POINT('',#6910);
#1739=VERTEX_POINT('',#6933);
#1740=VERTEX_POINT('',#6934);
#1741=VERTEX_POINT('',#6943);
#1742=VERTEX_POINT('',#6945);
#1743=VERTEX_POINT('',#6952);
#1744=VERTEX_POINT('',#6961);
#1745=VERTEX_POINT('',#6966);
#1746=VERTEX_POINT('',#6979);
#1747=VERTEX_POINT('',#7012);
#1748=VERTEX_POINT('',#7029);
#1749=VERTEX_POINT('',#7034);
#1750=VERTEX_POINT('',#7054);
#1751=VERTEX_POINT('',#7059);
#1752=VERTEX_POINT('',#7066);
#1753=VERTEX_POINT('',#7074);
#1754=VERTEX_POINT('',#7079);
#1755=VERTEX_POINT('',#7087);
#1756=VERTEX_POINT('',#7089);
#1757=VERTEX_POINT('',#7094);
#1758=VERTEX_POINT('',#7099);
#1759=VERTEX_POINT('',#7104);
#1760=VERTEX_POINT('',#7127);
#1761=VERTEX_POINT('',#7134);
#1762=VERTEX_POINT('',#7141);
#1763=VERTEX_POINT('',#7177);
#1764=VERTEX_POINT('',#7186);
#1765=VERTEX_POINT('',#7193);
#1766=VERTEX_POINT('',#7213);
#1767=VERTEX_POINT('',#7218);
#1768=VERTEX_POINT('',#7438);
#1769=VERTEX_POINT('',#7443);
#1770=VERTEX_POINT('',#7446);
#1771=VERTEX_POINT('',#7448);
#1772=VERTEX_POINT('',#7453);
#1773=VERTEX_POINT('',#7456);
#1774=VERTEX_POINT('',#7458);
#1775=VERTEX_POINT('',#7463);
#1776=VERTEX_POINT('',#7466);
#1777=VERTEX_POINT('',#7469);
#1778=VERTEX_POINT('',#7470);
#1779=VERTEX_POINT('',#7472);
#1780=VERTEX_POINT('',#7474);
#1781=VERTEX_POINT('',#7476);
#1782=VERTEX_POINT('',#7479);
#1783=VERTEX_POINT('',#7481);
#1784=VERTEX_POINT('',#7483);
#1785=VERTEX_POINT('',#7485);
#1786=VERTEX_POINT('',#7489);
#1787=VERTEX_POINT('',#7490);
#1788=VERTEX_POINT('',#7492);
#1789=VERTEX_POINT('',#7494);
#1790=VERTEX_POINT('',#7498);
#1791=VERTEX_POINT('',#7499);
#1792=VERTEX_POINT('',#7501);
#1793=VERTEX_POINT('',#7503);
#1794=VERTEX_POINT('',#7507);
#1795=VERTEX_POINT('',#7509);
#1796=VERTEX_POINT('',#7511);
#1797=VERTEX_POINT('',#7515);
#1798=VERTEX_POINT('',#7517);
#1799=VERTEX_POINT('',#7521);
#1800=VERTEX_POINT('',#7525);
#1801=VERTEX_POINT('',#7534);
#1802=VERTEX_POINT('',#7544);
#1803=VERTEX_POINT('',#7548);
#1804=VERTEX_POINT('',#7557);
#1805=VERTEX_POINT('',#7563);
#1806=VERTEX_POINT('',#7574);
#1807=VERTEX_POINT('',#7585);
#1808=VERTEX_POINT('',#7586);
#1809=VERTEX_POINT('',#7588);
#1810=VERTEX_POINT('',#7590);
#1811=VERTEX_POINT('',#7592);
#1812=VERTEX_POINT('',#7594);
#1813=VERTEX_POINT('',#7596);
#1814=VERTEX_POINT('',#7598);
#1815=VERTEX_POINT('',#7600);
#1816=VERTEX_POINT('',#7603);
#1817=VERTEX_POINT('',#7608);
#1818=VERTEX_POINT('',#7609);
#1819=VERTEX_POINT('',#7611);
#1820=VERTEX_POINT('',#7613);
#1821=VERTEX_POINT('',#7615);
#1822=VERTEX_POINT('',#7617);
#1823=VERTEX_POINT('',#7619);
#1824=VERTEX_POINT('',#7621);
#1825=VERTEX_POINT('',#7623);
#1826=VERTEX_POINT('',#7626);
#1827=VERTEX_POINT('',#7631);
#1828=VERTEX_POINT('',#7632);
#1829=VERTEX_POINT('',#7634);
#1830=VERTEX_POINT('',#7637);
#1831=VERTEX_POINT('',#7639);
#1832=VERTEX_POINT('',#7641);
#1833=VERTEX_POINT('',#7643);
#1834=VERTEX_POINT('',#7645);
#1835=VERTEX_POINT('',#7647);
#1836=VERTEX_POINT('',#7651);
#1837=VERTEX_POINT('',#7652);
#1838=VERTEX_POINT('',#7654);
#1839=VERTEX_POINT('',#7657);
#1840=VERTEX_POINT('',#7659);
#1841=VERTEX_POINT('',#7661);
#1842=VERTEX_POINT('',#7663);
#1843=VERTEX_POINT('',#7665);
#1844=VERTEX_POINT('',#7667);
#1845=VERTEX_POINT('',#7674);
#1846=VERTEX_POINT('',#7679);
#1847=VERTEX_POINT('',#7683);
#1848=VERTEX_POINT('',#7694);
#1849=VERTEX_POINT('',#7699);
#1850=VERTEX_POINT('',#7703);
#1851=VERTEX_POINT('',#7711);
#1852=VERTEX_POINT('',#7715);
#1853=VERTEX_POINT('',#7717);
#1854=VERTEX_POINT('',#7725);
#1855=VERTEX_POINT('',#7727);
#1856=VERTEX_POINT('',#7737);
#1857=VERTEX_POINT('',#7743);
#1858=VERTEX_POINT('',#7752);
#1859=VERTEX_POINT('',#7756);
#1860=VERTEX_POINT('',#7767);
#1861=VERTEX_POINT('',#7771);
#1862=VERTEX_POINT('',#7773);
#1863=VERTEX_POINT('',#7781);
#1864=VERTEX_POINT('',#7783);
#1865=VERTEX_POINT('',#7793);
#1866=VERTEX_POINT('',#7799);
#1867=VERTEX_POINT('',#7808);
#1868=VERTEX_POINT('',#7812);
#1869=VERTEX_POINT('',#8141);
#1870=VERTEX_POINT('',#8351);
#1871=VERTEX_POINT('',#8364);
#1872=VERTEX_POINT('',#8365);
#1873=VERTEX_POINT('',#8367);
#1874=VERTEX_POINT('',#8408);
#1875=VERTEX_POINT('',#8433);
#1876=VERTEX_POINT('',#8434);
#1877=VERTEX_POINT('',#8502);
#1878=VERTEX_POINT('',#8503);
#1879=VERTEX_POINT('',#8568);
#1880=VERTEX_POINT('',#8569);
#1881=VERTEX_POINT('',#8634);
#1882=VERTEX_POINT('',#8635);
#1883=VERTEX_POINT('',#8700);
#1884=VERTEX_POINT('',#8701);
#1885=VERTEX_POINT('',#8769);
#1886=VERTEX_POINT('',#8770);
#1887=VERTEX_POINT('',#8838);
#1888=VERTEX_POINT('',#8839);
#1889=VERTEX_POINT('',#8904);
#1890=VERTEX_POINT('',#8905);
#1891=VERTEX_POINT('',#8907);
#1892=VERTEX_POINT('',#8914);
#1893=VERTEX_POINT('',#8915);
#1894=VERTEX_POINT('',#8933);
#1895=VERTEX_POINT('',#8946);
#1896=VERTEX_POINT('',#8947);
#1897=VERTEX_POINT('',#8977);
#1898=VERTEX_POINT('',#8978);
#1899=VERTEX_POINT('',#9007);
#1900=VERTEX_POINT('',#9008);
#1901=VERTEX_POINT('',#9038);
#1902=VERTEX_POINT('',#9039);
#1903=VERTEX_POINT('',#9067);
#1904=VERTEX_POINT('',#9068);
#1905=VERTEX_POINT('',#9098);
#1906=VERTEX_POINT('',#9099);
#1907=VERTEX_POINT('',#9129);
#1908=VERTEX_POINT('',#9130);
#1909=VERTEX_POINT('',#9159);
#1910=VERTEX_POINT('',#9160);
#1911=VERTEX_POINT('',#9173);
#1912=VERTEX_POINT('',#9175);
#1913=VERTEX_POINT('',#9188);
#1914=VERTEX_POINT('',#9202);
#1915=VERTEX_POINT('',#9218);
#1916=VERTEX_POINT('',#9219);
#1917=VERTEX_POINT('',#9232);
#1918=VERTEX_POINT('',#9234);
#1919=VERTEX_POINT('',#9247);
#1920=VERTEX_POINT('',#9261);
#1921=VERTEX_POINT('',#9277);
#1922=VERTEX_POINT('',#9278);
#1923=VERTEX_POINT('',#9291);
#1924=VERTEX_POINT('',#9293);
#1925=VERTEX_POINT('',#9306);
#1926=VERTEX_POINT('',#9320);
#1927=VERTEX_POINT('',#9336);
#1928=VERTEX_POINT('',#9337);
#1929=VERTEX_POINT('',#9350);
#1930=VERTEX_POINT('',#9352);
#1931=VERTEX_POINT('',#9365);
#1932=VERTEX_POINT('',#9379);
#1933=VERTEX_POINT('',#9395);
#1934=VERTEX_POINT('',#9396);
#1935=VERTEX_POINT('',#9409);
#1936=VERTEX_POINT('',#9411);
#1937=VERTEX_POINT('',#9424);
#1938=VERTEX_POINT('',#9438);
#1939=VERTEX_POINT('',#9454);
#1940=VERTEX_POINT('',#9455);
#1941=VERTEX_POINT('',#9468);
#1942=VERTEX_POINT('',#9470);
#1943=VERTEX_POINT('',#9483);
#1944=VERTEX_POINT('',#9497);
#1945=VERTEX_POINT('',#9513);
#1946=VERTEX_POINT('',#9514);
#1947=VERTEX_POINT('',#9527);
#1948=VERTEX_POINT('',#9529);
#1949=VERTEX_POINT('',#9542);
#1950=VERTEX_POINT('',#9556);
#1951=VERTEX_POINT('',#9572);
#1952=VERTEX_POINT('',#9573);
#1953=VERTEX_POINT('',#9586);
#1954=VERTEX_POINT('',#9588);
#1955=VERTEX_POINT('',#9601);
#1956=VERTEX_POINT('',#9615);
#1957=VERTEX_POINT('',#9631);
#1958=VERTEX_POINT('',#9632);
#1959=VERTEX_POINT('',#9645);
#1960=VERTEX_POINT('',#9647);
#1961=VERTEX_POINT('',#9660);
#1962=VERTEX_POINT('',#9674);
#1963=VERTEX_POINT('',#9690);
#1964=VERTEX_POINT('',#9691);
#1965=VERTEX_POINT('',#9704);
#1966=VERTEX_POINT('',#9706);
#1967=VERTEX_POINT('',#9719);
#1968=VERTEX_POINT('',#9733);
#1969=VERTEX_POINT('',#9749);
#1970=VERTEX_POINT('',#9750);
#1971=VERTEX_POINT('',#9763);
#1972=VERTEX_POINT('',#9765);
#1973=VERTEX_POINT('',#9778);
#1974=VERTEX_POINT('',#9792);
#1975=VERTEX_POINT('',#9808);
#1976=VERTEX_POINT('',#9809);
#1977=VERTEX_POINT('',#9822);
#1978=VERTEX_POINT('',#9824);
#1979=VERTEX_POINT('',#9837);
#1980=VERTEX_POINT('',#9851);
#1981=VERTEX_POINT('',#9867);
#1982=VERTEX_POINT('',#9868);
#1983=VERTEX_POINT('',#9881);
#1984=VERTEX_POINT('',#9883);
#1985=VERTEX_POINT('',#9896);
#1986=VERTEX_POINT('',#9910);
#1987=VERTEX_POINT('',#9926);
#1988=VERTEX_POINT('',#9927);
#1989=VERTEX_POINT('',#9940);
#1990=VERTEX_POINT('',#9942);
#1991=VERTEX_POINT('',#9955);
#1992=VERTEX_POINT('',#9969);
#1993=VERTEX_POINT('',#9985);
#1994=VERTEX_POINT('',#9986);
#1995=VERTEX_POINT('',#9999);
#1996=VERTEX_POINT('',#10001);
#1997=VERTEX_POINT('',#10014);
#1998=VERTEX_POINT('',#10028);
#1999=VERTEX_POINT('',#10044);
#2000=VERTEX_POINT('',#10045);
#2001=VERTEX_POINT('',#10058);
#2002=VERTEX_POINT('',#10060);
#2003=VERTEX_POINT('',#10073);
#2004=VERTEX_POINT('',#10087);
#2005=VERTEX_POINT('',#10103);
#2006=VERTEX_POINT('',#10104);
#2007=VERTEX_POINT('',#10117);
#2008=VERTEX_POINT('',#10119);
#2009=VERTEX_POINT('',#10132);
#2010=VERTEX_POINT('',#10146);
#2011=VERTEX_POINT('',#10162);
#2012=VERTEX_POINT('',#10163);
#2013=VERTEX_POINT('',#10176);
#2014=VERTEX_POINT('',#10178);
#2015=VERTEX_POINT('',#10191);
#2016=VERTEX_POINT('',#10205);
#2017=VERTEX_POINT('',#10221);
#2018=VERTEX_POINT('',#10222);
#2019=VERTEX_POINT('',#10235);
#2020=VERTEX_POINT('',#10237);
#2021=VERTEX_POINT('',#10250);
#2022=VERTEX_POINT('',#10264);
#2023=VERTEX_POINT('',#10280);
#2024=VERTEX_POINT('',#10281);
#2025=VERTEX_POINT('',#10294);
#2026=VERTEX_POINT('',#10296);
#2027=VERTEX_POINT('',#10309);
#2028=VERTEX_POINT('',#10323);
#2029=VERTEX_POINT('',#10339);
#2030=VERTEX_POINT('',#10340);
#2031=VERTEX_POINT('',#10353);
#2032=VERTEX_POINT('',#10355);
#2033=VERTEX_POINT('',#10368);
#2034=VERTEX_POINT('',#10382);
#2035=VERTEX_POINT('',#10398);
#2036=VERTEX_POINT('',#10399);
#2037=VERTEX_POINT('',#10412);
#2038=VERTEX_POINT('',#10414);
#2039=VERTEX_POINT('',#10427);
#2040=VERTEX_POINT('',#10441);
#2041=VERTEX_POINT('',#10457);
#2042=VERTEX_POINT('',#10458);
#2043=VERTEX_POINT('',#10471);
#2044=VERTEX_POINT('',#10473);
#2045=VERTEX_POINT('',#10486);
#2046=VERTEX_POINT('',#10500);
#2047=VERTEX_POINT('',#10516);
#2048=VERTEX_POINT('',#10517);
#2049=VERTEX_POINT('',#10530);
#2050=VERTEX_POINT('',#10532);
#2051=VERTEX_POINT('',#10545);
#2052=VERTEX_POINT('',#10559);
#2053=VERTEX_POINT('',#10575);
#2054=VERTEX_POINT('',#10576);
#2055=VERTEX_POINT('',#10589);
#2056=VERTEX_POINT('',#10591);
#2057=VERTEX_POINT('',#10604);
#2058=VERTEX_POINT('',#10618);
#2059=VERTEX_POINT('',#10634);
#2060=VERTEX_POINT('',#10635);
#2061=VERTEX_POINT('',#10648);
#2062=VERTEX_POINT('',#10650);
#2063=VERTEX_POINT('',#10663);
#2064=VERTEX_POINT('',#10677);
#2065=VERTEX_POINT('',#10693);
#2066=VERTEX_POINT('',#10694);
#2067=VERTEX_POINT('',#10707);
#2068=VERTEX_POINT('',#10709);
#2069=VERTEX_POINT('',#10722);
#2070=VERTEX_POINT('',#10736);
#2071=VERTEX_POINT('',#10752);
#2072=VERTEX_POINT('',#10753);
#2073=VERTEX_POINT('',#10766);
#2074=VERTEX_POINT('',#10768);
#2075=VERTEX_POINT('',#10781);
#2076=VERTEX_POINT('',#10795);
#2077=VERTEX_POINT('',#10811);
#2078=VERTEX_POINT('',#10812);
#2079=VERTEX_POINT('',#10825);
#2080=VERTEX_POINT('',#10827);
#2081=VERTEX_POINT('',#10840);
#2082=VERTEX_POINT('',#10854);
#2083=VERTEX_POINT('',#10870);
#2084=VERTEX_POINT('',#10872);
#2085=VERTEX_POINT('',#10969);
#2086=VERTEX_POINT('',#10985);
#2087=VERTEX_POINT('',#10989);
#2088=VERTEX_POINT('',#11047);
#2089=VERTEX_POINT('',#11140);
#2090=VERTEX_POINT('',#11141);
#2091=VERTEX_POINT('',#11161);
#2092=VERTEX_POINT('',#11234);
#2093=VERTEX_POINT('',#11235);
#2094=VERTEX_POINT('',#11258);
#2095=VERTEX_POINT('',#11500);
#2096=VERTEX_POINT('',#11670);
#2097=VERTEX_POINT('',#11713);
#2098=VERTEX_POINT('',#11760);
#2099=EDGE_CURVE('',#1656,#1657,#1264,.T.);
#2100=EDGE_CURVE('',#1657,#1658,#1025,.T.);
#2101=EDGE_CURVE('',#1659,#1658,#1026,.F.);
#2102=EDGE_CURVE('',#1659,#1656,#1027,.T.);
#2103=EDGE_CURVE('',#1660,#1661,#1265,.T.);
#2104=EDGE_CURVE('',#1660,#1662,#1028,.T.);
#2105=EDGE_CURVE('',#1663,#1662,#221,.T.);
#2106=EDGE_CURVE('',#1663,#1661,#1029,.T.);
#2107=EDGE_CURVE('',#1664,#1665,#1266,.T.);
#2108=EDGE_CURVE('',#1665,#1666,#1030,.T.);
#2109=EDGE_CURVE('',#1667,#1666,#1031,.F.);
#2110=EDGE_CURVE('',#1664,#1667,#1032,.T.);
#2111=EDGE_CURVE('',#1668,#1669,#1267,.T.);
#2112=EDGE_CURVE('',#1669,#1665,#1033,.T.);
#2113=EDGE_CURVE('',#1668,#1664,#1034,.T.);
#2114=EDGE_CURVE('',#1670,#1671,#1268,.T.);
#2115=EDGE_CURVE('',#1672,#1670,#1035,.T.);
#2116=EDGE_CURVE('',#1673,#1672,#222,.T.);
#2117=EDGE_CURVE('',#1673,#1671,#1036,.T.);
#2118=EDGE_CURVE('',#1674,#1675,#1037,.T.);
#2119=EDGE_CURVE('',#1674,#1676,#223,.T.);
#2120=EDGE_CURVE('',#1677,#1676,#224,.T.);
#2121=EDGE_CURVE('',#1677,#1678,#225,.T.);
#2122=EDGE_CURVE('',#1679,#1678,#1038,.T.);
#2123=EDGE_CURVE('',#1679,#1675,#226,.T.);
#2124=EDGE_CURVE('',#1680,#1681,#1039,.T.);
#2125=EDGE_CURVE('',#1680,#1682,#1269,.T.);
#2126=EDGE_CURVE('',#1682,#1683,#227,.F.);
#2127=EDGE_CURVE('',#1683,#1684,#1270,.T.);
#2128=EDGE_CURVE('',#1684,#1685,#228,.F.);
#2129=EDGE_CURVE('',#1685,#1681,#1271,.T.);
#2130=EDGE_CURVE('',#1681,#1686,#229,.T.);
#2131=EDGE_CURVE('',#1686,#1687,#1040,.T.);
#2132=EDGE_CURVE('',#1687,#1688,#230,.T.);
#2133=EDGE_CURVE('',#1688,#1689,#231,.T.);
#2134=EDGE_CURVE('',#1689,#1680,#232,.T.);
#2135=EDGE_CURVE('',#1690,#1691,#233,.F.);
#2136=EDGE_CURVE('',#1692,#1690,#234,.F.);
#2137=EDGE_CURVE('',#1691,#1692,#235,.F.);
#2138=EDGE_CURVE('',#1693,#1694,#236,.T.);
#2139=EDGE_CURVE('',#1694,#1695,#237,.T.);
#2140=EDGE_CURVE('',#1695,#1696,#238,.T.);
#2141=EDGE_CURVE('',#1696,#1693,#1041,.T.);
#2142=EDGE_CURVE('',#1697,#1698,#239,.F.);
#2143=EDGE_CURVE('',#1699,#1697,#240,.F.);
#2144=EDGE_CURVE('',#1698,#1699,#241,.F.);
#2145=EDGE_CURVE('',#1700,#1701,#242,.F.);
#2146=EDGE_CURVE('',#1702,#1700,#243,.F.);
#2147=EDGE_CURVE('',#1701,#1702,#244,.F.);
#2148=EDGE_CURVE('',#1690,#1702,#1272,.T.);
#2149=EDGE_CURVE('',#1700,#1692,#1273,.T.);
#2150=EDGE_CURVE('',#1703,#1684,#245,.F.);
#2151=EDGE_CURVE('',#1685,#1703,#246,.F.);
#2152=EDGE_CURVE('',#1704,#1705,#247,.F.);
#2153=EDGE_CURVE('',#1706,#1704,#248,.F.);
#2154=EDGE_CURVE('',#1705,#1706,#249,.F.);
#2155=EDGE_CURVE('',#1697,#1706,#1274,.T.);
#2156=EDGE_CURVE('',#1704,#1699,#1275,.T.);
#2157=EDGE_CURVE('',#1696,#1705,#1276,.T.);
#2158=EDGE_CURVE('',#1706,#1693,#1277,.T.);
#2159=EDGE_CURVE('',#1707,#1708,#250,.F.);
#2160=EDGE_CURVE('',#1709,#1707,#251,.F.);
#2161=EDGE_CURVE('',#1708,#1709,#252,.F.);
#2162=EDGE_CURVE('',#1710,#1711,#1042,.T.);
#2163=EDGE_CURVE('',#1710,#1698,#1278,.T.);
#2164=EDGE_CURVE('',#1699,#1709,#1279,.T.);
#2165=EDGE_CURVE('',#1707,#1712,#1280,.T.);
#2166=EDGE_CURVE('',#1711,#1712,#1043,.T.);
#2167=EDGE_CURVE('',#1713,#1714,#253,.F.);
#2168=EDGE_CURVE('',#1715,#1713,#254,.F.);
#2169=EDGE_CURVE('',#1714,#1715,#255,.F.);
#2170=EDGE_CURVE('',#1684,#1715,#1281,.T.);
#2171=EDGE_CURVE('',#1713,#1703,#1282,.T.);
#2172=EDGE_CURVE('',#1716,#1682,#256,.F.);
#2173=EDGE_CURVE('',#1683,#1716,#257,.F.);
#2174=EDGE_CURVE('',#1717,#1718,#258,.F.);
#2175=EDGE_CURVE('',#1719,#1717,#259,.F.);
#2176=EDGE_CURVE('',#1718,#1719,#260,.F.);
#2177=EDGE_CURVE('',#1717,#1704,#1283,.T.);
#2178=EDGE_CURVE('',#1705,#1719,#1284,.T.);
#2179=EDGE_CURVE('',#1720,#1721,#261,.F.);
#2180=EDGE_CURVE('',#1722,#1720,#262,.F.);
#2181=EDGE_CURVE('',#1721,#1722,#263,.F.);
#2182=EDGE_CURVE('',#1723,#1724,#1044,.T.);
#2183=EDGE_CURVE('',#1723,#1722,#1285,.T.);
#2184=EDGE_CURVE('',#1720,#1716,#1286,.T.);
#2185=EDGE_CURVE('',#1682,#1724,#1287,.T.);
#2186=EDGE_CURVE('',#1725,#1726,#1045,.T.);
#2187=EDGE_CURVE('',#1725,#1707,#1288,.T.);
#2188=EDGE_CURVE('',#1708,#1721,#1289,.T.);
#2189=EDGE_CURVE('',#1722,#1727,#1290,.T.);
#2190=EDGE_CURVE('',#1728,#1727,#1046,.T.);
#2191=EDGE_CURVE('',#1728,#1729,#1291,.T.);
#2192=EDGE_CURVE('',#1730,#1729,#1047,.T.);
#2193=EDGE_CURVE('',#1730,#1726,#1292,.T.);
#2194=EDGE_CURVE('',#1731,#1732,#264,.F.);
#2195=EDGE_CURVE('',#1733,#1731,#265,.F.);
#2196=EDGE_CURVE('',#1732,#1733,#266,.F.);
#2197=EDGE_CURVE('',#1716,#1733,#1293,.T.);
#2198=EDGE_CURVE('',#1731,#1683,#1294,.T.);
#2199=EDGE_CURVE('',#1734,#1735,#267,.F.);
#2200=EDGE_CURVE('',#1736,#1734,#268,.F.);
#2201=EDGE_CURVE('',#1735,#1736,#269,.F.);
#2202=EDGE_CURVE('',#1734,#1718,#1295,.T.);
#2203=EDGE_CURVE('',#1719,#1736,#1296,.T.);
#2204=EDGE_CURVE('',#1733,#1735,#1297,.T.);
#2205=EDGE_CURVE('',#1736,#1732,#1298,.T.);
#2206=EDGE_CURVE('',#1735,#1720,#1299,.T.);
#2207=EDGE_CURVE('',#1721,#1734,#1300,.T.);
#2208=EDGE_CURVE('',#1675,#1714,#1301,.T.);
#2209=EDGE_CURVE('',#1715,#1731,#1302,.T.);
#2210=EDGE_CURVE('',#1732,#1674,#1303,.T.);
#2211=EDGE_CURVE('',#1718,#1708,#1304,.T.);
#2212=EDGE_CURVE('',#1709,#1717,#1305,.T.);
#2213=EDGE_CURVE('',#1714,#1701,#1306,.T.);
#2214=EDGE_CURVE('',#1702,#1713,#1307,.T.);
#2215=EDGE_CURVE('',#1691,#1685,#1308,.T.);
#2216=EDGE_CURVE('',#1703,#1690,#1309,.T.);
#2217=EDGE_CURVE('',#1678,#1700,#1310,.T.);
#2218=EDGE_CURVE('',#1701,#1679,#1311,.T.);
#2219=EDGE_CURVE('',#1737,#1697,#1312,.T.);
#2220=EDGE_CURVE('',#1698,#1738,#1313,.T.);
#2221=EDGE_CURVE('',#1738,#1737,#1048,.T.);
#2222=EDGE_CURVE('',#1676,#1695,#1314,.T.);
#2223=EDGE_CURVE('',#1694,#1677,#1315,.T.);
#2224=EDGE_CURVE('',#1686,#1691,#1316,.T.);
#2225=EDGE_CURVE('',#1692,#1687,#1317,.T.);
#2226=EDGE_CURVE('',#1739,#1740,#270,.T.);
#2227=EDGE_CURVE('',#1740,#1689,#1318,.T.);
#2228=EDGE_CURVE('',#1688,#1739,#1319,.T.);
#2229=EDGE_CURVE('',#1738,#1740,#271,.T.);
#2230=EDGE_CURVE('',#1739,#1737,#272,.T.);
#2231=EDGE_CURVE('',#1677,#1688,#1320,.T.);
#2232=EDGE_CURVE('',#1741,#1687,#1321,.T.);
#2233=EDGE_CURVE('',#1741,#1742,#1049,.F.);
#2234=EDGE_CURVE('',#1742,#1743,#1050,.T.);
#2235=EDGE_CURVE('',#1743,#1744,#1051,.T.);
#2236=EDGE_CURVE('',#1744,#1745,#1052,.T.);
#2237=EDGE_CURVE('',#1745,#1746,#1053,.F.);
#2238=EDGE_CURVE('',#1746,#1659,#1054,.F.);
#2239=EDGE_CURVE('',#1658,#1747,#1055,.T.);
#2240=EDGE_CURVE('',#1747,#1748,#1056,.T.);
#2241=EDGE_CURVE('',#1748,#1749,#1057,.T.);
#2242=EDGE_CURVE('',#1749,#1750,#1058,.F.);
#2243=EDGE_CURVE('',#1750,#1751,#1059,.T.);
#2244=EDGE_CURVE('',#1751,#1752,#1060,.T.);
#2245=EDGE_CURVE('',#1752,#1753,#1061,.T.);
#2246=EDGE_CURVE('',#1753,#1754,#1062,.T.);
#2247=EDGE_CURVE('',#1754,#1755,#1322,.T.);
#2248=EDGE_CURVE('',#1755,#1756,#1063,.T.);
#2249=EDGE_CURVE('',#1756,#1757,#1064,.T.);
#2250=EDGE_CURVE('',#1757,#1758,#1065,.T.);
#2251=EDGE_CURVE('',#1758,#1759,#1066,.T.);
#2252=EDGE_CURVE('',#1759,#1760,#1067,.F.);
#2253=EDGE_CURVE('',#1760,#1761,#1068,.T.);
#2254=EDGE_CURVE('',#1761,#1762,#1069,.T.);
#2255=EDGE_CURVE('',#1762,#1667,#1070,.T.);
#2256=EDGE_CURVE('',#1666,#1763,#1071,.F.);
#2257=EDGE_CURVE('',#1763,#1764,#1072,.F.);
#2258=EDGE_CURVE('',#1764,#1765,#1073,.T.);
#2259=EDGE_CURVE('',#1765,#1766,#1074,.T.);
#2260=EDGE_CURVE('',#1766,#1767,#1075,.T.);
#2261=EDGE_CURVE('',#1678,#1767,#1323,.T.);
#2262=EDGE_CURVE('',#1694,#1739,#1324,.T.);
#2263=EDGE_CURVE('',#1737,#1693,#1325,.T.);
#2264=EDGE_CURVE('',#1672,#1663,#1076,.T.);
#2265=EDGE_CURVE('',#1662,#1673,#1077,.T.);
#2266=EDGE_CURVE('',#1723,#1727,#273,.T.);
#2267=EDGE_CURVE('',#1725,#1712,#274,.T.);
#2268=EDGE_CURVE('',#1768,#1768,#275,.T.);
#2269=EDGE_CURVE('',#1768,#1711,#1326,.T.);
#2270=EDGE_CURVE('',#1710,#1726,#276,.T.);
#2271=EDGE_CURVE('',#1769,#1769,#277,.T.);
#2272=EDGE_CURVE('',#1770,#1770,#278,.T.);
#2273=EDGE_CURVE('',#1770,#1771,#1327,.T.);
#2274=EDGE_CURVE('',#1728,#1771,#279,.T.);
#2275=EDGE_CURVE('',#1771,#1724,#280,.T.);
#2276=EDGE_CURVE('',#1772,#1772,#281,.T.);
#2277=EDGE_CURVE('',#1773,#1773,#282,.T.);
#2278=EDGE_CURVE('',#1773,#1774,#1328,.T.);
#2279=EDGE_CURVE('',#1730,#1774,#283,.T.);
#2280=EDGE_CURVE('',#1774,#1729,#284,.T.);
#2281=EDGE_CURVE('',#1775,#1775,#285,.T.);
#2282=EDGE_CURVE('',#1776,#1776,#286,.T.);
#2283=EDGE_CURVE('',#1777,#1778,#1329,.T.);
#2284=EDGE_CURVE('',#1778,#1779,#287,.T.);
#2285=EDGE_CURVE('',#1779,#1780,#1330,.T.);
#2286=EDGE_CURVE('',#1780,#1781,#288,.T.);
#2287=EDGE_CURVE('',#1781,#1775,#1331,.T.);
#2288=EDGE_CURVE('',#1781,#1782,#289,.T.);
#2289=EDGE_CURVE('',#1782,#1783,#1332,.T.);
#2290=EDGE_CURVE('',#1783,#1784,#290,.T.);
#2291=EDGE_CURVE('',#1784,#1785,#1333,.T.);
#2292=EDGE_CURVE('',#1785,#1777,#291,.T.);
#2293=EDGE_CURVE('',#1786,#1787,#292,.T.);
#2294=EDGE_CURVE('',#1786,#1788,#1334,.T.);
#2295=EDGE_CURVE('',#1789,#1788,#293,.T.);
#2296=EDGE_CURVE('',#1789,#1787,#1335,.T.);
#2297=EDGE_CURVE('',#1790,#1791,#294,.T.);
#2298=EDGE_CURVE('',#1790,#1792,#1336,.T.);
#2299=EDGE_CURVE('',#1793,#1792,#295,.T.);
#2300=EDGE_CURVE('',#1793,#1791,#1337,.T.);
#2301=EDGE_CURVE('',#1794,#1780,#1338,.T.);
#2302=EDGE_CURVE('',#1795,#1794,#296,.T.);
#2303=EDGE_CURVE('',#1796,#1795,#297,.T.);
#2304=EDGE_CURVE('',#1782,#1796,#1339,.T.);
#2305=EDGE_CURVE('',#1797,#1785,#1340,.T.);
#2306=EDGE_CURVE('',#1798,#1797,#298,.T.);
#2307=EDGE_CURVE('',#1777,#1798,#1341,.T.);
#2308=EDGE_CURVE('',#1787,#1799,#116,.T.);
#2309=EDGE_CURVE('',#1800,#1789,#117,.T.);
#2310=EDGE_CURVE('',#1778,#1800,#118,.T.);
#2311=EDGE_CURVE('',#1799,#1798,#1342,.T.);
#2312=EDGE_CURVE('',#1788,#1801,#119,.T.);
#2313=EDGE_CURVE('',#1801,#1800,#299,.T.);
#2314=EDGE_CURVE('',#1801,#1779,#120,.T.);
#2315=EDGE_CURVE('',#1783,#1802,#121,.T.);
#2316=EDGE_CURVE('',#1803,#1796,#1343,.T.);
#2317=EDGE_CURVE('',#1792,#1803,#122,.T.);
#2318=EDGE_CURVE('',#1802,#1790,#123,.T.);
#2319=EDGE_CURVE('',#1804,#1793,#124,.T.);
#2320=EDGE_CURVE('',#1803,#1804,#300,.T.);
#2321=EDGE_CURVE('',#1799,#1805,#301,.T.);
#2322=EDGE_CURVE('',#1797,#1804,#1344,.T.);
#2323=EDGE_CURVE('',#1795,#1776,#1345,.T.);
#2324=EDGE_CURVE('',#1794,#1805,#1346,.T.);
#2325=EDGE_CURVE('',#1805,#1786,#125,.T.);
#2326=EDGE_CURVE('',#1791,#1806,#126,.T.);
#2327=EDGE_CURVE('',#1806,#1802,#302,.T.);
#2328=EDGE_CURVE('',#1806,#1784,#127,.T.);
#2329=EDGE_CURVE('',#1807,#1808,#303,.T.);
#2330=EDGE_CURVE('',#1807,#1809,#1347,.T.);
#2331=EDGE_CURVE('',#1809,#1810,#304,.T.);
#2332=EDGE_CURVE('',#1810,#1811,#1348,.T.);
#2333=EDGE_CURVE('',#1812,#1811,#305,.T.);
#2334=EDGE_CURVE('',#1812,#1813,#1349,.T.);
#2335=EDGE_CURVE('',#1813,#1814,#306,.T.);
#2336=EDGE_CURVE('',#1814,#1815,#1350,.T.);
#2337=EDGE_CURVE('',#1815,#1815,#307,.T.);
#2338=EDGE_CURVE('',#1814,#1816,#308,.T.);
#2339=EDGE_CURVE('',#1816,#1808,#1351,.T.);
#2340=EDGE_CURVE('',#1817,#1818,#309,.T.);
#2341=EDGE_CURVE('',#1817,#1819,#1352,.T.);
#2342=EDGE_CURVE('',#1819,#1820,#310,.T.);
#2343=EDGE_CURVE('',#1820,#1821,#1353,.T.);
#2344=EDGE_CURVE('',#1822,#1821,#311,.T.);
#2345=EDGE_CURVE('',#1822,#1823,#1354,.T.);
#2346=EDGE_CURVE('',#1823,#1824,#312,.T.);
#2347=EDGE_CURVE('',#1824,#1825,#1355,.T.);
#2348=EDGE_CURVE('',#1825,#1825,#313,.T.);
#2349=EDGE_CURVE('',#1824,#1826,#314,.T.);
#2350=EDGE_CURVE('',#1826,#1818,#1356,.T.);
#2351=EDGE_CURVE('',#1827,#1828,#1357,.T.);
#2352=EDGE_CURVE('',#1828,#1829,#315,.T.);
#2353=EDGE_CURVE('',#1829,#1772,#1358,.T.);
#2354=EDGE_CURVE('',#1829,#1830,#316,.T.);
#2355=EDGE_CURVE('',#1830,#1831,#1359,.T.);
#2356=EDGE_CURVE('',#1831,#1832,#317,.T.);
#2357=EDGE_CURVE('',#1832,#1833,#1360,.T.);
#2358=EDGE_CURVE('',#1833,#1834,#318,.T.);
#2359=EDGE_CURVE('',#1834,#1835,#1361,.T.);
#2360=EDGE_CURVE('',#1835,#1827,#319,.T.);
#2361=EDGE_CURVE('',#1836,#1837,#1362,.T.);
#2362=EDGE_CURVE('',#1837,#1838,#320,.T.);
#2363=EDGE_CURVE('',#1838,#1769,#1363,.T.);
#2364=EDGE_CURVE('',#1838,#1839,#321,.T.);
#2365=EDGE_CURVE('',#1839,#1840,#1364,.T.);
#2366=EDGE_CURVE('',#1840,#1841,#322,.T.);
#2367=EDGE_CURVE('',#1841,#1842,#1365,.T.);
#2368=EDGE_CURVE('',#1842,#1843,#323,.T.);
#2369=EDGE_CURVE('',#1843,#1844,#1366,.T.);
#2370=EDGE_CURVE('',#1844,#1836,#324,.T.);
#2371=EDGE_CURVE('',#1810,#1833,#1367,.T.);
#2372=EDGE_CURVE('',#1834,#1809,#1368,.T.);
#2373=EDGE_CURVE('',#1831,#1845,#128,.T.);
#2374=EDGE_CURVE('',#1830,#1813,#1369,.T.);
#2375=EDGE_CURVE('',#1846,#1812,#129,.T.);
#2376=EDGE_CURVE('',#1847,#1846,#1370,.T.);
#2377=EDGE_CURVE('',#1845,#1847,#130,.T.);
#2378=EDGE_CURVE('',#1816,#1828,#1371,.T.);
#2379=EDGE_CURVE('',#1820,#1842,#1372,.T.);
#2380=EDGE_CURVE('',#1843,#1819,#1373,.T.);
#2381=EDGE_CURVE('',#1840,#1848,#131,.T.);
#2382=EDGE_CURVE('',#1839,#1823,#1374,.T.);
#2383=EDGE_CURVE('',#1849,#1822,#132,.T.);
#2384=EDGE_CURVE('',#1850,#1849,#1375,.T.);
#2385=EDGE_CURVE('',#1848,#1850,#133,.T.);
#2386=EDGE_CURVE('',#1826,#1837,#1376,.T.);
#2387=EDGE_CURVE('',#1851,#1807,#134,.T.);
#2388=EDGE_CURVE('',#1852,#1851,#1377,.T.);
#2389=EDGE_CURVE('',#1853,#1852,#135,.T.);
#2390=EDGE_CURVE('',#1835,#1853,#136,.T.);
#2391=EDGE_CURVE('',#1852,#1854,#325,.T.);
#2392=EDGE_CURVE('',#1854,#1855,#137,.T.);
#2393=EDGE_CURVE('',#1855,#1853,#326,.T.);
#2394=EDGE_CURVE('',#1855,#1827,#138,.T.);
#2395=EDGE_CURVE('',#1811,#1856,#139,.T.);
#2396=EDGE_CURVE('',#1856,#1846,#327,.T.);
#2397=EDGE_CURVE('',#1808,#1857,#140,.T.);
#2398=EDGE_CURVE('',#1857,#1854,#1378,.T.);
#2399=EDGE_CURVE('',#1857,#1851,#328,.T.);
#2400=EDGE_CURVE('',#1847,#1858,#329,.T.);
#2401=EDGE_CURVE('',#1856,#1858,#1379,.T.);
#2402=EDGE_CURVE('',#1858,#1859,#141,.T.);
#2403=EDGE_CURVE('',#1859,#1845,#330,.T.);
#2404=EDGE_CURVE('',#1859,#1832,#142,.T.);
#2405=EDGE_CURVE('',#1860,#1817,#143,.T.);
#2406=EDGE_CURVE('',#1861,#1860,#1380,.T.);
#2407=EDGE_CURVE('',#1862,#1861,#144,.T.);
#2408=EDGE_CURVE('',#1844,#1862,#145,.T.);
#2409=EDGE_CURVE('',#1861,#1863,#331,.T.);
#2410=EDGE_CURVE('',#1863,#1864,#146,.T.);
#2411=EDGE_CURVE('',#1864,#1862,#332,.T.);
#2412=EDGE_CURVE('',#1864,#1836,#147,.T.);
#2413=EDGE_CURVE('',#1821,#1865,#148,.T.);
#2414=EDGE_CURVE('',#1865,#1849,#333,.T.);
#2415=EDGE_CURVE('',#1818,#1866,#149,.T.);
#2416=EDGE_CURVE('',#1866,#1863,#1381,.T.);
#2417=EDGE_CURVE('',#1866,#1860,#334,.T.);
#2418=EDGE_CURVE('',#1850,#1867,#335,.T.);
#2419=EDGE_CURVE('',#1865,#1867,#1382,.T.);
#2420=EDGE_CURVE('',#1867,#1868,#150,.T.);
#2421=EDGE_CURVE('',#1868,#1848,#336,.T.);
#2422=EDGE_CURVE('',#1868,#1841,#151,.T.);
#2423=EDGE_CURVE('',#1756,#1753,#1078,.T.);
#2424=EDGE_CURVE('',#1754,#1755,#1079,.T.);
#2425=EDGE_CURVE('',#1671,#1669,#1080,.T.);
#2426=EDGE_CURVE('',#1656,#1660,#1081,.T.);
#2427=EDGE_CURVE('',#1763,#1746,#1082,.F.);
#2428=EDGE_CURVE('',#1761,#1748,#1083,.T.);
#2429=EDGE_CURVE('',#1749,#1760,#1084,.T.);
#2430=EDGE_CURVE('',#1869,#1742,#1085,.T.);
#2431=EDGE_CURVE('',#1767,#1869,#1086,.T.);
#2432=EDGE_CURVE('',#1743,#1766,#1087,.T.);
#2433=EDGE_CURVE('',#1744,#1765,#1088,.T.);
#2434=EDGE_CURVE('',#1670,#1668,#1089,.T.);
#2435=EDGE_CURVE('',#1762,#1747,#1090,.T.);
#2436=EDGE_CURVE('',#1745,#1764,#1091,.T.);
#2437=EDGE_CURVE('',#1661,#1657,#1092,.T.);
#2438=EDGE_CURVE('',#1869,#1741,#337,.T.);
#2439=EDGE_CURVE('',#1759,#1750,#1093,.T.);
#2440=EDGE_CURVE('',#1758,#1870,#1094,.T.);
#2441=EDGE_CURVE('',#1870,#1752,#1095,.T.);
#2442=EDGE_CURVE('',#1871,#1872,#1383,.T.);
#2443=EDGE_CURVE('',#1871,#1873,#1096,.T.);
#2444=EDGE_CURVE('',#1874,#1873,#338,.T.);
#2445=EDGE_CURVE('',#1874,#1872,#1097,.T.);
#2446=EDGE_CURVE('',#1875,#1876,#1384,.T.);
#2447=EDGE_CURVE('',#1875,#1871,#1098,.T.);
#2448=EDGE_CURVE('',#1872,#1876,#1099,.T.);
#2449=EDGE_CURVE('',#1877,#1878,#1385,.T.);
#2450=EDGE_CURVE('',#1877,#1875,#1100,.T.);
#2451=EDGE_CURVE('',#1876,#1878,#1101,.T.);
#2452=EDGE_CURVE('',#1879,#1880,#1386,.T.);
#2453=EDGE_CURVE('',#1879,#1877,#1102,.T.);
#2454=EDGE_CURVE('',#1878,#1880,#1103,.T.);
#2455=EDGE_CURVE('',#1881,#1882,#1387,.T.);
#2456=EDGE_CURVE('',#1881,#1879,#1104,.T.);
#2457=EDGE_CURVE('',#1880,#1882,#1105,.T.);
#2458=EDGE_CURVE('',#1883,#1884,#1388,.T.);
#2459=EDGE_CURVE('',#1883,#1881,#1106,.T.);
#2460=EDGE_CURVE('',#1882,#1884,#1107,.T.);
#2461=EDGE_CURVE('',#1885,#1886,#1389,.T.);
#2462=EDGE_CURVE('',#1885,#1883,#1108,.T.);
#2463=EDGE_CURVE('',#1884,#1886,#1109,.T.);
#2464=EDGE_CURVE('',#1887,#1888,#1390,.T.);
#2465=EDGE_CURVE('',#1887,#1885,#1110,.T.);
#2466=EDGE_CURVE('',#1886,#1888,#1111,.T.);
#2467=EDGE_CURVE('',#1889,#1890,#1391,.T.);
#2468=EDGE_CURVE('',#1889,#1891,#1112,.T.);
#2469=EDGE_CURVE('',#1890,#1891,#339,.T.);
#2470=EDGE_CURVE('',#1892,#1893,#1392,.T.);
#2471=EDGE_CURVE('',#1892,#1889,#1113,.T.);
#2472=EDGE_CURVE('',#1894,#1890,#340,.T.);
#2473=EDGE_CURVE('',#1893,#1894,#1114,.T.);
#2474=EDGE_CURVE('',#1895,#1896,#1393,.T.);
#2475=EDGE_CURVE('',#1895,#1892,#1115,.T.);
#2476=EDGE_CURVE('',#1896,#1893,#1116,.T.);
#2477=EDGE_CURVE('',#1897,#1898,#1394,.T.);
#2478=EDGE_CURVE('',#1897,#1895,#1117,.T.);
#2479=EDGE_CURVE('',#1898,#1896,#1118,.T.);
#2480=EDGE_CURVE('',#1899,#1900,#1395,.T.);
#2481=EDGE_CURVE('',#1899,#1897,#1119,.T.);
#2482=EDGE_CURVE('',#1900,#1898,#1120,.T.);
#2483=EDGE_CURVE('',#1901,#1902,#1396,.T.);
#2484=EDGE_CURVE('',#1901,#1899,#1121,.T.);
#2485=EDGE_CURVE('',#1902,#1900,#1122,.T.);
#2486=EDGE_CURVE('',#1903,#1904,#1397,.T.);
#2487=EDGE_CURVE('',#1903,#1901,#1123,.T.);
#2488=EDGE_CURVE('',#1904,#1902,#1124,.T.);
#2489=EDGE_CURVE('',#1905,#1906,#1398,.T.);
#2490=EDGE_CURVE('',#1905,#1903,#1125,.T.);
#2491=EDGE_CURVE('',#1906,#1904,#1126,.T.);
#2492=EDGE_CURVE('',#1907,#1908,#1399,.T.);
#2493=EDGE_CURVE('',#1907,#1905,#1127,.T.);
#2494=EDGE_CURVE('',#1908,#1906,#1128,.T.);
#2495=EDGE_CURVE('',#1909,#1910,#1129,.T.);
#2496=EDGE_CURVE('',#1911,#1909,#1400,.T.);
#2497=EDGE_CURVE('',#1912,#1911,#1130,.T.);
#2498=EDGE_CURVE('',#1913,#1912,#1131,.T.);
#2499=EDGE_CURVE('',#1914,#1913,#1401,.T.);
#2500=EDGE_CURVE('',#1910,#1914,#1132,.T.);
#2501=EDGE_CURVE('',#1915,#1916,#1133,.T.);
#2502=EDGE_CURVE('',#1917,#1915,#1402,.T.);
#2503=EDGE_CURVE('',#1918,#1917,#1134,.T.);
#2504=EDGE_CURVE('',#1919,#1918,#1135,.T.);
#2505=EDGE_CURVE('',#1920,#1919,#1403,.T.);
#2506=EDGE_CURVE('',#1916,#1920,#1136,.T.);
#2507=EDGE_CURVE('',#1921,#1922,#1137,.T.);
#2508=EDGE_CURVE('',#1923,#1921,#1404,.T.);
#2509=EDGE_CURVE('',#1924,#1923,#1138,.T.);
#2510=EDGE_CURVE('',#1925,#1924,#1139,.T.);
#2511=EDGE_CURVE('',#1926,#1925,#1405,.T.);
#2512=EDGE_CURVE('',#1922,#1926,#1140,.T.);
#2513=EDGE_CURVE('',#1927,#1928,#1141,.T.);
#2514=EDGE_CURVE('',#1929,#1927,#1406,.T.);
#2515=EDGE_CURVE('',#1930,#1929,#1142,.T.);
#2516=EDGE_CURVE('',#1931,#1930,#1143,.T.);
#2517=EDGE_CURVE('',#1932,#1931,#1407,.T.);
#2518=EDGE_CURVE('',#1928,#1932,#1144,.T.);
#2519=EDGE_CURVE('',#1933,#1934,#1145,.T.);
#2520=EDGE_CURVE('',#1935,#1933,#1408,.T.);
#2521=EDGE_CURVE('',#1936,#1935,#1146,.T.);
#2522=EDGE_CURVE('',#1937,#1936,#1147,.T.);
#2523=EDGE_CURVE('',#1938,#1937,#1409,.T.);
#2524=EDGE_CURVE('',#1934,#1938,#1148,.T.);
#2525=EDGE_CURVE('',#1939,#1940,#1149,.T.);
#2526=EDGE_CURVE('',#1941,#1939,#1410,.T.);
#2527=EDGE_CURVE('',#1942,#1941,#1150,.T.);
#2528=EDGE_CURVE('',#1943,#1942,#1151,.T.);
#2529=EDGE_CURVE('',#1944,#1943,#1411,.T.);
#2530=EDGE_CURVE('',#1940,#1944,#1152,.T.);
#2531=EDGE_CURVE('',#1945,#1946,#1153,.T.);
#2532=EDGE_CURVE('',#1947,#1945,#1412,.T.);
#2533=EDGE_CURVE('',#1948,#1947,#1154,.T.);
#2534=EDGE_CURVE('',#1949,#1948,#1155,.T.);
#2535=EDGE_CURVE('',#1950,#1949,#1413,.T.);
#2536=EDGE_CURVE('',#1946,#1950,#1156,.T.);
#2537=EDGE_CURVE('',#1951,#1952,#1157,.T.);
#2538=EDGE_CURVE('',#1953,#1951,#1414,.T.);
#2539=EDGE_CURVE('',#1954,#1953,#1158,.T.);
#2540=EDGE_CURVE('',#1955,#1954,#1159,.T.);
#2541=EDGE_CURVE('',#1956,#1955,#1415,.T.);
#2542=EDGE_CURVE('',#1952,#1956,#1160,.T.);
#2543=EDGE_CURVE('',#1957,#1958,#1161,.T.);
#2544=EDGE_CURVE('',#1959,#1957,#1416,.T.);
#2545=EDGE_CURVE('',#1960,#1959,#1162,.T.);
#2546=EDGE_CURVE('',#1961,#1960,#1163,.T.);
#2547=EDGE_CURVE('',#1962,#1961,#1417,.T.);
#2548=EDGE_CURVE('',#1958,#1962,#1164,.T.);
#2549=EDGE_CURVE('',#1963,#1964,#1165,.T.);
#2550=EDGE_CURVE('',#1965,#1963,#1418,.T.);
#2551=EDGE_CURVE('',#1966,#1965,#1166,.T.);
#2552=EDGE_CURVE('',#1967,#1966,#1167,.T.);
#2553=EDGE_CURVE('',#1968,#1967,#1419,.T.);
#2554=EDGE_CURVE('',#1964,#1968,#1168,.T.);
#2555=EDGE_CURVE('',#1969,#1970,#1169,.T.);
#2556=EDGE_CURVE('',#1971,#1969,#1420,.T.);
#2557=EDGE_CURVE('',#1972,#1971,#1170,.T.);
#2558=EDGE_CURVE('',#1973,#1972,#1171,.T.);
#2559=EDGE_CURVE('',#1974,#1973,#1421,.T.);
#2560=EDGE_CURVE('',#1970,#1974,#1172,.T.);
#2561=EDGE_CURVE('',#1975,#1976,#1173,.T.);
#2562=EDGE_CURVE('',#1977,#1975,#1422,.T.);
#2563=EDGE_CURVE('',#1978,#1977,#1174,.T.);
#2564=EDGE_CURVE('',#1979,#1978,#1175,.T.);
#2565=EDGE_CURVE('',#1980,#1979,#1423,.T.);
#2566=EDGE_CURVE('',#1976,#1980,#1176,.T.);
#2567=EDGE_CURVE('',#1981,#1982,#1177,.T.);
#2568=EDGE_CURVE('',#1983,#1981,#1424,.T.);
#2569=EDGE_CURVE('',#1984,#1983,#1178,.T.);
#2570=EDGE_CURVE('',#1985,#1984,#1179,.T.);
#2571=EDGE_CURVE('',#1986,#1985,#1425,.T.);
#2572=EDGE_CURVE('',#1982,#1986,#1180,.T.);
#2573=EDGE_CURVE('',#1987,#1988,#1181,.T.);
#2574=EDGE_CURVE('',#1989,#1987,#1426,.T.);
#2575=EDGE_CURVE('',#1990,#1989,#1182,.T.);
#2576=EDGE_CURVE('',#1991,#1990,#1183,.T.);
#2577=EDGE_CURVE('',#1992,#1991,#1427,.T.);
#2578=EDGE_CURVE('',#1988,#1992,#1184,.T.);
#2579=EDGE_CURVE('',#1993,#1994,#1185,.T.);
#2580=EDGE_CURVE('',#1995,#1993,#1428,.T.);
#2581=EDGE_CURVE('',#1996,#1995,#1186,.T.);
#2582=EDGE_CURVE('',#1997,#1996,#1187,.T.);
#2583=EDGE_CURVE('',#1998,#1997,#1429,.T.);
#2584=EDGE_CURVE('',#1994,#1998,#1188,.T.);
#2585=EDGE_CURVE('',#1999,#2000,#1189,.T.);
#2586=EDGE_CURVE('',#2001,#1999,#1430,.T.);
#2587=EDGE_CURVE('',#2002,#2001,#1190,.T.);
#2588=EDGE_CURVE('',#2003,#2002,#1191,.T.);
#2589=EDGE_CURVE('',#2004,#2003,#1431,.T.);
#2590=EDGE_CURVE('',#2000,#2004,#1192,.T.);
#2591=EDGE_CURVE('',#2005,#2006,#1193,.T.);
#2592=EDGE_CURVE('',#2007,#2005,#1432,.T.);
#2593=EDGE_CURVE('',#2008,#2007,#1194,.T.);
#2594=EDGE_CURVE('',#2009,#2008,#1195,.T.);
#2595=EDGE_CURVE('',#2010,#2009,#1433,.T.);
#2596=EDGE_CURVE('',#2006,#2010,#1196,.T.);
#2597=EDGE_CURVE('',#2011,#2012,#1197,.T.);
#2598=EDGE_CURVE('',#2013,#2011,#1434,.T.);
#2599=EDGE_CURVE('',#2014,#2013,#1198,.T.);
#2600=EDGE_CURVE('',#2015,#2014,#1199,.T.);
#2601=EDGE_CURVE('',#2016,#2015,#1435,.T.);
#2602=EDGE_CURVE('',#2012,#2016,#1200,.T.);
#2603=EDGE_CURVE('',#2017,#2018,#1201,.T.);
#2604=EDGE_CURVE('',#2019,#2017,#1436,.T.);
#2605=EDGE_CURVE('',#2020,#2019,#1202,.T.);
#2606=EDGE_CURVE('',#2021,#2020,#1203,.T.);
#2607=EDGE_CURVE('',#2022,#2021,#1437,.T.);
#2608=EDGE_CURVE('',#2018,#2022,#1204,.T.);
#2609=EDGE_CURVE('',#2023,#2024,#1205,.T.);
#2610=EDGE_CURVE('',#2025,#2023,#1438,.T.);
#2611=EDGE_CURVE('',#2026,#2025,#1206,.T.);
#2612=EDGE_CURVE('',#2027,#2026,#1207,.T.);
#2613=EDGE_CURVE('',#2028,#2027,#1439,.T.);
#2614=EDGE_CURVE('',#2024,#2028,#1208,.T.);
#2615=EDGE_CURVE('',#2029,#2030,#1209,.T.);
#2616=EDGE_CURVE('',#2031,#2029,#1440,.T.);
#2617=EDGE_CURVE('',#2032,#2031,#1210,.T.);
#2618=EDGE_CURVE('',#2033,#2032,#1211,.T.);
#2619=EDGE_CURVE('',#2034,#2033,#1441,.T.);
#2620=EDGE_CURVE('',#2030,#2034,#1212,.T.);
#2621=EDGE_CURVE('',#2035,#2036,#1213,.T.);
#2622=EDGE_CURVE('',#2037,#2035,#1442,.T.);
#2623=EDGE_CURVE('',#2038,#2037,#1214,.T.);
#2624=EDGE_CURVE('',#2039,#2038,#1215,.T.);
#2625=EDGE_CURVE('',#2040,#2039,#1443,.T.);
#2626=EDGE_CURVE('',#2036,#2040,#1216,.T.);
#2627=EDGE_CURVE('',#2041,#2042,#1217,.T.);
#2628=EDGE_CURVE('',#2043,#2041,#1444,.T.);
#2629=EDGE_CURVE('',#2044,#2043,#1218,.T.);
#2630=EDGE_CURVE('',#2045,#2044,#1219,.T.);
#2631=EDGE_CURVE('',#2046,#2045,#1445,.T.);
#2632=EDGE_CURVE('',#2042,#2046,#1220,.T.);
#2633=EDGE_CURVE('',#2047,#2048,#1221,.T.);
#2634=EDGE_CURVE('',#2049,#2047,#1446,.T.);
#2635=EDGE_CURVE('',#2050,#2049,#1222,.T.);
#2636=EDGE_CURVE('',#2051,#2050,#1223,.T.);
#2637=EDGE_CURVE('',#2052,#2051,#1447,.T.);
#2638=EDGE_CURVE('',#2048,#2052,#1224,.T.);
#2639=EDGE_CURVE('',#2053,#2054,#1225,.T.);
#2640=EDGE_CURVE('',#2055,#2053,#1448,.T.);
#2641=EDGE_CURVE('',#2056,#2055,#1226,.T.);
#2642=EDGE_CURVE('',#2057,#2056,#1227,.T.);
#2643=EDGE_CURVE('',#2058,#2057,#1449,.T.);
#2644=EDGE_CURVE('',#2054,#2058,#1228,.T.);
#2645=EDGE_CURVE('',#2059,#2060,#1229,.T.);
#2646=EDGE_CURVE('',#2061,#2059,#1450,.T.);
#2647=EDGE_CURVE('',#2062,#2061,#1230,.T.);
#2648=EDGE_CURVE('',#2063,#2062,#1231,.T.);
#2649=EDGE_CURVE('',#2064,#2063,#1451,.T.);
#2650=EDGE_CURVE('',#2060,#2064,#1232,.T.);
#2651=EDGE_CURVE('',#2065,#2066,#1233,.T.);
#2652=EDGE_CURVE('',#2067,#2065,#1452,.T.);
#2653=EDGE_CURVE('',#2068,#2067,#1234,.T.);
#2654=EDGE_CURVE('',#2069,#2068,#1235,.T.);
#2655=EDGE_CURVE('',#2070,#2069,#1453,.T.);
#2656=EDGE_CURVE('',#2066,#2070,#1236,.T.);
#2657=EDGE_CURVE('',#2071,#2072,#1237,.T.);
#2658=EDGE_CURVE('',#2073,#2071,#1454,.T.);
#2659=EDGE_CURVE('',#2074,#2073,#1238,.T.);
#2660=EDGE_CURVE('',#2075,#2074,#1239,.T.);
#2661=EDGE_CURVE('',#2076,#2075,#1455,.T.);
#2662=EDGE_CURVE('',#2072,#2076,#1240,.T.);
#2663=EDGE_CURVE('',#2077,#2078,#1241,.T.);
#2664=EDGE_CURVE('',#2079,#2077,#1456,.T.);
#2665=EDGE_CURVE('',#2080,#2079,#1242,.T.);
#2666=EDGE_CURVE('',#2081,#2080,#1243,.T.);
#2667=EDGE_CURVE('',#2082,#2081,#1457,.T.);
#2668=EDGE_CURVE('',#2078,#2082,#1244,.T.);
#2669=EDGE_CURVE('',#2078,#2083,#341,.T.);
#2670=EDGE_CURVE('',#2084,#2083,#1245,.T.);
#2671=EDGE_CURVE('',#2084,#2077,#342,.T.);
#2672=EDGE_CURVE('',#2072,#2078,#343,.T.);
#2673=EDGE_CURVE('',#2082,#2071,#344,.T.);
#2674=EDGE_CURVE('',#2066,#2072,#345,.T.);
#2675=EDGE_CURVE('',#2076,#2065,#346,.T.);
#2676=EDGE_CURVE('',#2060,#2066,#347,.T.);
#2677=EDGE_CURVE('',#2070,#2059,#348,.T.);
#2678=EDGE_CURVE('',#2054,#2060,#349,.T.);
#2679=EDGE_CURVE('',#2064,#2053,#350,.T.);
#2680=EDGE_CURVE('',#2048,#2054,#351,.T.);
#2681=EDGE_CURVE('',#2058,#2047,#352,.T.);
#2682=EDGE_CURVE('',#2042,#2048,#353,.T.);
#2683=EDGE_CURVE('',#2052,#2041,#354,.T.);
#2684=EDGE_CURVE('',#2036,#2042,#355,.T.);
#2685=EDGE_CURVE('',#2046,#2035,#356,.T.);
#2686=EDGE_CURVE('',#2030,#2036,#357,.T.);
#2687=EDGE_CURVE('',#2040,#2029,#358,.T.);
#2688=EDGE_CURVE('',#2024,#2030,#359,.T.);
#2689=EDGE_CURVE('',#2034,#2023,#360,.T.);
#2690=EDGE_CURVE('',#2018,#2024,#361,.T.);
#2691=EDGE_CURVE('',#2028,#2017,#362,.T.);
#2692=EDGE_CURVE('',#2012,#2018,#363,.T.);
#2693=EDGE_CURVE('',#2022,#2011,#364,.T.);
#2694=EDGE_CURVE('',#2006,#2012,#365,.T.);
#2695=EDGE_CURVE('',#2016,#2005,#366,.T.);
#2696=EDGE_CURVE('',#2000,#2006,#367,.T.);
#2697=EDGE_CURVE('',#2010,#1999,#368,.T.);
#2698=EDGE_CURVE('',#1994,#2000,#369,.T.);
#2699=EDGE_CURVE('',#2004,#1993,#370,.T.);
#2700=EDGE_CURVE('',#1988,#1994,#371,.T.);
#2701=EDGE_CURVE('',#1998,#1987,#372,.T.);
#2702=EDGE_CURVE('',#1982,#1988,#373,.T.);
#2703=EDGE_CURVE('',#1992,#1981,#374,.T.);
#2704=EDGE_CURVE('',#1976,#1982,#375,.T.);
#2705=EDGE_CURVE('',#1986,#1975,#376,.T.);
#2706=EDGE_CURVE('',#1970,#1976,#377,.T.);
#2707=EDGE_CURVE('',#1980,#1969,#378,.T.);
#2708=EDGE_CURVE('',#1964,#1970,#379,.T.);
#2709=EDGE_CURVE('',#1974,#1963,#380,.T.);
#2710=EDGE_CURVE('',#1958,#1964,#381,.T.);
#2711=EDGE_CURVE('',#1968,#1957,#382,.T.);
#2712=EDGE_CURVE('',#1952,#1958,#383,.T.);
#2713=EDGE_CURVE('',#1962,#1951,#384,.T.);
#2714=EDGE_CURVE('',#1946,#1952,#385,.T.);
#2715=EDGE_CURVE('',#1956,#1945,#386,.T.);
#2716=EDGE_CURVE('',#1940,#1946,#387,.T.);
#2717=EDGE_CURVE('',#1950,#1939,#388,.T.);
#2718=EDGE_CURVE('',#1934,#1940,#389,.T.);
#2719=EDGE_CURVE('',#1944,#1933,#390,.T.);
#2720=EDGE_CURVE('',#1928,#1934,#391,.T.);
#2721=EDGE_CURVE('',#1938,#1927,#392,.T.);
#2722=EDGE_CURVE('',#1922,#1928,#393,.T.);
#2723=EDGE_CURVE('',#1932,#1921,#394,.T.);
#2724=EDGE_CURVE('',#1916,#1922,#395,.T.);
#2725=EDGE_CURVE('',#1926,#1915,#396,.T.);
#2726=EDGE_CURVE('',#1914,#2085,#397,.T.);
#2727=EDGE_CURVE('',#2083,#2085,#1246,.T.);
#2728=EDGE_CURVE('',#2083,#1910,#398,.T.);
#2729=EDGE_CURVE('',#2086,#1913,#399,.T.);
#2730=EDGE_CURVE('',#2086,#2085,#1458,.T.);
#2731=EDGE_CURVE('',#2084,#2087,#1459,.T.);
#2732=EDGE_CURVE('',#2079,#2087,#400,.T.);
#2733=EDGE_CURVE('',#2073,#2081,#401,.T.);
#2734=EDGE_CURVE('',#2067,#2075,#402,.T.);
#2735=EDGE_CURVE('',#2061,#2069,#403,.T.);
#2736=EDGE_CURVE('',#2055,#2063,#404,.T.);
#2737=EDGE_CURVE('',#2049,#2057,#405,.T.);
#2738=EDGE_CURVE('',#2043,#2051,#406,.T.);
#2739=EDGE_CURVE('',#2037,#2045,#407,.T.);
#2740=EDGE_CURVE('',#2031,#2039,#408,.T.);
#2741=EDGE_CURVE('',#2025,#2033,#409,.T.);
#2742=EDGE_CURVE('',#2019,#2027,#410,.T.);
#2743=EDGE_CURVE('',#2013,#2021,#411,.T.);
#2744=EDGE_CURVE('',#2007,#2015,#412,.T.);
#2745=EDGE_CURVE('',#2001,#2009,#413,.T.);
#2746=EDGE_CURVE('',#1995,#2003,#414,.T.);
#2747=EDGE_CURVE('',#1989,#1997,#415,.T.);
#2748=EDGE_CURVE('',#1983,#1991,#416,.T.);
#2749=EDGE_CURVE('',#1977,#1985,#417,.T.);
#2750=EDGE_CURVE('',#1971,#1979,#418,.T.);
#2751=EDGE_CURVE('',#1965,#1973,#419,.T.);
#2752=EDGE_CURVE('',#1959,#1967,#420,.T.);
#2753=EDGE_CURVE('',#1953,#1961,#421,.T.);
#2754=EDGE_CURVE('',#1947,#1955,#422,.T.);
#2755=EDGE_CURVE('',#1941,#1949,#423,.T.);
#2756=EDGE_CURVE('',#1935,#1943,#424,.T.);
#2757=EDGE_CURVE('',#1929,#1937,#425,.T.);
#2758=EDGE_CURVE('',#1923,#1931,#426,.T.);
#2759=EDGE_CURVE('',#1917,#1925,#427,.T.);
#2760=EDGE_CURVE('',#1912,#2088,#428,.T.);
#2761=EDGE_CURVE('',#2086,#2088,#1247,.T.);
#2762=EDGE_CURVE('',#2088,#2087,#1248,.T.);
#2763=EDGE_CURVE('',#2088,#2080,#429,.T.);
#2764=EDGE_CURVE('',#2080,#2074,#430,.T.);
#2765=EDGE_CURVE('',#2074,#2068,#431,.T.);
#2766=EDGE_CURVE('',#2068,#2062,#432,.T.);
#2767=EDGE_CURVE('',#2062,#2056,#433,.T.);
#2768=EDGE_CURVE('',#2056,#2050,#434,.T.);
#2769=EDGE_CURVE('',#2050,#2044,#435,.T.);
#2770=EDGE_CURVE('',#2044,#2038,#436,.T.);
#2771=EDGE_CURVE('',#2038,#2032,#437,.T.);
#2772=EDGE_CURVE('',#2032,#2026,#438,.T.);
#2773=EDGE_CURVE('',#2026,#2020,#439,.T.);
#2774=EDGE_CURVE('',#2020,#2014,#440,.T.);
#2775=EDGE_CURVE('',#2014,#2008,#441,.T.);
#2776=EDGE_CURVE('',#2008,#2002,#442,.T.);
#2777=EDGE_CURVE('',#2002,#1996,#443,.T.);
#2778=EDGE_CURVE('',#1996,#1990,#444,.T.);
#2779=EDGE_CURVE('',#1990,#1984,#445,.T.);
#2780=EDGE_CURVE('',#1984,#1978,#446,.T.);
#2781=EDGE_CURVE('',#1978,#1972,#447,.T.);
#2782=EDGE_CURVE('',#1972,#1966,#448,.T.);
#2783=EDGE_CURVE('',#1966,#1960,#449,.T.);
#2784=EDGE_CURVE('',#1960,#1954,#450,.T.);
#2785=EDGE_CURVE('',#1954,#1948,#451,.T.);
#2786=EDGE_CURVE('',#1948,#1942,#452,.T.);
#2787=EDGE_CURVE('',#1942,#1936,#453,.T.);
#2788=EDGE_CURVE('',#1936,#1930,#454,.T.);
#2789=EDGE_CURVE('',#1930,#1924,#455,.T.);
#2790=EDGE_CURVE('',#1924,#1918,#456,.T.);
#2791=EDGE_CURVE('',#1910,#1916,#457,.T.);
#2792=EDGE_CURVE('',#1920,#1909,#458,.T.);
#2793=EDGE_CURVE('',#1911,#1919,#459,.T.);
#2794=EDGE_CURVE('',#1918,#1912,#460,.T.);
#2795=EDGE_CURVE('',#2089,#2090,#1249,.F.);
#2796=EDGE_CURVE('',#2089,#2091,#1250,.T.);
#2797=EDGE_CURVE('',#2091,#2090,#461,.T.);
#2798=EDGE_CURVE('',#2092,#2093,#1251,.T.);
#2799=EDGE_CURVE('',#2093,#2094,#1252,.T.);
#2800=EDGE_CURVE('',#2094,#1894,#1253,.T.);
#2801=EDGE_CURVE('',#1891,#2092,#1254,.T.);
#2802=EDGE_CURVE('',#1873,#2095,#1255,.T.);
#2803=EDGE_CURVE('',#2095,#2096,#462,.T.);
#2804=EDGE_CURVE('',#2096,#1874,#1256,.T.);
#2805=EDGE_CURVE('',#2095,#2097,#1257,.T.);
#2806=EDGE_CURVE('',#2097,#2098,#463,.T.);
#2807=EDGE_CURVE('',#2098,#2096,#1258,.T.);
#2808=EDGE_CURVE('',#2091,#1887,#1259,.T.);
#2809=EDGE_CURVE('',#2093,#2089,#1260,.F.);
#2810=EDGE_CURVE('',#2097,#1907,#1261,.T.);
#2811=EDGE_CURVE('',#2098,#1908,#1262,.T.);
#2812=EDGE_CURVE('',#1888,#2090,#1263,.T.);
#2813=ORIENTED_EDGE('',*,*,#2099,.T.);
#2814=ORIENTED_EDGE('',*,*,#2100,.T.);
#2815=ORIENTED_EDGE('',*,*,#2101,.F.);
#2816=ORIENTED_EDGE('',*,*,#2102,.T.);
#2817=ORIENTED_EDGE('',*,*,#2103,.F.);
#2818=ORIENTED_EDGE('',*,*,#2104,.T.);
#2819=ORIENTED_EDGE('',*,*,#2105,.F.);
#2820=ORIENTED_EDGE('',*,*,#2106,.T.);
#2821=ORIENTED_EDGE('',*,*,#2107,.T.);
#2822=ORIENTED_EDGE('',*,*,#2108,.T.);
#2823=ORIENTED_EDGE('',*,*,#2109,.F.);
#2824=ORIENTED_EDGE('',*,*,#2110,.F.);
#2825=ORIENTED_EDGE('',*,*,#2111,.T.);
#2826=ORIENTED_EDGE('',*,*,#2112,.T.);
#2827=ORIENTED_EDGE('',*,*,#2107,.F.);
#2828=ORIENTED_EDGE('',*,*,#2113,.F.);
#2829=ORIENTED_EDGE('',*,*,#2114,.F.);
#2830=ORIENTED_EDGE('',*,*,#2115,.F.);
#2831=ORIENTED_EDGE('',*,*,#2116,.F.);
#2832=ORIENTED_EDGE('',*,*,#2117,.T.);
#2833=ORIENTED_EDGE('',*,*,#2118,.F.);
#2834=ORIENTED_EDGE('',*,*,#2119,.T.);
#2835=ORIENTED_EDGE('',*,*,#2120,.F.);
#2836=ORIENTED_EDGE('',*,*,#2121,.T.);
#2837=ORIENTED_EDGE('',*,*,#2122,.F.);
#2838=ORIENTED_EDGE('',*,*,#2123,.T.);
#2839=ORIENTED_EDGE('',*,*,#2124,.F.);
#2840=ORIENTED_EDGE('',*,*,#2125,.T.);
#2841=ORIENTED_EDGE('',*,*,#2126,.T.);
#2842=ORIENTED_EDGE('',*,*,#2127,.T.);
#2843=ORIENTED_EDGE('',*,*,#2128,.T.);
#2844=ORIENTED_EDGE('',*,*,#2129,.T.);
#2845=ORIENTED_EDGE('',*,*,#2124,.T.);
#2846=ORIENTED_EDGE('',*,*,#2130,.T.);
#2847=ORIENTED_EDGE('',*,*,#2131,.T.);
#2848=ORIENTED_EDGE('',*,*,#2132,.T.);
#2849=ORIENTED_EDGE('',*,*,#2133,.T.);
#2850=ORIENTED_EDGE('',*,*,#2134,.T.);
#2851=ORIENTED_EDGE('',*,*,#2135,.F.);
#2852=ORIENTED_EDGE('',*,*,#2136,.F.);
#2853=ORIENTED_EDGE('',*,*,#2137,.F.);
#2854=ORIENTED_EDGE('',*,*,#2138,.T.);
#2855=ORIENTED_EDGE('',*,*,#2139,.T.);
#2856=ORIENTED_EDGE('',*,*,#2140,.T.);
#2857=ORIENTED_EDGE('',*,*,#2141,.T.);
#2858=ORIENTED_EDGE('',*,*,#2142,.F.);
#2859=ORIENTED_EDGE('',*,*,#2143,.F.);
#2860=ORIENTED_EDGE('',*,*,#2144,.F.);
#2861=ORIENTED_EDGE('',*,*,#2145,.F.);
#2862=ORIENTED_EDGE('',*,*,#2146,.F.);
#2863=ORIENTED_EDGE('',*,*,#2147,.F.);
#2864=ORIENTED_EDGE('',*,*,#2136,.T.);
#2865=ORIENTED_EDGE('',*,*,#2148,.T.);
#2866=ORIENTED_EDGE('',*,*,#2146,.T.);
#2867=ORIENTED_EDGE('',*,*,#2149,.T.);
#2868=ORIENTED_EDGE('',*,*,#2128,.F.);
#2869=ORIENTED_EDGE('',*,*,#2150,.F.);
#2870=ORIENTED_EDGE('',*,*,#2151,.F.);
#2871=ORIENTED_EDGE('',*,*,#2152,.F.);
#2872=ORIENTED_EDGE('',*,*,#2153,.F.);
#2873=ORIENTED_EDGE('',*,*,#2154,.F.);
#2874=ORIENTED_EDGE('',*,*,#2143,.T.);
#2875=ORIENTED_EDGE('',*,*,#2155,.T.);
#2876=ORIENTED_EDGE('',*,*,#2153,.T.);
#2877=ORIENTED_EDGE('',*,*,#2156,.T.);
#2878=ORIENTED_EDGE('',*,*,#2157,.T.);
#2879=ORIENTED_EDGE('',*,*,#2154,.T.);
#2880=ORIENTED_EDGE('',*,*,#2158,.T.);
#2881=ORIENTED_EDGE('',*,*,#2141,.F.);
#2882=ORIENTED_EDGE('',*,*,#2159,.F.);
#2883=ORIENTED_EDGE('',*,*,#2160,.F.);
#2884=ORIENTED_EDGE('',*,*,#2161,.F.);
#2885=ORIENTED_EDGE('',*,*,#2162,.F.);
#2886=ORIENTED_EDGE('',*,*,#2163,.T.);
#2887=ORIENTED_EDGE('',*,*,#2144,.T.);
#2888=ORIENTED_EDGE('',*,*,#2164,.T.);
#2889=ORIENTED_EDGE('',*,*,#2160,.T.);
#2890=ORIENTED_EDGE('',*,*,#2165,.T.);
#2891=ORIENTED_EDGE('',*,*,#2166,.F.);
#2892=ORIENTED_EDGE('',*,*,#2167,.F.);
#2893=ORIENTED_EDGE('',*,*,#2168,.F.);
#2894=ORIENTED_EDGE('',*,*,#2169,.F.);
#2895=ORIENTED_EDGE('',*,*,#2150,.T.);
#2896=ORIENTED_EDGE('',*,*,#2170,.T.);
#2897=ORIENTED_EDGE('',*,*,#2168,.T.);
#2898=ORIENTED_EDGE('',*,*,#2171,.T.);
#2899=ORIENTED_EDGE('',*,*,#2172,.F.);
#2900=ORIENTED_EDGE('',*,*,#2173,.F.);
#2901=ORIENTED_EDGE('',*,*,#2126,.F.);
#2902=ORIENTED_EDGE('',*,*,#2174,.F.);
#2903=ORIENTED_EDGE('',*,*,#2175,.F.);
#2904=ORIENTED_EDGE('',*,*,#2176,.F.);
#2905=ORIENTED_EDGE('',*,*,#2175,.T.);
#2906=ORIENTED_EDGE('',*,*,#2177,.T.);
#2907=ORIENTED_EDGE('',*,*,#2152,.T.);
#2908=ORIENTED_EDGE('',*,*,#2178,.T.);
#2909=ORIENTED_EDGE('',*,*,#2179,.F.);
#2910=ORIENTED_EDGE('',*,*,#2180,.F.);
#2911=ORIENTED_EDGE('',*,*,#2181,.F.);
#2912=ORIENTED_EDGE('',*,*,#2182,.F.);
#2913=ORIENTED_EDGE('',*,*,#2183,.T.);
#2914=ORIENTED_EDGE('',*,*,#2180,.T.);
#2915=ORIENTED_EDGE('',*,*,#2184,.T.);
#2916=ORIENTED_EDGE('',*,*,#2172,.T.);
#2917=ORIENTED_EDGE('',*,*,#2185,.T.);
#2918=ORIENTED_EDGE('',*,*,#2186,.F.);
#2919=ORIENTED_EDGE('',*,*,#2187,.T.);
#2920=ORIENTED_EDGE('',*,*,#2159,.T.);
#2921=ORIENTED_EDGE('',*,*,#2188,.T.);
#2922=ORIENTED_EDGE('',*,*,#2181,.T.);
#2923=ORIENTED_EDGE('',*,*,#2189,.T.);
#2924=ORIENTED_EDGE('',*,*,#2190,.F.);
#2925=ORIENTED_EDGE('',*,*,#2191,.T.);
#2926=ORIENTED_EDGE('',*,*,#2192,.F.);
#2927=ORIENTED_EDGE('',*,*,#2193,.T.);
#2928=ORIENTED_EDGE('',*,*,#2194,.F.);
#2929=ORIENTED_EDGE('',*,*,#2195,.F.);
#2930=ORIENTED_EDGE('',*,*,#2196,.F.);
#2931=ORIENTED_EDGE('',*,*,#2173,.T.);
#2932=ORIENTED_EDGE('',*,*,#2197,.T.);
#2933=ORIENTED_EDGE('',*,*,#2195,.T.);
#2934=ORIENTED_EDGE('',*,*,#2198,.T.);
#2935=ORIENTED_EDGE('',*,*,#2199,.F.);
#2936=ORIENTED_EDGE('',*,*,#2200,.F.);
#2937=ORIENTED_EDGE('',*,*,#2201,.F.);
#2938=ORIENTED_EDGE('',*,*,#2200,.T.);
#2939=ORIENTED_EDGE('',*,*,#2202,.T.);
#2940=ORIENTED_EDGE('',*,*,#2176,.T.);
#2941=ORIENTED_EDGE('',*,*,#2203,.T.);
#2942=ORIENTED_EDGE('',*,*,#2196,.T.);
#2943=ORIENTED_EDGE('',*,*,#2204,.T.);
#2944=ORIENTED_EDGE('',*,*,#2201,.T.);
#2945=ORIENTED_EDGE('',*,*,#2205,.T.);
#2946=ORIENTED_EDGE('',*,*,#2199,.T.);
#2947=ORIENTED_EDGE('',*,*,#2206,.T.);
#2948=ORIENTED_EDGE('',*,*,#2179,.T.);
#2949=ORIENTED_EDGE('',*,*,#2207,.T.);
#2950=ORIENTED_EDGE('',*,*,#2118,.T.);
#2951=ORIENTED_EDGE('',*,*,#2208,.T.);
#2952=ORIENTED_EDGE('',*,*,#2169,.T.);
#2953=ORIENTED_EDGE('',*,*,#2209,.T.);
#2954=ORIENTED_EDGE('',*,*,#2194,.T.);
#2955=ORIENTED_EDGE('',*,*,#2210,.T.);
#2956=ORIENTED_EDGE('',*,*,#2174,.T.);
#2957=ORIENTED_EDGE('',*,*,#2211,.T.);
#2958=ORIENTED_EDGE('',*,*,#2161,.T.);
#2959=ORIENTED_EDGE('',*,*,#2212,.T.);
#2960=ORIENTED_EDGE('',*,*,#2167,.T.);
#2961=ORIENTED_EDGE('',*,*,#2213,.T.);
#2962=ORIENTED_EDGE('',*,*,#2147,.T.);
#2963=ORIENTED_EDGE('',*,*,#2214,.T.);
#2964=ORIENTED_EDGE('',*,*,#2135,.T.);
#2965=ORIENTED_EDGE('',*,*,#2215,.T.);
#2966=ORIENTED_EDGE('',*,*,#2151,.T.);
#2967=ORIENTED_EDGE('',*,*,#2216,.T.);
#2968=ORIENTED_EDGE('',*,*,#2217,.T.);
#2969=ORIENTED_EDGE('',*,*,#2145,.T.);
#2970=ORIENTED_EDGE('',*,*,#2218,.T.);
#2971=ORIENTED_EDGE('',*,*,#2122,.T.);
#2972=ORIENTED_EDGE('',*,*,#2219,.T.);
#2973=ORIENTED_EDGE('',*,*,#2142,.T.);
#2974=ORIENTED_EDGE('',*,*,#2220,.T.);
#2975=ORIENTED_EDGE('',*,*,#2221,.T.);
#2976=ORIENTED_EDGE('',*,*,#2120,.T.);
#2977=ORIENTED_EDGE('',*,*,#2222,.T.);
#2978=ORIENTED_EDGE('',*,*,#2139,.F.);
#2979=ORIENTED_EDGE('',*,*,#2223,.T.);
#2980=ORIENTED_EDGE('',*,*,#2224,.T.);
#2981=ORIENTED_EDGE('',*,*,#2137,.T.);
#2982=ORIENTED_EDGE('',*,*,#2225,.T.);
#2983=ORIENTED_EDGE('',*,*,#2131,.F.);
#2984=ORIENTED_EDGE('',*,*,#2226,.T.);
#2985=ORIENTED_EDGE('',*,*,#2227,.T.);
#2986=ORIENTED_EDGE('',*,*,#2133,.F.);
#2987=ORIENTED_EDGE('',*,*,#2228,.T.);
#2988=ORIENTED_EDGE('',*,*,#2229,.T.);
#2989=ORIENTED_EDGE('',*,*,#2226,.F.);
#2990=ORIENTED_EDGE('',*,*,#2230,.T.);
#2991=ORIENTED_EDGE('',*,*,#2221,.F.);
#2992=ORIENTED_EDGE('',*,*,#2121,.F.);
#2993=ORIENTED_EDGE('',*,*,#2231,.T.);
#2994=ORIENTED_EDGE('',*,*,#2132,.F.);
#2995=ORIENTED_EDGE('',*,*,#2232,.F.);
#2996=ORIENTED_EDGE('',*,*,#2233,.T.);
#2997=ORIENTED_EDGE('',*,*,#2234,.T.);
#2998=ORIENTED_EDGE('',*,*,#2235,.T.);
#2999=ORIENTED_EDGE('',*,*,#2236,.T.);
#3000=ORIENTED_EDGE('',*,*,#2237,.T.);
#3001=ORIENTED_EDGE('',*,*,#2238,.T.);
#3002=ORIENTED_EDGE('',*,*,#2101,.T.);
#3003=ORIENTED_EDGE('',*,*,#2239,.T.);
#3004=ORIENTED_EDGE('',*,*,#2240,.T.);
#3005=ORIENTED_EDGE('',*,*,#2241,.T.);
#3006=ORIENTED_EDGE('',*,*,#2242,.T.);
#3007=ORIENTED_EDGE('',*,*,#2243,.T.);
#3008=ORIENTED_EDGE('',*,*,#2244,.T.);
#3009=ORIENTED_EDGE('',*,*,#2245,.T.);
#3010=ORIENTED_EDGE('',*,*,#2246,.T.);
#3011=ORIENTED_EDGE('',*,*,#2247,.T.);
#3012=ORIENTED_EDGE('',*,*,#2248,.T.);
#3013=ORIENTED_EDGE('',*,*,#2249,.T.);
#3014=ORIENTED_EDGE('',*,*,#2250,.T.);
#3015=ORIENTED_EDGE('',*,*,#2251,.T.);
#3016=ORIENTED_EDGE('',*,*,#2252,.T.);
#3017=ORIENTED_EDGE('',*,*,#2253,.T.);
#3018=ORIENTED_EDGE('',*,*,#2254,.T.);
#3019=ORIENTED_EDGE('',*,*,#2255,.T.);
#3020=ORIENTED_EDGE('',*,*,#2109,.T.);
#3021=ORIENTED_EDGE('',*,*,#2256,.T.);
#3022=ORIENTED_EDGE('',*,*,#2257,.T.);
#3023=ORIENTED_EDGE('',*,*,#2258,.T.);
#3024=ORIENTED_EDGE('',*,*,#2259,.T.);
#3025=ORIENTED_EDGE('',*,*,#2260,.T.);
#3026=ORIENTED_EDGE('',*,*,#2261,.F.);
#3027=ORIENTED_EDGE('',*,*,#2223,.F.);
#3028=ORIENTED_EDGE('',*,*,#2262,.T.);
#3029=ORIENTED_EDGE('',*,*,#2228,.F.);
#3030=ORIENTED_EDGE('',*,*,#2231,.F.);
#3031=ORIENTED_EDGE('',*,*,#2138,.F.);
#3032=ORIENTED_EDGE('',*,*,#2263,.F.);
#3033=ORIENTED_EDGE('',*,*,#2230,.F.);
#3034=ORIENTED_EDGE('',*,*,#2262,.F.);
#3035=ORIENTED_EDGE('',*,*,#2158,.F.);
#3036=ORIENTED_EDGE('',*,*,#2155,.F.);
#3037=ORIENTED_EDGE('',*,*,#2219,.F.);
#3038=ORIENTED_EDGE('',*,*,#2263,.T.);
#3039=ORIENTED_EDGE('',*,*,#2127,.F.);
#3040=ORIENTED_EDGE('',*,*,#2198,.F.);
#3041=ORIENTED_EDGE('',*,*,#2209,.F.);
#3042=ORIENTED_EDGE('',*,*,#2170,.F.);
#3043=ORIENTED_EDGE('',*,*,#2264,.T.);
#3044=ORIENTED_EDGE('',*,*,#2105,.T.);
#3045=ORIENTED_EDGE('',*,*,#2265,.T.);
#3046=ORIENTED_EDGE('',*,*,#2116,.T.);
#3047=ORIENTED_EDGE('',*,*,#2129,.F.);
#3048=ORIENTED_EDGE('',*,*,#2215,.F.);
#3049=ORIENTED_EDGE('',*,*,#2224,.F.);
#3050=ORIENTED_EDGE('',*,*,#2130,.F.);
#3051=ORIENTED_EDGE('',*,*,#2183,.F.);
#3052=ORIENTED_EDGE('',*,*,#2266,.T.);
#3053=ORIENTED_EDGE('',*,*,#2189,.F.);
#3054=ORIENTED_EDGE('',*,*,#2165,.F.);
#3055=ORIENTED_EDGE('',*,*,#2187,.F.);
#3056=ORIENTED_EDGE('',*,*,#2267,.T.);
#3057=ORIENTED_EDGE('',*,*,#2140,.F.);
#3058=ORIENTED_EDGE('',*,*,#2222,.F.);
#3059=ORIENTED_EDGE('',*,*,#2119,.F.);
#3060=ORIENTED_EDGE('',*,*,#2210,.F.);
#3061=ORIENTED_EDGE('',*,*,#2205,.F.);
#3062=ORIENTED_EDGE('',*,*,#2203,.F.);
#3063=ORIENTED_EDGE('',*,*,#2178,.F.);
#3064=ORIENTED_EDGE('',*,*,#2157,.F.);
#3065=ORIENTED_EDGE('',*,*,#2123,.F.);
#3066=ORIENTED_EDGE('',*,*,#2218,.F.);
#3067=ORIENTED_EDGE('',*,*,#2213,.F.);
#3068=ORIENTED_EDGE('',*,*,#2208,.F.);
#3069=ORIENTED_EDGE('',*,*,#2156,.F.);
#3070=ORIENTED_EDGE('',*,*,#2177,.F.);
#3071=ORIENTED_EDGE('',*,*,#2212,.F.);
#3072=ORIENTED_EDGE('',*,*,#2164,.F.);
#3073=ORIENTED_EDGE('',*,*,#2171,.F.);
#3074=ORIENTED_EDGE('',*,*,#2214,.F.);
#3075=ORIENTED_EDGE('',*,*,#2148,.F.);
#3076=ORIENTED_EDGE('',*,*,#2216,.F.);
#3077=ORIENTED_EDGE('',*,*,#2184,.F.);
#3078=ORIENTED_EDGE('',*,*,#2206,.F.);
#3079=ORIENTED_EDGE('',*,*,#2204,.F.);
#3080=ORIENTED_EDGE('',*,*,#2197,.F.);
#3081=ORIENTED_EDGE('',*,*,#2202,.F.);
#3082=ORIENTED_EDGE('',*,*,#2207,.F.);
#3083=ORIENTED_EDGE('',*,*,#2188,.F.);
#3084=ORIENTED_EDGE('',*,*,#2211,.F.);
#3085=ORIENTED_EDGE('',*,*,#2268,.F.);
#3086=ORIENTED_EDGE('',*,*,#2269,.T.);
#3087=ORIENTED_EDGE('',*,*,#2166,.T.);
#3088=ORIENTED_EDGE('',*,*,#2267,.F.);
#3089=ORIENTED_EDGE('',*,*,#2186,.T.);
#3090=ORIENTED_EDGE('',*,*,#2270,.F.);
#3091=ORIENTED_EDGE('',*,*,#2162,.T.);
#3092=ORIENTED_EDGE('',*,*,#2269,.F.);
#3093=ORIENTED_EDGE('',*,*,#2268,.T.);
#3094=ORIENTED_EDGE('',*,*,#2271,.F.);
#3095=ORIENTED_EDGE('',*,*,#2272,.F.);
#3096=ORIENTED_EDGE('',*,*,#2273,.T.);
#3097=ORIENTED_EDGE('',*,*,#2274,.F.);
#3098=ORIENTED_EDGE('',*,*,#2190,.T.);
#3099=ORIENTED_EDGE('',*,*,#2266,.F.);
#3100=ORIENTED_EDGE('',*,*,#2182,.T.);
#3101=ORIENTED_EDGE('',*,*,#2275,.F.);
#3102=ORIENTED_EDGE('',*,*,#2273,.F.);
#3103=ORIENTED_EDGE('',*,*,#2272,.T.);
#3104=ORIENTED_EDGE('',*,*,#2276,.F.);
#3105=ORIENTED_EDGE('',*,*,#2277,.F.);
#3106=ORIENTED_EDGE('',*,*,#2278,.T.);
#3107=ORIENTED_EDGE('',*,*,#2279,.F.);
#3108=ORIENTED_EDGE('',*,*,#2192,.T.);
#3109=ORIENTED_EDGE('',*,*,#2280,.F.);
#3110=ORIENTED_EDGE('',*,*,#2278,.F.);
#3111=ORIENTED_EDGE('',*,*,#2277,.T.);
#3112=ORIENTED_EDGE('',*,*,#2281,.F.);
#3113=ORIENTED_EDGE('',*,*,#2282,.T.);
#3114=ORIENTED_EDGE('',*,*,#2283,.T.);
#3115=ORIENTED_EDGE('',*,*,#2284,.T.);
#3116=ORIENTED_EDGE('',*,*,#2285,.T.);
#3117=ORIENTED_EDGE('',*,*,#2286,.T.);
#3118=ORIENTED_EDGE('',*,*,#2287,.T.);
#3119=ORIENTED_EDGE('',*,*,#2281,.T.);
#3120=ORIENTED_EDGE('',*,*,#2287,.F.);
#3121=ORIENTED_EDGE('',*,*,#2288,.T.);
#3122=ORIENTED_EDGE('',*,*,#2289,.T.);
#3123=ORIENTED_EDGE('',*,*,#2290,.T.);
#3124=ORIENTED_EDGE('',*,*,#2291,.T.);
#3125=ORIENTED_EDGE('',*,*,#2292,.T.);
#3126=ORIENTED_EDGE('',*,*,#2293,.F.);
#3127=ORIENTED_EDGE('',*,*,#2294,.T.);
#3128=ORIENTED_EDGE('',*,*,#2295,.F.);
#3129=ORIENTED_EDGE('',*,*,#2296,.T.);
#3130=ORIENTED_EDGE('',*,*,#2297,.F.);
#3131=ORIENTED_EDGE('',*,*,#2298,.T.);
#3132=ORIENTED_EDGE('',*,*,#2299,.F.);
#3133=ORIENTED_EDGE('',*,*,#2300,.T.);
#3134=ORIENTED_EDGE('',*,*,#2286,.F.);
#3135=ORIENTED_EDGE('',*,*,#2301,.F.);
#3136=ORIENTED_EDGE('',*,*,#2302,.F.);
#3137=ORIENTED_EDGE('',*,*,#2303,.F.);
#3138=ORIENTED_EDGE('',*,*,#2304,.F.);
#3139=ORIENTED_EDGE('',*,*,#2288,.F.);
#3140=ORIENTED_EDGE('',*,*,#2292,.F.);
#3141=ORIENTED_EDGE('',*,*,#2305,.F.);
#3142=ORIENTED_EDGE('',*,*,#2306,.F.);
#3143=ORIENTED_EDGE('',*,*,#2307,.F.);
#3144=ORIENTED_EDGE('',*,*,#2308,.F.);
#3145=ORIENTED_EDGE('',*,*,#2296,.F.);
#3146=ORIENTED_EDGE('',*,*,#2309,.F.);
#3147=ORIENTED_EDGE('',*,*,#2310,.F.);
#3148=ORIENTED_EDGE('',*,*,#2283,.F.);
#3149=ORIENTED_EDGE('',*,*,#2307,.T.);
#3150=ORIENTED_EDGE('',*,*,#2311,.F.);
#3151=ORIENTED_EDGE('',*,*,#2309,.T.);
#3152=ORIENTED_EDGE('',*,*,#2295,.T.);
#3153=ORIENTED_EDGE('',*,*,#2312,.T.);
#3154=ORIENTED_EDGE('',*,*,#2313,.T.);
#3155=ORIENTED_EDGE('',*,*,#2314,.T.);
#3156=ORIENTED_EDGE('',*,*,#2284,.F.);
#3157=ORIENTED_EDGE('',*,*,#2310,.T.);
#3158=ORIENTED_EDGE('',*,*,#2313,.F.);
#3159=ORIENTED_EDGE('',*,*,#2315,.F.);
#3160=ORIENTED_EDGE('',*,*,#2289,.F.);
#3161=ORIENTED_EDGE('',*,*,#2304,.T.);
#3162=ORIENTED_EDGE('',*,*,#2316,.F.);
#3163=ORIENTED_EDGE('',*,*,#2317,.F.);
#3164=ORIENTED_EDGE('',*,*,#2298,.F.);
#3165=ORIENTED_EDGE('',*,*,#2318,.F.);
#3166=ORIENTED_EDGE('',*,*,#2319,.T.);
#3167=ORIENTED_EDGE('',*,*,#2299,.T.);
#3168=ORIENTED_EDGE('',*,*,#2317,.T.);
#3169=ORIENTED_EDGE('',*,*,#2320,.T.);
#3170=ORIENTED_EDGE('',*,*,#2321,.F.);
#3171=ORIENTED_EDGE('',*,*,#2311,.T.);
#3172=ORIENTED_EDGE('',*,*,#2306,.T.);
#3173=ORIENTED_EDGE('',*,*,#2322,.T.);
#3174=ORIENTED_EDGE('',*,*,#2320,.F.);
#3175=ORIENTED_EDGE('',*,*,#2316,.T.);
#3176=ORIENTED_EDGE('',*,*,#2303,.T.);
#3177=ORIENTED_EDGE('',*,*,#2323,.T.);
#3178=ORIENTED_EDGE('',*,*,#2282,.F.);
#3179=ORIENTED_EDGE('',*,*,#2323,.F.);
#3180=ORIENTED_EDGE('',*,*,#2302,.T.);
#3181=ORIENTED_EDGE('',*,*,#2324,.T.);
#3182=ORIENTED_EDGE('',*,*,#2325,.F.);
#3183=ORIENTED_EDGE('',*,*,#2324,.F.);
#3184=ORIENTED_EDGE('',*,*,#2301,.T.);
#3185=ORIENTED_EDGE('',*,*,#2285,.F.);
#3186=ORIENTED_EDGE('',*,*,#2314,.F.);
#3187=ORIENTED_EDGE('',*,*,#2312,.F.);
#3188=ORIENTED_EDGE('',*,*,#2294,.F.);
#3189=ORIENTED_EDGE('',*,*,#2325,.T.);
#3190=ORIENTED_EDGE('',*,*,#2293,.T.);
#3191=ORIENTED_EDGE('',*,*,#2308,.T.);
#3192=ORIENTED_EDGE('',*,*,#2321,.T.);
#3193=ORIENTED_EDGE('',*,*,#2318,.T.);
#3194=ORIENTED_EDGE('',*,*,#2297,.T.);
#3195=ORIENTED_EDGE('',*,*,#2326,.T.);
#3196=ORIENTED_EDGE('',*,*,#2327,.T.);
#3197=ORIENTED_EDGE('',*,*,#2328,.F.);
#3198=ORIENTED_EDGE('',*,*,#2326,.F.);
#3199=ORIENTED_EDGE('',*,*,#2300,.F.);
#3200=ORIENTED_EDGE('',*,*,#2319,.F.);
#3201=ORIENTED_EDGE('',*,*,#2322,.F.);
#3202=ORIENTED_EDGE('',*,*,#2305,.T.);
#3203=ORIENTED_EDGE('',*,*,#2291,.F.);
#3204=ORIENTED_EDGE('',*,*,#2328,.T.);
#3205=ORIENTED_EDGE('',*,*,#2290,.F.);
#3206=ORIENTED_EDGE('',*,*,#2315,.T.);
#3207=ORIENTED_EDGE('',*,*,#2327,.F.);
#3208=ORIENTED_EDGE('',*,*,#2329,.F.);
#3209=ORIENTED_EDGE('',*,*,#2330,.T.);
#3210=ORIENTED_EDGE('',*,*,#2331,.T.);
#3211=ORIENTED_EDGE('',*,*,#2332,.T.);
#3212=ORIENTED_EDGE('',*,*,#2333,.F.);
#3213=ORIENTED_EDGE('',*,*,#2334,.T.);
#3214=ORIENTED_EDGE('',*,*,#2335,.T.);
#3215=ORIENTED_EDGE('',*,*,#2336,.T.);
#3216=ORIENTED_EDGE('',*,*,#2337,.T.);
#3217=ORIENTED_EDGE('',*,*,#2336,.F.);
#3218=ORIENTED_EDGE('',*,*,#2338,.T.);
#3219=ORIENTED_EDGE('',*,*,#2339,.T.);
#3220=ORIENTED_EDGE('',*,*,#2337,.F.);
#3221=ORIENTED_EDGE('',*,*,#2340,.F.);
#3222=ORIENTED_EDGE('',*,*,#2341,.T.);
#3223=ORIENTED_EDGE('',*,*,#2342,.T.);
#3224=ORIENTED_EDGE('',*,*,#2343,.T.);
#3225=ORIENTED_EDGE('',*,*,#2344,.F.);
#3226=ORIENTED_EDGE('',*,*,#2345,.T.);
#3227=ORIENTED_EDGE('',*,*,#2346,.T.);
#3228=ORIENTED_EDGE('',*,*,#2347,.T.);
#3229=ORIENTED_EDGE('',*,*,#2348,.T.);
#3230=ORIENTED_EDGE('',*,*,#2347,.F.);
#3231=ORIENTED_EDGE('',*,*,#2349,.T.);
#3232=ORIENTED_EDGE('',*,*,#2350,.T.);
#3233=ORIENTED_EDGE('',*,*,#2348,.F.);
#3234=ORIENTED_EDGE('',*,*,#2351,.T.);
#3235=ORIENTED_EDGE('',*,*,#2352,.T.);
#3236=ORIENTED_EDGE('',*,*,#2353,.T.);
#3237=ORIENTED_EDGE('',*,*,#2276,.T.);
#3238=ORIENTED_EDGE('',*,*,#2353,.F.);
#3239=ORIENTED_EDGE('',*,*,#2354,.T.);
#3240=ORIENTED_EDGE('',*,*,#2355,.T.);
#3241=ORIENTED_EDGE('',*,*,#2356,.T.);
#3242=ORIENTED_EDGE('',*,*,#2357,.T.);
#3243=ORIENTED_EDGE('',*,*,#2358,.T.);
#3244=ORIENTED_EDGE('',*,*,#2359,.T.);
#3245=ORIENTED_EDGE('',*,*,#2360,.T.);
#3246=ORIENTED_EDGE('',*,*,#2361,.T.);
#3247=ORIENTED_EDGE('',*,*,#2362,.T.);
#3248=ORIENTED_EDGE('',*,*,#2363,.T.);
#3249=ORIENTED_EDGE('',*,*,#2271,.T.);
#3250=ORIENTED_EDGE('',*,*,#2363,.F.);
#3251=ORIENTED_EDGE('',*,*,#2364,.T.);
#3252=ORIENTED_EDGE('',*,*,#2365,.T.);
#3253=ORIENTED_EDGE('',*,*,#2366,.T.);
#3254=ORIENTED_EDGE('',*,*,#2367,.T.);
#3255=ORIENTED_EDGE('',*,*,#2368,.T.);
#3256=ORIENTED_EDGE('',*,*,#2369,.T.);
#3257=ORIENTED_EDGE('',*,*,#2370,.T.);
#3258=ORIENTED_EDGE('',*,*,#2358,.F.);
#3259=ORIENTED_EDGE('',*,*,#2371,.F.);
#3260=ORIENTED_EDGE('',*,*,#2331,.F.);
#3261=ORIENTED_EDGE('',*,*,#2372,.F.);
#3262=ORIENTED_EDGE('',*,*,#2373,.F.);
#3263=ORIENTED_EDGE('',*,*,#2355,.F.);
#3264=ORIENTED_EDGE('',*,*,#2374,.T.);
#3265=ORIENTED_EDGE('',*,*,#2334,.F.);
#3266=ORIENTED_EDGE('',*,*,#2375,.F.);
#3267=ORIENTED_EDGE('',*,*,#2376,.F.);
#3268=ORIENTED_EDGE('',*,*,#2377,.F.);
#3269=ORIENTED_EDGE('',*,*,#2352,.F.);
#3270=ORIENTED_EDGE('',*,*,#2378,.F.);
#3271=ORIENTED_EDGE('',*,*,#2338,.F.);
#3272=ORIENTED_EDGE('',*,*,#2335,.F.);
#3273=ORIENTED_EDGE('',*,*,#2374,.F.);
#3274=ORIENTED_EDGE('',*,*,#2354,.F.);
#3275=ORIENTED_EDGE('',*,*,#2368,.F.);
#3276=ORIENTED_EDGE('',*,*,#2379,.F.);
#3277=ORIENTED_EDGE('',*,*,#2342,.F.);
#3278=ORIENTED_EDGE('',*,*,#2380,.F.);
#3279=ORIENTED_EDGE('',*,*,#2381,.F.);
#3280=ORIENTED_EDGE('',*,*,#2365,.F.);
#3281=ORIENTED_EDGE('',*,*,#2382,.T.);
#3282=ORIENTED_EDGE('',*,*,#2345,.F.);
#3283=ORIENTED_EDGE('',*,*,#2383,.F.);
#3284=ORIENTED_EDGE('',*,*,#2384,.F.);
#3285=ORIENTED_EDGE('',*,*,#2385,.F.);
#3286=ORIENTED_EDGE('',*,*,#2362,.F.);
#3287=ORIENTED_EDGE('',*,*,#2386,.F.);
#3288=ORIENTED_EDGE('',*,*,#2349,.F.);
#3289=ORIENTED_EDGE('',*,*,#2346,.F.);
#3290=ORIENTED_EDGE('',*,*,#2382,.F.);
#3291=ORIENTED_EDGE('',*,*,#2364,.F.);
#3292=ORIENTED_EDGE('',*,*,#2387,.F.);
#3293=ORIENTED_EDGE('',*,*,#2388,.F.);
#3294=ORIENTED_EDGE('',*,*,#2389,.F.);
#3295=ORIENTED_EDGE('',*,*,#2390,.F.);
#3296=ORIENTED_EDGE('',*,*,#2359,.F.);
#3297=ORIENTED_EDGE('',*,*,#2372,.T.);
#3298=ORIENTED_EDGE('',*,*,#2330,.F.);
#3299=ORIENTED_EDGE('',*,*,#2389,.T.);
#3300=ORIENTED_EDGE('',*,*,#2391,.T.);
#3301=ORIENTED_EDGE('',*,*,#2392,.T.);
#3302=ORIENTED_EDGE('',*,*,#2393,.T.);
#3303=ORIENTED_EDGE('',*,*,#2394,.T.);
#3304=ORIENTED_EDGE('',*,*,#2360,.F.);
#3305=ORIENTED_EDGE('',*,*,#2390,.T.);
#3306=ORIENTED_EDGE('',*,*,#2393,.F.);
#3307=ORIENTED_EDGE('',*,*,#2395,.T.);
#3308=ORIENTED_EDGE('',*,*,#2396,.T.);
#3309=ORIENTED_EDGE('',*,*,#2375,.T.);
#3310=ORIENTED_EDGE('',*,*,#2333,.T.);
#3311=ORIENTED_EDGE('',*,*,#2397,.F.);
#3312=ORIENTED_EDGE('',*,*,#2339,.F.);
#3313=ORIENTED_EDGE('',*,*,#2378,.T.);
#3314=ORIENTED_EDGE('',*,*,#2351,.F.);
#3315=ORIENTED_EDGE('',*,*,#2394,.F.);
#3316=ORIENTED_EDGE('',*,*,#2392,.F.);
#3317=ORIENTED_EDGE('',*,*,#2398,.F.);
#3318=ORIENTED_EDGE('',*,*,#2399,.F.);
#3319=ORIENTED_EDGE('',*,*,#2398,.T.);
#3320=ORIENTED_EDGE('',*,*,#2391,.F.);
#3321=ORIENTED_EDGE('',*,*,#2388,.T.);
#3322=ORIENTED_EDGE('',*,*,#2397,.T.);
#3323=ORIENTED_EDGE('',*,*,#2399,.T.);
#3324=ORIENTED_EDGE('',*,*,#2387,.T.);
#3325=ORIENTED_EDGE('',*,*,#2329,.T.);
#3326=ORIENTED_EDGE('',*,*,#2400,.F.);
#3327=ORIENTED_EDGE('',*,*,#2376,.T.);
#3328=ORIENTED_EDGE('',*,*,#2396,.F.);
#3329=ORIENTED_EDGE('',*,*,#2401,.T.);
#3330=ORIENTED_EDGE('',*,*,#2377,.T.);
#3331=ORIENTED_EDGE('',*,*,#2400,.T.);
#3332=ORIENTED_EDGE('',*,*,#2402,.T.);
#3333=ORIENTED_EDGE('',*,*,#2403,.T.);
#3334=ORIENTED_EDGE('',*,*,#2404,.F.);
#3335=ORIENTED_EDGE('',*,*,#2402,.F.);
#3336=ORIENTED_EDGE('',*,*,#2401,.F.);
#3337=ORIENTED_EDGE('',*,*,#2395,.F.);
#3338=ORIENTED_EDGE('',*,*,#2332,.F.);
#3339=ORIENTED_EDGE('',*,*,#2371,.T.);
#3340=ORIENTED_EDGE('',*,*,#2357,.F.);
#3341=ORIENTED_EDGE('',*,*,#2404,.T.);
#3342=ORIENTED_EDGE('',*,*,#2356,.F.);
#3343=ORIENTED_EDGE('',*,*,#2373,.T.);
#3344=ORIENTED_EDGE('',*,*,#2403,.F.);
#3345=ORIENTED_EDGE('',*,*,#2405,.F.);
#3346=ORIENTED_EDGE('',*,*,#2406,.F.);
#3347=ORIENTED_EDGE('',*,*,#2407,.F.);
#3348=ORIENTED_EDGE('',*,*,#2408,.F.);
#3349=ORIENTED_EDGE('',*,*,#2369,.F.);
#3350=ORIENTED_EDGE('',*,*,#2380,.T.);
#3351=ORIENTED_EDGE('',*,*,#2341,.F.);
#3352=ORIENTED_EDGE('',*,*,#2407,.T.);
#3353=ORIENTED_EDGE('',*,*,#2409,.T.);
#3354=ORIENTED_EDGE('',*,*,#2410,.T.);
#3355=ORIENTED_EDGE('',*,*,#2411,.T.);
#3356=ORIENTED_EDGE('',*,*,#2412,.T.);
#3357=ORIENTED_EDGE('',*,*,#2370,.F.);
#3358=ORIENTED_EDGE('',*,*,#2408,.T.);
#3359=ORIENTED_EDGE('',*,*,#2411,.F.);
#3360=ORIENTED_EDGE('',*,*,#2413,.T.);
#3361=ORIENTED_EDGE('',*,*,#2414,.T.);
#3362=ORIENTED_EDGE('',*,*,#2383,.T.);
#3363=ORIENTED_EDGE('',*,*,#2344,.T.);
#3364=ORIENTED_EDGE('',*,*,#2415,.F.);
#3365=ORIENTED_EDGE('',*,*,#2350,.F.);
#3366=ORIENTED_EDGE('',*,*,#2386,.T.);
#3367=ORIENTED_EDGE('',*,*,#2361,.F.);
#3368=ORIENTED_EDGE('',*,*,#2412,.F.);
#3369=ORIENTED_EDGE('',*,*,#2410,.F.);
#3370=ORIENTED_EDGE('',*,*,#2416,.F.);
#3371=ORIENTED_EDGE('',*,*,#2417,.F.);
#3372=ORIENTED_EDGE('',*,*,#2416,.T.);
#3373=ORIENTED_EDGE('',*,*,#2409,.F.);
#3374=ORIENTED_EDGE('',*,*,#2406,.T.);
#3375=ORIENTED_EDGE('',*,*,#2415,.T.);
#3376=ORIENTED_EDGE('',*,*,#2417,.T.);
#3377=ORIENTED_EDGE('',*,*,#2405,.T.);
#3378=ORIENTED_EDGE('',*,*,#2340,.T.);
#3379=ORIENTED_EDGE('',*,*,#2418,.F.);
#3380=ORIENTED_EDGE('',*,*,#2384,.T.);
#3381=ORIENTED_EDGE('',*,*,#2414,.F.);
#3382=ORIENTED_EDGE('',*,*,#2419,.T.);
#3383=ORIENTED_EDGE('',*,*,#2385,.T.);
#3384=ORIENTED_EDGE('',*,*,#2418,.T.);
#3385=ORIENTED_EDGE('',*,*,#2420,.T.);
#3386=ORIENTED_EDGE('',*,*,#2421,.T.);
#3387=ORIENTED_EDGE('',*,*,#2422,.F.);
#3388=ORIENTED_EDGE('',*,*,#2420,.F.);
#3389=ORIENTED_EDGE('',*,*,#2419,.F.);
#3390=ORIENTED_EDGE('',*,*,#2413,.F.);
#3391=ORIENTED_EDGE('',*,*,#2343,.F.);
#3392=ORIENTED_EDGE('',*,*,#2379,.T.);
#3393=ORIENTED_EDGE('',*,*,#2367,.F.);
#3394=ORIENTED_EDGE('',*,*,#2422,.T.);
#3395=ORIENTED_EDGE('',*,*,#2366,.F.);
#3396=ORIENTED_EDGE('',*,*,#2381,.T.);
#3397=ORIENTED_EDGE('',*,*,#2421,.F.);
#3398=ORIENTED_EDGE('',*,*,#2246,.F.);
#3399=ORIENTED_EDGE('',*,*,#2423,.F.);
#3400=ORIENTED_EDGE('',*,*,#2248,.F.);
#3401=ORIENTED_EDGE('',*,*,#2424,.F.);
#3402=ORIENTED_EDGE('',*,*,#2247,.F.);
#3403=ORIENTED_EDGE('',*,*,#2424,.T.);
#3404=ORIENTED_EDGE('',*,*,#2256,.F.);
#3405=ORIENTED_EDGE('',*,*,#2108,.F.);
#3406=ORIENTED_EDGE('',*,*,#2112,.F.);
#3407=ORIENTED_EDGE('',*,*,#2425,.F.);
#3408=ORIENTED_EDGE('',*,*,#2117,.F.);
#3409=ORIENTED_EDGE('',*,*,#2265,.F.);
#3410=ORIENTED_EDGE('',*,*,#2104,.F.);
#3411=ORIENTED_EDGE('',*,*,#2426,.F.);
#3412=ORIENTED_EDGE('',*,*,#2102,.F.);
#3413=ORIENTED_EDGE('',*,*,#2238,.F.);
#3414=ORIENTED_EDGE('',*,*,#2427,.F.);
#3415=ORIENTED_EDGE('',*,*,#2241,.F.);
#3416=ORIENTED_EDGE('',*,*,#2428,.F.);
#3417=ORIENTED_EDGE('',*,*,#2253,.F.);
#3418=ORIENTED_EDGE('',*,*,#2429,.F.);
#3419=ORIENTED_EDGE('',*,*,#2234,.F.);
#3420=ORIENTED_EDGE('',*,*,#2430,.F.);
#3421=ORIENTED_EDGE('',*,*,#2431,.F.);
#3422=ORIENTED_EDGE('',*,*,#2260,.F.);
#3423=ORIENTED_EDGE('',*,*,#2432,.F.);
#3424=ORIENTED_EDGE('',*,*,#2235,.F.);
#3425=ORIENTED_EDGE('',*,*,#2432,.T.);
#3426=ORIENTED_EDGE('',*,*,#2259,.F.);
#3427=ORIENTED_EDGE('',*,*,#2433,.F.);
#3428=ORIENTED_EDGE('',*,*,#2114,.T.);
#3429=ORIENTED_EDGE('',*,*,#2425,.T.);
#3430=ORIENTED_EDGE('',*,*,#2111,.F.);
#3431=ORIENTED_EDGE('',*,*,#2434,.F.);
#3432=ORIENTED_EDGE('',*,*,#2240,.F.);
#3433=ORIENTED_EDGE('',*,*,#2435,.F.);
#3434=ORIENTED_EDGE('',*,*,#2254,.F.);
#3435=ORIENTED_EDGE('',*,*,#2428,.T.);
#3436=ORIENTED_EDGE('',*,*,#2236,.F.);
#3437=ORIENTED_EDGE('',*,*,#2433,.T.);
#3438=ORIENTED_EDGE('',*,*,#2258,.F.);
#3439=ORIENTED_EDGE('',*,*,#2436,.F.);
#3440=ORIENTED_EDGE('',*,*,#2255,.F.);
#3441=ORIENTED_EDGE('',*,*,#2435,.T.);
#3442=ORIENTED_EDGE('',*,*,#2239,.F.);
#3443=ORIENTED_EDGE('',*,*,#2100,.F.);
#3444=ORIENTED_EDGE('',*,*,#2437,.F.);
#3445=ORIENTED_EDGE('',*,*,#2106,.F.);
#3446=ORIENTED_EDGE('',*,*,#2264,.F.);
#3447=ORIENTED_EDGE('',*,*,#2115,.T.);
#3448=ORIENTED_EDGE('',*,*,#2434,.T.);
#3449=ORIENTED_EDGE('',*,*,#2113,.T.);
#3450=ORIENTED_EDGE('',*,*,#2110,.T.);
#3451=ORIENTED_EDGE('',*,*,#2217,.F.);
#3452=ORIENTED_EDGE('',*,*,#2261,.T.);
#3453=ORIENTED_EDGE('',*,*,#2431,.T.);
#3454=ORIENTED_EDGE('',*,*,#2438,.T.);
#3455=ORIENTED_EDGE('',*,*,#2232,.T.);
#3456=ORIENTED_EDGE('',*,*,#2225,.F.);
#3457=ORIENTED_EDGE('',*,*,#2149,.F.);
#3458=ORIENTED_EDGE('',*,*,#2427,.T.);
#3459=ORIENTED_EDGE('',*,*,#2237,.F.);
#3460=ORIENTED_EDGE('',*,*,#2436,.T.);
#3461=ORIENTED_EDGE('',*,*,#2257,.F.);
#3462=ORIENTED_EDGE('',*,*,#2430,.T.);
#3463=ORIENTED_EDGE('',*,*,#2233,.F.);
#3464=ORIENTED_EDGE('',*,*,#2438,.F.);
#3465=ORIENTED_EDGE('',*,*,#2103,.T.);
#3466=ORIENTED_EDGE('',*,*,#2437,.T.);
#3467=ORIENTED_EDGE('',*,*,#2099,.F.);
#3468=ORIENTED_EDGE('',*,*,#2426,.T.);
#3469=ORIENTED_EDGE('',*,*,#2439,.T.);
#3470=ORIENTED_EDGE('',*,*,#2242,.F.);
#3471=ORIENTED_EDGE('',*,*,#2429,.T.);
#3472=ORIENTED_EDGE('',*,*,#2252,.F.);
#3473=ORIENTED_EDGE('',*,*,#2163,.F.);
#3474=ORIENTED_EDGE('',*,*,#2270,.T.);
#3475=ORIENTED_EDGE('',*,*,#2193,.F.);
#3476=ORIENTED_EDGE('',*,*,#2279,.T.);
#3477=ORIENTED_EDGE('',*,*,#2280,.T.);
#3478=ORIENTED_EDGE('',*,*,#2191,.F.);
#3479=ORIENTED_EDGE('',*,*,#2274,.T.);
#3480=ORIENTED_EDGE('',*,*,#2275,.T.);
#3481=ORIENTED_EDGE('',*,*,#2185,.F.);
#3482=ORIENTED_EDGE('',*,*,#2125,.F.);
#3483=ORIENTED_EDGE('',*,*,#2134,.F.);
#3484=ORIENTED_EDGE('',*,*,#2227,.F.);
#3485=ORIENTED_EDGE('',*,*,#2229,.F.);
#3486=ORIENTED_EDGE('',*,*,#2220,.F.);
#3487=ORIENTED_EDGE('',*,*,#2243,.F.);
#3488=ORIENTED_EDGE('',*,*,#2439,.F.);
#3489=ORIENTED_EDGE('',*,*,#2251,.F.);
#3490=ORIENTED_EDGE('',*,*,#2440,.T.);
#3491=ORIENTED_EDGE('',*,*,#2441,.T.);
#3492=ORIENTED_EDGE('',*,*,#2244,.F.);
#3493=ORIENTED_EDGE('',*,*,#2440,.F.);
#3494=ORIENTED_EDGE('',*,*,#2250,.F.);
#3495=ORIENTED_EDGE('',*,*,#2249,.F.);
#3496=ORIENTED_EDGE('',*,*,#2423,.T.);
#3497=ORIENTED_EDGE('',*,*,#2245,.F.);
#3498=ORIENTED_EDGE('',*,*,#2441,.F.);
#3499=ORIENTED_EDGE('',*,*,#2442,.F.);
#3500=ORIENTED_EDGE('',*,*,#2443,.T.);
#3501=ORIENTED_EDGE('',*,*,#2444,.F.);
#3502=ORIENTED_EDGE('',*,*,#2445,.T.);
#3503=ORIENTED_EDGE('',*,*,#2446,.F.);
#3504=ORIENTED_EDGE('',*,*,#2447,.T.);
#3505=ORIENTED_EDGE('',*,*,#2442,.T.);
#3506=ORIENTED_EDGE('',*,*,#2448,.T.);
#3507=ORIENTED_EDGE('',*,*,#2449,.F.);
#3508=ORIENTED_EDGE('',*,*,#2450,.T.);
#3509=ORIENTED_EDGE('',*,*,#2446,.T.);
#3510=ORIENTED_EDGE('',*,*,#2451,.T.);
#3511=ORIENTED_EDGE('',*,*,#2452,.F.);
#3512=ORIENTED_EDGE('',*,*,#2453,.T.);
#3513=ORIENTED_EDGE('',*,*,#2449,.T.);
#3514=ORIENTED_EDGE('',*,*,#2454,.T.);
#3515=ORIENTED_EDGE('',*,*,#2455,.F.);
#3516=ORIENTED_EDGE('',*,*,#2456,.T.);
#3517=ORIENTED_EDGE('',*,*,#2452,.T.);
#3518=ORIENTED_EDGE('',*,*,#2457,.T.);
#3519=ORIENTED_EDGE('',*,*,#2458,.F.);
#3520=ORIENTED_EDGE('',*,*,#2459,.T.);
#3521=ORIENTED_EDGE('',*,*,#2455,.T.);
#3522=ORIENTED_EDGE('',*,*,#2460,.T.);
#3523=ORIENTED_EDGE('',*,*,#2461,.F.);
#3524=ORIENTED_EDGE('',*,*,#2462,.T.);
#3525=ORIENTED_EDGE('',*,*,#2458,.T.);
#3526=ORIENTED_EDGE('',*,*,#2463,.T.);
#3527=ORIENTED_EDGE('',*,*,#2464,.F.);
#3528=ORIENTED_EDGE('',*,*,#2465,.T.);
#3529=ORIENTED_EDGE('',*,*,#2461,.T.);
#3530=ORIENTED_EDGE('',*,*,#2466,.T.);
#3531=ORIENTED_EDGE('',*,*,#2467,.F.);
#3532=ORIENTED_EDGE('',*,*,#2468,.T.);
#3533=ORIENTED_EDGE('',*,*,#2469,.F.);
#3534=ORIENTED_EDGE('',*,*,#2470,.F.);
#3535=ORIENTED_EDGE('',*,*,#2471,.T.);
#3536=ORIENTED_EDGE('',*,*,#2467,.T.);
#3537=ORIENTED_EDGE('',*,*,#2472,.F.);
#3538=ORIENTED_EDGE('',*,*,#2473,.F.);
#3539=ORIENTED_EDGE('',*,*,#2474,.F.);
#3540=ORIENTED_EDGE('',*,*,#2475,.T.);
#3541=ORIENTED_EDGE('',*,*,#2470,.T.);
#3542=ORIENTED_EDGE('',*,*,#2476,.F.);
#3543=ORIENTED_EDGE('',*,*,#2477,.F.);
#3544=ORIENTED_EDGE('',*,*,#2478,.T.);
#3545=ORIENTED_EDGE('',*,*,#2474,.T.);
#3546=ORIENTED_EDGE('',*,*,#2479,.F.);
#3547=ORIENTED_EDGE('',*,*,#2480,.F.);
#3548=ORIENTED_EDGE('',*,*,#2481,.T.);
#3549=ORIENTED_EDGE('',*,*,#2477,.T.);
#3550=ORIENTED_EDGE('',*,*,#2482,.F.);
#3551=ORIENTED_EDGE('',*,*,#2483,.F.);
#3552=ORIENTED_EDGE('',*,*,#2484,.T.);
#3553=ORIENTED_EDGE('',*,*,#2480,.T.);
#3554=ORIENTED_EDGE('',*,*,#2485,.F.);
#3555=ORIENTED_EDGE('',*,*,#2486,.F.);
#3556=ORIENTED_EDGE('',*,*,#2487,.T.);
#3557=ORIENTED_EDGE('',*,*,#2483,.T.);
#3558=ORIENTED_EDGE('',*,*,#2488,.F.);
#3559=ORIENTED_EDGE('',*,*,#2489,.F.);
#3560=ORIENTED_EDGE('',*,*,#2490,.T.);
#3561=ORIENTED_EDGE('',*,*,#2486,.T.);
#3562=ORIENTED_EDGE('',*,*,#2491,.F.);
#3563=ORIENTED_EDGE('',*,*,#2492,.F.);
#3564=ORIENTED_EDGE('',*,*,#2493,.T.);
#3565=ORIENTED_EDGE('',*,*,#2489,.T.);
#3566=ORIENTED_EDGE('',*,*,#2494,.F.);
#3567=ORIENTED_EDGE('',*,*,#2495,.F.);
#3568=ORIENTED_EDGE('',*,*,#2496,.F.);
#3569=ORIENTED_EDGE('',*,*,#2497,.F.);
#3570=ORIENTED_EDGE('',*,*,#2498,.F.);
#3571=ORIENTED_EDGE('',*,*,#2499,.F.);
#3572=ORIENTED_EDGE('',*,*,#2500,.F.);
#3573=ORIENTED_EDGE('',*,*,#2501,.F.);
#3574=ORIENTED_EDGE('',*,*,#2502,.F.);
#3575=ORIENTED_EDGE('',*,*,#2503,.F.);
#3576=ORIENTED_EDGE('',*,*,#2504,.F.);
#3577=ORIENTED_EDGE('',*,*,#2505,.F.);
#3578=ORIENTED_EDGE('',*,*,#2506,.F.);
#3579=ORIENTED_EDGE('',*,*,#2507,.F.);
#3580=ORIENTED_EDGE('',*,*,#2508,.F.);
#3581=ORIENTED_EDGE('',*,*,#2509,.F.);
#3582=ORIENTED_EDGE('',*,*,#2510,.F.);
#3583=ORIENTED_EDGE('',*,*,#2511,.F.);
#3584=ORIENTED_EDGE('',*,*,#2512,.F.);
#3585=ORIENTED_EDGE('',*,*,#2513,.F.);
#3586=ORIENTED_EDGE('',*,*,#2514,.F.);
#3587=ORIENTED_EDGE('',*,*,#2515,.F.);
#3588=ORIENTED_EDGE('',*,*,#2516,.F.);
#3589=ORIENTED_EDGE('',*,*,#2517,.F.);
#3590=ORIENTED_EDGE('',*,*,#2518,.F.);
#3591=ORIENTED_EDGE('',*,*,#2519,.F.);
#3592=ORIENTED_EDGE('',*,*,#2520,.F.);
#3593=ORIENTED_EDGE('',*,*,#2521,.F.);
#3594=ORIENTED_EDGE('',*,*,#2522,.F.);
#3595=ORIENTED_EDGE('',*,*,#2523,.F.);
#3596=ORIENTED_EDGE('',*,*,#2524,.F.);
#3597=ORIENTED_EDGE('',*,*,#2525,.F.);
#3598=ORIENTED_EDGE('',*,*,#2526,.F.);
#3599=ORIENTED_EDGE('',*,*,#2527,.F.);
#3600=ORIENTED_EDGE('',*,*,#2528,.F.);
#3601=ORIENTED_EDGE('',*,*,#2529,.F.);
#3602=ORIENTED_EDGE('',*,*,#2530,.F.);
#3603=ORIENTED_EDGE('',*,*,#2531,.F.);
#3604=ORIENTED_EDGE('',*,*,#2532,.F.);
#3605=ORIENTED_EDGE('',*,*,#2533,.F.);
#3606=ORIENTED_EDGE('',*,*,#2534,.F.);
#3607=ORIENTED_EDGE('',*,*,#2535,.F.);
#3608=ORIENTED_EDGE('',*,*,#2536,.F.);
#3609=ORIENTED_EDGE('',*,*,#2537,.F.);
#3610=ORIENTED_EDGE('',*,*,#2538,.F.);
#3611=ORIENTED_EDGE('',*,*,#2539,.F.);
#3612=ORIENTED_EDGE('',*,*,#2540,.F.);
#3613=ORIENTED_EDGE('',*,*,#2541,.F.);
#3614=ORIENTED_EDGE('',*,*,#2542,.F.);
#3615=ORIENTED_EDGE('',*,*,#2543,.F.);
#3616=ORIENTED_EDGE('',*,*,#2544,.F.);
#3617=ORIENTED_EDGE('',*,*,#2545,.F.);
#3618=ORIENTED_EDGE('',*,*,#2546,.F.);
#3619=ORIENTED_EDGE('',*,*,#2547,.F.);
#3620=ORIENTED_EDGE('',*,*,#2548,.F.);
#3621=ORIENTED_EDGE('',*,*,#2549,.F.);
#3622=ORIENTED_EDGE('',*,*,#2550,.F.);
#3623=ORIENTED_EDGE('',*,*,#2551,.F.);
#3624=ORIENTED_EDGE('',*,*,#2552,.F.);
#3625=ORIENTED_EDGE('',*,*,#2553,.F.);
#3626=ORIENTED_EDGE('',*,*,#2554,.F.);
#3627=ORIENTED_EDGE('',*,*,#2555,.F.);
#3628=ORIENTED_EDGE('',*,*,#2556,.F.);
#3629=ORIENTED_EDGE('',*,*,#2557,.F.);
#3630=ORIENTED_EDGE('',*,*,#2558,.F.);
#3631=ORIENTED_EDGE('',*,*,#2559,.F.);
#3632=ORIENTED_EDGE('',*,*,#2560,.F.);
#3633=ORIENTED_EDGE('',*,*,#2561,.F.);
#3634=ORIENTED_EDGE('',*,*,#2562,.F.);
#3635=ORIENTED_EDGE('',*,*,#2563,.F.);
#3636=ORIENTED_EDGE('',*,*,#2564,.F.);
#3637=ORIENTED_EDGE('',*,*,#2565,.F.);
#3638=ORIENTED_EDGE('',*,*,#2566,.F.);
#3639=ORIENTED_EDGE('',*,*,#2567,.F.);
#3640=ORIENTED_EDGE('',*,*,#2568,.F.);
#3641=ORIENTED_EDGE('',*,*,#2569,.F.);
#3642=ORIENTED_EDGE('',*,*,#2570,.F.);
#3643=ORIENTED_EDGE('',*,*,#2571,.F.);
#3644=ORIENTED_EDGE('',*,*,#2572,.F.);
#3645=ORIENTED_EDGE('',*,*,#2573,.F.);
#3646=ORIENTED_EDGE('',*,*,#2574,.F.);
#3647=ORIENTED_EDGE('',*,*,#2575,.F.);
#3648=ORIENTED_EDGE('',*,*,#2576,.F.);
#3649=ORIENTED_EDGE('',*,*,#2577,.F.);
#3650=ORIENTED_EDGE('',*,*,#2578,.F.);
#3651=ORIENTED_EDGE('',*,*,#2579,.F.);
#3652=ORIENTED_EDGE('',*,*,#2580,.F.);
#3653=ORIENTED_EDGE('',*,*,#2581,.F.);
#3654=ORIENTED_EDGE('',*,*,#2582,.F.);
#3655=ORIENTED_EDGE('',*,*,#2583,.F.);
#3656=ORIENTED_EDGE('',*,*,#2584,.F.);
#3657=ORIENTED_EDGE('',*,*,#2585,.F.);
#3658=ORIENTED_EDGE('',*,*,#2586,.F.);
#3659=ORIENTED_EDGE('',*,*,#2587,.F.);
#3660=ORIENTED_EDGE('',*,*,#2588,.F.);
#3661=ORIENTED_EDGE('',*,*,#2589,.F.);
#3662=ORIENTED_EDGE('',*,*,#2590,.F.);
#3663=ORIENTED_EDGE('',*,*,#2591,.F.);
#3664=ORIENTED_EDGE('',*,*,#2592,.F.);
#3665=ORIENTED_EDGE('',*,*,#2593,.F.);
#3666=ORIENTED_EDGE('',*,*,#2594,.F.);
#3667=ORIENTED_EDGE('',*,*,#2595,.F.);
#3668=ORIENTED_EDGE('',*,*,#2596,.F.);
#3669=ORIENTED_EDGE('',*,*,#2597,.F.);
#3670=ORIENTED_EDGE('',*,*,#2598,.F.);
#3671=ORIENTED_EDGE('',*,*,#2599,.F.);
#3672=ORIENTED_EDGE('',*,*,#2600,.F.);
#3673=ORIENTED_EDGE('',*,*,#2601,.F.);
#3674=ORIENTED_EDGE('',*,*,#2602,.F.);
#3675=ORIENTED_EDGE('',*,*,#2603,.F.);
#3676=ORIENTED_EDGE('',*,*,#2604,.F.);
#3677=ORIENTED_EDGE('',*,*,#2605,.F.);
#3678=ORIENTED_EDGE('',*,*,#2606,.F.);
#3679=ORIENTED_EDGE('',*,*,#2607,.F.);
#3680=ORIENTED_EDGE('',*,*,#2608,.F.);
#3681=ORIENTED_EDGE('',*,*,#2609,.F.);
#3682=ORIENTED_EDGE('',*,*,#2610,.F.);
#3683=ORIENTED_EDGE('',*,*,#2611,.F.);
#3684=ORIENTED_EDGE('',*,*,#2612,.F.);
#3685=ORIENTED_EDGE('',*,*,#2613,.F.);
#3686=ORIENTED_EDGE('',*,*,#2614,.F.);
#3687=ORIENTED_EDGE('',*,*,#2615,.F.);
#3688=ORIENTED_EDGE('',*,*,#2616,.F.);
#3689=ORIENTED_EDGE('',*,*,#2617,.F.);
#3690=ORIENTED_EDGE('',*,*,#2618,.F.);
#3691=ORIENTED_EDGE('',*,*,#2619,.F.);
#3692=ORIENTED_EDGE('',*,*,#2620,.F.);
#3693=ORIENTED_EDGE('',*,*,#2621,.F.);
#3694=ORIENTED_EDGE('',*,*,#2622,.F.);
#3695=ORIENTED_EDGE('',*,*,#2623,.F.);
#3696=ORIENTED_EDGE('',*,*,#2624,.F.);
#3697=ORIENTED_EDGE('',*,*,#2625,.F.);
#3698=ORIENTED_EDGE('',*,*,#2626,.F.);
#3699=ORIENTED_EDGE('',*,*,#2627,.F.);
#3700=ORIENTED_EDGE('',*,*,#2628,.F.);
#3701=ORIENTED_EDGE('',*,*,#2629,.F.);
#3702=ORIENTED_EDGE('',*,*,#2630,.F.);
#3703=ORIENTED_EDGE('',*,*,#2631,.F.);
#3704=ORIENTED_EDGE('',*,*,#2632,.F.);
#3705=ORIENTED_EDGE('',*,*,#2633,.F.);
#3706=ORIENTED_EDGE('',*,*,#2634,.F.);
#3707=ORIENTED_EDGE('',*,*,#2635,.F.);
#3708=ORIENTED_EDGE('',*,*,#2636,.F.);
#3709=ORIENTED_EDGE('',*,*,#2637,.F.);
#3710=ORIENTED_EDGE('',*,*,#2638,.F.);
#3711=ORIENTED_EDGE('',*,*,#2639,.F.);
#3712=ORIENTED_EDGE('',*,*,#2640,.F.);
#3713=ORIENTED_EDGE('',*,*,#2641,.F.);
#3714=ORIENTED_EDGE('',*,*,#2642,.F.);
#3715=ORIENTED_EDGE('',*,*,#2643,.F.);
#3716=ORIENTED_EDGE('',*,*,#2644,.F.);
#3717=ORIENTED_EDGE('',*,*,#2645,.F.);
#3718=ORIENTED_EDGE('',*,*,#2646,.F.);
#3719=ORIENTED_EDGE('',*,*,#2647,.F.);
#3720=ORIENTED_EDGE('',*,*,#2648,.F.);
#3721=ORIENTED_EDGE('',*,*,#2649,.F.);
#3722=ORIENTED_EDGE('',*,*,#2650,.F.);
#3723=ORIENTED_EDGE('',*,*,#2651,.F.);
#3724=ORIENTED_EDGE('',*,*,#2652,.F.);
#3725=ORIENTED_EDGE('',*,*,#2653,.F.);
#3726=ORIENTED_EDGE('',*,*,#2654,.F.);
#3727=ORIENTED_EDGE('',*,*,#2655,.F.);
#3728=ORIENTED_EDGE('',*,*,#2656,.F.);
#3729=ORIENTED_EDGE('',*,*,#2657,.F.);
#3730=ORIENTED_EDGE('',*,*,#2658,.F.);
#3731=ORIENTED_EDGE('',*,*,#2659,.F.);
#3732=ORIENTED_EDGE('',*,*,#2660,.F.);
#3733=ORIENTED_EDGE('',*,*,#2661,.F.);
#3734=ORIENTED_EDGE('',*,*,#2662,.F.);
#3735=ORIENTED_EDGE('',*,*,#2663,.F.);
#3736=ORIENTED_EDGE('',*,*,#2664,.F.);
#3737=ORIENTED_EDGE('',*,*,#2665,.F.);
#3738=ORIENTED_EDGE('',*,*,#2666,.F.);
#3739=ORIENTED_EDGE('',*,*,#2667,.F.);
#3740=ORIENTED_EDGE('',*,*,#2668,.F.);
#3741=ORIENTED_EDGE('',*,*,#2663,.T.);
#3742=ORIENTED_EDGE('',*,*,#2669,.T.);
#3743=ORIENTED_EDGE('',*,*,#2670,.F.);
#3744=ORIENTED_EDGE('',*,*,#2671,.T.);
#3745=ORIENTED_EDGE('',*,*,#2657,.T.);
#3746=ORIENTED_EDGE('',*,*,#2672,.T.);
#3747=ORIENTED_EDGE('',*,*,#2668,.T.);
#3748=ORIENTED_EDGE('',*,*,#2673,.T.);
#3749=ORIENTED_EDGE('',*,*,#2651,.T.);
#3750=ORIENTED_EDGE('',*,*,#2674,.T.);
#3751=ORIENTED_EDGE('',*,*,#2662,.T.);
#3752=ORIENTED_EDGE('',*,*,#2675,.T.);
#3753=ORIENTED_EDGE('',*,*,#2645,.T.);
#3754=ORIENTED_EDGE('',*,*,#2676,.T.);
#3755=ORIENTED_EDGE('',*,*,#2656,.T.);
#3756=ORIENTED_EDGE('',*,*,#2677,.T.);
#3757=ORIENTED_EDGE('',*,*,#2639,.T.);
#3758=ORIENTED_EDGE('',*,*,#2678,.T.);
#3759=ORIENTED_EDGE('',*,*,#2650,.T.);
#3760=ORIENTED_EDGE('',*,*,#2679,.T.);
#3761=ORIENTED_EDGE('',*,*,#2633,.T.);
#3762=ORIENTED_EDGE('',*,*,#2680,.T.);
#3763=ORIENTED_EDGE('',*,*,#2644,.T.);
#3764=ORIENTED_EDGE('',*,*,#2681,.T.);
#3765=ORIENTED_EDGE('',*,*,#2627,.T.);
#3766=ORIENTED_EDGE('',*,*,#2682,.T.);
#3767=ORIENTED_EDGE('',*,*,#2638,.T.);
#3768=ORIENTED_EDGE('',*,*,#2683,.T.);
#3769=ORIENTED_EDGE('',*,*,#2621,.T.);
#3770=ORIENTED_EDGE('',*,*,#2684,.T.);
#3771=ORIENTED_EDGE('',*,*,#2632,.T.);
#3772=ORIENTED_EDGE('',*,*,#2685,.T.);
#3773=ORIENTED_EDGE('',*,*,#2615,.T.);
#3774=ORIENTED_EDGE('',*,*,#2686,.T.);
#3775=ORIENTED_EDGE('',*,*,#2626,.T.);
#3776=ORIENTED_EDGE('',*,*,#2687,.T.);
#3777=ORIENTED_EDGE('',*,*,#2609,.T.);
#3778=ORIENTED_EDGE('',*,*,#2688,.T.);
#3779=ORIENTED_EDGE('',*,*,#2620,.T.);
#3780=ORIENTED_EDGE('',*,*,#2689,.T.);
#3781=ORIENTED_EDGE('',*,*,#2603,.T.);
#3782=ORIENTED_EDGE('',*,*,#2690,.T.);
#3783=ORIENTED_EDGE('',*,*,#2614,.T.);
#3784=ORIENTED_EDGE('',*,*,#2691,.T.);
#3785=ORIENTED_EDGE('',*,*,#2597,.T.);
#3786=ORIENTED_EDGE('',*,*,#2692,.T.);
#3787=ORIENTED_EDGE('',*,*,#2608,.T.);
#3788=ORIENTED_EDGE('',*,*,#2693,.T.);
#3789=ORIENTED_EDGE('',*,*,#2591,.T.);
#3790=ORIENTED_EDGE('',*,*,#2694,.T.);
#3791=ORIENTED_EDGE('',*,*,#2602,.T.);
#3792=ORIENTED_EDGE('',*,*,#2695,.T.);
#3793=ORIENTED_EDGE('',*,*,#2585,.T.);
#3794=ORIENTED_EDGE('',*,*,#2696,.T.);
#3795=ORIENTED_EDGE('',*,*,#2596,.T.);
#3796=ORIENTED_EDGE('',*,*,#2697,.T.);
#3797=ORIENTED_EDGE('',*,*,#2579,.T.);
#3798=ORIENTED_EDGE('',*,*,#2698,.T.);
#3799=ORIENTED_EDGE('',*,*,#2590,.T.);
#3800=ORIENTED_EDGE('',*,*,#2699,.T.);
#3801=ORIENTED_EDGE('',*,*,#2573,.T.);
#3802=ORIENTED_EDGE('',*,*,#2700,.T.);
#3803=ORIENTED_EDGE('',*,*,#2584,.T.);
#3804=ORIENTED_EDGE('',*,*,#2701,.T.);
#3805=ORIENTED_EDGE('',*,*,#2567,.T.);
#3806=ORIENTED_EDGE('',*,*,#2702,.T.);
#3807=ORIENTED_EDGE('',*,*,#2578,.T.);
#3808=ORIENTED_EDGE('',*,*,#2703,.T.);
#3809=ORIENTED_EDGE('',*,*,#2561,.T.);
#3810=ORIENTED_EDGE('',*,*,#2704,.T.);
#3811=ORIENTED_EDGE('',*,*,#2572,.T.);
#3812=ORIENTED_EDGE('',*,*,#2705,.T.);
#3813=ORIENTED_EDGE('',*,*,#2555,.T.);
#3814=ORIENTED_EDGE('',*,*,#2706,.T.);
#3815=ORIENTED_EDGE('',*,*,#2566,.T.);
#3816=ORIENTED_EDGE('',*,*,#2707,.T.);
#3817=ORIENTED_EDGE('',*,*,#2549,.T.);
#3818=ORIENTED_EDGE('',*,*,#2708,.T.);
#3819=ORIENTED_EDGE('',*,*,#2560,.T.);
#3820=ORIENTED_EDGE('',*,*,#2709,.T.);
#3821=ORIENTED_EDGE('',*,*,#2543,.T.);
#3822=ORIENTED_EDGE('',*,*,#2710,.T.);
#3823=ORIENTED_EDGE('',*,*,#2554,.T.);
#3824=ORIENTED_EDGE('',*,*,#2711,.T.);
#3825=ORIENTED_EDGE('',*,*,#2537,.T.);
#3826=ORIENTED_EDGE('',*,*,#2712,.T.);
#3827=ORIENTED_EDGE('',*,*,#2548,.T.);
#3828=ORIENTED_EDGE('',*,*,#2713,.T.);
#3829=ORIENTED_EDGE('',*,*,#2531,.T.);
#3830=ORIENTED_EDGE('',*,*,#2714,.T.);
#3831=ORIENTED_EDGE('',*,*,#2542,.T.);
#3832=ORIENTED_EDGE('',*,*,#2715,.T.);
#3833=ORIENTED_EDGE('',*,*,#2525,.T.);
#3834=ORIENTED_EDGE('',*,*,#2716,.T.);
#3835=ORIENTED_EDGE('',*,*,#2536,.T.);
#3836=ORIENTED_EDGE('',*,*,#2717,.T.);
#3837=ORIENTED_EDGE('',*,*,#2519,.T.);
#3838=ORIENTED_EDGE('',*,*,#2718,.T.);
#3839=ORIENTED_EDGE('',*,*,#2530,.T.);
#3840=ORIENTED_EDGE('',*,*,#2719,.T.);
#3841=ORIENTED_EDGE('',*,*,#2513,.T.);
#3842=ORIENTED_EDGE('',*,*,#2720,.T.);
#3843=ORIENTED_EDGE('',*,*,#2524,.T.);
#3844=ORIENTED_EDGE('',*,*,#2721,.T.);
#3845=ORIENTED_EDGE('',*,*,#2507,.T.);
#3846=ORIENTED_EDGE('',*,*,#2722,.T.);
#3847=ORIENTED_EDGE('',*,*,#2518,.T.);
#3848=ORIENTED_EDGE('',*,*,#2723,.T.);
#3849=ORIENTED_EDGE('',*,*,#2501,.T.);
#3850=ORIENTED_EDGE('',*,*,#2724,.T.);
#3851=ORIENTED_EDGE('',*,*,#2512,.T.);
#3852=ORIENTED_EDGE('',*,*,#2725,.T.);
#3853=ORIENTED_EDGE('',*,*,#2500,.T.);
#3854=ORIENTED_EDGE('',*,*,#2726,.T.);
#3855=ORIENTED_EDGE('',*,*,#2727,.F.);
#3856=ORIENTED_EDGE('',*,*,#2728,.T.);
#3857=ORIENTED_EDGE('',*,*,#2499,.T.);
#3858=ORIENTED_EDGE('',*,*,#2729,.F.);
#3859=ORIENTED_EDGE('',*,*,#2730,.T.);
#3860=ORIENTED_EDGE('',*,*,#2726,.F.);
#3861=ORIENTED_EDGE('',*,*,#2664,.T.);
#3862=ORIENTED_EDGE('',*,*,#2671,.F.);
#3863=ORIENTED_EDGE('',*,*,#2731,.T.);
#3864=ORIENTED_EDGE('',*,*,#2732,.F.);
#3865=ORIENTED_EDGE('',*,*,#2658,.T.);
#3866=ORIENTED_EDGE('',*,*,#2673,.F.);
#3867=ORIENTED_EDGE('',*,*,#2667,.T.);
#3868=ORIENTED_EDGE('',*,*,#2733,.F.);
#3869=ORIENTED_EDGE('',*,*,#2652,.T.);
#3870=ORIENTED_EDGE('',*,*,#2675,.F.);
#3871=ORIENTED_EDGE('',*,*,#2661,.T.);
#3872=ORIENTED_EDGE('',*,*,#2734,.F.);
#3873=ORIENTED_EDGE('',*,*,#2646,.T.);
#3874=ORIENTED_EDGE('',*,*,#2677,.F.);
#3875=ORIENTED_EDGE('',*,*,#2655,.T.);
#3876=ORIENTED_EDGE('',*,*,#2735,.F.);
#3877=ORIENTED_EDGE('',*,*,#2640,.T.);
#3878=ORIENTED_EDGE('',*,*,#2679,.F.);
#3879=ORIENTED_EDGE('',*,*,#2649,.T.);
#3880=ORIENTED_EDGE('',*,*,#2736,.F.);
#3881=ORIENTED_EDGE('',*,*,#2634,.T.);
#3882=ORIENTED_EDGE('',*,*,#2681,.F.);
#3883=ORIENTED_EDGE('',*,*,#2643,.T.);
#3884=ORIENTED_EDGE('',*,*,#2737,.F.);
#3885=ORIENTED_EDGE('',*,*,#2628,.T.);
#3886=ORIENTED_EDGE('',*,*,#2683,.F.);
#3887=ORIENTED_EDGE('',*,*,#2637,.T.);
#3888=ORIENTED_EDGE('',*,*,#2738,.F.);
#3889=ORIENTED_EDGE('',*,*,#2622,.T.);
#3890=ORIENTED_EDGE('',*,*,#2685,.F.);
#3891=ORIENTED_EDGE('',*,*,#2631,.T.);
#3892=ORIENTED_EDGE('',*,*,#2739,.F.);
#3893=ORIENTED_EDGE('',*,*,#2616,.T.);
#3894=ORIENTED_EDGE('',*,*,#2687,.F.);
#3895=ORIENTED_EDGE('',*,*,#2625,.T.);
#3896=ORIENTED_EDGE('',*,*,#2740,.F.);
#3897=ORIENTED_EDGE('',*,*,#2610,.T.);
#3898=ORIENTED_EDGE('',*,*,#2689,.F.);
#3899=ORIENTED_EDGE('',*,*,#2619,.T.);
#3900=ORIENTED_EDGE('',*,*,#2741,.F.);
#3901=ORIENTED_EDGE('',*,*,#2604,.T.);
#3902=ORIENTED_EDGE('',*,*,#2691,.F.);
#3903=ORIENTED_EDGE('',*,*,#2613,.T.);
#3904=ORIENTED_EDGE('',*,*,#2742,.F.);
#3905=ORIENTED_EDGE('',*,*,#2598,.T.);
#3906=ORIENTED_EDGE('',*,*,#2693,.F.);
#3907=ORIENTED_EDGE('',*,*,#2607,.T.);
#3908=ORIENTED_EDGE('',*,*,#2743,.F.);
#3909=ORIENTED_EDGE('',*,*,#2592,.T.);
#3910=ORIENTED_EDGE('',*,*,#2695,.F.);
#3911=ORIENTED_EDGE('',*,*,#2601,.T.);
#3912=ORIENTED_EDGE('',*,*,#2744,.F.);
#3913=ORIENTED_EDGE('',*,*,#2586,.T.);
#3914=ORIENTED_EDGE('',*,*,#2697,.F.);
#3915=ORIENTED_EDGE('',*,*,#2595,.T.);
#3916=ORIENTED_EDGE('',*,*,#2745,.F.);
#3917=ORIENTED_EDGE('',*,*,#2580,.T.);
#3918=ORIENTED_EDGE('',*,*,#2699,.F.);
#3919=ORIENTED_EDGE('',*,*,#2589,.T.);
#3920=ORIENTED_EDGE('',*,*,#2746,.F.);
#3921=ORIENTED_EDGE('',*,*,#2574,.T.);
#3922=ORIENTED_EDGE('',*,*,#2701,.F.);
#3923=ORIENTED_EDGE('',*,*,#2583,.T.);
#3924=ORIENTED_EDGE('',*,*,#2747,.F.);
#3925=ORIENTED_EDGE('',*,*,#2568,.T.);
#3926=ORIENTED_EDGE('',*,*,#2703,.F.);
#3927=ORIENTED_EDGE('',*,*,#2577,.T.);
#3928=ORIENTED_EDGE('',*,*,#2748,.F.);
#3929=ORIENTED_EDGE('',*,*,#2562,.T.);
#3930=ORIENTED_EDGE('',*,*,#2705,.F.);
#3931=ORIENTED_EDGE('',*,*,#2571,.T.);
#3932=ORIENTED_EDGE('',*,*,#2749,.F.);
#3933=ORIENTED_EDGE('',*,*,#2556,.T.);
#3934=ORIENTED_EDGE('',*,*,#2707,.F.);
#3935=ORIENTED_EDGE('',*,*,#2565,.T.);
#3936=ORIENTED_EDGE('',*,*,#2750,.F.);
#3937=ORIENTED_EDGE('',*,*,#2550,.T.);
#3938=ORIENTED_EDGE('',*,*,#2709,.F.);
#3939=ORIENTED_EDGE('',*,*,#2559,.T.);
#3940=ORIENTED_EDGE('',*,*,#2751,.F.);
#3941=ORIENTED_EDGE('',*,*,#2544,.T.);
#3942=ORIENTED_EDGE('',*,*,#2711,.F.);
#3943=ORIENTED_EDGE('',*,*,#2553,.T.);
#3944=ORIENTED_EDGE('',*,*,#2752,.F.);
#3945=ORIENTED_EDGE('',*,*,#2538,.T.);
#3946=ORIENTED_EDGE('',*,*,#2713,.F.);
#3947=ORIENTED_EDGE('',*,*,#2547,.T.);
#3948=ORIENTED_EDGE('',*,*,#2753,.F.);
#3949=ORIENTED_EDGE('',*,*,#2532,.T.);
#3950=ORIENTED_EDGE('',*,*,#2715,.F.);
#3951=ORIENTED_EDGE('',*,*,#2541,.T.);
#3952=ORIENTED_EDGE('',*,*,#2754,.F.);
#3953=ORIENTED_EDGE('',*,*,#2526,.T.);
#3954=ORIENTED_EDGE('',*,*,#2717,.F.);
#3955=ORIENTED_EDGE('',*,*,#2535,.T.);
#3956=ORIENTED_EDGE('',*,*,#2755,.F.);
#3957=ORIENTED_EDGE('',*,*,#2520,.T.);
#3958=ORIENTED_EDGE('',*,*,#2719,.F.);
#3959=ORIENTED_EDGE('',*,*,#2529,.T.);
#3960=ORIENTED_EDGE('',*,*,#2756,.F.);
#3961=ORIENTED_EDGE('',*,*,#2514,.T.);
#3962=ORIENTED_EDGE('',*,*,#2721,.F.);
#3963=ORIENTED_EDGE('',*,*,#2523,.T.);
#3964=ORIENTED_EDGE('',*,*,#2757,.F.);
#3965=ORIENTED_EDGE('',*,*,#2508,.T.);
#3966=ORIENTED_EDGE('',*,*,#2723,.F.);
#3967=ORIENTED_EDGE('',*,*,#2517,.T.);
#3968=ORIENTED_EDGE('',*,*,#2758,.F.);
#3969=ORIENTED_EDGE('',*,*,#2502,.T.);
#3970=ORIENTED_EDGE('',*,*,#2725,.F.);
#3971=ORIENTED_EDGE('',*,*,#2511,.T.);
#3972=ORIENTED_EDGE('',*,*,#2759,.F.);
#3973=ORIENTED_EDGE('',*,*,#2498,.T.);
#3974=ORIENTED_EDGE('',*,*,#2760,.T.);
#3975=ORIENTED_EDGE('',*,*,#2761,.F.);
#3976=ORIENTED_EDGE('',*,*,#2729,.T.);
#3977=ORIENTED_EDGE('',*,*,#2665,.T.);
#3978=ORIENTED_EDGE('',*,*,#2732,.T.);
#3979=ORIENTED_EDGE('',*,*,#2762,.F.);
#3980=ORIENTED_EDGE('',*,*,#2763,.T.);
#3981=ORIENTED_EDGE('',*,*,#2659,.T.);
#3982=ORIENTED_EDGE('',*,*,#2733,.T.);
#3983=ORIENTED_EDGE('',*,*,#2666,.T.);
#3984=ORIENTED_EDGE('',*,*,#2764,.T.);
#3985=ORIENTED_EDGE('',*,*,#2653,.T.);
#3986=ORIENTED_EDGE('',*,*,#2734,.T.);
#3987=ORIENTED_EDGE('',*,*,#2660,.T.);
#3988=ORIENTED_EDGE('',*,*,#2765,.T.);
#3989=ORIENTED_EDGE('',*,*,#2647,.T.);
#3990=ORIENTED_EDGE('',*,*,#2735,.T.);
#3991=ORIENTED_EDGE('',*,*,#2654,.T.);
#3992=ORIENTED_EDGE('',*,*,#2766,.T.);
#3993=ORIENTED_EDGE('',*,*,#2641,.T.);
#3994=ORIENTED_EDGE('',*,*,#2736,.T.);
#3995=ORIENTED_EDGE('',*,*,#2648,.T.);
#3996=ORIENTED_EDGE('',*,*,#2767,.T.);
#3997=ORIENTED_EDGE('',*,*,#2635,.T.);
#3998=ORIENTED_EDGE('',*,*,#2737,.T.);
#3999=ORIENTED_EDGE('',*,*,#2642,.T.);
#4000=ORIENTED_EDGE('',*,*,#2768,.T.);
#4001=ORIENTED_EDGE('',*,*,#2629,.T.);
#4002=ORIENTED_EDGE('',*,*,#2738,.T.);
#4003=ORIENTED_EDGE('',*,*,#2636,.T.);
#4004=ORIENTED_EDGE('',*,*,#2769,.T.);
#4005=ORIENTED_EDGE('',*,*,#2623,.T.);
#4006=ORIENTED_EDGE('',*,*,#2739,.T.);
#4007=ORIENTED_EDGE('',*,*,#2630,.T.);
#4008=ORIENTED_EDGE('',*,*,#2770,.T.);
#4009=ORIENTED_EDGE('',*,*,#2617,.T.);
#4010=ORIENTED_EDGE('',*,*,#2740,.T.);
#4011=ORIENTED_EDGE('',*,*,#2624,.T.);
#4012=ORIENTED_EDGE('',*,*,#2771,.T.);
#4013=ORIENTED_EDGE('',*,*,#2611,.T.);
#4014=ORIENTED_EDGE('',*,*,#2741,.T.);
#4015=ORIENTED_EDGE('',*,*,#2618,.T.);
#4016=ORIENTED_EDGE('',*,*,#2772,.T.);
#4017=ORIENTED_EDGE('',*,*,#2605,.T.);
#4018=ORIENTED_EDGE('',*,*,#2742,.T.);
#4019=ORIENTED_EDGE('',*,*,#2612,.T.);
#4020=ORIENTED_EDGE('',*,*,#2773,.T.);
#4021=ORIENTED_EDGE('',*,*,#2599,.T.);
#4022=ORIENTED_EDGE('',*,*,#2743,.T.);
#4023=ORIENTED_EDGE('',*,*,#2606,.T.);
#4024=ORIENTED_EDGE('',*,*,#2774,.T.);
#4025=ORIENTED_EDGE('',*,*,#2593,.T.);
#4026=ORIENTED_EDGE('',*,*,#2744,.T.);
#4027=ORIENTED_EDGE('',*,*,#2600,.T.);
#4028=ORIENTED_EDGE('',*,*,#2775,.T.);
#4029=ORIENTED_EDGE('',*,*,#2587,.T.);
#4030=ORIENTED_EDGE('',*,*,#2745,.T.);
#4031=ORIENTED_EDGE('',*,*,#2594,.T.);
#4032=ORIENTED_EDGE('',*,*,#2776,.T.);
#4033=ORIENTED_EDGE('',*,*,#2581,.T.);
#4034=ORIENTED_EDGE('',*,*,#2746,.T.);
#4035=ORIENTED_EDGE('',*,*,#2588,.T.);
#4036=ORIENTED_EDGE('',*,*,#2777,.T.);
#4037=ORIENTED_EDGE('',*,*,#2575,.T.);
#4038=ORIENTED_EDGE('',*,*,#2747,.T.);
#4039=ORIENTED_EDGE('',*,*,#2582,.T.);
#4040=ORIENTED_EDGE('',*,*,#2778,.T.);
#4041=ORIENTED_EDGE('',*,*,#2569,.T.);
#4042=ORIENTED_EDGE('',*,*,#2748,.T.);
#4043=ORIENTED_EDGE('',*,*,#2576,.T.);
#4044=ORIENTED_EDGE('',*,*,#2779,.T.);
#4045=ORIENTED_EDGE('',*,*,#2563,.T.);
#4046=ORIENTED_EDGE('',*,*,#2749,.T.);
#4047=ORIENTED_EDGE('',*,*,#2570,.T.);
#4048=ORIENTED_EDGE('',*,*,#2780,.T.);
#4049=ORIENTED_EDGE('',*,*,#2557,.T.);
#4050=ORIENTED_EDGE('',*,*,#2750,.T.);
#4051=ORIENTED_EDGE('',*,*,#2564,.T.);
#4052=ORIENTED_EDGE('',*,*,#2781,.T.);
#4053=ORIENTED_EDGE('',*,*,#2551,.T.);
#4054=ORIENTED_EDGE('',*,*,#2751,.T.);
#4055=ORIENTED_EDGE('',*,*,#2558,.T.);
#4056=ORIENTED_EDGE('',*,*,#2782,.T.);
#4057=ORIENTED_EDGE('',*,*,#2545,.T.);
#4058=ORIENTED_EDGE('',*,*,#2752,.T.);
#4059=ORIENTED_EDGE('',*,*,#2552,.T.);
#4060=ORIENTED_EDGE('',*,*,#2783,.T.);
#4061=ORIENTED_EDGE('',*,*,#2539,.T.);
#4062=ORIENTED_EDGE('',*,*,#2753,.T.);
#4063=ORIENTED_EDGE('',*,*,#2546,.T.);
#4064=ORIENTED_EDGE('',*,*,#2784,.T.);
#4065=ORIENTED_EDGE('',*,*,#2533,.T.);
#4066=ORIENTED_EDGE('',*,*,#2754,.T.);
#4067=ORIENTED_EDGE('',*,*,#2540,.T.);
#4068=ORIENTED_EDGE('',*,*,#2785,.T.);
#4069=ORIENTED_EDGE('',*,*,#2527,.T.);
#4070=ORIENTED_EDGE('',*,*,#2755,.T.);
#4071=ORIENTED_EDGE('',*,*,#2534,.T.);
#4072=ORIENTED_EDGE('',*,*,#2786,.T.);
#4073=ORIENTED_EDGE('',*,*,#2521,.T.);
#4074=ORIENTED_EDGE('',*,*,#2756,.T.);
#4075=ORIENTED_EDGE('',*,*,#2528,.T.);
#4076=ORIENTED_EDGE('',*,*,#2787,.T.);
#4077=ORIENTED_EDGE('',*,*,#2515,.T.);
#4078=ORIENTED_EDGE('',*,*,#2757,.T.);
#4079=ORIENTED_EDGE('',*,*,#2522,.T.);
#4080=ORIENTED_EDGE('',*,*,#2788,.T.);
#4081=ORIENTED_EDGE('',*,*,#2509,.T.);
#4082=ORIENTED_EDGE('',*,*,#2758,.T.);
#4083=ORIENTED_EDGE('',*,*,#2516,.T.);
#4084=ORIENTED_EDGE('',*,*,#2789,.T.);
#4085=ORIENTED_EDGE('',*,*,#2503,.T.);
#4086=ORIENTED_EDGE('',*,*,#2759,.T.);
#4087=ORIENTED_EDGE('',*,*,#2510,.T.);
#4088=ORIENTED_EDGE('',*,*,#2790,.T.);
#4089=ORIENTED_EDGE('',*,*,#2495,.T.);
#4090=ORIENTED_EDGE('',*,*,#2791,.T.);
#4091=ORIENTED_EDGE('',*,*,#2506,.T.);
#4092=ORIENTED_EDGE('',*,*,#2792,.T.);
#4093=ORIENTED_EDGE('',*,*,#2670,.T.);
#4094=ORIENTED_EDGE('',*,*,#2727,.T.);
#4095=ORIENTED_EDGE('',*,*,#2730,.F.);
#4096=ORIENTED_EDGE('',*,*,#2761,.T.);
#4097=ORIENTED_EDGE('',*,*,#2762,.T.);
#4098=ORIENTED_EDGE('',*,*,#2731,.F.);
#4099=ORIENTED_EDGE('',*,*,#2497,.T.);
#4100=ORIENTED_EDGE('',*,*,#2793,.T.);
#4101=ORIENTED_EDGE('',*,*,#2504,.T.);
#4102=ORIENTED_EDGE('',*,*,#2794,.T.);
#4103=ORIENTED_EDGE('',*,*,#2496,.T.);
#4104=ORIENTED_EDGE('',*,*,#2792,.F.);
#4105=ORIENTED_EDGE('',*,*,#2505,.T.);
#4106=ORIENTED_EDGE('',*,*,#2793,.F.);
#4107=ORIENTED_EDGE('',*,*,#2728,.F.);
#4108=ORIENTED_EDGE('',*,*,#2669,.F.);
#4109=ORIENTED_EDGE('',*,*,#2672,.F.);
#4110=ORIENTED_EDGE('',*,*,#2674,.F.);
#4111=ORIENTED_EDGE('',*,*,#2676,.F.);
#4112=ORIENTED_EDGE('',*,*,#2678,.F.);
#4113=ORIENTED_EDGE('',*,*,#2680,.F.);
#4114=ORIENTED_EDGE('',*,*,#2682,.F.);
#4115=ORIENTED_EDGE('',*,*,#2684,.F.);
#4116=ORIENTED_EDGE('',*,*,#2686,.F.);
#4117=ORIENTED_EDGE('',*,*,#2688,.F.);
#4118=ORIENTED_EDGE('',*,*,#2690,.F.);
#4119=ORIENTED_EDGE('',*,*,#2692,.F.);
#4120=ORIENTED_EDGE('',*,*,#2694,.F.);
#4121=ORIENTED_EDGE('',*,*,#2696,.F.);
#4122=ORIENTED_EDGE('',*,*,#2698,.F.);
#4123=ORIENTED_EDGE('',*,*,#2700,.F.);
#4124=ORIENTED_EDGE('',*,*,#2702,.F.);
#4125=ORIENTED_EDGE('',*,*,#2704,.F.);
#4126=ORIENTED_EDGE('',*,*,#2706,.F.);
#4127=ORIENTED_EDGE('',*,*,#2708,.F.);
#4128=ORIENTED_EDGE('',*,*,#2710,.F.);
#4129=ORIENTED_EDGE('',*,*,#2712,.F.);
#4130=ORIENTED_EDGE('',*,*,#2714,.F.);
#4131=ORIENTED_EDGE('',*,*,#2716,.F.);
#4132=ORIENTED_EDGE('',*,*,#2718,.F.);
#4133=ORIENTED_EDGE('',*,*,#2720,.F.);
#4134=ORIENTED_EDGE('',*,*,#2722,.F.);
#4135=ORIENTED_EDGE('',*,*,#2724,.F.);
#4136=ORIENTED_EDGE('',*,*,#2791,.F.);
#4137=ORIENTED_EDGE('',*,*,#2795,.F.);
#4138=ORIENTED_EDGE('',*,*,#2796,.T.);
#4139=ORIENTED_EDGE('',*,*,#2797,.T.);
#4140=ORIENTED_EDGE('',*,*,#2763,.F.);
#4141=ORIENTED_EDGE('',*,*,#2760,.F.);
#4142=ORIENTED_EDGE('',*,*,#2794,.F.);
#4143=ORIENTED_EDGE('',*,*,#2790,.F.);
#4144=ORIENTED_EDGE('',*,*,#2789,.F.);
#4145=ORIENTED_EDGE('',*,*,#2788,.F.);
#4146=ORIENTED_EDGE('',*,*,#2787,.F.);
#4147=ORIENTED_EDGE('',*,*,#2786,.F.);
#4148=ORIENTED_EDGE('',*,*,#2785,.F.);
#4149=ORIENTED_EDGE('',*,*,#2784,.F.);
#4150=ORIENTED_EDGE('',*,*,#2783,.F.);
#4151=ORIENTED_EDGE('',*,*,#2782,.F.);
#4152=ORIENTED_EDGE('',*,*,#2781,.F.);
#4153=ORIENTED_EDGE('',*,*,#2780,.F.);
#4154=ORIENTED_EDGE('',*,*,#2779,.F.);
#4155=ORIENTED_EDGE('',*,*,#2778,.F.);
#4156=ORIENTED_EDGE('',*,*,#2777,.F.);
#4157=ORIENTED_EDGE('',*,*,#2776,.F.);
#4158=ORIENTED_EDGE('',*,*,#2775,.F.);
#4159=ORIENTED_EDGE('',*,*,#2774,.F.);
#4160=ORIENTED_EDGE('',*,*,#2773,.F.);
#4161=ORIENTED_EDGE('',*,*,#2772,.F.);
#4162=ORIENTED_EDGE('',*,*,#2771,.F.);
#4163=ORIENTED_EDGE('',*,*,#2770,.F.);
#4164=ORIENTED_EDGE('',*,*,#2769,.F.);
#4165=ORIENTED_EDGE('',*,*,#2768,.F.);
#4166=ORIENTED_EDGE('',*,*,#2767,.F.);
#4167=ORIENTED_EDGE('',*,*,#2766,.F.);
#4168=ORIENTED_EDGE('',*,*,#2765,.F.);
#4169=ORIENTED_EDGE('',*,*,#2764,.F.);
#4170=ORIENTED_EDGE('',*,*,#2798,.T.);
#4171=ORIENTED_EDGE('',*,*,#2799,.T.);
#4172=ORIENTED_EDGE('',*,*,#2800,.T.);
#4173=ORIENTED_EDGE('',*,*,#2472,.T.);
#4174=ORIENTED_EDGE('',*,*,#2469,.T.);
#4175=ORIENTED_EDGE('',*,*,#2801,.T.);
#4176=ORIENTED_EDGE('',*,*,#2802,.T.);
#4177=ORIENTED_EDGE('',*,*,#2803,.T.);
#4178=ORIENTED_EDGE('',*,*,#2804,.T.);
#4179=ORIENTED_EDGE('',*,*,#2444,.T.);
#4180=ORIENTED_EDGE('',*,*,#2803,.F.);
#4181=ORIENTED_EDGE('',*,*,#2805,.T.);
#4182=ORIENTED_EDGE('',*,*,#2806,.T.);
#4183=ORIENTED_EDGE('',*,*,#2807,.T.);
#4184=ORIENTED_EDGE('',*,*,#2802,.F.);
#4185=ORIENTED_EDGE('',*,*,#2443,.F.);
#4186=ORIENTED_EDGE('',*,*,#2447,.F.);
#4187=ORIENTED_EDGE('',*,*,#2450,.F.);
#4188=ORIENTED_EDGE('',*,*,#2453,.F.);
#4189=ORIENTED_EDGE('',*,*,#2456,.F.);
#4190=ORIENTED_EDGE('',*,*,#2459,.F.);
#4191=ORIENTED_EDGE('',*,*,#2462,.F.);
#4192=ORIENTED_EDGE('',*,*,#2465,.F.);
#4193=ORIENTED_EDGE('',*,*,#2808,.F.);
#4194=ORIENTED_EDGE('',*,*,#2796,.F.);
#4195=ORIENTED_EDGE('',*,*,#2809,.F.);
#4196=ORIENTED_EDGE('',*,*,#2798,.F.);
#4197=ORIENTED_EDGE('',*,*,#2801,.F.);
#4198=ORIENTED_EDGE('',*,*,#2468,.F.);
#4199=ORIENTED_EDGE('',*,*,#2471,.F.);
#4200=ORIENTED_EDGE('',*,*,#2475,.F.);
#4201=ORIENTED_EDGE('',*,*,#2478,.F.);
#4202=ORIENTED_EDGE('',*,*,#2481,.F.);
#4203=ORIENTED_EDGE('',*,*,#2484,.F.);
#4204=ORIENTED_EDGE('',*,*,#2487,.F.);
#4205=ORIENTED_EDGE('',*,*,#2490,.F.);
#4206=ORIENTED_EDGE('',*,*,#2493,.F.);
#4207=ORIENTED_EDGE('',*,*,#2810,.F.);
#4208=ORIENTED_EDGE('',*,*,#2805,.F.);
#4209=ORIENTED_EDGE('',*,*,#2804,.F.);
#4210=ORIENTED_EDGE('',*,*,#2807,.F.);
#4211=ORIENTED_EDGE('',*,*,#2811,.T.);
#4212=ORIENTED_EDGE('',*,*,#2494,.T.);
#4213=ORIENTED_EDGE('',*,*,#2491,.T.);
#4214=ORIENTED_EDGE('',*,*,#2488,.T.);
#4215=ORIENTED_EDGE('',*,*,#2485,.T.);
#4216=ORIENTED_EDGE('',*,*,#2482,.T.);
#4217=ORIENTED_EDGE('',*,*,#2479,.T.);
#4218=ORIENTED_EDGE('',*,*,#2476,.T.);
#4219=ORIENTED_EDGE('',*,*,#2473,.T.);
#4220=ORIENTED_EDGE('',*,*,#2800,.F.);
#4221=ORIENTED_EDGE('',*,*,#2799,.F.);
#4222=ORIENTED_EDGE('',*,*,#2809,.T.);
#4223=ORIENTED_EDGE('',*,*,#2795,.T.);
#4224=ORIENTED_EDGE('',*,*,#2812,.F.);
#4225=ORIENTED_EDGE('',*,*,#2466,.F.);
#4226=ORIENTED_EDGE('',*,*,#2463,.F.);
#4227=ORIENTED_EDGE('',*,*,#2460,.F.);
#4228=ORIENTED_EDGE('',*,*,#2457,.F.);
#4229=ORIENTED_EDGE('',*,*,#2454,.F.);
#4230=ORIENTED_EDGE('',*,*,#2451,.F.);
#4231=ORIENTED_EDGE('',*,*,#2448,.F.);
#4232=ORIENTED_EDGE('',*,*,#2445,.F.);
#4233=ORIENTED_EDGE('',*,*,#2492,.T.);
#4234=ORIENTED_EDGE('',*,*,#2811,.F.);
#4235=ORIENTED_EDGE('',*,*,#2806,.F.);
#4236=ORIENTED_EDGE('',*,*,#2810,.T.);
#4237=ORIENTED_EDGE('',*,*,#2464,.T.);
#4238=ORIENTED_EDGE('',*,*,#2812,.T.);
#4239=ORIENTED_EDGE('',*,*,#2797,.F.);
#4240=ORIENTED_EDGE('',*,*,#2808,.T.);
#4241=CYLINDRICAL_SURFACE('',#4671,4.413);
#4242=CYLINDRICAL_SURFACE('',#4672,4.413);
#4243=CYLINDRICAL_SURFACE('',#4674,5.249);
#4244=CYLINDRICAL_SURFACE('',#4675,5.249);
#4245=CYLINDRICAL_SURFACE('',#4676,5.249);
#4246=CYLINDRICAL_SURFACE('',#4683,2.);
#4247=CYLINDRICAL_SURFACE('',#4707,2.);
#4248=CYLINDRICAL_SURFACE('',#4715,2.);
#4249=CYLINDRICAL_SURFACE('',#4716,2.);
#4250=CYLINDRICAL_SURFACE('',#4721,2.);
#4251=CYLINDRICAL_SURFACE('',#4726,2.);
#4252=CYLINDRICAL_SURFACE('',#4734,2.);
#4253=CYLINDRICAL_SURFACE('',#4739,2.);
#4254=CYLINDRICAL_SURFACE('',#4740,2.);
#4255=CYLINDRICAL_SURFACE('',#4745,2.);
#4256=CYLINDRICAL_SURFACE('',#4750,2.);
#4257=CYLINDRICAL_SURFACE('',#4751,2.);
#4258=CYLINDRICAL_SURFACE('',#4752,2.);
#4259=CYLINDRICAL_SURFACE('',#4753,2.);
#4260=CYLINDRICAL_SURFACE('',#4754,2.);
#4261=CYLINDRICAL_SURFACE('',#4755,2.);
#4262=CYLINDRICAL_SURFACE('',#4756,2.);
#4263=CYLINDRICAL_SURFACE('',#4757,2.);
#4264=CYLINDRICAL_SURFACE('',#4758,2.);
#4265=CYLINDRICAL_SURFACE('',#4759,2.);
#4266=CYLINDRICAL_SURFACE('',#4760,2.);
#4267=CYLINDRICAL_SURFACE('',#4761,2.);
#4268=CYLINDRICAL_SURFACE('',#4766,5.);
#4269=CYLINDRICAL_SURFACE('',#4768,5.);
#4270=CYLINDRICAL_SURFACE('',#4782,2.825);
#4271=CYLINDRICAL_SURFACE('',#4787,2.825);
#4272=CYLINDRICAL_SURFACE('',#4793,2.825);
#4273=CYLINDRICAL_SURFACE('',#4801,2.325);
#4274=CYLINDRICAL_SURFACE('',#4825,1.575);
#4275=CYLINDRICAL_SURFACE('',#4833,1.575);
#4276=CYLINDRICAL_SURFACE('',#4841,1.575);
#4277=CYLINDRICAL_SURFACE('',#4849,2.325);
#4278=CYLINDRICAL_SURFACE('',#4855,2.325);
#4279=CYLINDRICAL_SURFACE('',#4902,5.099);
#4280=CYLINDRICAL_SURFACE('',#4903,5.249);
#4281=CYLINDRICAL_SURFACE('',#4904,5.099);
#4282=CYLINDRICAL_SURFACE('',#4907,4.263);
#4283=CYLINDRICAL_SURFACE('',#4908,4.263);
#4284=CYLINDRICAL_SURFACE('',#4909,4.413);
#4285=CYLINDRICAL_SURFACE('',#4910,4.263);
#4286=CYLINDRICAL_SURFACE('',#4912,5.099);
#4287=CYLINDRICAL_SURFACE('',#4914,4.925);
#4288=CYLINDRICAL_SURFACE('',#4916,4.925);
#4289=CYLINDRICAL_SURFACE('',#4917,4.925);
#4290=CYLINDRICAL_SURFACE('',#4918,4.925);
#4291=CYLINDRICAL_SURFACE('',#4919,4.925);
#4292=CYLINDRICAL_SURFACE('',#4920,4.925);
#4293=CYLINDRICAL_SURFACE('',#4921,4.925);
#4294=CYLINDRICAL_SURFACE('',#4922,4.925);
#4295=CYLINDRICAL_SURFACE('',#4923,4.0705);
#4296=CYLINDRICAL_SURFACE('',#4925,4.0705);
#4297=CYLINDRICAL_SURFACE('',#4927,4.0705);
#4298=CYLINDRICAL_SURFACE('',#4928,4.0705);
#4299=CYLINDRICAL_SURFACE('',#4929,4.0705);
#4300=CYLINDRICAL_SURFACE('',#4930,4.0705);
#4301=CYLINDRICAL_SURFACE('',#4931,4.0705);
#4302=CYLINDRICAL_SURFACE('',#4932,4.0705);
#4303=CYLINDRICAL_SURFACE('',#4933,4.0705);
#4304=CYLINDRICAL_SURFACE('',#4934,0.500000000000001);
#4305=CYLINDRICAL_SURFACE('',#4935,0.500000000000001);
#4306=CYLINDRICAL_SURFACE('',#4936,0.5);
#4307=CYLINDRICAL_SURFACE('',#4937,0.500000000000001);
#4308=CYLINDRICAL_SURFACE('',#4938,0.5);
#4309=CYLINDRICAL_SURFACE('',#4939,0.5);
#4310=CYLINDRICAL_SURFACE('',#4940,0.5);
#4311=CYLINDRICAL_SURFACE('',#4941,0.5);
#4312=CYLINDRICAL_SURFACE('',#4942,0.5);
#4313=CYLINDRICAL_SURFACE('',#4943,0.5);
#4314=CYLINDRICAL_SURFACE('',#4944,0.5);
#4315=CYLINDRICAL_SURFACE('',#4945,0.500000000000001);
#4316=CYLINDRICAL_SURFACE('',#4946,0.5);
#4317=CYLINDRICAL_SURFACE('',#4947,0.5);
#4318=CYLINDRICAL_SURFACE('',#4948,0.5);
#4319=CYLINDRICAL_SURFACE('',#4949,0.5);
#4320=CYLINDRICAL_SURFACE('',#4950,0.5);
#4321=CYLINDRICAL_SURFACE('',#4951,0.5);
#4322=CYLINDRICAL_SURFACE('',#4952,0.5);
#4323=CYLINDRICAL_SURFACE('',#4953,0.5);
#4324=CYLINDRICAL_SURFACE('',#4954,0.5);
#4325=CYLINDRICAL_SURFACE('',#4955,0.500000000000001);
#4326=CYLINDRICAL_SURFACE('',#4956,0.5);
#4327=CYLINDRICAL_SURFACE('',#4957,0.5);
#4328=CYLINDRICAL_SURFACE('',#4958,0.5);
#4329=CYLINDRICAL_SURFACE('',#4959,0.500000000000001);
#4330=CYLINDRICAL_SURFACE('',#4960,0.500000000000001);
#4331=CYLINDRICAL_SURFACE('',#4961,0.5);
#4332=CYLINDRICAL_SURFACE('',#4962,0.5);
#4333=CYLINDRICAL_SURFACE('',#5050,7.5);
#4334=CYLINDRICAL_SURFACE('',#5052,7.5);
#4335=CYLINDRICAL_SURFACE('',#5054,7.5);
#4336=CYLINDRICAL_SURFACE('',#5056,7.5);
#4337=CYLINDRICAL_SURFACE('',#5058,7.5);
#4338=CYLINDRICAL_SURFACE('',#5060,7.5);
#4339=CYLINDRICAL_SURFACE('',#5062,7.5);
#4340=CYLINDRICAL_SURFACE('',#5064,7.5);
#4341=CYLINDRICAL_SURFACE('',#5066,7.5);
#4342=CYLINDRICAL_SURFACE('',#5068,7.5);
#4343=CYLINDRICAL_SURFACE('',#5070,7.5);
#4344=CYLINDRICAL_SURFACE('',#5072,7.5);
#4345=CYLINDRICAL_SURFACE('',#5074,7.5);
#4346=CYLINDRICAL_SURFACE('',#5076,7.5);
#4347=CYLINDRICAL_SURFACE('',#5078,7.5);
#4348=CYLINDRICAL_SURFACE('',#5080,7.5);
#4349=CYLINDRICAL_SURFACE('',#5082,7.5);
#4350=CYLINDRICAL_SURFACE('',#5084,7.5);
#4351=CYLINDRICAL_SURFACE('',#5086,7.5);
#4352=CYLINDRICAL_SURFACE('',#5088,7.5);
#4353=CYLINDRICAL_SURFACE('',#5090,7.5);
#4354=CYLINDRICAL_SURFACE('',#5092,7.5);
#4355=CYLINDRICAL_SURFACE('',#5094,7.5);
#4356=CYLINDRICAL_SURFACE('',#5096,7.5);
#4357=CYLINDRICAL_SURFACE('',#5098,7.5);
#4358=CYLINDRICAL_SURFACE('',#5100,7.5);
#4359=CYLINDRICAL_SURFACE('',#5102,7.5);
#4360=CYLINDRICAL_SURFACE('',#5104,7.5);
#4361=CYLINDRICAL_SURFACE('',#5106,7.5);
#4362=CYLINDRICAL_SURFACE('',#5169,0.5);
#4363=CYLINDRICAL_SURFACE('',#5173,7.5);
#4364=CYLINDRICAL_SURFACE('',#5182,4.0705);
#4365=CYLINDRICAL_SURFACE('',#5183,4.925);
#4366=ADVANCED_FACE('',(#464),#4241,.F.);
#4367=ADVANCED_FACE('',(#465),#4242,.F.);
#4368=ADVANCED_FACE('',(#466),#4243,.F.);
#4369=ADVANCED_FACE('',(#467),#4244,.F.);
#4370=ADVANCED_FACE('',(#468),#4245,.F.);
#4371=ADVANCED_FACE('',(#469),#217,.T.);
#4372=ADVANCED_FACE('',(#470),#4246,.T.);
#4373=ADVANCED_FACE('',(#471),#218,.T.);
#4374=ADVANCED_FACE('',(#472),#205,.T.);
#4375=ADVANCED_FACE('',(#473),#219,.T.);
#4376=ADVANCED_FACE('',(#474),#206,.T.);
#4377=ADVANCED_FACE('',(#475),#207,.T.);
#4378=ADVANCED_FACE('',(#476),#4247,.T.);
#4379=ADVANCED_FACE('',(#477),#208,.T.);
#4380=ADVANCED_FACE('',(#478),#209,.T.);
#4381=ADVANCED_FACE('',(#479),#4248,.T.);
#4382=ADVANCED_FACE('',(#480),#4249,.T.);
#4383=ADVANCED_FACE('',(#481),#210,.T.);
#4384=ADVANCED_FACE('',(#482),#4250,.T.);
#4385=ADVANCED_FACE('',(#483),#211,.T.);
#4386=ADVANCED_FACE('',(#484),#4251,.T.);
#4387=ADVANCED_FACE('',(#485),#212,.T.);
#4388=ADVANCED_FACE('',(#486),#213,.T.);
#4389=ADVANCED_FACE('',(#487),#4252,.T.);
#4390=ADVANCED_FACE('',(#488),#214,.T.);
#4391=ADVANCED_FACE('',(#489),#4253,.T.);
#4392=ADVANCED_FACE('',(#490),#4254,.T.);
#4393=ADVANCED_FACE('',(#491),#215,.T.);
#4394=ADVANCED_FACE('',(#492),#4255,.T.);
#4395=ADVANCED_FACE('',(#493),#216,.T.);
#4396=ADVANCED_FACE('',(#494),#4256,.T.);
#4397=ADVANCED_FACE('',(#495),#4257,.T.);
#4398=ADVANCED_FACE('',(#496),#4258,.T.);
#4399=ADVANCED_FACE('',(#497),#4259,.T.);
#4400=ADVANCED_FACE('',(#498),#4260,.T.);
#4401=ADVANCED_FACE('',(#499),#4261,.T.);
#4402=ADVANCED_FACE('',(#500),#4262,.T.);
#4403=ADVANCED_FACE('',(#501),#4263,.T.);
#4404=ADVANCED_FACE('',(#502),#4264,.T.);
#4405=ADVANCED_FACE('',(#503),#4265,.T.);
#4406=ADVANCED_FACE('',(#504),#4266,.T.);
#4407=ADVANCED_FACE('',(#505),#4267,.T.);
#4408=ADVANCED_FACE('',(#506),#220,.T.);
#4409=ADVANCED_FACE('',(#507),#4268,.F.);
#4410=ADVANCED_FACE('',(#508),#157,.F.);
#4411=ADVANCED_FACE('',(#509),#4269,.F.);
#4412=ADVANCED_FACE('',(#510),#158,.T.);
#4413=ADVANCED_FACE('',(#511,#152),#159,.T.);
#4414=ADVANCED_FACE('',(#512),#160,.T.);
#4415=ADVANCED_FACE('',(#513),#161,.T.);
#4416=ADVANCED_FACE('',(#514),#162,.T.);
#4417=ADVANCED_FACE('',(#515),#163,.T.);
#4418=ADVANCED_FACE('',(#516),#164,.T.);
#4419=ADVANCED_FACE('',(#517),#165,.T.);
#4420=ADVANCED_FACE('',(#518),#166,.T.);
#4421=ADVANCED_FACE('',(#519),#167,.T.);
#4422=ADVANCED_FACE('',(#520),#168,.T.);
#4423=ADVANCED_FACE('',(#521),#4270,.T.);
#4424=ADVANCED_FACE('',(#522,#153),#169,.T.);
#4425=ADVANCED_FACE('',(#523),#4271,.T.);
#4426=ADVANCED_FACE('',(#524,#154),#170,.T.);
#4427=ADVANCED_FACE('',(#525),#4272,.T.);
#4428=ADVANCED_FACE('',(#526,#155),#171,.T.);
#4429=ADVANCED_FACE('',(#527),#172,.T.);
#4430=ADVANCED_FACE('',(#528),#4273,.T.);
#4431=ADVANCED_FACE('',(#529),#173,.T.);
#4432=ADVANCED_FACE('',(#530),#174,.T.);
#4433=ADVANCED_FACE('',(#531),#175,.T.);
#4434=ADVANCED_FACE('',(#532),#176,.T.);
#4435=ADVANCED_FACE('',(#533),#177,.F.);
#4436=ADVANCED_FACE('',(#534),#36,.T.);
#4437=ADVANCED_FACE('',(#535),#37,.T.);
#4438=ADVANCED_FACE('',(#536),#178,.F.);
#4439=ADVANCED_FACE('',(#537),#38,.F.);
#4440=ADVANCED_FACE('',(#538),#4274,.F.);
#4441=ADVANCED_FACE('',(#539),#179,.F.);
#4442=ADVANCED_FACE('',(#540),#39,.F.);
#4443=ADVANCED_FACE('',(#541),#40,.T.);
#4444=ADVANCED_FACE('',(#542),#180,.F.);
#4445=ADVANCED_FACE('',(#543),#41,.T.);
#4446=ADVANCED_FACE('',(#544),#4275,.F.);
#4447=ADVANCED_FACE('',(#545),#181,.T.);
#4448=ADVANCED_FACE('',(#546),#4276,.F.);
#4449=ADVANCED_FACE('',(#547),#182,.T.);
#4450=ADVANCED_FACE('',(#548),#4277,.T.);
#4451=ADVANCED_FACE('',(#549),#4278,.T.);
#4452=ADVANCED_FACE('',(#550),#183,.T.);
#4453=ADVANCED_FACE('',(#551),#184,.F.);
#4454=ADVANCED_FACE('',(#552),#185,.T.);
#4455=ADVANCED_FACE('',(#553),#186,.T.);
#4456=ADVANCED_FACE('',(#554),#187,.F.);
#4457=ADVANCED_FACE('',(#555),#188,.T.);
#4458=ADVANCED_FACE('',(#556),#189,.F.);
#4459=ADVANCED_FACE('',(#557),#42,.T.);
#4460=ADVANCED_FACE('',(#558),#43,.T.);
#4461=ADVANCED_FACE('',(#559),#44,.F.);
#4462=ADVANCED_FACE('',(#560),#190,.F.);
#4463=ADVANCED_FACE('',(#561),#191,.T.);
#4464=ADVANCED_FACE('',(#562),#45,.F.);
#4465=ADVANCED_FACE('',(#563),#192,.T.);
#4466=ADVANCED_FACE('',(#564),#46,.T.);
#4467=ADVANCED_FACE('',(#565),#193,.F.);
#4468=ADVANCED_FACE('',(#566),#47,.T.);
#4469=ADVANCED_FACE('',(#567),#194,.F.);
#4470=ADVANCED_FACE('',(#568),#48,.T.);
#4471=ADVANCED_FACE('',(#569),#49,.T.);
#4472=ADVANCED_FACE('',(#570),#50,.F.);
#4473=ADVANCED_FACE('',(#571),#195,.F.);
#4474=ADVANCED_FACE('',(#572),#196,.T.);
#4475=ADVANCED_FACE('',(#573),#51,.F.);
#4476=ADVANCED_FACE('',(#574),#197,.T.);
#4477=ADVANCED_FACE('',(#575),#52,.T.);
#4478=ADVANCED_FACE('',(#576),#198,.F.);
#4479=ADVANCED_FACE('',(#577),#53,.T.);
#4480=ADVANCED_FACE('',(#578),#27,.F.);
#4481=ADVANCED_FACE('',(#579),#199,.F.);
#4482=ADVANCED_FACE('',(#580),#28,.F.);
#4483=ADVANCED_FACE('',(#581),#29,.F.);
#4484=ADVANCED_FACE('',(#582),#30,.F.);
#4485=ADVANCED_FACE('',(#583),#4279,.F.);
#4486=ADVANCED_FACE('',(#584),#4280,.F.);
#4487=ADVANCED_FACE('',(#585),#4281,.F.);
#4488=ADVANCED_FACE('',(#586),#31,.F.);
#4489=ADVANCED_FACE('',(#587),#32,.F.);
#4490=ADVANCED_FACE('',(#588),#200,.T.);
#4491=ADVANCED_FACE('',(#589),#4282,.F.);
#4492=ADVANCED_FACE('',(#590),#4283,.F.);
#4493=ADVANCED_FACE('',(#591),#4284,.F.);
#4494=ADVANCED_FACE('',(#592),#4285,.F.);
#4495=ADVANCED_FACE('',(#593),#201,.T.);
#4496=ADVANCED_FACE('',(#594),#33,.F.);
#4497=ADVANCED_FACE('',(#595),#4286,.F.);
#4498=ADVANCED_FACE('',(#596),#4287,.T.);
#4499=ADVANCED_FACE('',(#597),#4288,.T.);
#4500=ADVANCED_FACE('',(#598),#4289,.T.);
#4501=ADVANCED_FACE('',(#599),#4290,.T.);
#4502=ADVANCED_FACE('',(#600),#4291,.T.);
#4503=ADVANCED_FACE('',(#601),#4292,.T.);
#4504=ADVANCED_FACE('',(#602),#4293,.T.);
#4505=ADVANCED_FACE('',(#603),#4294,.T.);
#4506=ADVANCED_FACE('',(#604),#4295,.T.);
#4507=ADVANCED_FACE('',(#605),#4296,.T.);
#4508=ADVANCED_FACE('',(#606),#4297,.T.);
#4509=ADVANCED_FACE('',(#607),#4298,.T.);
#4510=ADVANCED_FACE('',(#608),#4299,.T.);
#4511=ADVANCED_FACE('',(#609),#4300,.T.);
#4512=ADVANCED_FACE('',(#610),#4301,.T.);
#4513=ADVANCED_FACE('',(#611),#4302,.T.);
#4514=ADVANCED_FACE('',(#612),#4303,.T.);
#4515=ADVANCED_FACE('',(#613),#4304,.F.);
#4516=ADVANCED_FACE('',(#614),#4305,.F.);
#4517=ADVANCED_FACE('',(#615),#4306,.F.);
#4518=ADVANCED_FACE('',(#616),#4307,.F.);
#4519=ADVANCED_FACE('',(#617),#4308,.F.);
#4520=ADVANCED_FACE('',(#618),#4309,.F.);
#4521=ADVANCED_FACE('',(#619),#4310,.F.);
#4522=ADVANCED_FACE('',(#620),#4311,.F.);
#4523=ADVANCED_FACE('',(#621),#4312,.F.);
#4524=ADVANCED_FACE('',(#622),#4313,.F.);
#4525=ADVANCED_FACE('',(#623),#4314,.F.);
#4526=ADVANCED_FACE('',(#624),#4315,.F.);
#4527=ADVANCED_FACE('',(#625),#4316,.F.);
#4528=ADVANCED_FACE('',(#626),#4317,.F.);
#4529=ADVANCED_FACE('',(#627),#4318,.F.);
#4530=ADVANCED_FACE('',(#628),#4319,.F.);
#4531=ADVANCED_FACE('',(#629),#4320,.F.);
#4532=ADVANCED_FACE('',(#630),#4321,.F.);
#4533=ADVANCED_FACE('',(#631),#4322,.F.);
#4534=ADVANCED_FACE('',(#632),#4323,.F.);
#4535=ADVANCED_FACE('',(#633),#4324,.F.);
#4536=ADVANCED_FACE('',(#634),#4325,.F.);
#4537=ADVANCED_FACE('',(#635),#4326,.F.);
#4538=ADVANCED_FACE('',(#636),#4327,.F.);
#4539=ADVANCED_FACE('',(#637),#4328,.F.);
#4540=ADVANCED_FACE('',(#638),#4329,.F.);
#4541=ADVANCED_FACE('',(#639),#4330,.F.);
#4542=ADVANCED_FACE('',(#640),#4331,.F.);
#4543=ADVANCED_FACE('',(#641),#4332,.F.);
#4544=ADVANCED_FACE('',(#642),#54,.T.);
#4545=ADVANCED_FACE('',(#643),#55,.T.);
#4546=ADVANCED_FACE('',(#644),#56,.T.);
#4547=ADVANCED_FACE('',(#645),#57,.T.);
#4548=ADVANCED_FACE('',(#646),#58,.T.);
#4549=ADVANCED_FACE('',(#647),#59,.T.);
#4550=ADVANCED_FACE('',(#648),#60,.T.);
#4551=ADVANCED_FACE('',(#649),#61,.T.);
#4552=ADVANCED_FACE('',(#650),#62,.T.);
#4553=ADVANCED_FACE('',(#651),#63,.T.);
#4554=ADVANCED_FACE('',(#652),#64,.T.);
#4555=ADVANCED_FACE('',(#653),#65,.T.);
#4556=ADVANCED_FACE('',(#654),#66,.T.);
#4557=ADVANCED_FACE('',(#655),#67,.T.);
#4558=ADVANCED_FACE('',(#656),#68,.T.);
#4559=ADVANCED_FACE('',(#657),#69,.T.);
#4560=ADVANCED_FACE('',(#658),#70,.T.);
#4561=ADVANCED_FACE('',(#659),#71,.T.);
#4562=ADVANCED_FACE('',(#660),#72,.T.);
#4563=ADVANCED_FACE('',(#661),#73,.T.);
#4564=ADVANCED_FACE('',(#662),#74,.T.);
#4565=ADVANCED_FACE('',(#663),#75,.T.);
#4566=ADVANCED_FACE('',(#664),#76,.T.);
#4567=ADVANCED_FACE('',(#665),#77,.T.);
#4568=ADVANCED_FACE('',(#666),#78,.T.);
#4569=ADVANCED_FACE('',(#667),#79,.T.);
#4570=ADVANCED_FACE('',(#668),#80,.T.);
#4571=ADVANCED_FACE('',(#669),#81,.T.);
#4572=ADVANCED_FACE('',(#670),#82,.T.);
#4573=ADVANCED_FACE('',(#671),#4333,.T.);
#4574=ADVANCED_FACE('',(#672),#4334,.T.);
#4575=ADVANCED_FACE('',(#673),#4335,.T.);
#4576=ADVANCED_FACE('',(#674),#4336,.T.);
#4577=ADVANCED_FACE('',(#675),#4337,.T.);
#4578=ADVANCED_FACE('',(#676),#4338,.T.);
#4579=ADVANCED_FACE('',(#677),#4339,.T.);
#4580=ADVANCED_FACE('',(#678),#4340,.T.);
#4581=ADVANCED_FACE('',(#679),#4341,.T.);
#4582=ADVANCED_FACE('',(#680),#4342,.T.);
#4583=ADVANCED_FACE('',(#681),#4343,.T.);
#4584=ADVANCED_FACE('',(#682),#4344,.T.);
#4585=ADVANCED_FACE('',(#683),#4345,.T.);
#4586=ADVANCED_FACE('',(#684),#4346,.T.);
#4587=ADVANCED_FACE('',(#685),#4347,.T.);
#4588=ADVANCED_FACE('',(#686),#4348,.T.);
#4589=ADVANCED_FACE('',(#687),#4349,.T.);
#4590=ADVANCED_FACE('',(#688),#4350,.T.);
#4591=ADVANCED_FACE('',(#689),#4351,.T.);
#4592=ADVANCED_FACE('',(#690),#4352,.T.);
#4593=ADVANCED_FACE('',(#691),#4353,.T.);
#4594=ADVANCED_FACE('',(#692),#4354,.T.);
#4595=ADVANCED_FACE('',(#693),#4355,.T.);
#4596=ADVANCED_FACE('',(#694),#4356,.T.);
#4597=ADVANCED_FACE('',(#695),#4357,.T.);
#4598=ADVANCED_FACE('',(#696),#4358,.T.);
#4599=ADVANCED_FACE('',(#697),#4359,.T.);
#4600=ADVANCED_FACE('',(#698),#4360,.T.);
#4601=ADVANCED_FACE('',(#699),#4361,.T.);
#4602=ADVANCED_FACE('',(#700),#83,.T.);
#4603=ADVANCED_FACE('',(#701),#84,.T.);
#4604=ADVANCED_FACE('',(#702),#85,.T.);
#4605=ADVANCED_FACE('',(#703),#86,.T.);
#4606=ADVANCED_FACE('',(#704),#87,.T.);
#4607=ADVANCED_FACE('',(#705),#88,.T.);
#4608=ADVANCED_FACE('',(#706),#89,.T.);
#4609=ADVANCED_FACE('',(#707),#90,.T.);
#4610=ADVANCED_FACE('',(#708),#91,.T.);
#4611=ADVANCED_FACE('',(#709),#92,.T.);
#4612=ADVANCED_FACE('',(#710),#93,.T.);
#4613=ADVANCED_FACE('',(#711),#94,.T.);
#4614=ADVANCED_FACE('',(#712),#95,.T.);
#4615=ADVANCED_FACE('',(#713),#96,.T.);
#4616=ADVANCED_FACE('',(#714),#97,.T.);
#4617=ADVANCED_FACE('',(#715),#98,.T.);
#4618=ADVANCED_FACE('',(#716),#99,.T.);
#4619=ADVANCED_FACE('',(#717),#100,.T.);
#4620=ADVANCED_FACE('',(#718),#101,.T.);
#4621=ADVANCED_FACE('',(#719),#102,.T.);
#4622=ADVANCED_FACE('',(#720),#103,.T.);
#4623=ADVANCED_FACE('',(#721),#104,.T.);
#4624=ADVANCED_FACE('',(#722),#105,.T.);
#4625=ADVANCED_FACE('',(#723),#106,.T.);
#4626=ADVANCED_FACE('',(#724),#107,.T.);
#4627=ADVANCED_FACE('',(#725),#108,.T.);
#4628=ADVANCED_FACE('',(#726),#109,.T.);
#4629=ADVANCED_FACE('',(#727),#110,.T.);
#4630=ADVANCED_FACE('',(#728),#111,.T.);
#4631=ADVANCED_FACE('',(#729),#112,.T.);
#4632=ADVANCED_FACE('',(#730),#4362,.F.);
#4633=ADVANCED_FACE('',(#731),#113,.T.);
#4634=ADVANCED_FACE('',(#732),#4363,.T.);
#4635=ADVANCED_FACE('',(#733),#202,.T.);
#4636=ADVANCED_FACE('',(#734),#114,.T.);
#4637=ADVANCED_FACE('',(#735,#156),#203,.F.);
#4638=ADVANCED_FACE('',(#736),#115,.T.);
#4639=ADVANCED_FACE('',(#737),#204,.F.);
#4640=ADVANCED_FACE('',(#738),#34,.F.);
#4641=ADVANCED_FACE('',(#739),#35,.F.);
#4642=ADVANCED_FACE('',(#740),#4364,.T.);
#4643=ADVANCED_FACE('',(#741),#4365,.T.);
#4644=CLOSED_SHELL('',(#4366,#4367,#4368,#4369,#4370,#4371,#4372,#4373,
#4374,#4375,#4376,#4377,#4378,#4379,#4380,#4381,#4382,#4383,#4384,#4385,
#4386,#4387,#4388,#4389,#4390,#4391,#4392,#4393,#4394,#4395,#4396,#4397,
#4398,#4399,#4400,#4401,#4402,#4403,#4404,#4405,#4406,#4407,#4408,#4409,
#4410,#4411,#4412,#4413,#4414,#4415,#4416,#4417,#4418,#4419,#4420,#4421,
#4422,#4423,#4424,#4425,#4426,#4427,#4428,#4429,#4430,#4431,#4432,#4433,
#4434,#4435,#4436,#4437,#4438,#4439,#4440,#4441,#4442,#4443,#4444,#4445,
#4446,#4447,#4448,#4449,#4450,#4451,#4452,#4453,#4454,#4455,#4456,#4457,
#4458,#4459,#4460,#4461,#4462,#4463,#4464,#4465,#4466,#4467,#4468,#4469,
#4470,#4471,#4472,#4473,#4474,#4475,#4476,#4477,#4478,#4479,#4480,#4481,
#4482,#4483,#4484,#4485,#4486,#4487,#4488,#4489,#4490,#4491,#4492,#4493,
#4494,#4495,#4496,#4497));
#4645=CLOSED_SHELL('',(#4498,#4499,#4500,#4501,#4502,#4503,#4504,#4505,
#4506,#4507,#4508,#4509,#4510,#4511,#4512,#4513,#4514,#4515,#4516,#4517,
#4518,#4519,#4520,#4521,#4522,#4523,#4524,#4525,#4526,#4527,#4528,#4529,
#4530,#4531,#4532,#4533,#4534,#4535,#4536,#4537,#4538,#4539,#4540,#4541,
#4542,#4543,#4544,#4545,#4546,#4547,#4548,#4549,#4550,#4551,#4552,#4553,
#4554,#4555,#4556,#4557,#4558,#4559,#4560,#4561,#4562,#4563,#4564,#4565,
#4566,#4567,#4568,#4569,#4570,#4571,#4572,#4573,#4574,#4575,#4576,#4577,
#4578,#4579,#4580,#4581,#4582,#4583,#4584,#4585,#4586,#4587,#4588,#4589,
#4590,#4591,#4592,#4593,#4594,#4595,#4596,#4597,#4598,#4599,#4600,#4601,
#4602,#4603,#4604,#4605,#4606,#4607,#4608,#4609,#4610,#4611,#4612,#4613,
#4614,#4615,#4616,#4617,#4618,#4619,#4620,#4621,#4622,#4623,#4624,#4625,
#4626,#4627,#4628,#4629,#4630,#4631,#4632,#4633,#4634,#4635,#4636,#4637,
#4638,#4639,#4640,#4641,#4642,#4643));
#4646=DERIVED_UNIT_ELEMENT(#4650,1.);
#4647=DERIVED_UNIT_ELEMENT(#12555,-3.);
#4648=DERIVED_UNIT_ELEMENT(#4650,1.);
#4649=DERIVED_UNIT_ELEMENT(#12555,-3.);
#4650=(
MASS_UNIT()
NAMED_UNIT(*)
SI_UNIT(.KILO.,.GRAM.)
);
#4651=DERIVED_UNIT((#4646,#4647));
#4652=DERIVED_UNIT((#4648,#4649));
#4653=MEASURE_REPRESENTATION_ITEM('density measure',
POSITIVE_RATIO_MEASURE(7850.),#4651);
#4654=MEASURE_REPRESENTATION_ITEM('density measure',
POSITIVE_RATIO_MEASURE(7850.),#4652);
#4655=PROPERTY_DEFINITION_REPRESENTATION(#4665,#4659);
#4656=PROPERTY_DEFINITION_REPRESENTATION(#4666,#4660);
#4657=PROPERTY_DEFINITION_REPRESENTATION(#4667,#4661);
#4658=PROPERTY_DEFINITION_REPRESENTATION(#4668,#4662);
#4659=REPRESENTATION('material name',(#4663),#12551);
#4660=REPRESENTATION('density',(#4653),#12551);
#4661=REPRESENTATION('material name',(#4664),#12552);
#4662=REPRESENTATION('density',(#4654),#12552);
#4663=DESCRIPTIVE_REPRESENTATION_ITEM('Steel','Steel');
#4664=DESCRIPTIVE_REPRESENTATION_ITEM('Steel','Steel');
#4665=PROPERTY_DEFINITION('material property','material name',#12571);
#4666=PROPERTY_DEFINITION('material property','density of part',#12571);
#4667=PROPERTY_DEFINITION('material property','material name',#12572);
#4668=PROPERTY_DEFINITION('material property','density of part',#12572);
#4669=AXIS2_PLACEMENT_3D('',#6416,#5186,#5187);
#4670=AXIS2_PLACEMENT_3D('',#6417,#5188,#5189);
#4671=AXIS2_PLACEMENT_3D('',#6418,#5190,#5191);
#4672=AXIS2_PLACEMENT_3D('',#6461,#5193,#5194);
#4673=AXIS2_PLACEMENT_3D('',#6486,#5196,#5197);
#4674=AXIS2_PLACEMENT_3D('',#6497,#5198,#5199);
#4675=AXIS2_PLACEMENT_3D('',#6519,#5201,#5202);
#4676=AXIS2_PLACEMENT_3D('',#6564,#5204,#5205);
#4677=AXIS2_PLACEMENT_3D('',#6576,#5207,#5208);
#4678=AXIS2_PLACEMENT_3D('',#6587,#5209,#5210);
#4679=AXIS2_PLACEMENT_3D('',#6609,#5211,#5212);
#4680=AXIS2_PLACEMENT_3D('',#6611,#5213,#5214);
#4681=AXIS2_PLACEMENT_3D('',#6613,#5215,#5216);
#4682=AXIS2_PLACEMENT_3D('',#6629,#5217,#5218);
#4683=AXIS2_PLACEMENT_3D('',#6630,#5219,#5220);
#4684=AXIS2_PLACEMENT_3D('',#6654,#5222,#5223);
#4685=AXIS2_PLACEMENT_3D('',#6658,#5225,#5226);
#4686=AXIS2_PLACEMENT_3D('',#6660,#5228,#5229);
#4687=AXIS2_PLACEMENT_3D('',#6662,#5230,#5231);
#4688=AXIS2_PLACEMENT_3D('',#6679,#5232,#5233);
#4689=AXIS2_PLACEMENT_3D('',#6681,#5234,#5235);
#4690=AXIS2_PLACEMENT_3D('',#6682,#5236,#5237);
#4691=AXIS2_PLACEMENT_3D('',#6683,#5238,#5239);
#4692=AXIS2_PLACEMENT_3D('',#6686,#5240,#5241);
#4693=AXIS2_PLACEMENT_3D('',#6688,#5242,#5243);
#4694=AXIS2_PLACEMENT_3D('',#6689,#5244,#5245);
#4695=AXIS2_PLACEMENT_3D('',#6690,#5246,#5247);
#4696=AXIS2_PLACEMENT_3D('',#6693,#5248,#5249);
#4697=AXIS2_PLACEMENT_3D('',#6695,#5250,#5251);
#4698=AXIS2_PLACEMENT_3D('',#6697,#5252,#5253);
#4699=AXIS2_PLACEMENT_3D('',#6712,#5254,#5255);
#4700=AXIS2_PLACEMENT_3D('',#6715,#5256,#5257);
#4701=AXIS2_PLACEMENT_3D('',#6717,#5258,#5259);
#4702=AXIS2_PLACEMENT_3D('',#6718,#5260,#5261);
#4703=AXIS2_PLACEMENT_3D('',#6719,#5262,#5263);
#4704=AXIS2_PLACEMENT_3D('',#6722,#5264,#5265);
#4705=AXIS2_PLACEMENT_3D('',#6724,#5266,#5267);
#4706=AXIS2_PLACEMENT_3D('',#6725,#5268,#5269);
#4707=AXIS2_PLACEMENT_3D('',#6726,#5270,#5271);
#4708=AXIS2_PLACEMENT_3D('',#6729,#5274,#5275);
#4709=AXIS2_PLACEMENT_3D('',#6731,#5276,#5277);
#4710=AXIS2_PLACEMENT_3D('',#6732,#5278,#5279);
#4711=AXIS2_PLACEMENT_3D('',#6733,#5280,#5281);
#4712=AXIS2_PLACEMENT_3D('',#6736,#5282,#5283);
#4713=AXIS2_PLACEMENT_3D('',#6738,#5284,#5285);
#4714=AXIS2_PLACEMENT_3D('',#6739,#5286,#5287);
#4715=AXIS2_PLACEMENT_3D('',#6740,#5288,#5289);
#4716=AXIS2_PLACEMENT_3D('',#6743,#5292,#5293);
#4717=AXIS2_PLACEMENT_3D('',#6746,#5296,#5297);
#4718=AXIS2_PLACEMENT_3D('',#6749,#5298,#5299);
#4719=AXIS2_PLACEMENT_3D('',#6751,#5300,#5301);
#4720=AXIS2_PLACEMENT_3D('',#6752,#5302,#5303);
#4721=AXIS2_PLACEMENT_3D('',#6753,#5304,#5305);
#4722=AXIS2_PLACEMENT_3D('',#6772,#5309,#5310);
#4723=AXIS2_PLACEMENT_3D('',#6775,#5311,#5312);
#4724=AXIS2_PLACEMENT_3D('',#6777,#5313,#5314);
#4725=AXIS2_PLACEMENT_3D('',#6778,#5315,#5316);
#4726=AXIS2_PLACEMENT_3D('',#6779,#5317,#5318);
#4727=AXIS2_PLACEMENT_3D('',#6782,#5321,#5322);
#4728=AXIS2_PLACEMENT_3D('',#6784,#5323,#5324);
#4729=AXIS2_PLACEMENT_3D('',#6785,#5325,#5326);
#4730=AXIS2_PLACEMENT_3D('',#6786,#5327,#5328);
#4731=AXIS2_PLACEMENT_3D('',#6789,#5329,#5330);
#4732=AXIS2_PLACEMENT_3D('',#6791,#5331,#5332);
#4733=AXIS2_PLACEMENT_3D('',#6792,#5333,#5334);
#4734=AXIS2_PLACEMENT_3D('',#6793,#5335,#5336);
#4735=AXIS2_PLACEMENT_3D('',#6796,#5339,#5340);
#4736=AXIS2_PLACEMENT_3D('',#6799,#5341,#5342);
#4737=AXIS2_PLACEMENT_3D('',#6801,#5343,#5344);
#4738=AXIS2_PLACEMENT_3D('',#6802,#5345,#5346);
#4739=AXIS2_PLACEMENT_3D('',#6803,#5347,#5348);
#4740=AXIS2_PLACEMENT_3D('',#6820,#5352,#5353);
#4741=AXIS2_PLACEMENT_3D('',#6865,#5359,#5360);
#4742=AXIS2_PLACEMENT_3D('',#6868,#5361,#5362);
#4743=AXIS2_PLACEMENT_3D('',#6870,#5363,#5364);
#4744=AXIS2_PLACEMENT_3D('',#6871,#5365,#5366);
#4745=AXIS2_PLACEMENT_3D('',#6872,#5367,#5368);
#4746=AXIS2_PLACEMENT_3D('',#6875,#5371,#5372);
#4747=AXIS2_PLACEMENT_3D('',#6878,#5373,#5374);
#4748=AXIS2_PLACEMENT_3D('',#6880,#5375,#5376);
#4749=AXIS2_PLACEMENT_3D('',#6881,#5377,#5378);
#4750=AXIS2_PLACEMENT_3D('',#6882,#5379,#5380);
#4751=AXIS2_PLACEMENT_3D('',#6885,#5383,#5384);
#4752=AXIS2_PLACEMENT_3D('',#6888,#5387,#5388);
#4753=AXIS2_PLACEMENT_3D('',#6891,#5391,#5392);
#4754=AXIS2_PLACEMENT_3D('',#6895,#5396,#5397);
#4755=AXIS2_PLACEMENT_3D('',#6898,#5400,#5401);
#4756=AXIS2_PLACEMENT_3D('',#6901,#5404,#5405);
#4757=AXIS2_PLACEMENT_3D('',#6904,#5408,#5409);
#4758=AXIS2_PLACEMENT_3D('',#6907,#5412,#5413);
#4759=AXIS2_PLACEMENT_3D('',#6926,#5416,#5417);
#4760=AXIS2_PLACEMENT_3D('',#6929,#5420,#5421);
#4761=AXIS2_PLACEMENT_3D('',#6932,#5424,#5425);
#4762=AXIS2_PLACEMENT_3D('',#6935,#5426,#5427);
#4763=AXIS2_PLACEMENT_3D('',#6938,#5430,#5431);
#4764=AXIS2_PLACEMENT_3D('',#6939,#5432,#5433);
#4765=AXIS2_PLACEMENT_3D('',#6940,#5434,#5435);
#4766=AXIS2_PLACEMENT_3D('',#6941,#5436,#5437);
#4767=AXIS2_PLACEMENT_3D('',#7226,#5442,#5443);
#4768=AXIS2_PLACEMENT_3D('',#7228,#5445,#5446);
#4769=AXIS2_PLACEMENT_3D('',#7230,#5448,#5449);
#4770=AXIS2_PLACEMENT_3D('',#7231,#5450,#5451);
#4771=AXIS2_PLACEMENT_3D('',#7426,#5452,#5453);
#4772=AXIS2_PLACEMENT_3D('',#7427,#5454,#5455);
#4773=AXIS2_PLACEMENT_3D('',#7428,#5456,#5457);
#4774=AXIS2_PLACEMENT_3D('',#7429,#5458,#5459);
#4775=AXIS2_PLACEMENT_3D('',#7430,#5460,#5461);
#4776=AXIS2_PLACEMENT_3D('',#7431,#5462,#5463);
#4777=AXIS2_PLACEMENT_3D('',#7432,#5464,#5465);
#4778=AXIS2_PLACEMENT_3D('',#7433,#5466,#5467);
#4779=AXIS2_PLACEMENT_3D('',#7434,#5468,#5469);
#4780=AXIS2_PLACEMENT_3D('',#7435,#5470,#5471);
#4781=AXIS2_PLACEMENT_3D('',#7436,#5472,#5473);
#4782=AXIS2_PLACEMENT_3D('',#7437,#5474,#5475);
#4783=AXIS2_PLACEMENT_3D('',#7439,#5476,#5477);
#4784=AXIS2_PLACEMENT_3D('',#7441,#5479,#5480);
#4785=AXIS2_PLACEMENT_3D('',#7442,#5481,#5482);
#4786=AXIS2_PLACEMENT_3D('',#7444,#5483,#5484);
#4787=AXIS2_PLACEMENT_3D('',#7445,#5485,#5486);
#4788=AXIS2_PLACEMENT_3D('',#7447,#5487,#5488);
#4789=AXIS2_PLACEMENT_3D('',#7450,#5490,#5491);
#4790=AXIS2_PLACEMENT_3D('',#7451,#5492,#5493);
#4791=AXIS2_PLACEMENT_3D('',#7452,#5494,#5495);
#4792=AXIS2_PLACEMENT_3D('',#7454,#5496,#5497);
#4793=AXIS2_PLACEMENT_3D('',#7455,#5498,#5499);
#4794=AXIS2_PLACEMENT_3D('',#7457,#5500,#5501);
#4795=AXIS2_PLACEMENT_3D('',#7460,#5503,#5504);
#4796=AXIS2_PLACEMENT_3D('',#7461,#5505,#5506);
#4797=AXIS2_PLACEMENT_3D('',#7462,#5507,#5508);
#4798=AXIS2_PLACEMENT_3D('',#7464,#5509,#5510);
#4799=AXIS2_PLACEMENT_3D('',#7465,#5511,#5512);
#4800=AXIS2_PLACEMENT_3D('',#7467,#5513,#5514);
#4801=AXIS2_PLACEMENT_3D('',#7468,#5515,#5516);
#4802=AXIS2_PLACEMENT_3D('',#7473,#5518,#5519);
#4803=AXIS2_PLACEMENT_3D('',#7477,#5521,#5522);
#4804=AXIS2_PLACEMENT_3D('',#7480,#5524,#5525);
#4805=AXIS2_PLACEMENT_3D('',#7484,#5527,#5528);
#4806=AXIS2_PLACEMENT_3D('',#7487,#5530,#5531);
#4807=AXIS2_PLACEMENT_3D('',#7488,#5532,#5533);
#4808=AXIS2_PLACEMENT_3D('',#7491,#5534,#5535);
#4809=AXIS2_PLACEMENT_3D('',#7495,#5537,#5538);
#4810=AXIS2_PLACEMENT_3D('',#7497,#5540,#5541);
#4811=AXIS2_PLACEMENT_3D('',#7500,#5542,#5543);
#4812=AXIS2_PLACEMENT_3D('',#7504,#5545,#5546);
#4813=AXIS2_PLACEMENT_3D('',#7506,#5548,#5549);
#4814=AXIS2_PLACEMENT_3D('',#7510,#5551,#5552);
#4815=AXIS2_PLACEMENT_3D('',#7512,#5553,#5554);
#4816=AXIS2_PLACEMENT_3D('',#7514,#5556,#5557);
#4817=AXIS2_PLACEMENT_3D('',#7518,#5559,#5560);
#4818=AXIS2_PLACEMENT_3D('',#7520,#5562,#5563);
#4819=AXIS2_PLACEMENT_3D('',#7533,#5565,#5566);
#4820=AXIS2_PLACEMENT_3D('',#7538,#5567,#5568);
#4821=AXIS2_PLACEMENT_3D('',#7539,#5569,#5570);
#4822=AXIS2_PLACEMENT_3D('',#7543,#5571,#5572);
#4823=AXIS2_PLACEMENT_3D('',#7556,#5574,#5575);
#4824=AXIS2_PLACEMENT_3D('',#7561,#5576,#5577);
#4825=AXIS2_PLACEMENT_3D('',#7562,#5578,#5579);
#4826=AXIS2_PLACEMENT_3D('',#7564,#5580,#5581);
#4827=AXIS2_PLACEMENT_3D('',#7568,#5585,#5586);
#4828=AXIS2_PLACEMENT_3D('',#7572,#5587,#5588);
#4829=AXIS2_PLACEMENT_3D('',#7573,#5589,#5590);
#4830=AXIS2_PLACEMENT_3D('',#7578,#5591,#5592);
#4831=AXIS2_PLACEMENT_3D('',#7579,#5593,#5594);
#4832=AXIS2_PLACEMENT_3D('',#7583,#5595,#5596);
#4833=AXIS2_PLACEMENT_3D('',#7584,#5597,#5598);
#4834=AXIS2_PLACEMENT_3D('',#7587,#5599,#5600);
#4835=AXIS2_PLACEMENT_3D('',#7591,#5602,#5603);
#4836=AXIS2_PLACEMENT_3D('',#7595,#5605,#5606);
#4837=AXIS2_PLACEMENT_3D('',#7599,#5608,#5609);
#4838=AXIS2_PLACEMENT_3D('',#7602,#5611,#5612);
#4839=AXIS2_PLACEMENT_3D('',#7604,#5613,#5614);
#4840=AXIS2_PLACEMENT_3D('',#7606,#5616,#5617);
#4841=AXIS2_PLACEMENT_3D('',#7607,#5618,#5619);
#4842=AXIS2_PLACEMENT_3D('',#7610,#5620,#5621);
#4843=AXIS2_PLACEMENT_3D('',#7614,#5623,#5624);
#4844=AXIS2_PLACEMENT_3D('',#7618,#5626,#5627);
#4845=AXIS2_PLACEMENT_3D('',#7622,#5629,#5630);
#4846=AXIS2_PLACEMENT_3D('',#7625,#5632,#5633);
#4847=AXIS2_PLACEMENT_3D('',#7627,#5634,#5635);
#4848=AXIS2_PLACEMENT_3D('',#7629,#5637,#5638);
#4849=AXIS2_PLACEMENT_3D('',#7630,#5639,#5640);
#4850=AXIS2_PLACEMENT_3D('',#7635,#5642,#5643);
#4851=AXIS2_PLACEMENT_3D('',#7638,#5645,#5646);
#4852=AXIS2_PLACEMENT_3D('',#7642,#5648,#5649);
#4853=AXIS2_PLACEMENT_3D('',#7646,#5651,#5652);
#4854=AXIS2_PLACEMENT_3D('',#7649,#5654,#5655);
#4855=AXIS2_PLACEMENT_3D('',#7650,#5656,#5657);
#4856=AXIS2_PLACEMENT_3D('',#7655,#5659,#5660);
#4857=AXIS2_PLACEMENT_3D('',#7658,#5662,#5663);
#4858=AXIS2_PLACEMENT_3D('',#7662,#5665,#5666);
#4859=AXIS2_PLACEMENT_3D('',#7666,#5668,#5669);
#4860=AXIS2_PLACEMENT_3D('',#7669,#5671,#5672);
#4861=AXIS2_PLACEMENT_3D('',#7670,#5673,#5674);
#4862=AXIS2_PLACEMENT_3D('',#7673,#5677,#5678);
#4863=AXIS2_PLACEMENT_3D('',#7688,#5681,#5682);
#4864=AXIS2_PLACEMENT_3D('',#7690,#5684,#5685);
#4865=AXIS2_PLACEMENT_3D('',#7693,#5688,#5689);
#4866=AXIS2_PLACEMENT_3D('',#7708,#5692,#5693);
#4867=AXIS2_PLACEMENT_3D('',#7710,#5695,#5696);
#4868=AXIS2_PLACEMENT_3D('',#7724,#5698,#5699);
#4869=AXIS2_PLACEMENT_3D('',#7726,#5700,#5701);
#4870=AXIS2_PLACEMENT_3D('',#7731,#5702,#5703);
#4871=AXIS2_PLACEMENT_3D('',#7732,#5704,#5705);
#4872=AXIS2_PLACEMENT_3D('',#7736,#5706,#5707);
#4873=AXIS2_PLACEMENT_3D('',#7741,#5708,#5709);
#4874=AXIS2_PLACEMENT_3D('',#7742,#5710,#5711);
#4875=AXIS2_PLACEMENT_3D('',#7748,#5713,#5714);
#4876=AXIS2_PLACEMENT_3D('',#7749,#5715,#5716);
#4877=AXIS2_PLACEMENT_3D('',#7750,#5717,#5718);
#4878=AXIS2_PLACEMENT_3D('',#7751,#5719,#5720);
#4879=AXIS2_PLACEMENT_3D('',#7753,#5721,#5722);
#4880=AXIS2_PLACEMENT_3D('',#7755,#5724,#5725);
#4881=AXIS2_PLACEMENT_3D('',#7760,#5726,#5727);
#4882=AXIS2_PLACEMENT_3D('',#7761,#5728,#5729);
#4883=AXIS2_PLACEMENT_3D('',#7765,#5730,#5731);
#4884=AXIS2_PLACEMENT_3D('',#7766,#5732,#5733);
#4885=AXIS2_PLACEMENT_3D('',#7780,#5735,#5736);
#4886=AXIS2_PLACEMENT_3D('',#7782,#5737,#5738);
#4887=AXIS2_PLACEMENT_3D('',#7787,#5739,#5740);
#4888=AXIS2_PLACEMENT_3D('',#7788,#5741,#5742);
#4889=AXIS2_PLACEMENT_3D('',#7792,#5743,#5744);
#4890=AXIS2_PLACEMENT_3D('',#7797,#5745,#5746);
#4891=AXIS2_PLACEMENT_3D('',#7798,#5747,#5748);
#4892=AXIS2_PLACEMENT_3D('',#7804,#5750,#5751);
#4893=AXIS2_PLACEMENT_3D('',#7805,#5752,#5753);
#4894=AXIS2_PLACEMENT_3D('',#7806,#5754,#5755);
#4895=AXIS2_PLACEMENT_3D('',#7807,#5756,#5757);
#4896=AXIS2_PLACEMENT_3D('',#7809,#5758,#5759);
#4897=AXIS2_PLACEMENT_3D('',#7811,#5761,#5762);
#4898=AXIS2_PLACEMENT_3D('',#7816,#5763,#5764);
#4899=AXIS2_PLACEMENT_3D('',#7817,#5765,#5766);
#4900=AXIS2_PLACEMENT_3D('',#7821,#5767,#5768);
#4901=AXIS2_PLACEMENT_3D('',#7893,#5769,#5770);
#4902=AXIS2_PLACEMENT_3D('',#8158,#5771,#5772);
#4903=AXIS2_PLACEMENT_3D('',#8164,#5773,#5774);
#4904=AXIS2_PLACEMENT_3D('',#8176,#5775,#5776);
#4905=AXIS2_PLACEMENT_3D('',#8317,#5777,#5778);
#4906=AXIS2_PLACEMENT_3D('',#8318,#5779,#5780);
#4907=AXIS2_PLACEMENT_3D('',#8319,#5781,#5782);
#4908=AXIS2_PLACEMENT_3D('',#8320,#5783,#5784);
#4909=AXIS2_PLACEMENT_3D('',#8321,#5785,#5786);
#4910=AXIS2_PLACEMENT_3D('',#8322,#5787,#5788);
#4911=AXIS2_PLACEMENT_3D('',#8330,#5789,#5790);
#4912=AXIS2_PLACEMENT_3D('',#8361,#5791,#5792);
#4913=AXIS2_PLACEMENT_3D('',#8362,#5793,#5794);
#4914=AXIS2_PLACEMENT_3D('',#8363,#5795,#5796);
#4915=AXIS2_PLACEMENT_3D('',#8409,#5798,#5799);
#4916=AXIS2_PLACEMENT_3D('',#8432,#5800,#5801);
#4917=AXIS2_PLACEMENT_3D('',#8501,#5803,#5804);
#4918=AXIS2_PLACEMENT_3D('',#8567,#5806,#5807);
#4919=AXIS2_PLACEMENT_3D('',#8633,#5809,#5810);
#4920=AXIS2_PLACEMENT_3D('',#8699,#5812,#5813);
#4921=AXIS2_PLACEMENT_3D('',#8768,#5815,#5816);
#4922=AXIS2_PLACEMENT_3D('',#8837,#5818,#5819);
#4923=AXIS2_PLACEMENT_3D('',#8903,#5821,#5822);
#4924=AXIS2_PLACEMENT_3D('',#8912,#5824,#5825);
#4925=AXIS2_PLACEMENT_3D('',#8913,#5826,#5827);
#4926=AXIS2_PLACEMENT_3D('',#8934,#5829,#5830);
#4927=AXIS2_PLACEMENT_3D('',#8945,#5831,#5832);
#4928=AXIS2_PLACEMENT_3D('',#8976,#5834,#5835);
#4929=AXIS2_PLACEMENT_3D('',#9006,#5837,#5838);
#4930=AXIS2_PLACEMENT_3D('',#9037,#5840,#5841);
#4931=AXIS2_PLACEMENT_3D('',#9066,#5843,#5844);
#4932=AXIS2_PLACEMENT_3D('',#9097,#5846,#5847);
#4933=AXIS2_PLACEMENT_3D('',#9128,#5849,#5850);
#4934=AXIS2_PLACEMENT_3D('',#9158,#5852,#5853);
#4935=AXIS2_PLACEMENT_3D('',#9217,#5856,#5857);
#4936=AXIS2_PLACEMENT_3D('',#9276,#5860,#5861);
#4937=AXIS2_PLACEMENT_3D('',#9335,#5864,#5865);
#4938=AXIS2_PLACEMENT_3D('',#9394,#5868,#5869);
#4939=AXIS2_PLACEMENT_3D('',#9453,#5872,#5873);
#4940=AXIS2_PLACEMENT_3D('',#9512,#5876,#5877);
#4941=AXIS2_PLACEMENT_3D('',#9571,#5880,#5881);
#4942=AXIS2_PLACEMENT_3D('',#9630,#5884,#5885);
#4943=AXIS2_PLACEMENT_3D('',#9689,#5888,#5889);
#4944=AXIS2_PLACEMENT_3D('',#9748,#5892,#5893);
#4945=AXIS2_PLACEMENT_3D('',#9807,#5896,#5897);
#4946=AXIS2_PLACEMENT_3D('',#9866,#5900,#5901);
#4947=AXIS2_PLACEMENT_3D('',#9925,#5904,#5905);
#4948=AXIS2_PLACEMENT_3D('',#9984,#5908,#5909);
#4949=AXIS2_PLACEMENT_3D('',#10043,#5912,#5913);
#4950=AXIS2_PLACEMENT_3D('',#10102,#5916,#5917);
#4951=AXIS2_PLACEMENT_3D('',#10161,#5920,#5921);
#4952=AXIS2_PLACEMENT_3D('',#10220,#5924,#5925);
#4953=AXIS2_PLACEMENT_3D('',#10279,#5928,#5929);
#4954=AXIS2_PLACEMENT_3D('',#10338,#5932,#5933);
#4955=AXIS2_PLACEMENT_3D('',#10397,#5936,#5937);
#4956=AXIS2_PLACEMENT_3D('',#10456,#5940,#5941);
#4957=AXIS2_PLACEMENT_3D('',#10515,#5944,#5945);
#4958=AXIS2_PLACEMENT_3D('',#10574,#5948,#5949);
#4959=AXIS2_PLACEMENT_3D('',#10633,#5952,#5953);
#4960=AXIS2_PLACEMENT_3D('',#10692,#5956,#5957);
#4961=AXIS2_PLACEMENT_3D('',#10751,#5960,#5961);
#4962=AXIS2_PLACEMENT_3D('',#10810,#5964,#5965);
#4963=AXIS2_PLACEMENT_3D('',#10869,#5968,#5969);
#4964=AXIS2_PLACEMENT_3D('',#10871,#5970,#5971);
#4965=AXIS2_PLACEMENT_3D('',#10886,#5972,#5973);
#4966=AXIS2_PLACEMENT_3D('',#10887,#5974,#5975);
#4967=AXIS2_PLACEMENT_3D('',#10888,#5976,#5977);
#4968=AXIS2_PLACEMENT_3D('',#10889,#5978,#5979);
#4969=AXIS2_PLACEMENT_3D('',#10890,#5980,#5981);
#4970=AXIS2_PLACEMENT_3D('',#10891,#5982,#5983);
#4971=AXIS2_PLACEMENT_3D('',#10892,#5984,#5985);
#4972=AXIS2_PLACEMENT_3D('',#10893,#5986,#5987);
#4973=AXIS2_PLACEMENT_3D('',#10894,#5988,#5989);
#4974=AXIS2_PLACEMENT_3D('',#10895,#5990,#5991);
#4975=AXIS2_PLACEMENT_3D('',#10896,#5992,#5993);
#4976=AXIS2_PLACEMENT_3D('',#10897,#5994,#5995);
#4977=AXIS2_PLACEMENT_3D('',#10898,#5996,#5997);
#4978=AXIS2_PLACEMENT_3D('',#10899,#5998,#5999);
#4979=AXIS2_PLACEMENT_3D('',#10900,#6000,#6001);
#4980=AXIS2_PLACEMENT_3D('',#10901,#6002,#6003);
#4981=AXIS2_PLACEMENT_3D('',#10902,#6004,#6005);
#4982=AXIS2_PLACEMENT_3D('',#10903,#6006,#6007);
#4983=AXIS2_PLACEMENT_3D('',#10904,#6008,#6009);
#4984=AXIS2_PLACEMENT_3D('',#10905,#6010,#6011);
#4985=AXIS2_PLACEMENT_3D('',#10906,#6012,#6013);
#4986=AXIS2_PLACEMENT_3D('',#10907,#6014,#6015);
#4987=AXIS2_PLACEMENT_3D('',#10908,#6016,#6017);
#4988=AXIS2_PLACEMENT_3D('',#10909,#6018,#6019);
#4989=AXIS2_PLACEMENT_3D('',#10910,#6020,#6021);
#4990=AXIS2_PLACEMENT_3D('',#10911,#6022,#6023);
#4991=AXIS2_PLACEMENT_3D('',#10912,#6024,#6025);
#4992=AXIS2_PLACEMENT_3D('',#10913,#6026,#6027);
#4993=AXIS2_PLACEMENT_3D('',#10914,#6028,#6029);
#4994=AXIS2_PLACEMENT_3D('',#10915,#6030,#6031);
#4995=AXIS2_PLACEMENT_3D('',#10916,#6032,#6033);
#4996=AXIS2_PLACEMENT_3D('',#10917,#6034,#6035);
#4997=AXIS2_PLACEMENT_3D('',#10918,#6036,#6037);
#4998=AXIS2_PLACEMENT_3D('',#10919,#6038,#6039);
#4999=AXIS2_PLACEMENT_3D('',#10920,#6040,#6041);
#5000=AXIS2_PLACEMENT_3D('',#10921,#6042,#6043);
#5001=AXIS2_PLACEMENT_3D('',#10922,#6044,#6045);
#5002=AXIS2_PLACEMENT_3D('',#10923,#6046,#6047);
#5003=AXIS2_PLACEMENT_3D('',#10924,#6048,#6049);
#5004=AXIS2_PLACEMENT_3D('',#10925,#6050,#6051);
#5005=AXIS2_PLACEMENT_3D('',#10926,#6052,#6053);
#5006=AXIS2_PLACEMENT_3D('',#10927,#6054,#6055);
#5007=AXIS2_PLACEMENT_3D('',#10928,#6056,#6057);
#5008=AXIS2_PLACEMENT_3D('',#10929,#6058,#6059);
#5009=AXIS2_PLACEMENT_3D('',#10930,#6060,#6061);
#5010=AXIS2_PLACEMENT_3D('',#10931,#6062,#6063);
#5011=AXIS2_PLACEMENT_3D('',#10932,#6064,#6065);
#5012=AXIS2_PLACEMENT_3D('',#10933,#6066,#6067);
#5013=AXIS2_PLACEMENT_3D('',#10934,#6068,#6069);
#5014=AXIS2_PLACEMENT_3D('',#10935,#6070,#6071);
#5015=AXIS2_PLACEMENT_3D('',#10936,#6072,#6073);
#5016=AXIS2_PLACEMENT_3D('',#10937,#6074,#6075);
#5017=AXIS2_PLACEMENT_3D('',#10938,#6076,#6077);
#5018=AXIS2_PLACEMENT_3D('',#10939,#6078,#6079);
#5019=AXIS2_PLACEMENT_3D('',#10940,#6080,#6081);
#5020=AXIS2_PLACEMENT_3D('',#10941,#6082,#6083);
#5021=AXIS2_PLACEMENT_3D('',#10942,#6084,#6085);
#5022=AXIS2_PLACEMENT_3D('',#10943,#6086,#6087);
#5023=AXIS2_PLACEMENT_3D('',#10944,#6088,#6089);
#5024=AXIS2_PLACEMENT_3D('',#10945,#6090,#6091);
#5025=AXIS2_PLACEMENT_3D('',#10946,#6092,#6093);
#5026=AXIS2_PLACEMENT_3D('',#10947,#6094,#6095);
#5027=AXIS2_PLACEMENT_3D('',#10948,#6096,#6097);
#5028=AXIS2_PLACEMENT_3D('',#10949,#6098,#6099);
#5029=AXIS2_PLACEMENT_3D('',#10950,#6100,#6101);
#5030=AXIS2_PLACEMENT_3D('',#10951,#6102,#6103);
#5031=AXIS2_PLACEMENT_3D('',#10952,#6104,#6105);
#5032=AXIS2_PLACEMENT_3D('',#10953,#6106,#6107);
#5033=AXIS2_PLACEMENT_3D('',#10954,#6108,#6109);
#5034=AXIS2_PLACEMENT_3D('',#10955,#6110,#6111);
#5035=AXIS2_PLACEMENT_3D('',#10956,#6112,#6113);
#5036=AXIS2_PLACEMENT_3D('',#10957,#6114,#6115);
#5037=AXIS2_PLACEMENT_3D('',#10958,#6116,#6117);
#5038=AXIS2_PLACEMENT_3D('',#10959,#6118,#6119);
#5039=AXIS2_PLACEMENT_3D('',#10960,#6120,#6121);
#5040=AXIS2_PLACEMENT_3D('',#10961,#6122,#6123);
#5041=AXIS2_PLACEMENT_3D('',#10962,#6124,#6125);
#5042=AXIS2_PLACEMENT_3D('',#10963,#6126,#6127);
#5043=AXIS2_PLACEMENT_3D('',#10964,#6128,#6129);
#5044=AXIS2_PLACEMENT_3D('',#10965,#6130,#6131);
#5045=AXIS2_PLACEMENT_3D('',#10966,#6132,#6133);
#5046=AXIS2_PLACEMENT_3D('',#10967,#6134,#6135);
#5047=AXIS2_PLACEMENT_3D('',#10968,#6136,#6137);
#5048=AXIS2_PLACEMENT_3D('',#10970,#6138,#6139);
#5049=AXIS2_PLACEMENT_3D('',#10983,#6140,#6141);
#5050=AXIS2_PLACEMENT_3D('',#10984,#6142,#6143);
#5051=AXIS2_PLACEMENT_3D('',#10986,#6144,#6145);
#5052=AXIS2_PLACEMENT_3D('',#10988,#6147,#6148);
#5053=AXIS2_PLACEMENT_3D('',#10991,#6150,#6151);
#5054=AXIS2_PLACEMENT_3D('',#10992,#6152,#6153);
#5055=AXIS2_PLACEMENT_3D('',#10993,#6154,#6155);
#5056=AXIS2_PLACEMENT_3D('',#10994,#6156,#6157);
#5057=AXIS2_PLACEMENT_3D('',#10995,#6158,#6159);
#5058=AXIS2_PLACEMENT_3D('',#10996,#6160,#6161);
#5059=AXIS2_PLACEMENT_3D('',#10997,#6162,#6163);
#5060=AXIS2_PLACEMENT_3D('',#10998,#6164,#6165);
#5061=AXIS2_PLACEMENT_3D('',#10999,#6166,#6167);
#5062=AXIS2_PLACEMENT_3D('',#11000,#6168,#6169);
#5063=AXIS2_PLACEMENT_3D('',#11001,#6170,#6171);
#5064=AXIS2_PLACEMENT_3D('',#11002,#6172,#6173);
#5065=AXIS2_PLACEMENT_3D('',#11003,#6174,#6175);
#5066=AXIS2_PLACEMENT_3D('',#11004,#6176,#6177);
#5067=AXIS2_PLACEMENT_3D('',#11005,#6178,#6179);
#5068=AXIS2_PLACEMENT_3D('',#11006,#6180,#6181);
#5069=AXIS2_PLACEMENT_3D('',#11007,#6182,#6183);
#5070=AXIS2_PLACEMENT_3D('',#11008,#6184,#6185);
#5071=AXIS2_PLACEMENT_3D('',#11009,#6186,#6187);
#5072=AXIS2_PLACEMENT_3D('',#11010,#6188,#6189);
#5073=AXIS2_PLACEMENT_3D('',#11011,#6190,#6191);
#5074=AXIS2_PLACEMENT_3D('',#11012,#6192,#6193);
#5075=AXIS2_PLACEMENT_3D('',#11013,#6194,#6195);
#5076=AXIS2_PLACEMENT_3D('',#11014,#6196,#6197);
#5077=AXIS2_PLACEMENT_3D('',#11015,#6198,#6199);
#5078=AXIS2_PLACEMENT_3D('',#11016,#6200,#6201);
#5079=AXIS2_PLACEMENT_3D('',#11017,#6202,#6203);
#5080=AXIS2_PLACEMENT_3D('',#11018,#6204,#6205);
#5081=AXIS2_PLACEMENT_3D('',#11019,#6206,#6207);
#5082=AXIS2_PLACEMENT_3D('',#11020,#6208,#6209);
#5083=AXIS2_PLACEMENT_3D('',#11021,#6210,#6211);
#5084=AXIS2_PLACEMENT_3D('',#11022,#6212,#6213);
#5085=AXIS2_PLACEMENT_3D('',#11023,#6214,#6215);
#5086=AXIS2_PLACEMENT_3D('',#11024,#6216,#6217);
#5087=AXIS2_PLACEMENT_3D('',#11025,#6218,#6219);
#5088=AXIS2_PLACEMENT_3D('',#11026,#6220,#6221);
#5089=AXIS2_PLACEMENT_3D('',#11027,#6222,#6223);
#5090=AXIS2_PLACEMENT_3D('',#11028,#6224,#6225);
#5091=AXIS2_PLACEMENT_3D('',#11029,#6226,#6227);
#5092=AXIS2_PLACEMENT_3D('',#11030,#6228,#6229);
#5093=AXIS2_PLACEMENT_3D('',#11031,#6230,#6231);
#5094=AXIS2_PLACEMENT_3D('',#11032,#6232,#6233);
#5095=AXIS2_PLACEMENT_3D('',#11033,#6234,#6235);
#5096=AXIS2_PLACEMENT_3D('',#11034,#6236,#6237);
#5097=AXIS2_PLACEMENT_3D('',#11035,#6238,#6239);
#5098=AXIS2_PLACEMENT_3D('',#11036,#6240,#6241);
#5099=AXIS2_PLACEMENT_3D('',#11037,#6242,#6243);
#5100=AXIS2_PLACEMENT_3D('',#11038,#6244,#6245);
#5101=AXIS2_PLACEMENT_3D('',#11039,#6246,#6247);
#5102=AXIS2_PLACEMENT_3D('',#11040,#6248,#6249);
#5103=AXIS2_PLACEMENT_3D('',#11041,#6250,#6251);
#5104=AXIS2_PLACEMENT_3D('',#11042,#6252,#6253);
#5105=AXIS2_PLACEMENT_3D('',#11043,#6254,#6255);
#5106=AXIS2_PLACEMENT_3D('',#11044,#6256,#6257);
#5107=AXIS2_PLACEMENT_3D('',#11045,#6258,#6259);
#5108=AXIS2_PLACEMENT_3D('',#11046,#6260,#6261);
#5109=AXIS2_PLACEMENT_3D('',#11048,#6262,#6263);
#5110=AXIS2_PLACEMENT_3D('',#11061,#6264,#6265);
#5111=AXIS2_PLACEMENT_3D('',#11075,#6266,#6267);
#5112=AXIS2_PLACEMENT_3D('',#11076,#6268,#6269);
#5113=AXIS2_PLACEMENT_3D('',#11077,#6270,#6271);
#5114=AXIS2_PLACEMENT_3D('',#11078,#6272,#6273);
#5115=AXIS2_PLACEMENT_3D('',#11079,#6274,#6275);
#5116=AXIS2_PLACEMENT_3D('',#11080,#6276,#6277);
#5117=AXIS2_PLACEMENT_3D('',#11081,#6278,#6279);
#5118=AXIS2_PLACEMENT_3D('',#11082,#6280,#6281);
#5119=AXIS2_PLACEMENT_3D('',#11083,#6282,#6283);
#5120=AXIS2_PLACEMENT_3D('',#11084,#6284,#6285);
#5121=AXIS2_PLACEMENT_3D('',#11085,#6286,#6287);
#5122=AXIS2_PLACEMENT_3D('',#11086,#6288,#6289);
#5123=AXIS2_PLACEMENT_3D('',#11087,#6290,#6291);
#5124=AXIS2_PLACEMENT_3D('',#11088,#6292,#6293);
#5125=AXIS2_PLACEMENT_3D('',#11089,#6294,#6295);
#5126=AXIS2_PLACEMENT_3D('',#11090,#6296,#6297);
#5127=AXIS2_PLACEMENT_3D('',#11091,#6298,#6299);
#5128=AXIS2_PLACEMENT_3D('',#11092,#6300,#6301);
#5129=AXIS2_PLACEMENT_3D('',#11093,#6302,#6303);
#5130=AXIS2_PLACEMENT_3D('',#11094,#6304,#6305);
#5131=AXIS2_PLACEMENT_3D('',#11095,#6306,#6307);
#5132=AXIS2_PLACEMENT_3D('',#11096,#6308,#6309);
#5133=AXIS2_PLACEMENT_3D('',#11097,#6310,#6311);
#5134=AXIS2_PLACEMENT_3D('',#11098,#6312,#6313);
#5135=AXIS2_PLACEMENT_3D('',#11099,#6314,#6315);
#5136=AXIS2_PLACEMENT_3D('',#11100,#6316,#6317);
#5137=AXIS2_PLACEMENT_3D('',#11101,#6318,#6319);
#5138=AXIS2_PLACEMENT_3D('',#11102,#6320,#6321);
#5139=AXIS2_PLACEMENT_3D('',#11103,#6322,#6323);
#5140=AXIS2_PLACEMENT_3D('',#11104,#6324,#6325);
#5141=AXIS2_PLACEMENT_3D('',#11105,#6326,#6327);
#5142=AXIS2_PLACEMENT_3D('',#11106,#6328,#6329);
#5143=AXIS2_PLACEMENT_3D('',#11107,#6330,#6331);
#5144=AXIS2_PLACEMENT_3D('',#11108,#6332,#6333);
#5145=AXIS2_PLACEMENT_3D('',#11109,#6334,#6335);
#5146=AXIS2_PLACEMENT_3D('',#11110,#6336,#6337);
#5147=AXIS2_PLACEMENT_3D('',#11111,#6338,#6339);
#5148=AXIS2_PLACEMENT_3D('',#11112,#6340,#6341);
#5149=AXIS2_PLACEMENT_3D('',#11113,#6342,#6343);
#5150=AXIS2_PLACEMENT_3D('',#11114,#6344,#6345);
#5151=AXIS2_PLACEMENT_3D('',#11115,#6346,#6347);
#5152=AXIS2_PLACEMENT_3D('',#11116,#6348,#6349);
#5153=AXIS2_PLACEMENT_3D('',#11117,#6350,#6351);
#5154=AXIS2_PLACEMENT_3D('',#11118,#6352,#6353);
#5155=AXIS2_PLACEMENT_3D('',#11119,#6354,#6355);
#5156=AXIS2_PLACEMENT_3D('',#11120,#6356,#6357);
#5157=AXIS2_PLACEMENT_3D('',#11121,#6358,#6359);
#5158=AXIS2_PLACEMENT_3D('',#11122,#6360,#6361);
#5159=AXIS2_PLACEMENT_3D('',#11123,#6362,#6363);
#5160=AXIS2_PLACEMENT_3D('',#11124,#6364,#6365);
#5161=AXIS2_PLACEMENT_3D('',#11125,#6366,#6367);
#5162=AXIS2_PLACEMENT_3D('',#11126,#6368,#6369);
#5163=AXIS2_PLACEMENT_3D('',#11127,#6370,#6371);
#5164=AXIS2_PLACEMENT_3D('',#11128,#6372,#6373);
#5165=AXIS2_PLACEMENT_3D('',#11129,#6374,#6375);
#5166=AXIS2_PLACEMENT_3D('',#11130,#6376,#6377);
#5167=AXIS2_PLACEMENT_3D('',#11131,#6378,#6379);
#5168=AXIS2_PLACEMENT_3D('',#11132,#6380,#6381);
#5169=AXIS2_PLACEMENT_3D('',#11133,#6382,#6383);
#5170=AXIS2_PLACEMENT_3D('',#11134,#6384,#6385);
#5171=AXIS2_PLACEMENT_3D('',#11135,#6386,#6387);
#5172=AXIS2_PLACEMENT_3D('',#11136,#6388,#6389);
#5173=AXIS2_PLACEMENT_3D('',#11137,#6390,#6391);
#5174=AXIS2_PLACEMENT_3D('',#11138,#6392,#6393);
#5175=AXIS2_PLACEMENT_3D('',#11139,#6394,#6395);
#5176=AXIS2_PLACEMENT_3D('',#11232,#6396,#6397);
#5177=AXIS2_PLACEMENT_3D('',#11233,#6398,#6399);
#5178=AXIS2_PLACEMENT_3D('',#11499,#6400,#6401);
#5179=AXIS2_PLACEMENT_3D('',#11671,#6402,#6403);
#5180=AXIS2_PLACEMENT_3D('',#11712,#6404,#6405);
#5181=AXIS2_PLACEMENT_3D('',#11761,#6406,#6407);
#5182=AXIS2_PLACEMENT_3D('',#12542,#6408,#6409);
#5183=AXIS2_PLACEMENT_3D('',#12543,#6410,#6411);
#5184=AXIS2_PLACEMENT_3D('',#12544,#6412,#6413);
#5185=AXIS2_PLACEMENT_3D('',#12545,#6414,#6415);
#5186=DIRECTION('axis',(0.,0.,1.));
#5187=DIRECTION('refdir',(1.,0.,0.));
#5188=DIRECTION('axis',(0.,0.,1.));
#5189=DIRECTION('refdir',(1.,0.,0.));
#5190=DIRECTION('center_axis',(1.66533453693773E-16,0.,-1.));
#5191=DIRECTION('ref_axis',(-1.,0.,-1.66533453693773E-16));
#5192=DIRECTION('',(1.66533453693773E-16,0.,-1.));
#5193=DIRECTION('center_axis',(1.66533453693773E-16,0.,-1.));
#5194=DIRECTION('ref_axis',(-1.,0.,-1.66533453693773E-16));
#5195=DIRECTION('',(1.66533453693773E-16,0.,-1.));
#5196=DIRECTION('center_axis',(4.16333634234434E-16,0.,-1.));
#5197=DIRECTION('ref_axis',(-1.,0.,-1.66533453693773E-16));
#5198=DIRECTION('center_axis',(1.66533453693773E-16,0.,-1.));
#5199=DIRECTION('ref_axis',(-1.,-1.40896279965604E-15,0.));
#5200=DIRECTION('',(4.40687737790382E-17,-1.57550580445028E-31,-1.));
#5201=DIRECTION('center_axis',(1.66533453693773E-16,0.,-1.));
#5202=DIRECTION('ref_axis',(-1.,-1.40896279965604E-15,0.));
#5203=DIRECTION('',(4.40687737790382E-17,-1.57550580445028E-31,-1.));
#5204=DIRECTION('center_axis',(1.66533453693773E-16,0.,-1.));
#5205=DIRECTION('ref_axis',(-1.,-1.40896279965604E-15,0.));
#5206=DIRECTION('',(4.40687737790382E-17,-1.57550580445028E-31,-1.));
#5207=DIRECTION('center_axis',(4.16333634234434E-16,0.,-1.));
#5208=DIRECTION('ref_axis',(-1.,-1.40896279965604E-15,0.));
#5209=DIRECTION('center_axis',(0.,1.,0.));
#5210=DIRECTION('ref_axis',(0.,0.,1.));
#5211=DIRECTION('center_axis',(0.,-1.,0.));
#5212=DIRECTION('ref_axis',(-0.316227762482718,0.,0.948683299228554));
#5213=DIRECTION('center_axis',(0.,0.,-1.));
#5214=DIRECTION('ref_axis',(1.,0.,0.));
#5215=DIRECTION('center_axis',(0.,1.,0.));
#5216=DIRECTION('ref_axis',(-0.316227762482718,0.,0.948683299228554));
#5217=DIRECTION('center_axis',(0.,-1.,0.));
#5218=DIRECTION('ref_axis',(-0.316227762482718,0.,0.948683299228554));
#5219=DIRECTION('center_axis',(1.,0.,4.16333634234434E-16));
#5220=DIRECTION('ref_axis',(-3.92523114670944E-16,0.707106781186548,0.707106781186548));
#5221=DIRECTION('',(-1.,0.,-4.16333634234434E-16));
#5222=DIRECTION('center_axis',(-1.,0.,5.55111512312578E-16));
#5223=DIRECTION('ref_axis',(0.,1.,0.));
#5224=DIRECTION('',(1.,0.,4.16333634234434E-16));
#5225=DIRECTION('center_axis',(1.,0.,5.55111512312578E-16));
#5226=DIRECTION('ref_axis',(-5.55111512312578E-16,0.,1.));
#5227=DIRECTION('',(-1.,0.,-4.16333634234434E-16));
#5228=DIRECTION('center_axis',(0.,-1.,0.));
#5229=DIRECTION('ref_axis',(-0.316227762482718,0.,0.948683299228554));
#5230=DIRECTION('center_axis',(0.,1.,0.));
#5231=DIRECTION('ref_axis',(-0.316227762482718,0.,0.948683299228554));
#5232=DIRECTION('center_axis',(0.,-1.,0.));
#5233=DIRECTION('ref_axis',(-0.316227762482718,0.,0.948683299228554));
#5234=DIRECTION('center_axis',(-1.66533459897627E-15,0.,1.));
#5235=DIRECTION('ref_axis',(1.,0.,1.66533459897627E-15));
#5236=DIRECTION('center_axis',(0.,1.,0.));
#5237=DIRECTION('ref_axis',(-0.316227762482718,0.,0.948683299228554));
#5238=DIRECTION('center_axis',(0.408248290463863,-0.816496580927726,-0.408248290463863));
#5239=DIRECTION('ref_axis',(0.577350269189626,0.577350269189626,-0.577350269189626));
#5240=DIRECTION('center_axis',(0.,0.,-1.));
#5241=DIRECTION('ref_axis',(1.,0.,0.));
#5242=DIRECTION('center_axis',(0.,1.,0.));
#5243=DIRECTION('ref_axis',(0.,0.,-1.));
#5244=DIRECTION('center_axis',(1.,0.,0.));
#5245=DIRECTION('ref_axis',(0.,1.,0.));
#5246=DIRECTION('center_axis',(0.,1.,0.));
#5247=DIRECTION('ref_axis',(-0.316227762482716,0.,-0.948683299228554));
#5248=DIRECTION('center_axis',(0.,1.,0.));
#5249=DIRECTION('ref_axis',(-0.316227762482716,0.,-0.948683299228554));
#5250=DIRECTION('center_axis',(-2.91433554820847E-15,0.,-1.));
#5251=DIRECTION('ref_axis',(1.,0.,-2.91433554820847E-15));
#5252=DIRECTION('center_axis',(0.,-1.,0.));
#5253=DIRECTION('ref_axis',(-0.316227762482716,0.,-0.948683299228554));
#5254=DIRECTION('center_axis',(0.408248290463863,-0.816496580927726,0.408248290463863));
#5255=DIRECTION('ref_axis',(0.577350269189626,0.577350269189626,0.577350269189626));
#5256=DIRECTION('center_axis',(1.,0.,0.));
#5257=DIRECTION('ref_axis',(0.,0.,1.));
#5258=DIRECTION('center_axis',(0.,1.,0.));
#5259=DIRECTION('ref_axis',(1.,0.,0.));
#5260=DIRECTION('center_axis',(0.,0.,1.));
#5261=DIRECTION('ref_axis',(0.,1.,0.));
#5262=DIRECTION('center_axis',(-0.408248290463863,-0.816496580927726,0.408248290463863));
#5263=DIRECTION('ref_axis',(0.577350269189626,-0.577350269189626,-0.577350269189626));
#5264=DIRECTION('center_axis',(1.,0.,0.));
#5265=DIRECTION('ref_axis',(0.,0.,-1.));
#5266=DIRECTION('center_axis',(0.,-1.,0.));
#5267=DIRECTION('ref_axis',(1.,0.,0.));
#5268=DIRECTION('center_axis',(0.,0.,-1.));
#5269=DIRECTION('ref_axis',(0.,-1.,0.));
#5270=DIRECTION('center_axis',(0.,1.,0.));
#5271=DIRECTION('ref_axis',(0.707106781186547,0.,-0.707106781186548));
#5272=DIRECTION('',(0.,-1.,0.));
#5273=DIRECTION('',(0.,1.,0.));
#5274=DIRECTION('center_axis',(0.408248290463863,-0.816496580927726,0.408248290463863));
#5275=DIRECTION('ref_axis',(0.577350269189625,0.577350269189626,0.577350269189626));
#5276=DIRECTION('center_axis',(0.,1.,0.));
#5277=DIRECTION('ref_axis',(1.,0.,0.));
#5278=DIRECTION('center_axis',(0.,0.,1.));
#5279=DIRECTION('ref_axis',(0.,1.,0.));
#5280=DIRECTION('center_axis',(-0.408248290463863,-0.816496580927726,-0.408248290463863));
#5281=DIRECTION('ref_axis',(0.577350269189625,-0.577350269189626,0.577350269189626));
#5282=DIRECTION('center_axis',(0.,0.,1.));
#5283=DIRECTION('ref_axis',(1.,0.,0.));
#5284=DIRECTION('center_axis',(0.,-1.,0.));
#5285=DIRECTION('ref_axis',(0.,0.,1.));
#5286=DIRECTION('center_axis',(1.,0.,0.));
#5287=DIRECTION('ref_axis',(0.,-1.,0.));
#5288=DIRECTION('center_axis',(0.,1.,0.));
#5289=DIRECTION('ref_axis',(0.707106781186547,0.,0.707106781186548));
#5290=DIRECTION('',(0.,-1.,0.));
#5291=DIRECTION('',(0.,1.,0.));
#5292=DIRECTION('center_axis',(-1.,0.,0.));
#5293=DIRECTION('ref_axis',(0.,-0.707106781186548,0.707106781186548));
#5294=DIRECTION('',(1.,0.,0.));
#5295=DIRECTION('',(-1.,0.,0.));
#5296=DIRECTION('center_axis',(0.408248290463863,-0.816496580927726,-0.408248290463863));
#5297=DIRECTION('ref_axis',(0.577350269189626,0.577350269189626,-0.577350269189626));
#5298=DIRECTION('center_axis',(1.,0.,0.));
#5299=DIRECTION('ref_axis',(0.,1.,0.));
#5300=DIRECTION('center_axis',(0.,0.,-1.));
#5301=DIRECTION('ref_axis',(1.,0.,0.));
#5302=DIRECTION('center_axis',(0.,1.,0.));
#5303=DIRECTION('ref_axis',(0.,0.,-1.));
#5304=DIRECTION('center_axis',(-1.05735526154777E-16,0.,-1.));
#5305=DIRECTION('ref_axis',(0.707106781186547,0.707106781186548,-1.96261557335472E-16));
#5306=DIRECTION('',(1.05735526154777E-16,0.,1.));
#5307=DIRECTION('',(-1.05735526154777E-16,0.,-1.));
#5308=DIRECTION('',(1.05735526154777E-16,0.,1.));
#5309=DIRECTION('center_axis',(-0.408248290463863,-0.816496580927726,-0.408248290463863));
#5310=DIRECTION('ref_axis',(0.577350269189625,-0.577350269189626,0.577350269189626));
#5311=DIRECTION('center_axis',(0.,0.,1.));
#5312=DIRECTION('ref_axis',(1.,0.,0.));
#5313=DIRECTION('center_axis',(0.,-1.,0.));
#5314=DIRECTION('ref_axis',(-5.55111512312578E-16,0.,1.));
#5315=DIRECTION('center_axis',(1.,0.,5.55111512312578E-16));
#5316=DIRECTION('ref_axis',(0.,-1.,0.));
#5317=DIRECTION('center_axis',(0.,1.,0.));
#5318=DIRECTION('ref_axis',(0.707106781186547,0.,0.707106781186548));
#5319=DIRECTION('',(0.,-1.,0.));
#5320=DIRECTION('',(0.,1.,0.));
#5321=DIRECTION('center_axis',(-0.408248290463863,-0.816496580927726,0.408248290463863));
#5322=DIRECTION('ref_axis',(-0.577350269189626,0.577350269189625,0.577350269189626));
#5323=DIRECTION('center_axis',(0.,-1.11022302462516E-15,1.));
#5324=DIRECTION('ref_axis',(-1.,0.,0.));
#5325=DIRECTION('center_axis',(0.,1.,0.));
#5326=DIRECTION('ref_axis',(-5.55111512312578E-16,0.,1.));
#5327=DIRECTION('center_axis',(-0.408248290463863,-0.816496580927726,0.408248290463863));
#5328=DIRECTION('ref_axis',(0.577350269189626,-0.577350269189626,-0.577350269189626));
#5329=DIRECTION('center_axis',(0.,-1.,0.));
#5330=DIRECTION('ref_axis',(1.,0.,0.));
#5331=DIRECTION('center_axis',(0.,0.,-1.));
#5332=DIRECTION('ref_axis',(0.,-1.,0.));
#5333=DIRECTION('center_axis',(1.,0.,0.));
#5334=DIRECTION('ref_axis',(0.,0.,-1.));
#5335=DIRECTION('center_axis',(-1.05735526154777E-16,0.,-1.));
#5336=DIRECTION('ref_axis',(0.707106781186547,-0.707106781186548,-1.96261557335472E-16));
#5337=DIRECTION('',(1.05735526154777E-16,0.,1.));
#5338=DIRECTION('',(-1.05735526154777E-16,0.,-1.));
#5339=DIRECTION('center_axis',(-0.408248290463863,-0.816496580927726,-0.408248290463863));
#5340=DIRECTION('ref_axis',(-0.577350269189626,0.577350269189626,-0.577350269189626));
#5341=DIRECTION('center_axis',(0.,1.,0.));
#5342=DIRECTION('ref_axis',(-1.,0.,0.));
#5343=DIRECTION('center_axis',(0.,0.,-1.));
#5344=DIRECTION('ref_axis',(0.,1.,0.));
#5345=DIRECTION('center_axis',(-1.,0.,0.));
#5346=DIRECTION('ref_axis',(0.,0.,-1.));
#5347=DIRECTION('center_axis',(-2.11471052309554E-16,0.,-1.));
#5348=DIRECTION('ref_axis',(-0.707106781186547,0.707106781186548,0.));
#5349=DIRECTION('',(-2.11471052309554E-16,0.,-1.));
#5350=DIRECTION('',(2.11471052309554E-16,0.,1.));
#5351=DIRECTION('',(-2.11471052309554E-16,0.,-1.));
#5352=DIRECTION('center_axis',(1.,0.,0.));
#5353=DIRECTION('ref_axis',(0.,0.707106781186548,-0.707106781186547));
#5354=DIRECTION('',(1.,0.,0.));
#5355=DIRECTION('',(-1.,0.,0.));
#5356=DIRECTION('',(1.,0.,0.));
#5357=DIRECTION('',(1.,0.,0.));
#5358=DIRECTION('',(1.,0.,0.));
#5359=DIRECTION('center_axis',(-0.408248290463863,-0.408248290463862,-0.816496580927726));
#5360=DIRECTION('ref_axis',(-0.577350269189626,-0.577350269189626,0.577350269189626));
#5361=DIRECTION('center_axis',(-1.,0.,-5.55111512312578E-16));
#5362=DIRECTION('ref_axis',(-5.55111512312578E-16,0.,1.));
#5363=DIRECTION('center_axis',(0.,-1.,0.));
#5364=DIRECTION('ref_axis',(-1.,0.,0.));
#5365=DIRECTION('center_axis',(-1.11022302462516E-15,0.,1.));
#5366=DIRECTION('ref_axis',(0.,-1.,0.));
#5367=DIRECTION('center_axis',(0.,1.,0.));
#5368=DIRECTION('ref_axis',(-0.707106781186548,0.,0.707106781186547));
#5369=DIRECTION('',(0.,-1.,0.));
#5370=DIRECTION('',(0.,1.,0.));
#5371=DIRECTION('center_axis',(0.408248290463863,-0.816496580927726,0.408248290463863));
#5372=DIRECTION('ref_axis',(-0.577350269189626,-0.577350269189626,-0.577350269189626));
#5373=DIRECTION('center_axis',(0.,-1.,0.));
#5374=DIRECTION('ref_axis',(0.,0.,-1.));
#5375=DIRECTION('center_axis',(-1.,0.,0.));
#5376=DIRECTION('ref_axis',(0.,-1.,0.));
#5377=DIRECTION('center_axis',(0.,0.,-1.));
#5378=DIRECTION('ref_axis',(-1.,0.,0.));
#5379=DIRECTION('center_axis',(-1.,0.,0.));
#5380=DIRECTION('ref_axis',(0.,-0.707106781186548,-0.707106781186547));
#5381=DIRECTION('',(1.,0.,0.));
#5382=DIRECTION('',(-1.,0.,0.));
#5383=DIRECTION('center_axis',(2.11471052309554E-16,0.,1.));
#5384=DIRECTION('ref_axis',(-0.707106781186547,-0.707106781186548,0.));
#5385=DIRECTION('',(-2.11471052309554E-16,0.,-1.));
#5386=DIRECTION('',(2.11471052309554E-16,0.,1.));
#5387=DIRECTION('center_axis',(0.,-1.,0.));
#5388=DIRECTION('ref_axis',(-0.707106781186548,0.,-0.707106781186547));
#5389=DIRECTION('',(0.,1.,0.));
#5390=DIRECTION('',(0.,-1.,0.));
#5391=DIRECTION('center_axis',(-1.,0.,-4.16333634234434E-16));
#5392=DIRECTION('ref_axis',(-3.92523114670944E-16,-0.707106781186548,0.707106781186548));
#5393=DIRECTION('',(1.,0.,4.16333634234434E-16));
#5394=DIRECTION('',(-1.,0.,-4.16333634234434E-16));
#5395=DIRECTION('',(1.,0.,4.16333634234434E-16));
#5396=DIRECTION('center_axis',(0.,-1.,0.));
#5397=DIRECTION('ref_axis',(0.707106781186548,0.,-0.707106781186547));
#5398=DIRECTION('',(0.,1.,0.));
#5399=DIRECTION('',(0.,-1.,0.));
#5400=DIRECTION('center_axis',(1.05735526154777E-16,0.,1.));
#5401=DIRECTION('ref_axis',(0.707106781186548,-0.707106781186548,0.));
#5402=DIRECTION('',(-1.05735526154777E-16,0.,-1.));
#5403=DIRECTION('',(1.05735526154777E-16,0.,1.));
#5404=DIRECTION('center_axis',(-1.05735526154777E-16,0.,-1.));
#5405=DIRECTION('ref_axis',(0.707106781186548,0.707106781186548,0.));
#5406=DIRECTION('',(1.05735526154777E-16,0.,1.));
#5407=DIRECTION('',(-1.05735526154777E-16,0.,-1.));
#5408=DIRECTION('center_axis',(1.,0.,0.));
#5409=DIRECTION('ref_axis',(0.,-0.707106781186547,-0.707106781186548));
#5410=DIRECTION('',(1.,0.,0.));
#5411=DIRECTION('',(-1.,0.,0.));
#5412=DIRECTION('center_axis',(1.,0.,0.));
#5413=DIRECTION('ref_axis',(0.,0.707106781186548,0.707106781186548));
#5414=DIRECTION('',(1.,0.,0.));
#5415=DIRECTION('',(-1.,0.,0.));
#5416=DIRECTION('center_axis',(0.,0.,1.));
#5417=DIRECTION('ref_axis',(0.707106781186548,-0.707106781186548,0.));
#5418=DIRECTION('',(0.,0.,-1.));
#5419=DIRECTION('',(0.,0.,1.));
#5420=DIRECTION('center_axis',(-1.,0.,0.));
#5421=DIRECTION('ref_axis',(0.,0.707106781186547,-0.707106781186548));
#5422=DIRECTION('',(1.,0.,0.));
#5423=DIRECTION('',(-1.,0.,0.));
#5424=DIRECTION('center_axis',(0.,0.,-1.));
#5425=DIRECTION('ref_axis',(0.707106781186548,0.707106781186548,0.));
#5426=DIRECTION('center_axis',(0.,0.,1.));
#5427=DIRECTION('ref_axis',(1.,0.,0.));
#5428=DIRECTION('',(0.,0.,1.));
#5429=DIRECTION('',(0.,0.,-1.));
#5430=DIRECTION('center_axis',(0.,-1.,0.));
#5431=DIRECTION('ref_axis',(0.,0.,-1.));
#5432=DIRECTION('center_axis',(0.,1.,0.));
#5433=DIRECTION('ref_axis',(-0.316227762482716,0.,-0.948683299228554));
#5434=DIRECTION('center_axis',(0.,-1.,0.));
#5435=DIRECTION('ref_axis',(-0.316227762482716,0.,-0.948683299228554));
#5436=DIRECTION('center_axis',(0.,1.,0.));
#5437=DIRECTION('ref_axis',(1.,0.,0.));
#5438=DIRECTION('',(0.,1.,0.));
#5439=DIRECTION('',(0.,1.,0.));
#5440=DIRECTION('',(0.,-1.,0.));
#5441=DIRECTION('',(0.,1.,0.));
#5442=DIRECTION('center_axis',(-1.,0.,0.));
#5443=DIRECTION('ref_axis',(0.,0.,1.));
#5444=DIRECTION('',(0.,1.,0.));
#5445=DIRECTION('center_axis',(0.,1.,0.));
#5446=DIRECTION('ref_axis',(1.,0.,0.));
#5447=DIRECTION('',(0.,-1.,0.));
#5448=DIRECTION('center_axis',(0.,0.,1.));
#5449=DIRECTION('ref_axis',(1.,0.,0.));
#5450=DIRECTION('center_axis',(-4.16333634234434E-16,0.,1.));
#5451=DIRECTION('ref_axis',(1.,0.,4.16333634234434E-16));
#5452=DIRECTION('center_axis',(0.,1.,0.));
#5453=DIRECTION('ref_axis',(0.,0.,1.));
#5454=DIRECTION('center_axis',(0.,1.,0.));
#5455=DIRECTION('ref_axis',(0.,0.,1.));
#5456=DIRECTION('center_axis',(0.,-1.,0.));
#5457=DIRECTION('ref_axis',(-1.,0.,0.));
#5458=DIRECTION('center_axis',(0.,1.,0.));
#5459=DIRECTION('ref_axis',(0.,0.,1.));
#5460=DIRECTION('center_axis',(0.,-1.,0.));
#5461=DIRECTION('ref_axis',(-1.,0.,0.));
#5462=DIRECTION('center_axis',(0.,-1.,0.));
#5463=DIRECTION('ref_axis',(0.,0.,-1.));
#5464=DIRECTION('center_axis',(0.,-1.,0.));
#5465=DIRECTION('ref_axis',(0.,0.,-1.));
#5466=DIRECTION('center_axis',(1.,0.,-1.05735526154777E-16));
#5467=DIRECTION('ref_axis',(-1.05735526154777E-16,0.,-1.));
#5468=DIRECTION('center_axis',(1.,0.,-1.05735526154777E-16));
#5469=DIRECTION('ref_axis',(-1.05735526154777E-16,0.,-1.));
#5470=DIRECTION('center_axis',(-1.,0.,2.11471052309554E-16));
#5471=DIRECTION('ref_axis',(2.11471052309554E-16,0.,1.));
#5472=DIRECTION('center_axis',(0.,0.,-1.));
#5473=DIRECTION('ref_axis',(-1.,0.,0.));
#5474=DIRECTION('center_axis',(0.,1.,0.));
#5475=DIRECTION('ref_axis',(-1.,0.,0.));
#5476=DIRECTION('center_axis',(0.,1.,0.));
#5477=DIRECTION('ref_axis',(-1.,0.,0.));
#5478=DIRECTION('',(0.,-1.,0.));
#5479=DIRECTION('center_axis',(0.,-1.,0.));
#5480=DIRECTION('ref_axis',(-1.,0.,0.));
#5481=DIRECTION('center_axis',(0.,1.,0.));
#5482=DIRECTION('ref_axis',(-1.,0.,0.));
#5483=DIRECTION('center_axis',(0.,1.,0.));
#5484=DIRECTION('ref_axis',(-1.,0.,0.));
#5485=DIRECTION('center_axis',(0.,1.,0.));
#5486=DIRECTION('ref_axis',(-1.,0.,0.));
#5487=DIRECTION('center_axis',(0.,1.,0.));
#5488=DIRECTION('ref_axis',(-1.,0.,0.));
#5489=DIRECTION('',(0.,-1.,0.));
#5490=DIRECTION('center_axis',(0.,-1.,0.));
#5491=DIRECTION('ref_axis',(-1.,0.,0.));
#5492=DIRECTION('center_axis',(0.,-1.,0.));
#5493=DIRECTION('ref_axis',(-1.,0.,0.));
#5494=DIRECTION('center_axis',(0.,1.,0.));
#5495=DIRECTION('ref_axis',(-1.,0.,0.));
#5496=DIRECTION('center_axis',(0.,1.,0.));
#5497=DIRECTION('ref_axis',(-1.,0.,0.));
#5498=DIRECTION('center_axis',(0.,1.,0.));
#5499=DIRECTION('ref_axis',(-1.,0.,0.));
#5500=DIRECTION('center_axis',(0.,1.,0.));
#5501=DIRECTION('ref_axis',(-1.,0.,0.));
#5502=DIRECTION('',(0.,-1.,0.));
#5503=DIRECTION('center_axis',(0.,-1.,0.));
#5504=DIRECTION('ref_axis',(-1.,0.,0.));
#5505=DIRECTION('center_axis',(0.,-1.,0.));
#5506=DIRECTION('ref_axis',(-1.,0.,0.));
#5507=DIRECTION('center_axis',(0.,1.,0.));
#5508=DIRECTION('ref_axis',(-1.,0.,0.));
#5509=DIRECTION('center_axis',(0.,1.,0.));
#5510=DIRECTION('ref_axis',(-1.,0.,0.));
#5511=DIRECTION('center_axis',(0.,1.,0.));
#5512=DIRECTION('ref_axis',(1.,0.,0.));
#5513=DIRECTION('center_axis',(0.,1.,0.));
#5514=DIRECTION('ref_axis',(-1.,0.,0.));
#5515=DIRECTION('center_axis',(0.,1.,0.));
#5516=DIRECTION('ref_axis',(-1.,0.,0.));
#5517=DIRECTION('',(0.,1.,0.));
#5518=DIRECTION('center_axis',(0.,-1.,0.));
#5519=DIRECTION('ref_axis',(-1.,0.,0.));
#5520=DIRECTION('',(0.,-1.,0.));
#5521=DIRECTION('center_axis',(0.,-1.,0.));
#5522=DIRECTION('ref_axis',(-1.,0.,0.));
#5523=DIRECTION('',(0.,-1.,0.));
#5524=DIRECTION('center_axis',(0.,-1.,0.));
#5525=DIRECTION('ref_axis',(-1.,0.,0.));
#5526=DIRECTION('',(0.,1.,0.));
#5527=DIRECTION('center_axis',(0.,-1.,0.));
#5528=DIRECTION('ref_axis',(-1.,0.,0.));
#5529=DIRECTION('',(0.,-1.,0.));
#5530=DIRECTION('center_axis',(0.,-1.,0.));
#5531=DIRECTION('ref_axis',(-1.,0.,0.));
#5532=DIRECTION('center_axis',(0.,1.,0.));
#5533=DIRECTION('ref_axis',(-1.,0.,0.));
#5534=DIRECTION('center_axis',(0.,1.,0.));
#5535=DIRECTION('ref_axis',(-1.,0.,0.));
#5536=DIRECTION('',(1.,0.,0.));
#5537=DIRECTION('center_axis',(0.,-1.,0.));
#5538=DIRECTION('ref_axis',(-1.,0.,0.));
#5539=DIRECTION('',(1.,0.,0.));
#5540=DIRECTION('center_axis',(0.,1.,0.));
#5541=DIRECTION('ref_axis',(-1.,0.,0.));
#5542=DIRECTION('center_axis',(0.,-1.,0.));
#5543=DIRECTION('ref_axis',(-1.,0.,0.));
#5544=DIRECTION('',(-1.,0.,6.21103790000088E-16));
#5545=DIRECTION('center_axis',(0.,1.,0.));
#5546=DIRECTION('ref_axis',(-1.,0.,0.));
#5547=DIRECTION('',(-1.,0.,6.21103790000088E-16));
#5548=DIRECTION('center_axis',(0.,1.,0.));
#5549=DIRECTION('ref_axis',(-1.,0.,0.));
#5550=DIRECTION('',(1.,0.,0.));
#5551=DIRECTION('center_axis',(0.,1.,0.));
#5552=DIRECTION('ref_axis',(-1.,0.,0.));
#5553=DIRECTION('center_axis',(0.,1.,0.));
#5554=DIRECTION('ref_axis',(-1.,0.,0.));
#5555=DIRECTION('',(-1.,0.,6.21103790000088E-16));
#5556=DIRECTION('center_axis',(0.,1.,0.));
#5557=DIRECTION('ref_axis',(-1.,0.,0.));
#5558=DIRECTION('',(-1.,0.,6.21103790000088E-16));
#5559=DIRECTION('center_axis',(0.,1.,0.));
#5560=DIRECTION('ref_axis',(-1.,0.,0.));
#5561=DIRECTION('',(1.,0.,0.));
#5562=DIRECTION('center_axis',(0.,0.,-1.));
#5563=DIRECTION('ref_axis',(1.,0.,0.));
#5564=DIRECTION('',(0.,-1.,0.));
#5565=DIRECTION('center_axis',(0.,-1.,0.));
#5566=DIRECTION('ref_axis',(-1.,0.,0.));
#5567=DIRECTION('center_axis',(0.,1.,0.));
#5568=DIRECTION('ref_axis',(-1.,0.,0.));
#5569=DIRECTION('center_axis',(0.,1.,0.));
#5570=DIRECTION('ref_axis',(-1.,0.,0.));
#5571=DIRECTION('center_axis',(6.21103790000088E-16,0.,1.));
#5572=DIRECTION('ref_axis',(-1.,0.,6.21103790000088E-16));
#5573=DIRECTION('',(0.,-1.,0.));
#5574=DIRECTION('center_axis',(0.,1.,0.));
#5575=DIRECTION('ref_axis',(-1.,0.,0.));
#5576=DIRECTION('center_axis',(0.,-1.,0.));
#5577=DIRECTION('ref_axis',(-1.,0.,0.));
#5578=DIRECTION('center_axis',(0.,1.,0.));
#5579=DIRECTION('ref_axis',(-1.,0.,0.));
#5580=DIRECTION('center_axis',(0.,-1.,0.));
#5581=DIRECTION('ref_axis',(-1.,0.,0.));
#5582=DIRECTION('',(0.,1.,0.));
#5583=DIRECTION('',(0.,-1.,0.));
#5584=DIRECTION('',(0.,1.,0.));
#5585=DIRECTION('center_axis',(0.,0.,-1.));
#5586=DIRECTION('ref_axis',(1.,0.,0.));
#5587=DIRECTION('center_axis',(0.,1.,0.));
#5588=DIRECTION('ref_axis',(-1.,0.,0.));
#5589=DIRECTION('center_axis',(0.,-1.,0.));
#5590=DIRECTION('ref_axis',(-1.,0.,0.));
#5591=DIRECTION('center_axis',(0.,1.,0.));
#5592=DIRECTION('ref_axis',(-1.,0.,0.));
#5593=DIRECTION('center_axis',(6.21103790000088E-16,0.,1.));
#5594=DIRECTION('ref_axis',(-1.,0.,6.21103790000088E-16));
#5595=DIRECTION('center_axis',(0.,1.,0.));
#5596=DIRECTION('ref_axis',(-1.,0.,0.));
#5597=DIRECTION('center_axis',(0.,1.,0.));
#5598=DIRECTION('ref_axis',(-1.,0.,0.));
#5599=DIRECTION('center_axis',(0.,-1.,0.));
#5600=DIRECTION('ref_axis',(-1.,0.,0.));
#5601=DIRECTION('',(0.,-1.,0.));
#5602=DIRECTION('center_axis',(0.,1.,0.));
#5603=DIRECTION('ref_axis',(-1.,0.,0.));
#5604=DIRECTION('',(0.,1.,0.));
#5605=DIRECTION('center_axis',(0.,-1.,0.));
#5606=DIRECTION('ref_axis',(-1.,0.,0.));
#5607=DIRECTION('',(0.,-1.,0.));
#5608=DIRECTION('center_axis',(0.,1.,0.));
#5609=DIRECTION('ref_axis',(-1.,0.,0.));
#5610=DIRECTION('',(0.,-1.,0.));
#5611=DIRECTION('center_axis',(0.,-1.,0.));
#5612=DIRECTION('ref_axis',(-1.,0.,0.));
#5613=DIRECTION('center_axis',(0.,1.,0.));
#5614=DIRECTION('ref_axis',(-1.,0.,0.));
#5615=DIRECTION('',(0.,1.,0.));
#5616=DIRECTION('center_axis',(0.,1.,0.));
#5617=DIRECTION('ref_axis',(-1.,0.,0.));
#5618=DIRECTION('center_axis',(0.,1.,0.));
#5619=DIRECTION('ref_axis',(-1.,0.,0.));
#5620=DIRECTION('center_axis',(0.,-1.,0.));
#5621=DIRECTION('ref_axis',(-1.,0.,0.));
#5622=DIRECTION('',(0.,-1.,0.));
#5623=DIRECTION('center_axis',(0.,1.,0.));
#5624=DIRECTION('ref_axis',(-1.,0.,0.));
#5625=DIRECTION('',(0.,1.,0.));
#5626=DIRECTION('center_axis',(0.,-1.,0.));
#5627=DIRECTION('ref_axis',(-1.,0.,0.));
#5628=DIRECTION('',(0.,-1.,0.));
#5629=DIRECTION('center_axis',(0.,1.,0.));
#5630=DIRECTION('ref_axis',(-1.,0.,0.));
#5631=DIRECTION('',(0.,-1.,0.));
#5632=DIRECTION('center_axis',(0.,-1.,0.));
#5633=DIRECTION('ref_axis',(-1.,0.,0.));
#5634=DIRECTION('center_axis',(0.,1.,0.));
#5635=DIRECTION('ref_axis',(-1.,0.,0.));
#5636=DIRECTION('',(0.,1.,0.));
#5637=DIRECTION('center_axis',(0.,1.,0.));
#5638=DIRECTION('ref_axis',(-1.,0.,0.));
#5639=DIRECTION('center_axis',(0.,1.,0.));
#5640=DIRECTION('ref_axis',(-1.,0.,0.));
#5641=DIRECTION('',(0.,-1.,0.));
#5642=DIRECTION('center_axis',(0.,-1.,0.));
#5643=DIRECTION('ref_axis',(-1.,0.,0.));
#5644=DIRECTION('',(0.,-1.,0.));
#5645=DIRECTION('center_axis',(0.,-1.,0.));
#5646=DIRECTION('ref_axis',(-1.,0.,0.));
#5647=DIRECTION('',(0.,1.,0.));
#5648=DIRECTION('center_axis',(0.,-1.,0.));
#5649=DIRECTION('ref_axis',(-1.,0.,0.));
#5650=DIRECTION('',(0.,-1.,0.));
#5651=DIRECTION('center_axis',(0.,-1.,0.));
#5652=DIRECTION('ref_axis',(-1.,0.,0.));
#5653=DIRECTION('',(0.,1.,0.));
#5654=DIRECTION('center_axis',(0.,-1.,0.));
#5655=DIRECTION('ref_axis',(-1.,0.,0.));
#5656=DIRECTION('center_axis',(0.,1.,0.));
#5657=DIRECTION('ref_axis',(-1.,0.,0.));
#5658=DIRECTION('',(0.,-1.,0.));
#5659=DIRECTION('center_axis',(0.,-1.,0.));
#5660=DIRECTION('ref_axis',(-1.,0.,0.));
#5661=DIRECTION('',(0.,-1.,0.));
#5662=DIRECTION('center_axis',(0.,-1.,0.));
#5663=DIRECTION('ref_axis',(-1.,0.,0.));
#5664=DIRECTION('',(0.,1.,0.));
#5665=DIRECTION('center_axis',(0.,-1.,0.));
#5666=DIRECTION('ref_axis',(-1.,0.,0.));
#5667=DIRECTION('',(0.,-1.,0.));
#5668=DIRECTION('center_axis',(0.,-1.,0.));
#5669=DIRECTION('ref_axis',(-1.,0.,0.));
#5670=DIRECTION('',(0.,1.,0.));
#5671=DIRECTION('center_axis',(0.,-1.,0.));
#5672=DIRECTION('ref_axis',(-1.,0.,0.));
#5673=DIRECTION('center_axis',(0.,1.,0.));
#5674=DIRECTION('ref_axis',(-1.,0.,0.));
#5675=DIRECTION('',(-1.,0.,6.21103790000088E-16));
#5676=DIRECTION('',(1.,0.,0.));
#5677=DIRECTION('center_axis',(6.21103790000088E-16,0.,1.));
#5678=DIRECTION('ref_axis',(-1.,0.,6.21103790000088E-16));
#5679=DIRECTION('',(-1.,0.,6.21103790000088E-16));
#5680=DIRECTION('',(-1.,0.,6.21103790000088E-16));
#5681=DIRECTION('center_axis',(0.,1.,0.));
#5682=DIRECTION('ref_axis',(-1.,0.,0.));
#5683=DIRECTION('',(1.,0.,0.));
#5684=DIRECTION('center_axis',(0.,1.,0.));
#5685=DIRECTION('ref_axis',(-1.,0.,0.));
#5686=DIRECTION('',(-1.,0.,6.21103790000088E-16));
#5687=DIRECTION('',(1.,0.,0.));
#5688=DIRECTION('center_axis',(6.21103790000088E-16,0.,1.));
#5689=DIRECTION('ref_axis',(-1.,0.,6.21103790000088E-16));
#5690=DIRECTION('',(-1.,0.,6.21103790000088E-16));
#5691=DIRECTION('',(-1.,0.,6.21103790000088E-16));
#5692=DIRECTION('center_axis',(0.,1.,0.));
#5693=DIRECTION('ref_axis',(-1.,0.,0.));
#5694=DIRECTION('',(1.,0.,0.));
#5695=DIRECTION('center_axis',(0.,0.,-1.));
#5696=DIRECTION('ref_axis',(1.,0.,0.));
#5697=DIRECTION('',(1.,0.,0.));
#5698=DIRECTION('center_axis',(0.,-1.,0.));
#5699=DIRECTION('ref_axis',(-1.,0.,0.));
#5700=DIRECTION('center_axis',(0.,-1.,0.));
#5701=DIRECTION('ref_axis',(-1.,0.,0.));
#5702=DIRECTION('center_axis',(0.,1.,0.));
#5703=DIRECTION('ref_axis',(-1.,0.,0.));
#5704=DIRECTION('center_axis',(0.,1.,0.));
#5705=DIRECTION('ref_axis',(-1.,0.,0.));
#5706=DIRECTION('center_axis',(0.,1.,0.));
#5707=DIRECTION('ref_axis',(-1.,0.,0.));
#5708=DIRECTION('center_axis',(0.,1.,0.));
#5709=DIRECTION('ref_axis',(-1.,0.,0.));
#5710=DIRECTION('center_axis',(0.,0.,-1.));
#5711=DIRECTION('ref_axis',(1.,0.,0.));
#5712=DIRECTION('',(1.,0.,0.));
#5713=DIRECTION('center_axis',(0.,1.,0.));
#5714=DIRECTION('ref_axis',(-1.,0.,0.));
#5715=DIRECTION('center_axis',(0.,1.,0.));
#5716=DIRECTION('ref_axis',(-1.,0.,0.));
#5717=DIRECTION('center_axis',(0.,1.,0.));
#5718=DIRECTION('ref_axis',(-1.,0.,0.));
#5719=DIRECTION('center_axis',(0.,1.,0.));
#5720=DIRECTION('ref_axis',(-1.,0.,0.));
#5721=DIRECTION('center_axis',(0.,-1.,0.));
#5722=DIRECTION('ref_axis',(-1.,0.,0.));
#5723=DIRECTION('',(-1.,0.,6.21103790000088E-16));
#5724=DIRECTION('center_axis',(0.,-1.,0.));
#5725=DIRECTION('ref_axis',(-1.,0.,0.));
#5726=DIRECTION('center_axis',(0.,1.,0.));
#5727=DIRECTION('ref_axis',(-1.,0.,0.));
#5728=DIRECTION('center_axis',(6.21103790000088E-16,0.,1.));
#5729=DIRECTION('ref_axis',(-1.,0.,6.21103790000088E-16));
#5730=DIRECTION('center_axis',(0.,1.,0.));
#5731=DIRECTION('ref_axis',(-1.,0.,0.));
#5732=DIRECTION('center_axis',(0.,0.,-1.));
#5733=DIRECTION('ref_axis',(1.,0.,0.));
#5734=DIRECTION('',(1.,0.,0.));
#5735=DIRECTION('center_axis',(0.,-1.,0.));
#5736=DIRECTION('ref_axis',(-1.,0.,0.));
#5737=DIRECTION('center_axis',(0.,-1.,0.));
#5738=DIRECTION('ref_axis',(-1.,0.,0.));
#5739=DIRECTION('center_axis',(0.,1.,0.));
#5740=DIRECTION('ref_axis',(-1.,0.,0.));
#5741=DIRECTION('center_axis',(0.,1.,0.));
#5742=DIRECTION('ref_axis',(-1.,0.,0.));
#5743=DIRECTION('center_axis',(0.,1.,0.));
#5744=DIRECTION('ref_axis',(-1.,0.,0.));
#5745=DIRECTION('center_axis',(0.,1.,0.));
#5746=DIRECTION('ref_axis',(-1.,0.,0.));
#5747=DIRECTION('center_axis',(0.,0.,-1.));
#5748=DIRECTION('ref_axis',(1.,0.,0.));
#5749=DIRECTION('',(1.,0.,0.));
#5750=DIRECTION('center_axis',(0.,1.,0.));
#5751=DIRECTION('ref_axis',(-1.,0.,0.));
#5752=DIRECTION('center_axis',(0.,1.,0.));
#5753=DIRECTION('ref_axis',(-1.,0.,0.));
#5754=DIRECTION('center_axis',(0.,1.,0.));
#5755=DIRECTION('ref_axis',(-1.,0.,0.));
#5756=DIRECTION('center_axis',(0.,1.,0.));
#5757=DIRECTION('ref_axis',(-1.,0.,0.));
#5758=DIRECTION('center_axis',(0.,-1.,0.));
#5759=DIRECTION('ref_axis',(-1.,0.,0.));
#5760=DIRECTION('',(-1.,0.,6.21103790000088E-16));
#5761=DIRECTION('center_axis',(0.,-1.,0.));
#5762=DIRECTION('ref_axis',(-1.,0.,0.));
#5763=DIRECTION('center_axis',(0.,1.,0.));
#5764=DIRECTION('ref_axis',(-1.,0.,0.));
#5765=DIRECTION('center_axis',(6.21103790000088E-16,0.,1.));
#5766=DIRECTION('ref_axis',(-1.,0.,6.21103790000088E-16));
#5767=DIRECTION('center_axis',(0.,1.,0.));
#5768=DIRECTION('ref_axis',(-1.,0.,0.));
#5769=DIRECTION('center_axis',(1.48454646805767E-16,0.,-1.));
#5770=DIRECTION('ref_axis',(-1.,0.,-1.48454646805767E-16));
#5771=DIRECTION('center_axis',(1.66533453693773E-16,0.,-1.));
#5772=DIRECTION('ref_axis',(0.998279701303815,0.0586313735534612,3.32780420104286E-16));
#5773=DIRECTION('center_axis',(1.66533453693773E-16,0.,-1.));
#5774=DIRECTION('ref_axis',(-1.,-1.40896279965604E-15,0.));
#5775=DIRECTION('center_axis',(1.66533453693773E-16,0.,-1.));
#5776=DIRECTION('ref_axis',(-1.,-1.40896279965604E-15,0.));
#5777=DIRECTION('center_axis',(0.,0.,-1.));
#5778=DIRECTION('ref_axis',(-1.,0.,0.));
#5779=DIRECTION('center_axis',(0.,0.,1.));
#5780=DIRECTION('ref_axis',(-1.,0.,-1.66533453693774E-16));
#5781=DIRECTION('center_axis',(1.66533453693773E-16,0.,-1.));
#5782=DIRECTION('ref_axis',(0.991190730505935,0.13244219780384,1.65066415620408E-16));
#5783=DIRECTION('center_axis',(1.66533453693773E-16,0.,-1.));
#5784=DIRECTION('ref_axis',(0.998550005946981,0.0538320129967692,1.66291981176289E-16));
#5785=DIRECTION('center_axis',(1.66533453693773E-16,0.,-1.));
#5786=DIRECTION('ref_axis',(-1.,0.,-1.66533453693773E-16));
#5787=DIRECTION('center_axis',(1.66533453693773E-16,0.,-1.));
#5788=DIRECTION('ref_axis',(-1.,0.,-1.66533453693774E-16));
#5789=DIRECTION('center_axis',(0.,1.,0.));
#5790=DIRECTION('ref_axis',(0.,0.,1.));
#5791=DIRECTION('center_axis',(1.66533453693773E-16,0.,-1.));
#5792=DIRECTION('ref_axis',(-1.,-1.40896279965604E-15,0.));
#5793=DIRECTION('axis',(0.,0.,1.));
#5794=DIRECTION('refdir',(1.,0.,0.));
#5795=DIRECTION('center_axis',(-1.70803542250024E-16,0.,1.));
#5796=DIRECTION('ref_axis',(-0.999427350098209,-0.0338374330538343,-1.70705731618329E-16));
#5797=DIRECTION('',(1.70803542250024E-16,0.,-1.));
#5798=DIRECTION('center_axis',(1.38777878078145E-16,0.,-1.));
#5799=DIRECTION('ref_axis',(-1.,0.,-1.70803542250024E-16));
#5800=DIRECTION('center_axis',(-1.70803542250024E-16,0.,1.));
#5801=DIRECTION('ref_axis',(-1.,0.,-1.70803542250024E-16));
#5802=DIRECTION('',(1.70803542250024E-16,0.,-1.));
#5803=DIRECTION('center_axis',(-1.70803542250024E-16,0.,1.));
#5804=DIRECTION('ref_axis',(-1.,0.,-1.70803542250024E-16));
#5805=DIRECTION('',(1.70803542250024E-16,0.,-1.));
#5806=DIRECTION('center_axis',(-1.70803542250024E-16,0.,1.));
#5807=DIRECTION('ref_axis',(-1.,0.,-1.70803542250024E-16));
#5808=DIRECTION('',(1.70803542250024E-16,0.,-1.));
#5809=DIRECTION('center_axis',(-1.70803542250024E-16,0.,1.));
#5810=DIRECTION('ref_axis',(-1.,0.,-1.70803542250024E-16));
#5811=DIRECTION('',(1.70803542250024E-16,0.,-1.));
#5812=DIRECTION('center_axis',(-1.70803542250024E-16,0.,1.));
#5813=DIRECTION('ref_axis',(-1.,0.,-1.70803542250024E-16));
#5814=DIRECTION('',(1.70803542250024E-16,0.,-1.));
#5815=DIRECTION('center_axis',(-1.70803542250024E-16,0.,1.));
#5816=DIRECTION('ref_axis',(-1.,0.,-1.70803542250024E-16));
#5817=DIRECTION('',(1.70803542250024E-16,0.,-1.));
#5818=DIRECTION('center_axis',(-1.70803542250024E-16,0.,1.));
#5819=DIRECTION('ref_axis',(-1.,0.,-1.70803542250024E-16));
#5820=DIRECTION('',(1.70803542250024E-16,0.,-1.));
#5821=DIRECTION('center_axis',(-1.70803542250024E-16,0.,1.));
#5822=DIRECTION('ref_axis',(-1.,-2.17889329167479E-14,-1.36374281369016E-16));
#5823=DIRECTION('',(-4.15732902079495E-16,-5.36674458631959E-30,1.));
#5824=DIRECTION('center_axis',(-2.04932722588861E-16,0.,1.));
#5825=DIRECTION('ref_axis',(-1.,-2.17889329167479E-14,-1.36374281369016E-16));
#5826=DIRECTION('center_axis',(-1.70803542250024E-16,0.,1.));
#5827=DIRECTION('ref_axis',(-1.,-2.17889329167479E-14,-1.36374281369016E-16));
#5828=DIRECTION('',(-4.15732902079495E-16,-5.36674458631959E-30,1.));
#5829=DIRECTION('center_axis',(-2.04932722588861E-16,0.,1.));
#5830=DIRECTION('ref_axis',(-1.,-2.17889329167479E-14,-1.36374281369016E-16));
#5831=DIRECTION('center_axis',(-1.70803542250024E-16,0.,1.));
#5832=DIRECTION('ref_axis',(-1.,-2.17889329167479E-14,-1.36374281369016E-16));
#5833=DIRECTION('',(-4.15732902079495E-16,-5.36674458631959E-30,1.));
#5834=DIRECTION('center_axis',(-1.70803542250024E-16,0.,1.));
#5835=DIRECTION('ref_axis',(-1.,-2.17889329167479E-14,-1.36374281369016E-16));
#5836=DIRECTION('',(-4.15732902079495E-16,-5.36674458631959E-30,1.));
#5837=DIRECTION('center_axis',(-1.70803542250024E-16,0.,1.));
#5838=DIRECTION('ref_axis',(-1.,-2.17889329167479E-14,-1.36374281369016E-16));
#5839=DIRECTION('',(-4.15732902079495E-16,-5.36674458631959E-30,1.));
#5840=DIRECTION('center_axis',(-1.70803542250024E-16,0.,1.));
#5841=DIRECTION('ref_axis',(-1.,-2.17889329167479E-14,-1.36374281369016E-16));
#5842=DIRECTION('',(-4.15732902079495E-16,-5.36674458631959E-30,1.));
#5843=DIRECTION('center_axis',(-1.70803542250024E-16,0.,1.));
#5844=DIRECTION('ref_axis',(-1.,-2.17889329167479E-14,-1.36374281369016E-16));
#5845=DIRECTION('',(-4.15732902079495E-16,-5.36674458631959E-30,1.));
#5846=DIRECTION('center_axis',(-1.70803542250024E-16,0.,1.));
#5847=DIRECTION('ref_axis',(-1.,-2.17889329167479E-14,-1.36374281369016E-16));
#5848=DIRECTION('',(-4.15732902079495E-16,-5.36674458631959E-30,1.));
#5849=DIRECTION('center_axis',(-1.70803542250024E-16,0.,1.));
#5850=DIRECTION('ref_axis',(-1.,-2.17889329167479E-14,-1.36374281369016E-16));
#5851=DIRECTION('',(-4.15732902079495E-16,-5.36674458631959E-30,1.));
#5852=DIRECTION('center_axis',(0.,0.,-1.));
#5853=DIRECTION('ref_axis',(-0.978147600733805,0.20791169081776,0.));
#5854=DIRECTION('',(0.,0.,1.));
#5855=DIRECTION('',(0.,0.,-1.));
#5856=DIRECTION('center_axis',(0.,0.,-1.));
#5857=DIRECTION('ref_axis',(-0.913545457642601,0.406736643075801,0.));
#5858=DIRECTION('',(0.,0.,1.));
#5859=DIRECTION('',(0.,0.,-1.));
#5860=DIRECTION('center_axis',(0.,0.,-1.));
#5861=DIRECTION('ref_axis',(-0.809016994374947,0.587785252292473,0.));
#5862=DIRECTION('',(0.,0.,1.));
#5863=DIRECTION('',(0.,0.,-1.));
#5864=DIRECTION('center_axis',(0.,0.,-1.));
#5865=DIRECTION('ref_axis',(-0.669130606358858,0.743144825477395,0.));
#5866=DIRECTION('',(0.,0.,1.));
#5867=DIRECTION('',(0.,0.,-1.));
#5868=DIRECTION('center_axis',(0.,0.,-1.));
#5869=DIRECTION('ref_axis',(-0.499999999999999,0.866025403784439,0.));
#5870=DIRECTION('',(0.,0.,1.));
#5871=DIRECTION('',(0.,0.,-1.));
#5872=DIRECTION('center_axis',(0.,0.,-1.));
#5873=DIRECTION('ref_axis',(-0.309016994374947,0.951056516295154,0.));
#5874=DIRECTION('',(0.,0.,1.));
#5875=DIRECTION('',(0.,0.,-1.));
#5876=DIRECTION('center_axis',(0.,0.,-1.));
#5877=DIRECTION('ref_axis',(-0.104528463267653,0.994521895368274,0.));
#5878=DIRECTION('',(0.,0.,1.));
#5879=DIRECTION('',(0.,0.,-1.));
#5880=DIRECTION('center_axis',(0.,0.,-1.));
#5881=DIRECTION('ref_axis',(0.104528463267654,0.994521895368273,0.));
#5882=DIRECTION('',(0.,0.,1.));
#5883=DIRECTION('',(0.,0.,-1.));
#5884=DIRECTION('center_axis',(0.,0.,-1.));
#5885=DIRECTION('ref_axis',(0.309016994374948,0.951056516295154,0.));
#5886=DIRECTION('',(0.,0.,1.));
#5887=DIRECTION('',(0.,0.,-1.));
#5888=DIRECTION('center_axis',(0.,0.,-1.));
#5889=DIRECTION('ref_axis',(0.5,0.866025403784438,0.));
#5890=DIRECTION('',(0.,0.,1.));
#5891=DIRECTION('',(0.,0.,-1.));
#5892=DIRECTION('center_axis',(0.,0.,-1.));
#5893=DIRECTION('ref_axis',(0.669130606358859,0.743144825477394,0.));
#5894=DIRECTION('',(0.,0.,1.));
#5895=DIRECTION('',(0.,0.,-1.));
#5896=DIRECTION('center_axis',(0.,0.,-1.));
#5897=DIRECTION('ref_axis',(0.809016994374947,0.587785252292473,0.));
#5898=DIRECTION('',(0.,0.,1.));
#5899=DIRECTION('',(0.,0.,-1.));
#5900=DIRECTION('center_axis',(0.,0.,-1.));
#5901=DIRECTION('ref_axis',(0.913545457642601,0.4067366430758,0.));
#5902=DIRECTION('',(0.,0.,1.));
#5903=DIRECTION('',(0.,0.,-1.));
#5904=DIRECTION('center_axis',(0.,0.,-1.));
#5905=DIRECTION('ref_axis',(0.978147600733806,0.207911690817759,0.));
#5906=DIRECTION('',(0.,0.,1.));
#5907=DIRECTION('',(0.,0.,-1.));
#5908=DIRECTION('center_axis',(0.,0.,-1.));
#5909=DIRECTION('ref_axis',(1.,-1.38777878078144E-16,0.));
#5910=DIRECTION('',(0.,0.,1.));
#5911=DIRECTION('',(0.,0.,-1.));
#5912=DIRECTION('center_axis',(0.,0.,-1.));
#5913=DIRECTION('ref_axis',(0.978147600733806,-0.20791169081776,0.));
#5914=DIRECTION('',(0.,0.,1.));
#5915=DIRECTION('',(0.,0.,-1.));
#5916=DIRECTION('center_axis',(0.,0.,-1.));
#5917=DIRECTION('ref_axis',(0.913545457642601,-0.4067366430758,0.));
#5918=DIRECTION('',(0.,0.,1.));
#5919=DIRECTION('',(0.,0.,-1.));
#5920=DIRECTION('center_axis',(0.,0.,-1.));
#5921=DIRECTION('ref_axis',(0.809016994374947,-0.587785252292473,0.));
#5922=DIRECTION('',(0.,0.,1.));
#5923=DIRECTION('',(0.,0.,-1.));
#5924=DIRECTION('center_axis',(0.,0.,-1.));
#5925=DIRECTION('ref_axis',(0.669130606358858,-0.743144825477395,0.));
#5926=DIRECTION('',(0.,0.,1.));
#5927=DIRECTION('',(0.,0.,-1.));
#5928=DIRECTION('center_axis',(0.,0.,-1.));
#5929=DIRECTION('ref_axis',(0.5,-0.866025403784439,0.));
#5930=DIRECTION('',(0.,0.,1.));
#5931=DIRECTION('',(0.,0.,-1.));
#5932=DIRECTION('center_axis',(0.,0.,-1.));
#5933=DIRECTION('ref_axis',(0.309016994374947,-0.951056516295154,0.));
#5934=DIRECTION('',(0.,0.,1.));
#5935=DIRECTION('',(0.,0.,-1.));
#5936=DIRECTION('center_axis',(0.,0.,-1.));
#5937=DIRECTION('ref_axis',(0.104528463267653,-0.994521895368273,0.));
#5938=DIRECTION('',(0.,0.,1.));
#5939=DIRECTION('',(0.,0.,-1.));
#5940=DIRECTION('center_axis',(0.,0.,-1.));
#5941=DIRECTION('ref_axis',(-0.104528463267654,-0.994521895368273,0.));
#5942=DIRECTION('',(0.,0.,1.));
#5943=DIRECTION('',(0.,0.,-1.));
#5944=DIRECTION('center_axis',(0.,0.,-1.));
#5945=DIRECTION('ref_axis',(-0.309016994374948,-0.951056516295154,0.));
#5946=DIRECTION('',(0.,0.,1.));
#5947=DIRECTION('',(0.,0.,-1.));
#5948=DIRECTION('center_axis',(0.,0.,-1.));
#5949=DIRECTION('ref_axis',(-0.5,-0.866025403784439,0.));
#5950=DIRECTION('',(0.,0.,1.));
#5951=DIRECTION('',(0.,0.,-1.));
#5952=DIRECTION('center_axis',(0.,0.,-1.));
#5953=DIRECTION('ref_axis',(-0.669130606358858,-0.743144825477394,0.));
#5954=DIRECTION('',(0.,0.,1.));
#5955=DIRECTION('',(0.,0.,-1.));
#5956=DIRECTION('center_axis',(0.,0.,-1.));
#5957=DIRECTION('ref_axis',(-0.809016994374947,-0.587785252292473,0.));
#5958=DIRECTION('',(0.,0.,1.));
#5959=DIRECTION('',(0.,0.,-1.));
#5960=DIRECTION('center_axis',(0.,0.,-1.));
#5961=DIRECTION('ref_axis',(-0.913545457642601,-0.4067366430758,0.));
#5962=DIRECTION('',(0.,0.,1.));
#5963=DIRECTION('',(0.,0.,-1.));
#5964=DIRECTION('center_axis',(0.,0.,-1.));
#5965=DIRECTION('ref_axis',(-0.978147600733806,-0.207911690817759,0.));
#5966=DIRECTION('',(0.,0.,1.));
#5967=DIRECTION('',(0.,0.,-1.));
#5968=DIRECTION('center_axis',(0.,0.,-1.));
#5969=DIRECTION('ref_axis',(-1.,0.,0.));
#5970=DIRECTION('center_axis',(0.,0.,-1.));
#5971=DIRECTION('ref_axis',(-1.,0.,0.));
#5972=DIRECTION('center_axis',(0.,0.,1.));
#5973=DIRECTION('ref_axis',(-1.,0.,0.));
#5974=DIRECTION('center_axis',(0.,0.,-1.));
#5975=DIRECTION('ref_axis',(-1.,0.,0.));
#5976=DIRECTION('center_axis',(0.,0.,-1.));
#5977=DIRECTION('ref_axis',(-1.,0.,0.));
#5978=DIRECTION('center_axis',(0.,0.,1.));
#5979=DIRECTION('ref_axis',(-1.,0.,0.));
#5980=DIRECTION('center_axis',(0.,0.,-1.));
#5981=DIRECTION('ref_axis',(-1.,0.,0.));
#5982=DIRECTION('center_axis',(0.,0.,-1.));
#5983=DIRECTION('ref_axis',(-1.,0.,0.));
#5984=DIRECTION('center_axis',(0.,0.,1.));
#5985=DIRECTION('ref_axis',(-1.,0.,0.));
#5986=DIRECTION('center_axis',(0.,0.,-1.));
#5987=DIRECTION('ref_axis',(-1.,0.,0.));
#5988=DIRECTION('center_axis',(0.,0.,-1.));
#5989=DIRECTION('ref_axis',(-1.,0.,0.));
#5990=DIRECTION('center_axis',(0.,0.,1.));
#5991=DIRECTION('ref_axis',(-1.,0.,0.));
#5992=DIRECTION('center_axis',(0.,0.,-1.));
#5993=DIRECTION('ref_axis',(-1.,0.,0.));
#5994=DIRECTION('center_axis',(0.,0.,-1.));
#5995=DIRECTION('ref_axis',(-1.,0.,0.));
#5996=DIRECTION('center_axis',(0.,0.,1.));
#5997=DIRECTION('ref_axis',(-1.,0.,0.));
#5998=DIRECTION('center_axis',(0.,0.,-1.));
#5999=DIRECTION('ref_axis',(-1.,0.,0.));
#6000=DIRECTION('center_axis',(0.,0.,-1.));
#6001=DIRECTION('ref_axis',(-1.,0.,0.));
#6002=DIRECTION('center_axis',(0.,0.,1.));
#6003=DIRECTION('ref_axis',(-1.,0.,0.));
#6004=DIRECTION('center_axis',(0.,0.,-1.));
#6005=DIRECTION('ref_axis',(-1.,0.,0.));
#6006=DIRECTION('center_axis',(0.,0.,-1.));
#6007=DIRECTION('ref_axis',(-1.,0.,0.));
#6008=DIRECTION('center_axis',(0.,0.,1.));
#6009=DIRECTION('ref_axis',(-1.,0.,0.));
#6010=DIRECTION('center_axis',(0.,0.,-1.));
#6011=DIRECTION('ref_axis',(-1.,0.,0.));
#6012=DIRECTION('center_axis',(0.,0.,-1.));
#6013=DIRECTION('ref_axis',(-1.,0.,0.));
#6014=DIRECTION('center_axis',(0.,0.,1.));
#6015=DIRECTION('ref_axis',(-1.,0.,0.));
#6016=DIRECTION('center_axis',(0.,0.,-1.));
#6017=DIRECTION('ref_axis',(-1.,0.,0.));
#6018=DIRECTION('center_axis',(0.,0.,-1.));
#6019=DIRECTION('ref_axis',(-1.,0.,0.));
#6020=DIRECTION('center_axis',(0.,0.,1.));
#6021=DIRECTION('ref_axis',(-1.,0.,0.));
#6022=DIRECTION('center_axis',(0.,0.,-1.));
#6023=DIRECTION('ref_axis',(-1.,0.,0.));
#6024=DIRECTION('center_axis',(0.,0.,-1.));
#6025=DIRECTION('ref_axis',(-1.,0.,0.));
#6026=DIRECTION('center_axis',(0.,0.,1.));
#6027=DIRECTION('ref_axis',(-1.,0.,0.));
#6028=DIRECTION('center_axis',(0.,0.,-1.));
#6029=DIRECTION('ref_axis',(-1.,0.,0.));
#6030=DIRECTION('center_axis',(0.,0.,-1.));
#6031=DIRECTION('ref_axis',(-1.,0.,0.));
#6032=DIRECTION('center_axis',(0.,0.,1.));
#6033=DIRECTION('ref_axis',(-1.,0.,0.));
#6034=DIRECTION('center_axis',(0.,0.,-1.));
#6035=DIRECTION('ref_axis',(-1.,0.,0.));
#6036=DIRECTION('center_axis',(0.,0.,-1.));
#6037=DIRECTION('ref_axis',(-1.,0.,0.));
#6038=DIRECTION('center_axis',(0.,0.,1.));
#6039=DIRECTION('ref_axis',(-1.,0.,0.));
#6040=DIRECTION('center_axis',(0.,0.,-1.));
#6041=DIRECTION('ref_axis',(-1.,0.,0.));
#6042=DIRECTION('center_axis',(0.,0.,-1.));
#6043=DIRECTION('ref_axis',(-1.,0.,0.));
#6044=DIRECTION('center_axis',(0.,0.,1.));
#6045=DIRECTION('ref_axis',(-1.,0.,0.));
#6046=DIRECTION('center_axis',(0.,0.,-1.));
#6047=DIRECTION('ref_axis',(-1.,0.,0.));
#6048=DIRECTION('center_axis',(0.,0.,-1.));
#6049=DIRECTION('ref_axis',(-1.,0.,0.));
#6050=DIRECTION('center_axis',(0.,0.,1.));
#6051=DIRECTION('ref_axis',(-1.,0.,0.));
#6052=DIRECTION('center_axis',(0.,0.,-1.));
#6053=DIRECTION('ref_axis',(-1.,0.,0.));
#6054=DIRECTION('center_axis',(0.,0.,-1.));
#6055=DIRECTION('ref_axis',(-1.,0.,0.));
#6056=DIRECTION('center_axis',(0.,0.,1.));
#6057=DIRECTION('ref_axis',(-1.,0.,0.));
#6058=DIRECTION('center_axis',(0.,0.,-1.));
#6059=DIRECTION('ref_axis',(-1.,0.,0.));
#6060=DIRECTION('center_axis',(0.,0.,-1.));
#6061=DIRECTION('ref_axis',(-1.,0.,0.));
#6062=DIRECTION('center_axis',(0.,0.,1.));
#6063=DIRECTION('ref_axis',(-1.,0.,0.));
#6064=DIRECTION('center_axis',(0.,0.,-1.));
#6065=DIRECTION('ref_axis',(-1.,0.,0.));
#6066=DIRECTION('center_axis',(0.,0.,-1.));
#6067=DIRECTION('ref_axis',(-1.,0.,0.));
#6068=DIRECTION('center_axis',(0.,0.,1.));
#6069=DIRECTION('ref_axis',(-1.,0.,0.));
#6070=DIRECTION('center_axis',(0.,0.,-1.));
#6071=DIRECTION('ref_axis',(-1.,0.,0.));
#6072=DIRECTION('center_axis',(0.,0.,-1.));
#6073=DIRECTION('ref_axis',(-1.,0.,0.));
#6074=DIRECTION('center_axis',(0.,0.,1.));
#6075=DIRECTION('ref_axis',(-1.,0.,0.));
#6076=DIRECTION('center_axis',(0.,0.,-1.));
#6077=DIRECTION('ref_axis',(-1.,0.,0.));
#6078=DIRECTION('center_axis',(0.,0.,-1.));
#6079=DIRECTION('ref_axis',(-1.,0.,0.));
#6080=DIRECTION('center_axis',(0.,0.,1.));
#6081=DIRECTION('ref_axis',(-1.,0.,0.));
#6082=DIRECTION('center_axis',(0.,0.,-1.));
#6083=DIRECTION('ref_axis',(-1.,0.,0.));
#6084=DIRECTION('center_axis',(0.,0.,-1.));
#6085=DIRECTION('ref_axis',(-1.,0.,0.));
#6086=DIRECTION('center_axis',(0.,0.,1.));
#6087=DIRECTION('ref_axis',(-1.,0.,0.));
#6088=DIRECTION('center_axis',(0.,0.,-1.));
#6089=DIRECTION('ref_axis',(-1.,0.,0.));
#6090=DIRECTION('center_axis',(0.,0.,-1.));
#6091=DIRECTION('ref_axis',(-1.,0.,0.));
#6092=DIRECTION('center_axis',(0.,0.,1.));
#6093=DIRECTION('ref_axis',(-1.,0.,0.));
#6094=DIRECTION('center_axis',(0.,0.,-1.));
#6095=DIRECTION('ref_axis',(-1.,0.,0.));
#6096=DIRECTION('center_axis',(0.,0.,-1.));
#6097=DIRECTION('ref_axis',(-1.,0.,0.));
#6098=DIRECTION('center_axis',(0.,0.,1.));
#6099=DIRECTION('ref_axis',(-1.,0.,0.));
#6100=DIRECTION('center_axis',(0.,0.,-1.));
#6101=DIRECTION('ref_axis',(-1.,0.,0.));
#6102=DIRECTION('center_axis',(0.,0.,-1.));
#6103=DIRECTION('ref_axis',(-1.,0.,0.));
#6104=DIRECTION('center_axis',(0.,0.,1.));
#6105=DIRECTION('ref_axis',(-1.,0.,0.));
#6106=DIRECTION('center_axis',(0.,0.,-1.));
#6107=DIRECTION('ref_axis',(-1.,0.,0.));
#6108=DIRECTION('center_axis',(0.,0.,-1.));
#6109=DIRECTION('ref_axis',(-1.,0.,0.));
#6110=DIRECTION('center_axis',(0.,0.,1.));
#6111=DIRECTION('ref_axis',(-1.,0.,0.));
#6112=DIRECTION('center_axis',(0.,0.,-1.));
#6113=DIRECTION('ref_axis',(-1.,0.,0.));
#6114=DIRECTION('center_axis',(0.,0.,-1.));
#6115=DIRECTION('ref_axis',(-1.,0.,0.));
#6116=DIRECTION('center_axis',(0.,0.,1.));
#6117=DIRECTION('ref_axis',(-1.,0.,0.));
#6118=DIRECTION('center_axis',(0.,0.,-1.));
#6119=DIRECTION('ref_axis',(-1.,0.,0.));
#6120=DIRECTION('center_axis',(0.,0.,-1.));
#6121=DIRECTION('ref_axis',(-1.,0.,0.));
#6122=DIRECTION('center_axis',(0.,0.,1.));
#6123=DIRECTION('ref_axis',(-1.,0.,0.));
#6124=DIRECTION('center_axis',(0.,0.,-1.));
#6125=DIRECTION('ref_axis',(-1.,0.,0.));
#6126=DIRECTION('center_axis',(0.,0.,-1.));
#6127=DIRECTION('ref_axis',(-1.,0.,0.));
#6128=DIRECTION('center_axis',(0.,0.,1.));
#6129=DIRECTION('ref_axis',(-1.,0.,0.));
#6130=DIRECTION('center_axis',(0.,0.,-1.));
#6131=DIRECTION('ref_axis',(0.996012321718276,0.0892157776705979,0.));
#6132=DIRECTION('center_axis',(0.,0.,-1.));
#6133=DIRECTION('ref_axis',(-1.,0.,0.));
#6134=DIRECTION('center_axis',(0.,0.,1.));
#6135=DIRECTION('ref_axis',(-1.,0.,0.));
#6136=DIRECTION('center_axis',(0.,0.,-1.));
#6137=DIRECTION('ref_axis',(-1.,0.,0.));
#6138=DIRECTION('center_axis',(0.,0.,1.));
#6139=DIRECTION('ref_axis',(-1.,0.,0.));
#6140=DIRECTION('center_axis',(0.,0.,-1.));
#6141=DIRECTION('ref_axis',(-1.,0.,0.));
#6142=DIRECTION('center_axis',(0.,0.,1.));
#6143=DIRECTION('ref_axis',(-1.,0.,0.));
#6144=DIRECTION('center_axis',(0.,0.,-1.));
#6145=DIRECTION('ref_axis',(-1.,0.,0.));
#6146=DIRECTION('',(0.,0.,1.));
#6147=DIRECTION('center_axis',(0.,0.,1.));
#6148=DIRECTION('ref_axis',(-1.,0.,0.));
#6149=DIRECTION('',(0.,0.,-1.));
#6150=DIRECTION('center_axis',(0.,0.,-1.));
#6151=DIRECTION('ref_axis',(-1.,0.,0.));
#6152=DIRECTION('center_axis',(0.,0.,1.));
#6153=DIRECTION('ref_axis',(-1.,0.,0.));
#6154=DIRECTION('center_axis',(0.,0.,-1.));
#6155=DIRECTION('ref_axis',(-1.,0.,0.));
#6156=DIRECTION('center_axis',(0.,0.,1.));
#6157=DIRECTION('ref_axis',(-1.,0.,0.));
#6158=DIRECTION('center_axis',(0.,0.,-1.));
#6159=DIRECTION('ref_axis',(-1.,0.,0.));
#6160=DIRECTION('center_axis',(0.,0.,1.));
#6161=DIRECTION('ref_axis',(-1.,0.,0.));
#6162=DIRECTION('center_axis',(0.,0.,-1.));
#6163=DIRECTION('ref_axis',(-1.,0.,0.));
#6164=DIRECTION('center_axis',(0.,0.,1.));
#6165=DIRECTION('ref_axis',(-1.,0.,0.));
#6166=DIRECTION('center_axis',(0.,0.,-1.));
#6167=DIRECTION('ref_axis',(-1.,0.,0.));
#6168=DIRECTION('center_axis',(0.,0.,1.));
#6169=DIRECTION('ref_axis',(-1.,0.,0.));
#6170=DIRECTION('center_axis',(0.,0.,-1.));
#6171=DIRECTION('ref_axis',(-1.,0.,0.));
#6172=DIRECTION('center_axis',(0.,0.,1.));
#6173=DIRECTION('ref_axis',(-1.,0.,0.));
#6174=DIRECTION('center_axis',(0.,0.,-1.));
#6175=DIRECTION('ref_axis',(-1.,0.,0.));
#6176=DIRECTION('center_axis',(0.,0.,1.));
#6177=DIRECTION('ref_axis',(-1.,0.,0.));
#6178=DIRECTION('center_axis',(0.,0.,-1.));
#6179=DIRECTION('ref_axis',(-1.,0.,0.));
#6180=DIRECTION('center_axis',(0.,0.,1.));
#6181=DIRECTION('ref_axis',(-1.,0.,0.));
#6182=DIRECTION('center_axis',(0.,0.,-1.));
#6183=DIRECTION('ref_axis',(-1.,0.,0.));
#6184=DIRECTION('center_axis',(0.,0.,1.));
#6185=DIRECTION('ref_axis',(-1.,0.,0.));
#6186=DIRECTION('center_axis',(0.,0.,-1.));
#6187=DIRECTION('ref_axis',(-1.,0.,0.));
#6188=DIRECTION('center_axis',(0.,0.,1.));
#6189=DIRECTION('ref_axis',(-1.,0.,0.));
#6190=DIRECTION('center_axis',(0.,0.,-1.));
#6191=DIRECTION('ref_axis',(-1.,0.,0.));
#6192=DIRECTION('center_axis',(0.,0.,1.));
#6193=DIRECTION('ref_axis',(-1.,0.,0.));
#6194=DIRECTION('center_axis',(0.,0.,-1.));
#6195=DIRECTION('ref_axis',(-1.,0.,0.));
#6196=DIRECTION('center_axis',(0.,0.,1.));
#6197=DIRECTION('ref_axis',(-1.,0.,0.));
#6198=DIRECTION('center_axis',(0.,0.,-1.));
#6199=DIRECTION('ref_axis',(-1.,0.,0.));
#6200=DIRECTION('center_axis',(0.,0.,1.));
#6201=DIRECTION('ref_axis',(-1.,0.,0.));
#6202=DIRECTION('center_axis',(0.,0.,-1.));
#6203=DIRECTION('ref_axis',(-1.,0.,0.));
#6204=DIRECTION('center_axis',(0.,0.,1.));
#6205=DIRECTION('ref_axis',(-1.,0.,0.));
#6206=DIRECTION('center_axis',(0.,0.,-1.));
#6207=DIRECTION('ref_axis',(-1.,0.,0.));
#6208=DIRECTION('center_axis',(0.,0.,1.));
#6209=DIRECTION('ref_axis',(-1.,0.,0.));
#6210=DIRECTION('center_axis',(0.,0.,-1.));
#6211=DIRECTION('ref_axis',(-1.,0.,0.));
#6212=DIRECTION('center_axis',(0.,0.,1.));
#6213=DIRECTION('ref_axis',(-1.,0.,0.));
#6214=DIRECTION('center_axis',(0.,0.,-1.));
#6215=DIRECTION('ref_axis',(-1.,0.,0.));
#6216=DIRECTION('center_axis',(0.,0.,1.));
#6217=DIRECTION('ref_axis',(-1.,0.,0.));
#6218=DIRECTION('center_axis',(0.,0.,-1.));
#6219=DIRECTION('ref_axis',(-1.,0.,0.));
#6220=DIRECTION('center_axis',(0.,0.,1.));
#6221=DIRECTION('ref_axis',(-1.,0.,0.));
#6222=DIRECTION('center_axis',(0.,0.,-1.));
#6223=DIRECTION('ref_axis',(-1.,0.,0.));
#6224=DIRECTION('center_axis',(0.,0.,1.));
#6225=DIRECTION('ref_axis',(-1.,0.,0.));
#6226=DIRECTION('center_axis',(0.,0.,-1.));
#6227=DIRECTION('ref_axis',(-1.,0.,0.));
#6228=DIRECTION('center_axis',(0.,0.,1.));
#6229=DIRECTION('ref_axis',(-1.,0.,0.));
#6230=DIRECTION('center_axis',(0.,0.,-1.));
#6231=DIRECTION('ref_axis',(-1.,0.,0.));
#6232=DIRECTION('center_axis',(0.,0.,1.));
#6233=DIRECTION('ref_axis',(-1.,0.,0.));
#6234=DIRECTION('center_axis',(0.,0.,-1.));
#6235=DIRECTION('ref_axis',(-1.,0.,0.));
#6236=DIRECTION('center_axis',(0.,0.,1.));
#6237=DIRECTION('ref_axis',(-1.,0.,0.));
#6238=DIRECTION('center_axis',(0.,0.,-1.));
#6239=DIRECTION('ref_axis',(-1.,0.,0.));
#6240=DIRECTION('center_axis',(0.,0.,1.));
#6241=DIRECTION('ref_axis',(-1.,0.,0.));
#6242=DIRECTION('center_axis',(0.,0.,-1.));
#6243=DIRECTION('ref_axis',(-1.,0.,0.));
#6244=DIRECTION('center_axis',(0.,0.,1.));
#6245=DIRECTION('ref_axis',(-1.,0.,0.));
#6246=DIRECTION('center_axis',(0.,0.,-1.));
#6247=DIRECTION('ref_axis',(-1.,0.,0.));
#6248=DIRECTION('center_axis',(0.,0.,1.));
#6249=DIRECTION('ref_axis',(-1.,0.,0.));
#6250=DIRECTION('center_axis',(0.,0.,-1.));
#6251=DIRECTION('ref_axis',(-1.,0.,0.));
#6252=DIRECTION('center_axis',(0.,0.,1.));
#6253=DIRECTION('ref_axis',(-1.,0.,0.));
#6254=DIRECTION('center_axis',(0.,0.,-1.));
#6255=DIRECTION('ref_axis',(-1.,0.,0.));
#6256=DIRECTION('center_axis',(0.,0.,1.));
#6257=DIRECTION('ref_axis',(-1.,0.,0.));
#6258=DIRECTION('center_axis',(0.,0.,-1.));
#6259=DIRECTION('ref_axis',(-1.,0.,0.));
#6260=DIRECTION('center_axis',(0.,0.,1.));
#6261=DIRECTION('ref_axis',(-1.,0.,0.));
#6262=DIRECTION('center_axis',(0.,0.,1.));
#6263=DIRECTION('ref_axis',(-1.,0.,0.));
#6264=DIRECTION('center_axis',(0.,0.,1.));
#6265=DIRECTION('ref_axis',(-1.,0.,0.));
#6266=DIRECTION('center_axis',(0.,0.,1.));
#6267=DIRECTION('ref_axis',(-1.,0.,0.));
#6268=DIRECTION('center_axis',(0.,0.,1.));
#6269=DIRECTION('ref_axis',(-1.,0.,0.));
#6270=DIRECTION('center_axis',(0.,0.,1.));
#6271=DIRECTION('ref_axis',(-1.,0.,0.));
#6272=DIRECTION('center_axis',(0.,0.,1.));
#6273=DIRECTION('ref_axis',(-1.,0.,0.));
#6274=DIRECTION('center_axis',(0.,0.,1.));
#6275=DIRECTION('ref_axis',(-1.,0.,0.));
#6276=DIRECTION('center_axis',(0.,0.,1.));
#6277=DIRECTION('ref_axis',(-1.,0.,0.));
#6278=DIRECTION('center_axis',(0.,0.,1.));
#6279=DIRECTION('ref_axis',(-1.,0.,0.));
#6280=DIRECTION('center_axis',(0.,0.,1.));
#6281=DIRECTION('ref_axis',(-1.,0.,0.));
#6282=DIRECTION('center_axis',(0.,0.,1.));
#6283=DIRECTION('ref_axis',(-1.,0.,0.));
#6284=DIRECTION('center_axis',(0.,0.,1.));
#6285=DIRECTION('ref_axis',(-1.,0.,0.));
#6286=DIRECTION('center_axis',(0.,0.,1.));
#6287=DIRECTION('ref_axis',(-1.,0.,0.));
#6288=DIRECTION('center_axis',(0.,0.,1.));
#6289=DIRECTION('ref_axis',(-1.,0.,0.));
#6290=DIRECTION('center_axis',(0.,0.,1.));
#6291=DIRECTION('ref_axis',(-1.,0.,0.));
#6292=DIRECTION('center_axis',(0.,0.,1.));
#6293=DIRECTION('ref_axis',(-1.,0.,0.));
#6294=DIRECTION('center_axis',(0.,0.,1.));
#6295=DIRECTION('ref_axis',(-1.,0.,0.));
#6296=DIRECTION('center_axis',(0.,0.,1.));
#6297=DIRECTION('ref_axis',(-1.,0.,0.));
#6298=DIRECTION('center_axis',(0.,0.,1.));
#6299=DIRECTION('ref_axis',(-1.,0.,0.));
#6300=DIRECTION('center_axis',(0.,0.,1.));
#6301=DIRECTION('ref_axis',(-1.,0.,0.));
#6302=DIRECTION('center_axis',(0.,0.,1.));
#6303=DIRECTION('ref_axis',(-1.,0.,0.));
#6304=DIRECTION('center_axis',(0.,0.,1.));
#6305=DIRECTION('ref_axis',(-1.,0.,0.));
#6306=DIRECTION('center_axis',(0.,0.,1.));
#6307=DIRECTION('ref_axis',(-1.,0.,0.));
#6308=DIRECTION('center_axis',(0.,0.,1.));
#6309=DIRECTION('ref_axis',(-1.,0.,0.));
#6310=DIRECTION('center_axis',(0.,0.,1.));
#6311=DIRECTION('ref_axis',(-1.,0.,0.));
#6312=DIRECTION('center_axis',(0.,0.,1.));
#6313=DIRECTION('ref_axis',(-1.,0.,0.));
#6314=DIRECTION('center_axis',(0.,0.,1.));
#6315=DIRECTION('ref_axis',(-1.,0.,0.));
#6316=DIRECTION('center_axis',(0.,0.,1.));
#6317=DIRECTION('ref_axis',(-1.,0.,0.));
#6318=DIRECTION('center_axis',(0.,0.,1.));
#6319=DIRECTION('ref_axis',(-1.,0.,0.));
#6320=DIRECTION('center_axis',(0.,0.,1.));
#6321=DIRECTION('ref_axis',(-1.,0.,0.));
#6322=DIRECTION('center_axis',(0.,0.,1.));
#6323=DIRECTION('ref_axis',(-1.,0.,0.));
#6324=DIRECTION('center_axis',(0.,0.,1.));
#6325=DIRECTION('ref_axis',(-1.,0.,0.));
#6326=DIRECTION('center_axis',(0.,0.,1.));
#6327=DIRECTION('ref_axis',(-1.,0.,0.));
#6328=DIRECTION('center_axis',(0.,0.,1.));
#6329=DIRECTION('ref_axis',(-1.,0.,0.));
#6330=DIRECTION('center_axis',(0.,0.,1.));
#6331=DIRECTION('ref_axis',(-1.,0.,0.));
#6332=DIRECTION('center_axis',(0.,0.,1.));
#6333=DIRECTION('ref_axis',(-1.,0.,0.));
#6334=DIRECTION('center_axis',(0.,0.,1.));
#6335=DIRECTION('ref_axis',(-1.,0.,0.));
#6336=DIRECTION('center_axis',(0.,0.,1.));
#6337=DIRECTION('ref_axis',(-1.,0.,0.));
#6338=DIRECTION('center_axis',(0.,0.,1.));
#6339=DIRECTION('ref_axis',(-1.,0.,0.));
#6340=DIRECTION('center_axis',(0.,0.,1.));
#6341=DIRECTION('ref_axis',(-1.,0.,0.));
#6342=DIRECTION('center_axis',(0.,0.,1.));
#6343=DIRECTION('ref_axis',(-1.,0.,0.));
#6344=DIRECTION('center_axis',(0.,0.,1.));
#6345=DIRECTION('ref_axis',(-1.,0.,0.));
#6346=DIRECTION('center_axis',(0.,0.,1.));
#6347=DIRECTION('ref_axis',(-1.,0.,0.));
#6348=DIRECTION('center_axis',(0.,0.,1.));
#6349=DIRECTION('ref_axis',(-1.,0.,0.));
#6350=DIRECTION('center_axis',(0.,0.,1.));
#6351=DIRECTION('ref_axis',(-1.,0.,0.));
#6352=DIRECTION('center_axis',(0.,0.,1.));
#6353=DIRECTION('ref_axis',(-1.,0.,0.));
#6354=DIRECTION('center_axis',(0.,0.,1.));
#6355=DIRECTION('ref_axis',(-1.,0.,0.));
#6356=DIRECTION('center_axis',(0.,0.,1.));
#6357=DIRECTION('ref_axis',(-1.,0.,0.));
#6358=DIRECTION('center_axis',(0.,0.,1.));
#6359=DIRECTION('ref_axis',(-1.,0.,0.));
#6360=DIRECTION('center_axis',(0.,0.,1.));
#6361=DIRECTION('ref_axis',(-1.,0.,0.));
#6362=DIRECTION('center_axis',(0.,0.,1.));
#6363=DIRECTION('ref_axis',(-1.,0.,0.));
#6364=DIRECTION('center_axis',(0.,0.,1.));
#6365=DIRECTION('ref_axis',(-1.,0.,0.));
#6366=DIRECTION('center_axis',(0.,0.,1.));
#6367=DIRECTION('ref_axis',(-1.,0.,0.));
#6368=DIRECTION('center_axis',(0.,0.,1.));
#6369=DIRECTION('ref_axis',(-1.,0.,0.));
#6370=DIRECTION('center_axis',(0.,0.,1.));
#6371=DIRECTION('ref_axis',(-1.,0.,0.));
#6372=DIRECTION('center_axis',(0.,0.,1.));
#6373=DIRECTION('ref_axis',(0.996012321718276,0.0892157776705979,0.));
#6374=DIRECTION('center_axis',(0.,0.,1.));
#6375=DIRECTION('ref_axis',(-1.,0.,0.));
#6376=DIRECTION('center_axis',(0.,0.,-1.));
#6377=DIRECTION('ref_axis',(-1.,0.,0.));
#6378=DIRECTION('center_axis',(0.,0.,-1.));
#6379=DIRECTION('ref_axis',(-1.,0.,0.));
#6380=DIRECTION('center_axis',(0.,0.,1.));
#6381=DIRECTION('ref_axis',(-1.,0.,0.));
#6382=DIRECTION('center_axis',(0.,0.,-1.));
#6383=DIRECTION('ref_axis',(-1.,0.,0.));
#6384=DIRECTION('center_axis',(0.,0.,1.));
#6385=DIRECTION('ref_axis',(-1.,0.,0.));
#6386=DIRECTION('center_axis',(0.,0.,-1.));
#6387=DIRECTION('ref_axis',(-1.,0.,0.));
#6388=DIRECTION('center_axis',(0.,0.,1.));
#6389=DIRECTION('ref_axis',(-1.,0.,0.));
#6390=DIRECTION('center_axis',(0.,0.,1.));
#6391=DIRECTION('ref_axis',(-1.,0.,0.));
#6392=DIRECTION('center_axis',(0.,0.,1.));
#6393=DIRECTION('ref_axis',(-1.,0.,0.));
#6394=DIRECTION('center_axis',(0.,0.,1.));
#6395=DIRECTION('ref_axis',(-1.,0.,-8.1276081698683E-17));
#6396=DIRECTION('center_axis',(0.,0.,1.));
#6397=DIRECTION('ref_axis',(-1.,0.,-1.70803542250024E-16));
#6398=DIRECTION('center_axis',(0.,0.,1.));
#6399=DIRECTION('ref_axis',(-1.,0.,0.));
#6400=DIRECTION('center_axis',(-1.38777878078145E-16,0.,1.));
#6401=DIRECTION('ref_axis',(0.428288355726209,-0.903642121832166,4.25678159462551E-17));
#6402=DIRECTION('center_axis',(-1.38777878078145E-16,0.,1.));
#6403=DIRECTION('ref_axis',(-1.,0.,-1.38777878078145E-16));
#6404=DIRECTION('center_axis',(-1.38777878078145E-16,0.,1.));
#6405=DIRECTION('ref_axis',(-1.,0.,-1.38777878078145E-16));
#6406=DIRECTION('center_axis',(1.38777878078145E-16,0.,-1.));
#6407=DIRECTION('ref_axis',(-1.,-2.17889329167479E-14,-1.36374281369016E-16));
#6408=DIRECTION('center_axis',(-1.70803542250024E-16,0.,1.));
#6409=DIRECTION('ref_axis',(-1.,-2.17889329167479E-14,-1.36374281369016E-16));
#6410=DIRECTION('center_axis',(-1.70803542250024E-16,0.,1.));
#6411=DIRECTION('ref_axis',(-1.,0.,-1.70803542250024E-16));
#6412=DIRECTION('',(0.,0.,1.));
#6413=DIRECTION('',(1.,0.,0.));
#6414=DIRECTION('',(0.,0.,1.));
#6415=DIRECTION('',(1.,0.,0.));
#6416=CARTESIAN_POINT('',(0.,0.,0.));
#6417=CARTESIAN_POINT('',(0.,0.,0.));
#6418=CARTESIAN_POINT('Origin',(-5.3198186596622E-16,0.,10.5));
#6419=CARTESIAN_POINT('',(4.41226415289262,9.95864600507129E-5,7.99288584776676));
#6420=CARTESIAN_POINT('',(4.40835784053434,-0.00240686192940993,7.58371578903249));
#6421=CARTESIAN_POINT('',(4.413,-5.40436632463727E-16,10.5));
#6422=CARTESIAN_POINT('',(-2.02312948060555,3.92192760064554,6.57241154941702));
#6423=CARTESIAN_POINT('Ctrl Pts',(4.40835784053434,-0.00240686192941,7.58371578903249));
#6424=CARTESIAN_POINT('Ctrl Pts',(4.41130339441232,-0.513889082921207,7.55610583376597));
#6425=CARTESIAN_POINT('Ctrl Pts',(4.09682023426788,-2.4553096018709,7.45112301401478));
#6426=CARTESIAN_POINT('Ctrl Pts',(1.28963588366304,-5.01134245330006,7.26876732977895));
#6427=CARTESIAN_POINT('Ctrl Pts',(-3.41800041216347,-3.88212061284159,7.03664873632496));
#6428=CARTESIAN_POINT('Ctrl Pts',(-4.83904029964617,-0.128568961181104,
6.84321657511333));
#6429=CARTESIAN_POINT('Ctrl Pts',(-3.75943625639749,2.62389454662856,6.688470846144));
#6430=CARTESIAN_POINT('Ctrl Pts',(-2.65867529289795,3.59408078651459,6.61109798165935));
#6431=CARTESIAN_POINT('Ctrl Pts',(-2.02312948060484,3.92192760064583,6.57241154941702));
#6432=CARTESIAN_POINT('',(-0.905925370100197,4.31901241301861,6.91724511458393));
#6433=CARTESIAN_POINT('Ctrl Pts',(-2.02312948060552,3.92192760064549,6.572411549417));
#6434=CARTESIAN_POINT('Ctrl Pts',(-1.93179479355139,3.96904267180352,6.61282390014011));
#6435=CARTESIAN_POINT('Ctrl Pts',(-1.83812721997394,4.01331550483724,6.65098992802011));
#6436=CARTESIAN_POINT('Ctrl Pts',(-1.47674218194832,4.16862619712917,6.7853521450156));
#6437=CARTESIAN_POINT('Ctrl Pts',(-1.19484086049917,4.25841155163224,6.86401696181656));
#6438=CARTESIAN_POINT('Ctrl Pts',(-0.905925370100198,4.31901241301861,6.91724511458393));
#6439=CARTESIAN_POINT('Ctrl Pts',(-0.905596332075129,4.31440324676717,6.91724509137812));
#6440=CARTESIAN_POINT('Ctrl Pts',(-1.51724980146338,4.18609815184687,6.95101027360988));
#6441=CARTESIAN_POINT('Ctrl Pts',(-2.10236938827906,3.93276945768228,6.98477545584164));
#6442=CARTESIAN_POINT('Ctrl Pts',(-2.6050005292195,3.56575350655881,7.01854063807339));
#6443=CARTESIAN_POINT('Ctrl Pts',(-3.62118240646682,2.82374823109071,7.08680454667576));
#6444=CARTESIAN_POINT('Ctrl Pts',(-4.3002033656405,1.61706090806042,7.15506845527813));
#6445=CARTESIAN_POINT('Ctrl Pts',(-4.40315908162565,0.361695404916016,7.22333236388049));
#6446=CARTESIAN_POINT('Ctrl Pts',(-4.50611479761079,-0.893670098228386,
7.29159627248286));
#6447=CARTESIAN_POINT('Ctrl Pts',(-4.0330052704074,-2.19771378148689,7.35986018108524));
#6448=CARTESIAN_POINT('Ctrl Pts',(-3.15181920214914,-3.0949410818098,7.42812408968761));
#6449=CARTESIAN_POINT('Ctrl Pts',(-2.27063313389088,-3.9921683821327,7.49638799828997));
#6450=CARTESIAN_POINT('Ctrl Pts',(-0.981370524577775,-4.48257929952002,
7.56465190689234));
#6451=CARTESIAN_POINT('Ctrl Pts',(0.277491505306746,-4.40646972463764,7.63291581549471));
#6452=CARTESIAN_POINT('Ctrl Pts',(0.906922520249009,-4.36841493719646,7.66704776979589));
#6453=CARTESIAN_POINT('Ctrl Pts',(1.52875339033413,-4.18873002668784,7.70117972409708));
#6454=CARTESIAN_POINT('Ctrl Pts',(2.08451286351071,-3.8889724531625,7.73531167839826));
#6455=CARTESIAN_POINT('Ctrl Pts',(2.91815207327558,-3.43933609287448,7.78650960985004));
#6456=CARTESIAN_POINT('Ctrl Pts',(3.60313063999624,-2.71953624079881,7.83770754130181));
#6457=CARTESIAN_POINT('Ctrl Pts',(4.0020774847024,-1.86332537553568,7.88890547275359));
#6458=CARTESIAN_POINT('Ctrl Pts',(4.27215768356006,-1.28368524597235,7.92356559775791));
#6459=CARTESIAN_POINT('Ctrl Pts',(4.41114786504337,-0.641527148252021,7.95822572276224));
#6460=CARTESIAN_POINT('Ctrl Pts',(4.41226415289229,9.95864600517757E-5,
7.99288584776657));
#6461=CARTESIAN_POINT('Origin',(-5.3198186596622E-16,0.,10.5));
#6462=CARTESIAN_POINT('',(4.4169715533831,-0.00157134457382743,9.49288584722611));
#6463=CARTESIAN_POINT('',(4.41510083947858,0.0033065670665676,9.08371578903249));
#6464=CARTESIAN_POINT('',(4.413,-5.40436632463727E-16,10.5));
#6465=CARTESIAN_POINT('',(-2.09165002164952,-3.88581641189256,10.5));
#6466=CARTESIAN_POINT('Ctrl Pts',(4.4169715533831,-0.00157134457382743,
9.49288584722611));
#6467=CARTESIAN_POINT('Ctrl Pts',(4.41235617052434,1.15424997313014,9.55553492267272));
#6468=CARTESIAN_POINT('Ctrl Pts',(3.9346544434933,2.31397790916008,9.61818399811934));
#6469=CARTESIAN_POINT('Ctrl Pts',(3.11642886626407,3.12901367540645,9.68083307356596));
#6470=CARTESIAN_POINT('Ctrl Pts',(2.22487100013573,4.01709584833675,9.74909698216833));
#6471=CARTESIAN_POINT('Ctrl Pts',(0.929016146747499,4.49593207360591,9.81736089077069));
#6472=CARTESIAN_POINT('Ctrl Pts',(-0.327569468985914,4.40460363621698,9.88562479937306));
#6473=CARTESIAN_POINT('Ctrl Pts',(-1.27000868078597,4.33610730817529,9.93682273082484));
#6474=CARTESIAN_POINT('Ctrl Pts',(-2.1903589464052,3.94689335738843,9.98802066227661));
#6475=CARTESIAN_POINT('Ctrl Pts',(-2.90298249487783,3.32393240864808,10.0392185937284));
#6476=CARTESIAN_POINT('Ctrl Pts',(-3.61560604335046,2.70097145990773,10.0904165251802));
#6477=CARTESIAN_POINT('Ctrl Pts',(-4.1205028746765,1.84426351321389,10.1416144566319));
#6478=CARTESIAN_POINT('Ctrl Pts',(-4.31730565124807,0.919786997507082,10.1928123880837));
#6479=CARTESIAN_POINT('Ctrl Pts',(-4.51410842781965,-0.00468951819972391,
10.2440103195355));
#6480=CARTESIAN_POINT('Ctrl Pts',(-4.40281714963676,-0.996934602919498,
10.2952082509873));
#6481=CARTESIAN_POINT('Ctrl Pts',(-4.00553812003128,-1.85507385544785,10.346406182439));
#6482=CARTESIAN_POINT('Ctrl Pts',(-3.6082590904258,-2.7132131079762,10.3976041138908));
#6483=CARTESIAN_POINT('Ctrl Pts',(-2.92499230939772,-3.43724652831312,10.4488020453426));
#6484=CARTESIAN_POINT('Ctrl Pts',(-2.09165023539783,-3.88581631161876,10.4999999767944));
#6485=CARTESIAN_POINT('',(4.14444022035511,-1.51597633883659,10.5));
#6486=CARTESIAN_POINT('Origin',(-5.3198186596622E-16,0.,10.5));
#6487=CARTESIAN_POINT('Ctrl Pts',(4.15063643685177,-1.51466291812533,10.5));
#6488=CARTESIAN_POINT('Ctrl Pts',(3.69363218247324,-2.74365322501294,10.4287696815602));
#6489=CARTESIAN_POINT('Ctrl Pts',(1.52455942564685,-4.88361960108266,10.2801664986358));
#6490=CARTESIAN_POINT('Ctrl Pts',(-3.11848131662772,-4.12461289097543,10.0541904512266));
#6491=CARTESIAN_POINT('Ctrl Pts',(-5.16629944096943,0.2514462743346,9.82207185777267));
#6492=CARTESIAN_POINT('Ctrl Pts',(-2.70213177030274,4.41055382426491,9.58995326431868));
#6493=CARTESIAN_POINT('Ctrl Pts',(2.12109514528159,4.71708275774752,9.35783467086472));
#6494=CARTESIAN_POINT('Ctrl Pts',(4.28119639849603,1.94602607183362,9.18908884576931));
#6495=CARTESIAN_POINT('Ctrl Pts',(4.41724786411081,0.261721396618916,9.09771588515857));
#6496=CARTESIAN_POINT('Ctrl Pts',(4.41510083947858,0.0033065670665678,9.08371578903249));
#6497=CARTESIAN_POINT('Origin',(-1.08359836771422E-15,0.,13.8123464956316));
#6498=CARTESIAN_POINT('',(5.24347842849869,-0.00286281855147008,7.10105096398996));
#6499=CARTESIAN_POINT('',(5.25008154273632,0.00130618232812571,6.97560770587026));
#6500=CARTESIAN_POINT('',(5.249,6.75282863052213E-15,13.8123464956316));
#6501=CARTESIAN_POINT('',(1.75472156540624,-4.94701457728783,6.68198168588538));
#6502=CARTESIAN_POINT('Ctrl Pts',(5.25008154273632,0.00130618232812572,
6.97560770587026));
#6503=CARTESIAN_POINT('Ctrl Pts',(5.24842899471302,-1.02417826054545,6.92893029732708));
#6504=CARTESIAN_POINT('Ctrl Pts',(4.94014640001593,-2.05249236574533,6.8822528887839));
#6505=CARTESIAN_POINT('Ctrl Pts',(4.3725955227753,-2.90660800230173,6.83557548024071));
#6506=CARTESIAN_POINT('Ctrl Pts',(3.75007958165418,-3.84344136938635,6.78437754878895));
#6507=CARTESIAN_POINT('Ctrl Pts',(2.81564541859673,-4.57070156357745,6.73317961733719));
#6508=CARTESIAN_POINT('Ctrl Pts',(1.75472156540715,-4.94701457728751,6.68198168588543));
#6509=CARTESIAN_POINT('',(1.42775951396075,-5.0510893647108,6.79181625857139));
#6510=CARTESIAN_POINT('Ctrl Pts',(1.75472156540624,-4.94701457728783,6.68198168588538));
#6511=CARTESIAN_POINT('Ctrl Pts',(1.64762733290445,-4.98500123699251,6.72211865631913));
#6512=CARTESIAN_POINT('Ctrl Pts',(1.53849556026718,-5.01978830621895,6.7588215784534));
#6513=CARTESIAN_POINT('Ctrl Pts',(1.42775951396074,-5.05108936471081,6.79181625857139));
#6514=CARTESIAN_POINT('Ctrl Pts',(5.2434784284987,-0.0028628185514698,7.10105096398996));
#6515=CARTESIAN_POINT('Ctrl Pts',(5.24698198895769,-0.611240379844443,7.07344100872343));
#6516=CARTESIAN_POINT('Ctrl Pts',(4.87970917622159,-2.87855089138578,6.97036277358391));
#6517=CARTESIAN_POINT('Ctrl Pts',(3.01989865665955,-4.60703534859423,6.86728453844439));
#6518=CARTESIAN_POINT('Ctrl Pts',(1.42987035274057,-5.05918250404591,6.79181625857139));
#6519=CARTESIAN_POINT('Origin',(-1.08359836771422E-15,0.,13.8123464956316));
#6520=CARTESIAN_POINT('',(5.25149882311875,0.00393296409071597,8.60105096398996));
#6521=CARTESIAN_POINT('',(5.24812916848112,0.0001227659681248,8.47560770562561));
#6522=CARTESIAN_POINT('',(5.249,6.75282863052213E-15,13.8123464956316));
#6523=CARTESIAN_POINT('Ctrl Pts',(5.24812916848112,0.0001227659681248,8.47560770562561));
#6524=CARTESIAN_POINT('Ctrl Pts',(5.24679515954857,-0.763887924882732,8.44090961168174));
#6525=CARTESIAN_POINT('Ctrl Pts',(5.08109971170199,-1.52853594402134,8.40621151773788));
#6526=CARTESIAN_POINT('Ctrl Pts',(4.75917428603743,-2.21858502890395,8.37151342379401));
#6527=CARTESIAN_POINT('Ctrl Pts',(4.28416502753402,-3.23677022960502,8.32031549234223));
#6528=CARTESIAN_POINT('Ctrl Pts',(3.46901556871365,-4.09254040090099,8.26911756089044));
#6529=CARTESIAN_POINT('Ctrl Pts',(2.47719647048471,-4.62688287926596,8.21791962943867));
#6530=CARTESIAN_POINT('Ctrl Pts',(1.81598373833208,-4.98311119817595,8.18378767513749));
#6531=CARTESIAN_POINT('Ctrl Pts',(1.07625116644231,-5.19648276467216,8.14965572083631));
#6532=CARTESIAN_POINT('Ctrl Pts',(0.327559048585875,-5.24138947178791,8.11552376653512));
#6533=CARTESIAN_POINT('Ctrl Pts',(-1.16982518712699,-5.33120288601941,8.04725985793276));
#6534=CARTESIAN_POINT('Ctrl Pts',(-2.70304760670652,-4.74715686272908,7.97899594933039));
#6535=CARTESIAN_POINT('Ctrl Pts',(-3.7506565582625,-3.67945865538293,7.91073204072802));
#6536=CARTESIAN_POINT('Ctrl Pts',(-4.79826550981847,-2.61176044803679,7.84246813212565));
#6537=CARTESIAN_POINT('Ctrl Pts',(-5.3602609933509,-1.06041005663484,7.77420422352328));
#6538=CARTESIAN_POINT('Ctrl Pts',(-5.23708896524266,0.432713656206365,7.70594031492091));
#6539=CARTESIAN_POINT('Ctrl Pts',(-5.11391693713442,1.92583736904757,7.63767640631854));
#6540=CARTESIAN_POINT('Ctrl Pts',(-4.3055773973855,3.36073440332803,7.56941249771618));
#6541=CARTESIAN_POINT('Ctrl Pts',(-3.09646880923393,4.24272862324195,7.50114858911381));
#6542=CARTESIAN_POINT('Ctrl Pts',(-1.88736022108236,5.12472284315586,7.43288468051144));
#6543=CARTESIAN_POINT('Ctrl Pts',(-0.277482584528129,5.45381424870324,7.36462077190907));
#6544=CARTESIAN_POINT('Ctrl Pts',(1.18313426196029,5.11884048270045,7.2963568633067));
#6545=CARTESIAN_POINT('Ctrl Pts',(2.2785968968266,4.86761015819835,7.24515893185492));
#6546=CARTESIAN_POINT('Ctrl Pts',(3.29010033728089,4.24284317469929,7.19396100040315));
#6547=CARTESIAN_POINT('Ctrl Pts',(4.01496924492986,3.38128672520642,7.14276306895137));
#6548=CARTESIAN_POINT('Ctrl Pts',(4.73983815257883,2.51973027571355,7.0915651374996));
#6549=CARTESIAN_POINT('Ctrl Pts',(5.17807252742249,1.42138436022687,7.04036720604782));
#6550=CARTESIAN_POINT('Ctrl Pts',(5.24189085525193,0.299008132494275,6.98916927459605));
#6551=CARTESIAN_POINT('Ctrl Pts',(5.24752569644103,0.199907889463813,6.98464875168745));
#6552=CARTESIAN_POINT('Ctrl Pts',(5.25024158549426,0.100620305821712,6.98012822877885));
#6553=CARTESIAN_POINT('Ctrl Pts',(5.25008154273632,0.00130618232812571,
6.97560770587026));
#6554=CARTESIAN_POINT('Ctrl Pts',(5.25149882311875,0.00393296409071615,
8.60105096398996));
#6555=CARTESIAN_POINT('Ctrl Pts',(5.23993899613941,-1.38740212991763,8.53767819563138));
#6556=CARTESIAN_POINT('Ctrl Pts',(3.96972600839502,-4.49622018428225,8.39693256278815));
#6557=CARTESIAN_POINT('Ctrl Pts',(-1.20929608070973,-6.03202497380634,8.17881406546026));
#6558=CARTESIAN_POINT('Ctrl Pts',(-5.66498867647725,-2.39925757080047,7.94669547200627));
#6559=CARTESIAN_POINT('Ctrl Pts',(-5.17371490765304,3.32830322208309,7.71457687855232));
#6560=CARTESIAN_POINT('Ctrl Pts',(-0.16544817278499,6.15012556126382,7.48245828509833));
#6561=CARTESIAN_POINT('Ctrl Pts',(4.37550367680746,3.90391783700456,7.27794964691089));
#6562=CARTESIAN_POINT('Ctrl Pts',(5.23716377281099,1.09364882229413,7.15081387320809));
#6563=CARTESIAN_POINT('Ctrl Pts',(5.2434784284987,-0.0028628185514698,7.10105096398996));
#6564=CARTESIAN_POINT('Origin',(-1.08359836771422E-15,0.,13.8123464956316));
#6565=CARTESIAN_POINT('',(5.24643599480839,-0.00518557891089177,10.10105096399));
#6566=CARTESIAN_POINT('',(5.25371300300101,-0.00187587779112218,9.97560770522312));
#6567=CARTESIAN_POINT('',(5.249,6.75282863052213E-15,13.8123464956316));
#6568=CARTESIAN_POINT('',(-0.525683743664498,5.22261022876941,10.5));
#6569=CARTESIAN_POINT('Ctrl Pts',(-0.525683743664525,5.22261022876941,10.5));
#6570=CARTESIAN_POINT('Ctrl Pts',(0.320636841036484,5.30779693691302,10.4613135677577));
#6571=CARTESIAN_POINT('Ctrl Pts',(2.04735532583695,5.0541264294312,10.383940703273));
#6572=CARTESIAN_POINT('Ctrl Pts',(4.50624420331744,3.2970723438818,10.2509576912697));
#6573=CARTESIAN_POINT('Ctrl Pts',(5.2359541089619,1.21600820722652,10.1566611115087));
#6574=CARTESIAN_POINT('Ctrl Pts',(5.24643599480839,-0.0051855789108915,
10.10105096399));
#6575=CARTESIAN_POINT('',(-3.0744650484705,4.25437018437903,10.5));
#6576=CARTESIAN_POINT('Origin',(-5.3198186596622E-16,0.,10.5));
#6577=CARTESIAN_POINT('Ctrl Pts',(-3.07520427931958,4.25383647113083,10.4999999999993));
#6578=CARTESIAN_POINT('Ctrl Pts',(-2.29134497764818,4.81955886020131,10.4560775834704));
#6579=CARTESIAN_POINT('Ctrl Pts',(-1.34883634827161,5.16976249046958,10.4121551669415));
#6580=CARTESIAN_POINT('Ctrl Pts',(-0.387124840443764,5.23919830685512,10.3682327504126));
#6581=CARTESIAN_POINT('Ctrl Pts',(1.10756037181003,5.34711496076587,10.2999688418102));
#6582=CARTESIAN_POINT('Ctrl Pts',(2.64863043688682,4.77683257501553,10.2317049332078));
#6583=CARTESIAN_POINT('Ctrl Pts',(3.70858120477258,3.72000605257547,10.1634410246055));
#6584=CARTESIAN_POINT('Ctrl Pts',(4.68075950118546,2.75069328889016,10.1008299181445));
#6585=CARTESIAN_POINT('Ctrl Pts',(5.24820049644832,1.37207962639684,10.0382188116834));
#6586=CARTESIAN_POINT('Ctrl Pts',(5.25371300299977,-0.00187587779111889,
9.97560770522241));
#6587=CARTESIAN_POINT('Origin',(-1.77635683940025E-14,-8.,2.00000002980233));
#6588=CARTESIAN_POINT('',(-2.59807628591432,-10.,8.5));
#6589=CARTESIAN_POINT('',(2.59807628591427,-10.,8.50000000000001));
#6590=CARTESIAN_POINT('Ctrl Pts',(-2.59807628591431,-10.,8.50000000000001));
#6591=CARTESIAN_POINT('Ctrl Pts',(-2.58876883537307,-10.,8.50179121974719));
#6592=CARTESIAN_POINT('Ctrl Pts',(-2.57945959306472,-9.99999759370298,8.50357315889282));
#6593=CARTESIAN_POINT('Ctrl Pts',(-2.38477406212197,-9.99989852363111,8.54063765843135));
#6594=CARTESIAN_POINT('Ctrl Pts',(-2.19870875420767,-9.99888898642121,8.57224189230194));
#6595=CARTESIAN_POINT('Ctrl Pts',(-1.62258144763558,-9.99458753795316,8.65810725901656));
#6596=CARTESIAN_POINT('Ctrl Pts',(-1.23068843514797,-9.99016231323783,8.69964277016152));
#6597=CARTESIAN_POINT('Ctrl Pts',(-0.558294984853255,-9.98546229374207,
8.74133383154506));
#6598=CARTESIAN_POINT('Ctrl Pts',(-0.279354800405129,-9.98431348142107,
8.75000001490117));
#6599=CARTESIAN_POINT('Ctrl Pts',(0.279354800405165,-9.98431348142107,8.75000001490117));
#6600=CARTESIAN_POINT('Ctrl Pts',(0.558294984853361,-9.98546229374207,8.74133383154504));
#6601=CARTESIAN_POINT('Ctrl Pts',(1.23068843514784,-9.99016231323783,8.69964277016152));
#6602=CARTESIAN_POINT('Ctrl Pts',(1.62258144763533,-9.99458753795316,8.65810725901659));
#6603=CARTESIAN_POINT('Ctrl Pts',(2.19870875463677,-9.99888898642441,8.572241892238));
#6604=CARTESIAN_POINT('Ctrl Pts',(2.38477406257883,-9.99989852363133,8.5406376583456));
#6605=CARTESIAN_POINT('Ctrl Pts',(2.57945959296042,-9.99999759370292,8.50357315891237));
#6606=CARTESIAN_POINT('Ctrl Pts',(2.58876883547481,-10.,8.5017912197276));
#6607=CARTESIAN_POINT('Ctrl Pts',(2.59807628591427,-10.,8.50000000000001));
#6608=CARTESIAN_POINT('',(-7.00000007450581,-10.,2.00000002980232));
#6609=CARTESIAN_POINT('Origin',(-1.77635683940025E-14,-10.,2.00000002980233));
#6610=CARTESIAN_POINT('',(-5.00000007450581,-8.,2.00000002980232));
#6611=CARTESIAN_POINT('Origin',(-7.00000007450581,-8.,2.00000002980232));
#6612=CARTESIAN_POINT('',(4.00000002235172,-8.,5.00000000000001));
#6613=CARTESIAN_POINT('Origin',(-1.77635683940025E-14,-8.,2.00000002980233));
#6614=CARTESIAN_POINT('',(4.89897951598321,-10.,7.00000000000001));
#6615=CARTESIAN_POINT('Ctrl Pts',(4.8989795159832,-10.,7.00000000000001));
#6616=CARTESIAN_POINT('Ctrl Pts',(4.89809371971175,-10.,6.99783025113774));
#6617=CARTESIAN_POINT('Ctrl Pts',(4.8972077178009,-9.99999646914242,6.99566058704201));
#6618=CARTESIAN_POINT('Ctrl Pts',(4.83225717666277,-9.99947897172548,6.83665122346085));
#6619=CARTESIAN_POINT('Ctrl Pts',(4.76722095452835,-9.98052184962396,6.68055193200905));
#6620=CARTESIAN_POINT('Ctrl Pts',(4.63799856713429,-9.9067984054176,6.37671720929531));
#6621=CARTESIAN_POINT('Ctrl Pts',(4.57398803673759,-9.85224638201209,6.22938088888577));
#6622=CARTESIAN_POINT('Ctrl Pts',(4.41046439821026,-9.66362846815853,5.86047172142921));
#6623=CARTESIAN_POINT('Ctrl Pts',(4.31495251551357,-9.50181221643565,5.65305765068018));
#6624=CARTESIAN_POINT('Ctrl Pts',(4.16087946613878,-9.121174113655,5.32689978122227));
#6625=CARTESIAN_POINT('Ctrl Pts',(4.10064075182233,-8.91214155015306,5.20339129362045));
#6626=CARTESIAN_POINT('Ctrl Pts',(4.02069198218337,-8.46497003890185,5.04111365212627));
#6627=CARTESIAN_POINT('Ctrl Pts',(4.00000002235172,-8.23433017305668,5.00000000000001));
#6628=CARTESIAN_POINT('Ctrl Pts',(4.00000002235172,-8.,5.00000000000001));
#6629=CARTESIAN_POINT('Origin',(-1.77635683940025E-14,-10.,2.00000002980233));
#6630=CARTESIAN_POINT('Origin',(-4.,8.,8.5));
#6631=CARTESIAN_POINT('',(-2.59807628591431,10.,8.50000000000001));
#6632=CARTESIAN_POINT('',(2.59807628591428,10.,8.50000000000001));
#6633=CARTESIAN_POINT('Ctrl Pts',(-2.59807628591431,10.,8.5));
#6634=CARTESIAN_POINT('Ctrl Pts',(-2.58876883537266,10.,8.50179121974726));
#6635=CARTESIAN_POINT('Ctrl Pts',(-2.57945959306513,9.99999759370298,8.50357315889274));
#6636=CARTESIAN_POINT('Ctrl Pts',(-2.38477406212525,9.99989852363111,8.54063765843073));
#6637=CARTESIAN_POINT('Ctrl Pts',(-2.19870875421081,9.99888898642123,8.57224189230147));
#6638=CARTESIAN_POINT('Ctrl Pts',(-1.62258144763562,9.99458753795316,8.65810725901656));
#6639=CARTESIAN_POINT('Ctrl Pts',(-1.23068843514798,9.99016231323783,8.69964277016152));
#6640=CARTESIAN_POINT('Ctrl Pts',(-0.558294984853254,9.98546229374207,8.74133383154506));
#6641=CARTESIAN_POINT('Ctrl Pts',(-0.279354800405129,9.98431348142107,8.75000001490117));
#6642=CARTESIAN_POINT('Ctrl Pts',(0.27935480040516,9.98431348142107,8.75000001490117));
#6643=CARTESIAN_POINT('Ctrl Pts',(0.558294984853351,9.98546229374207,8.74133383154504));
#6644=CARTESIAN_POINT('Ctrl Pts',(1.23068843514784,9.99016231323783,8.69964277016152));
#6645=CARTESIAN_POINT('Ctrl Pts',(1.62258144763533,9.99458753795316,8.6581072590166));
#6646=CARTESIAN_POINT('Ctrl Pts',(2.19870875463462,9.99888898642439,8.57224189223832));
#6647=CARTESIAN_POINT('Ctrl Pts',(2.38477406257643,9.99989852363133,8.54063765834605));
#6648=CARTESIAN_POINT('Ctrl Pts',(2.57945959296202,9.99999759370292,8.50357315891207));
#6649=CARTESIAN_POINT('Ctrl Pts',(2.58876883547319,10.,8.5017912197279));
#6650=CARTESIAN_POINT('Ctrl Pts',(2.59807628591428,10.,8.5));
#6651=CARTESIAN_POINT('',(-10.,10.,8.5));
#6652=CARTESIAN_POINT('',(-4.,10.,8.5));
#6653=CARTESIAN_POINT('',(-10.,8.,10.5));
#6654=CARTESIAN_POINT('Origin',(-10.,8.,8.5));
#6655=CARTESIAN_POINT('',(6.,8.,10.5));
#6656=CARTESIAN_POINT('',(-4.,8.,10.5));
#6657=CARTESIAN_POINT('',(6.,10.,8.50000000000001));
#6658=CARTESIAN_POINT('Origin',(6.,8.,8.50000000000001));
#6659=CARTESIAN_POINT('',(-4.,10.,8.5));
#6660=CARTESIAN_POINT('Origin',(-1.77635683940025E-14,8.,2.00000002980233));
#6661=CARTESIAN_POINT('',(4.8989795159832,10.,7.00000000000001));
#6662=CARTESIAN_POINT('Origin',(-1.77635683940025E-14,10.,2.00000002980233));
#6663=CARTESIAN_POINT('',(4.00000002235172,8.,5.00000000000001));
#6664=CARTESIAN_POINT('Ctrl Pts',(4.8989795159832,10.,7.00000000000001));
#6665=CARTESIAN_POINT('Ctrl Pts',(4.89809371971179,10.,6.99783025113783));
#6666=CARTESIAN_POINT('Ctrl Pts',(4.89720771780086,9.99999646914242,6.99566058704192));
#6667=CARTESIAN_POINT('Ctrl Pts',(4.83225717666353,9.99947897172548,6.83665122346244));
#6668=CARTESIAN_POINT('Ctrl Pts',(4.76722095452901,9.98052184962433,6.68055193201059));
#6669=CARTESIAN_POINT('Ctrl Pts',(4.63799856713429,9.9067984054176,6.37671720929531));
#6670=CARTESIAN_POINT('Ctrl Pts',(4.57398803673759,9.85224638201209,6.22938088888577));
#6671=CARTESIAN_POINT('Ctrl Pts',(4.41046439821026,9.66362846815853,5.86047172142922));
#6672=CARTESIAN_POINT('Ctrl Pts',(4.31495251551357,9.50181221643565,5.65305765068018));
#6673=CARTESIAN_POINT('Ctrl Pts',(4.16087946613877,9.12117411365499,5.32689978122227));
#6674=CARTESIAN_POINT('Ctrl Pts',(4.10064075182233,8.91214155015305,5.20339129362046));
#6675=CARTESIAN_POINT('Ctrl Pts',(4.02069198218337,8.46497003890185,5.04111365212628));
#6676=CARTESIAN_POINT('Ctrl Pts',(4.00000002235172,8.23433017305668,5.00000000000001));
#6677=CARTESIAN_POINT('Ctrl Pts',(4.00000002235172,8.,5.00000000000001));
#6678=CARTESIAN_POINT('',(-5.00000007450581,8.,2.00000002980232));
#6679=CARTESIAN_POINT('Origin',(-1.77635683940025E-14,8.,2.00000002980233));
#6680=CARTESIAN_POINT('',(-7.00000000000002,10.,2.00000002980232));
#6681=CARTESIAN_POINT('Origin',(-7.00000000000002,8.,2.00000002980232));
#6682=CARTESIAN_POINT('Origin',(-1.77635683940025E-14,10.,2.00000002980233));
#6683=CARTESIAN_POINT('Origin',(6.,8.,7.00000000000001));
#6684=CARTESIAN_POINT('',(8.,8.,7.00000000000001));
#6685=CARTESIAN_POINT('',(6.,10.,7.00000000000001));
#6686=CARTESIAN_POINT('Origin',(6.,8.,7.00000000000001));
#6687=CARTESIAN_POINT('',(6.,8.,5.00000000000001));
#6688=CARTESIAN_POINT('Origin',(6.,8.,7.00000000000001));
#6689=CARTESIAN_POINT('Origin',(6.,8.,7.00000000000001));
#6690=CARTESIAN_POINT('Origin',(-1.66533453693773E-14,-8.,-2.00000002980234));
#6691=CARTESIAN_POINT('',(4.00000002235174,-8.,-4.99999999999999));
#6692=CARTESIAN_POINT('',(-5.00000007450581,-8.,-2.00000002980232));
#6693=CARTESIAN_POINT('Origin',(-1.66533453693773E-14,-8.,-2.00000002980234));
#6694=CARTESIAN_POINT('',(-7.00000000000002,-10.,-2.00000002980232));
#6695=CARTESIAN_POINT('Origin',(-7.00000000000002,-8.,-2.00000002980232));
#6696=CARTESIAN_POINT('',(4.89897951598323,-10.,-6.99999999999999));
#6697=CARTESIAN_POINT('Origin',(-1.66533453693773E-14,-10.,-2.00000002980234));
#6698=CARTESIAN_POINT('Ctrl Pts',(4.89897951598323,-10.,-6.99999999999999));
#6699=CARTESIAN_POINT('Ctrl Pts',(4.89809371971534,-10.,-6.99783025114648));
#6700=CARTESIAN_POINT('Ctrl Pts',(4.89720771779686,-9.99999646914239,-6.99566058703362));
#6701=CARTESIAN_POINT('Ctrl Pts',(4.83225717673383,-9.99947897172598,-6.83665122360764));
#6702=CARTESIAN_POINT('Ctrl Pts',(4.76722095458887,-9.98052184965849,-6.68055193215134));
#6703=CARTESIAN_POINT('Ctrl Pts',(4.63799856713431,-9.9067984054176,-6.37671720929532));
#6704=CARTESIAN_POINT('Ctrl Pts',(4.57398803673762,-9.85224638201209,-6.22938088888577));
#6705=CARTESIAN_POINT('Ctrl Pts',(4.41046439821028,-9.66362846815854,-5.86047172142921));
#6706=CARTESIAN_POINT('Ctrl Pts',(4.3149525155136,-9.50181221643565,-5.65305765068017));
#6707=CARTESIAN_POINT('Ctrl Pts',(4.16087946613879,-9.12117411365498,-5.32689978122225));
#6708=CARTESIAN_POINT('Ctrl Pts',(4.10064075182234,-8.91214155015305,-5.20339129362044));
#6709=CARTESIAN_POINT('Ctrl Pts',(4.02069198218338,-8.46497003890184,-5.04111365212626));
#6710=CARTESIAN_POINT('Ctrl Pts',(4.00000002235174,-8.23433017305667,-4.99999999999999));
#6711=CARTESIAN_POINT('Ctrl Pts',(4.00000002235174,-8.,-4.99999999999999));
#6712=CARTESIAN_POINT('Origin',(10.,8.,-6.99999999999999));
#6713=CARTESIAN_POINT('',(10.,8.,-4.99999999999999));
#6714=CARTESIAN_POINT('',(10.,10.,-6.99999999999999));
#6715=CARTESIAN_POINT('Origin',(10.,8.,-6.99999999999999));
#6716=CARTESIAN_POINT('',(12.,8.,-6.99999999999999));
#6717=CARTESIAN_POINT('Origin',(10.,8.,-6.99999999999999));
#6718=CARTESIAN_POINT('Origin',(10.,8.,-6.99999999999999));
#6719=CARTESIAN_POINT('Origin',(6.,-8.,7.00000000000001));
#6720=CARTESIAN_POINT('',(6.,-8.,5.00000000000001));
#6721=CARTESIAN_POINT('',(6.,-10.,7.00000000000001));
#6722=CARTESIAN_POINT('Origin',(6.,-8.,7.00000000000001));
#6723=CARTESIAN_POINT('',(8.,-8.,7.00000000000001));
#6724=CARTESIAN_POINT('Origin',(6.,-8.,7.00000000000001));
#6725=CARTESIAN_POINT('Origin',(6.,-8.,7.00000000000001));
#6726=CARTESIAN_POINT('Origin',(6.,0.,7.00000000000001));
#6727=CARTESIAN_POINT('',(8.,0.,7.00000000000001));
#6728=CARTESIAN_POINT('',(6.,0.,5.00000000000001));
#6729=CARTESIAN_POINT('Origin',(6.,8.,8.50000000000001));
#6730=CARTESIAN_POINT('',(8.,8.,8.50000000000001));
#6731=CARTESIAN_POINT('Origin',(6.,8.,8.50000000000001));
#6732=CARTESIAN_POINT('Origin',(6.,8.,8.50000000000001));
#6733=CARTESIAN_POINT('Origin',(10.,-8.,-6.99999999999999));
#6734=CARTESIAN_POINT('',(12.,-8.,-6.99999999999999));
#6735=CARTESIAN_POINT('',(10.,-10.,-6.99999999999999));
#6736=CARTESIAN_POINT('Origin',(10.,-8.,-6.99999999999999));
#6737=CARTESIAN_POINT('',(10.,-8.,-4.99999999999999));
#6738=CARTESIAN_POINT('Origin',(10.,-8.,-6.99999999999999));
#6739=CARTESIAN_POINT('Origin',(10.,-8.,-6.99999999999999));
#6740=CARTESIAN_POINT('Origin',(10.,0.,-6.99999999999999));
#6741=CARTESIAN_POINT('',(10.,0.,-4.99999999999999));
#6742=CARTESIAN_POINT('',(12.,0.,-6.99999999999999));
#6743=CARTESIAN_POINT('Origin',(-0.999999999999995,-8.,-6.99999999999999));
#6744=CARTESIAN_POINT('',(-0.999999999999995,-10.,-6.99999999999999));
#6745=CARTESIAN_POINT('',(-0.999999999999995,-8.,-4.99999999999999));
#6746=CARTESIAN_POINT('Origin',(10.,8.,-18.3));
#6747=CARTESIAN_POINT('',(10.,10.,-18.3));
#6748=CARTESIAN_POINT('',(10.,8.,-20.3));
#6749=CARTESIAN_POINT('Origin',(10.,8.,-18.3));
#6750=CARTESIAN_POINT('',(12.,8.,-18.3));
#6751=CARTESIAN_POINT('Origin',(10.,8.,-18.3));
#6752=CARTESIAN_POINT('Origin',(10.,8.,-18.3));
#6753=CARTESIAN_POINT('Origin',(10.,8.,-2.5));
#6754=CARTESIAN_POINT('',(10.,10.,-13.8548496297271));
#6755=CARTESIAN_POINT('',(10.825,9.82191520110021,-15.85));
#6756=CARTESIAN_POINT('Ctrl Pts',(9.99999999999957,10.,-13.8548496297267));
#6757=CARTESIAN_POINT('Ctrl Pts',(10.2251943314235,10.,-14.0805913430123));
#6758=CARTESIAN_POINT('Ctrl Pts',(10.4162346757747,9.96154546609276,-14.3504834996496));
#6759=CARTESIAN_POINT('Ctrl Pts',(10.7336920075112,9.86982087391904,-15.0237112499097));
#6760=CARTESIAN_POINT('Ctrl Pts',(10.825,9.82191520110021,-15.4452027858269));
#6761=CARTESIAN_POINT('Ctrl Pts',(10.825,9.82191520110021,-15.85));
#6762=CARTESIAN_POINT('',(10.,10.,-2.5));
#6763=CARTESIAN_POINT('',(12.,8.,-2.5));
#6764=CARTESIAN_POINT('',(10.,10.,-17.8451503702729));
#6765=CARTESIAN_POINT('',(10.,10.,-2.5));
#6766=CARTESIAN_POINT('Ctrl Pts',(10.825,9.82191520110021,-15.85));
#6767=CARTESIAN_POINT('Ctrl Pts',(10.825,9.82191520110021,-16.2547972141731));
#6768=CARTESIAN_POINT('Ctrl Pts',(10.7336920075112,9.86982087391904,-16.6762887500904));
#6769=CARTESIAN_POINT('Ctrl Pts',(10.4162346757747,9.96154546609276,-17.3495165003504));
#6770=CARTESIAN_POINT('Ctrl Pts',(10.2251943314235,10.,-17.6194086569877));
#6771=CARTESIAN_POINT('Ctrl Pts',(9.99999999999957,10.,-17.8451503702733));
#6772=CARTESIAN_POINT('Origin',(6.,-8.,8.50000000000001));
#6773=CARTESIAN_POINT('',(8.,-8.,8.50000000000001));
#6774=CARTESIAN_POINT('',(6.,-10.,8.50000000000001));
#6775=CARTESIAN_POINT('Origin',(6.,-8.,8.50000000000001));
#6776=CARTESIAN_POINT('',(6.,-8.,10.5));
#6777=CARTESIAN_POINT('Origin',(6.,-8.,8.50000000000001));
#6778=CARTESIAN_POINT('Origin',(6.,-8.,8.50000000000001));
#6779=CARTESIAN_POINT('Origin',(6.,0.,8.50000000000001));
#6780=CARTESIAN_POINT('',(6.,0.,10.5));
#6781=CARTESIAN_POINT('',(8.,0.,8.50000000000001));
#6782=CARTESIAN_POINT('Origin',(-10.,8.,8.5));
#6783=CARTESIAN_POINT('',(-12.,8.,8.5));
#6784=CARTESIAN_POINT('Origin',(-10.,8.,8.5));
#6785=CARTESIAN_POINT('Origin',(-10.,8.,8.5));
#6786=CARTESIAN_POINT('Origin',(10.,-8.,-18.3));
#6787=CARTESIAN_POINT('',(12.,-8.,-18.3));
#6788=CARTESIAN_POINT('',(10.,-8.,-20.3));
#6789=CARTESIAN_POINT('Origin',(10.,-8.,-18.3));
#6790=CARTESIAN_POINT('',(10.,-10.,-18.3));
#6791=CARTESIAN_POINT('Origin',(10.,-8.,-18.3));
#6792=CARTESIAN_POINT('Origin',(10.,-8.,-18.3));
#6793=CARTESIAN_POINT('Origin',(10.,-8.,-2.5));
#6794=CARTESIAN_POINT('',(12.,-8.,-2.5));
#6795=CARTESIAN_POINT('',(10.,-10.,-2.5));
#6796=CARTESIAN_POINT('Origin',(-10.,8.,-18.3));
#6797=CARTESIAN_POINT('',(-12.,8.,-18.3));
#6798=CARTESIAN_POINT('',(-10.,8.,-20.3));
#6799=CARTESIAN_POINT('Origin',(-10.,8.,-18.3));
#6800=CARTESIAN_POINT('',(-10.,10.,-18.3));
#6801=CARTESIAN_POINT('Origin',(-10.,8.,-18.3));
#6802=CARTESIAN_POINT('Origin',(-10.,8.,-18.3));
#6803=CARTESIAN_POINT('Origin',(-10.,8.,-5.25));
#6804=CARTESIAN_POINT('',(-10.,10.,-17.8451503702729));
#6805=CARTESIAN_POINT('',(-10.,10.,-13.8548496297271));
#6806=CARTESIAN_POINT('Ctrl Pts',(-9.99999999999957,10.,-17.8451503702733));
#6807=CARTESIAN_POINT('Ctrl Pts',(-10.2251943314235,10.,-17.6194086569877));
#6808=CARTESIAN_POINT('Ctrl Pts',(-10.4162346757747,9.96154546609276,-17.3495165003504));
#6809=CARTESIAN_POINT('Ctrl Pts',(-10.7336920075112,9.86982087391904,-16.6762887500904));
#6810=CARTESIAN_POINT('Ctrl Pts',(-10.825,9.82191520110021,-16.2547972141731));
#6811=CARTESIAN_POINT('Ctrl Pts',(-10.825,9.82191520110021,-15.85));
#6812=CARTESIAN_POINT('Ctrl Pts',(-10.825,9.82191520110021,-15.4452027858269));
#6813=CARTESIAN_POINT('Ctrl Pts',(-10.7336920075112,9.86982087391904,-15.0237112499097));
#6814=CARTESIAN_POINT('Ctrl Pts',(-10.4162346757747,9.96154546609276,-14.3504834996496));
#6815=CARTESIAN_POINT('Ctrl Pts',(-10.2251943314235,10.,-14.0805913430123));
#6816=CARTESIAN_POINT('Ctrl Pts',(-9.99999999999957,10.,-13.8548496297267));
#6817=CARTESIAN_POINT('',(-10.,10.,-5.25));
#6818=CARTESIAN_POINT('',(-12.,8.,-5.25));
#6819=CARTESIAN_POINT('',(-10.,10.,-5.25));
#6820=CARTESIAN_POINT('Origin',(2.22044604925031E-15,8.,-18.3));
#6821=CARTESIAN_POINT('',(9.40645831790352,10.,-18.3));
#6822=CARTESIAN_POINT('',(6.59354168209648,10.,-18.3));
#6823=CARTESIAN_POINT('Ctrl Pts',(9.4064583179038,10.,-18.2999999999998));
#6824=CARTESIAN_POINT('Ctrl Pts',(9.32116050976338,10.,-18.3489664537786));
#6825=CARTESIAN_POINT('Ctrl Pts',(9.2329459737852,9.99820708627974,-18.3936662965121));
#6826=CARTESIAN_POINT('Ctrl Pts',(8.77940037945396,9.98477517493661,-18.5942357793136));
#6827=CARTESIAN_POINT('Ctrl Pts',(8.37887511510284,9.96452920568771,-18.675));
#6828=CARTESIAN_POINT('Ctrl Pts',(8.,9.96452920568771,-18.675));
#6829=CARTESIAN_POINT('Ctrl Pts',(7.62112488489716,9.96452920568771,-18.675));
#6830=CARTESIAN_POINT('Ctrl Pts',(7.22059962054604,9.98477517493661,-18.5942357793136));
#6831=CARTESIAN_POINT('Ctrl Pts',(6.7670540262148,9.99820708627974,-18.3936662965121));
#6832=CARTESIAN_POINT('Ctrl Pts',(6.67883949023662,10.,-18.3489664537786));
#6833=CARTESIAN_POINT('Ctrl Pts',(6.59354168209621,10.,-18.2999999999998));
#6834=CARTESIAN_POINT('',(2.22044604925031E-15,10.,-18.3));
#6835=CARTESIAN_POINT('',(2.22044604925031E-15,8.,-20.3));
#6836=CARTESIAN_POINT('',(-9.40645831790352,10.,-18.3));
#6837=CARTESIAN_POINT('',(2.22044604925031E-15,10.,-18.3));
#6838=CARTESIAN_POINT('',(-6.59354168209648,10.,-18.3));
#6839=CARTESIAN_POINT('Ctrl Pts',(-6.59354168209621,10.,-18.2999999999998));
#6840=CARTESIAN_POINT('Ctrl Pts',(-6.67883949023662,10.,-18.3489664537786));
#6841=CARTESIAN_POINT('Ctrl Pts',(-6.7670540262148,9.99820708627974,-18.3936662965121));
#6842=CARTESIAN_POINT('Ctrl Pts',(-7.22059962054604,9.98477517493661,-18.5942357793136));
#6843=CARTESIAN_POINT('Ctrl Pts',(-7.62112488489716,9.96452920568771,-18.675));
#6844=CARTESIAN_POINT('Ctrl Pts',(-8.,9.96452920568771,-18.675));
#6845=CARTESIAN_POINT('Ctrl Pts',(-8.37887511510284,9.96452920568771,-18.675));
#6846=CARTESIAN_POINT('Ctrl Pts',(-8.77940037945396,9.98477517493661,-18.5942357793136));
#6847=CARTESIAN_POINT('Ctrl Pts',(-9.2329459737852,9.99820708627974,-18.3936662965121));
#6848=CARTESIAN_POINT('Ctrl Pts',(-9.32116050976339,10.,-18.3489664537786));
#6849=CARTESIAN_POINT('Ctrl Pts',(-9.4064583179038,10.,-18.2999999999998));
#6850=CARTESIAN_POINT('',(-1.40645831790352,10.,-18.3));
#6851=CARTESIAN_POINT('',(2.22044604925031E-15,10.,-18.3));
#6852=CARTESIAN_POINT('',(1.40645831790352,10.,-18.3));
#6853=CARTESIAN_POINT('Ctrl Pts',(1.4064583179038,10.,-18.2999999999998));
#6854=CARTESIAN_POINT('Ctrl Pts',(1.32116050976338,10.,-18.3489664537786));
#6855=CARTESIAN_POINT('Ctrl Pts',(1.2329459737852,9.99820708627974,-18.3936662965121));
#6856=CARTESIAN_POINT('Ctrl Pts',(0.779400379453963,9.98477517493661,-18.5942357793136));
#6857=CARTESIAN_POINT('Ctrl Pts',(0.378875115102837,9.96452920568771,-18.675));
#6858=CARTESIAN_POINT('Ctrl Pts',(-1.11022302462516E-15,9.96452920568771,
-18.675));
#6859=CARTESIAN_POINT('Ctrl Pts',(-0.378875115102839,9.96452920568771,-18.675));
#6860=CARTESIAN_POINT('Ctrl Pts',(-0.779400379453962,9.98477517493661,-18.5942357793136));
#6861=CARTESIAN_POINT('Ctrl Pts',(-1.2329459737852,9.99820708627974,-18.3936662965121));
#6862=CARTESIAN_POINT('Ctrl Pts',(-1.32116050976339,10.,-18.3489664537786));
#6863=CARTESIAN_POINT('Ctrl Pts',(-1.4064583179038,10.,-18.2999999999998));
#6864=CARTESIAN_POINT('',(2.22044604925031E-15,10.,-18.3));
#6865=CARTESIAN_POINT('Origin',(-10.,-8.,8.5));
#6866=CARTESIAN_POINT('',(-10.,-8.,10.5));
#6867=CARTESIAN_POINT('',(-10.,-10.,8.5));
#6868=CARTESIAN_POINT('Origin',(-10.,-8.,8.5));
#6869=CARTESIAN_POINT('',(-12.,-8.,8.5));
#6870=CARTESIAN_POINT('Origin',(-10.,-8.,8.5));
#6871=CARTESIAN_POINT('Origin',(-10.,-8.,8.5));
#6872=CARTESIAN_POINT('Origin',(-10.,0.,8.5));
#6873=CARTESIAN_POINT('',(-12.,0.,8.5));
#6874=CARTESIAN_POINT('',(-10.,0.,10.5));
#6875=CARTESIAN_POINT('Origin',(-10.,-8.,-18.3));
#6876=CARTESIAN_POINT('',(-10.,-8.,-20.3));
#6877=CARTESIAN_POINT('',(-12.,-8.,-18.3));
#6878=CARTESIAN_POINT('Origin',(-10.,-8.,-18.3));
#6879=CARTESIAN_POINT('',(-10.,-10.,-18.3));
#6880=CARTESIAN_POINT('Origin',(-10.,-8.,-18.3));
#6881=CARTESIAN_POINT('Origin',(-10.,-8.,-18.3));
#6882=CARTESIAN_POINT('Origin',(2.22044604925031E-15,-8.,-18.3));
#6883=CARTESIAN_POINT('',(2.22044604925031E-15,-8.,-20.3));
#6884=CARTESIAN_POINT('',(2.22044604925031E-15,-10.,-18.3));
#6885=CARTESIAN_POINT('Origin',(-10.,-8.,-5.25));
#6886=CARTESIAN_POINT('',(-12.,-8.,-5.25));
#6887=CARTESIAN_POINT('',(-10.,-10.,-5.25));
#6888=CARTESIAN_POINT('Origin',(-10.,4.25,-18.3));
#6889=CARTESIAN_POINT('',(-12.,4.25,-18.3));
#6890=CARTESIAN_POINT('',(-10.,4.25,-20.3));
#6891=CARTESIAN_POINT('Origin',(-4.,-8.,8.5));
#6892=CARTESIAN_POINT('',(-4.,-10.,8.5));
#6893=CARTESIAN_POINT('',(-4.,-8.,10.5));
#6894=CARTESIAN_POINT('',(-4.,-10.,8.5));
#6895=CARTESIAN_POINT('Origin',(10.,4.25,-18.3));
#6896=CARTESIAN_POINT('',(10.,4.25,-20.3));
#6897=CARTESIAN_POINT('',(12.,4.25,-18.3));
#6898=CARTESIAN_POINT('Origin',(6.,-8.,5.25));
#6899=CARTESIAN_POINT('',(6.,-10.,5.25));
#6900=CARTESIAN_POINT('',(8.,-8.,5.25));
#6901=CARTESIAN_POINT('Origin',(6.,8.,5.25));
#6902=CARTESIAN_POINT('',(6.,10.,5.25));
#6903=CARTESIAN_POINT('',(8.,8.,5.25));
#6904=CARTESIAN_POINT('Origin',(4.00000000000001,-8.,7.00000000000001));
#6905=CARTESIAN_POINT('',(4.00000000000001,-8.,5.00000000000001));
#6906=CARTESIAN_POINT('',(4.00000000000001,-10.,7.00000000000001));
#6907=CARTESIAN_POINT('Origin',(-0.999999999999995,8.,-6.99999999999999));
#6908=CARTESIAN_POINT('',(4.00000002235174,8.,-4.99999999999999));
#6909=CARTESIAN_POINT('',(-0.999999999999995,8.,-4.99999999999999));
#6910=CARTESIAN_POINT('',(4.89897951598323,10.,-6.99999999999999));
#6911=CARTESIAN_POINT('',(-0.999999999999995,10.,-6.99999999999999));
#6912=CARTESIAN_POINT('Ctrl Pts',(4.89897951598323,10.,-6.99999999999999));
#6913=CARTESIAN_POINT('Ctrl Pts',(4.89809371971178,10.,-6.99783025113775));
#6914=CARTESIAN_POINT('Ctrl Pts',(4.89720771780091,9.99999646914242,-6.99566058704197));
#6915=CARTESIAN_POINT('Ctrl Pts',(4.83225717666276,9.99947897172548,-6.83665122346078));
#6916=CARTESIAN_POINT('Ctrl Pts',(4.76722095452832,9.98052184962394,-6.68055193200897));
#6917=CARTESIAN_POINT('Ctrl Pts',(4.63799856713431,9.9067984054176,-6.37671720929532));
#6918=CARTESIAN_POINT('Ctrl Pts',(4.57398803673761,9.85224638201209,-6.22938088888576));
#6919=CARTESIAN_POINT('Ctrl Pts',(4.41046439821028,9.66362846815853,-5.8604717214292));
#6920=CARTESIAN_POINT('Ctrl Pts',(4.31495251551359,9.50181221643565,-5.65305765068017));
#6921=CARTESIAN_POINT('Ctrl Pts',(4.16087946613879,9.12117411365498,-5.32689978122224));
#6922=CARTESIAN_POINT('Ctrl Pts',(4.10064075182234,8.91214155015305,-5.20339129362044));
#6923=CARTESIAN_POINT('Ctrl Pts',(4.02069198218338,8.46497003890186,-5.04111365212627));
#6924=CARTESIAN_POINT('Ctrl Pts',(4.00000002235174,8.23433017305668,-4.99999999999999));
#6925=CARTESIAN_POINT('Ctrl Pts',(4.00000002235174,8.,-4.99999999999999));
#6926=CARTESIAN_POINT('Origin',(-7.00000007450581,-8.,-1.00000001490116));
#6927=CARTESIAN_POINT('',(-7.00000007450581,-10.,-1.00000001490116));
#6928=CARTESIAN_POINT('',(-5.00000007450581,-8.,-1.00000001490116));
#6929=CARTESIAN_POINT('Origin',(4.00000000000001,8.,7.00000000000001));
#6930=CARTESIAN_POINT('',(4.00000000000001,10.,7.00000000000001));
#6931=CARTESIAN_POINT('',(4.00000000000001,8.,5.00000000000001));
#6932=CARTESIAN_POINT('Origin',(-7.00000007450581,8.,-1.00000001490116));
#6933=CARTESIAN_POINT('',(-5.00000007450581,8.,-2.00000002980232));
#6934=CARTESIAN_POINT('',(-7.00000007450581,10.,-2.00000002980232));
#6935=CARTESIAN_POINT('Origin',(-7.00000007450581,8.,-2.00000002980232));
#6936=CARTESIAN_POINT('',(-7.00000007450581,10.,-1.00000001490116));
#6937=CARTESIAN_POINT('',(-5.00000007450581,8.,-1.00000001490116));
#6938=CARTESIAN_POINT('Origin',(-1.66533453693773E-14,8.,-2.00000002980234));
#6939=CARTESIAN_POINT('Origin',(-1.66533453693773E-14,10.,-2.00000002980234));
#6940=CARTESIAN_POINT('Origin',(-1.66533453693773E-14,8.,-2.00000002980234));
#6941=CARTESIAN_POINT('Origin',(-1.77635683940025E-14,-10.,2.00000002980233));
#6942=CARTESIAN_POINT('',(-5.00000007450581,-10.,2.00000002980232));
#6943=CARTESIAN_POINT('',(4.00000002235172,1.47416716188708,5.00000000000001));
#6944=CARTESIAN_POINT('',(4.00000002235172,-10.,5.00000000000001));
#6945=CARTESIAN_POINT('',(3.85425402537066,1.82150896454398,5.18507866429692));
#6946=CARTESIAN_POINT('Ctrl Pts',(3.85425402537065,1.82150896454399,5.18507866429693));
#6947=CARTESIAN_POINT('Ctrl Pts',(3.87771100676271,1.77187475098084,5.15669344203766));
#6948=CARTESIAN_POINT('Ctrl Pts',(3.90025071435258,1.72169959182579,5.12877882329095));
#6949=CARTESIAN_POINT('Ctrl Pts',(3.94945355940122,1.60622071682699,5.06656114515497));
#6950=CARTESIAN_POINT('Ctrl Pts',(3.97551979956815,1.54059171278817,5.03264029755142));
#6951=CARTESIAN_POINT('Ctrl Pts',(4.00000002235172,1.47416716188708,5.00000000000001));
#6952=CARTESIAN_POINT('',(3.28404611193434,3.90062073709928,5.77028398922618));
#6953=CARTESIAN_POINT('Ctrl Pts',(3.85425402537066,1.82150896454398,5.18507866429692));
#6954=CARTESIAN_POINT('Ctrl Pts',(3.84903817800784,1.85147465106404,5.19139034542031));
#6955=CARTESIAN_POINT('Ctrl Pts',(3.84371397375384,1.88140069368301,5.19780157941542));
#6956=CARTESIAN_POINT('Ctrl Pts',(3.76673204578543,2.3048754581316,5.29001437200579));
#6957=CARTESIAN_POINT('Ctrl Pts',(3.67602163424712,2.6931763583727,5.39286867582475));
#6958=CARTESIAN_POINT('Ctrl Pts',(3.48365220758274,3.35197185867803,5.58858242535349));
#6959=CARTESIAN_POINT('Ctrl Pts',(3.38986379727726,3.62990243390138,5.67811317083048));
#6960=CARTESIAN_POINT('Ctrl Pts',(3.28404611193435,3.90062073709929,5.77028398922618));
#6961=CARTESIAN_POINT('',(3.12224314515006,4.03130236307865,5.90532943237049));
#6962=CARTESIAN_POINT('Ctrl Pts',(3.28404611193434,3.90062073709928,5.77028398922618));
#6963=CARTESIAN_POINT('Ctrl Pts',(3.2317098573733,3.94468415287044,5.81587065462172));
#6964=CARTESIAN_POINT('Ctrl Pts',(3.17774551497254,3.98831578501768,5.86095625002027));
#6965=CARTESIAN_POINT('Ctrl Pts',(3.12224314515006,4.03130236307865,5.90532943237049));
#6966=CARTESIAN_POINT('',(2.36583078805593,3.54626757059964,6.40486605299607));
#6967=CARTESIAN_POINT('Ctrl Pts',(3.12224314515006,4.03130236307865,5.90532943237049));
#6968=CARTESIAN_POINT('Ctrl Pts',(3.10919753273097,4.01883150013706,5.91575917330937));
#6969=CARTESIAN_POINT('Ctrl Pts',(3.09602441687164,4.00648945368263,5.92618370979441));
#6970=CARTESIAN_POINT('Ctrl Pts',(3.07356383885164,3.98587874107281,5.94377241501883));
#6971=CARTESIAN_POINT('Ctrl Pts',(3.06434453194102,3.97753906106356,5.95094043113033));
#6972=CARTESIAN_POINT('Ctrl Pts',(2.9466338442391,3.8726082827241,6.04179543606461));
#6973=CARTESIAN_POINT('Ctrl Pts',(2.83015436640212,3.78533567370564,6.12464235118982));
#6974=CARTESIAN_POINT('Ctrl Pts',(2.6175249887297,3.65809295375726,6.26135710742099));
#6975=CARTESIAN_POINT('Ctrl Pts',(2.52724431620999,3.61235554610497,6.31564201074131));
#6976=CARTESIAN_POINT('Ctrl Pts',(2.41055871830817,3.56363330010322,6.38062150439639));
#6977=CARTESIAN_POINT('Ctrl Pts',(2.38829729127551,3.55477488664345,6.39279941016585));
#6978=CARTESIAN_POINT('Ctrl Pts',(2.36583078805593,3.54626757059964,6.40486605299607));
#6979=CARTESIAN_POINT('',(1.7610545881466,3.88224879902973,6.67960329691459));
#6980=CARTESIAN_POINT('Ctrl Pts',(1.7610545881466,3.88224879902973,6.67960329691459));
#6981=CARTESIAN_POINT('Ctrl Pts',(1.97478880602157,3.78529529488371,6.59916963543779));
#6982=CARTESIAN_POINT('Ctrl Pts',(2.17760373811791,3.67183997624105,6.50596182924522));
#6983=CARTESIAN_POINT('Ctrl Pts',(2.36583078805593,3.54626757059964,6.40486605299606));
#6984=CARTESIAN_POINT('Ctrl Pts',(-0.905925370100193,4.31901241301861,6.91724511458394));
#6985=CARTESIAN_POINT('Ctrl Pts',(-0.879849823646031,4.33575428462651,6.92204912550158));
#6986=CARTESIAN_POINT('Ctrl Pts',(-0.853441422809472,4.35200459059689,6.92670002196976));
#6987=CARTESIAN_POINT('Ctrl Pts',(-0.669047660634357,4.46045014506053,6.95761324458171));
#6988=CARTESIAN_POINT('Ctrl Pts',(-0.500686296486626,4.5344728560463,6.97805712919887));
#6989=CARTESIAN_POINT('Ctrl Pts',(-0.167289246548965,4.62600020670454,6.99963315487837));
#6990=CARTESIAN_POINT('Ctrl Pts',(-0.00806285590091039,4.64840390290632,
7.00260652869019));
#6991=CARTESIAN_POINT('Ctrl Pts',(0.173283359738924,4.64887936047824,6.9970354962741));
#6992=CARTESIAN_POINT('Ctrl Pts',(0.193029371890847,4.64860242569307,6.99631165687506));
#6993=CARTESIAN_POINT('Ctrl Pts',(0.221742804958017,4.64772287811556,6.99508870472526));
#6994=CARTESIAN_POINT('Ctrl Pts',(0.230716755581156,4.64738013539956,6.99468224470395));
#6995=CARTESIAN_POINT('Ctrl Pts',(0.24654903335876,4.6466559280155,6.99392241318233));
#6996=CARTESIAN_POINT('Ctrl Pts',(0.25340846258344,4.64630251374537,6.99357903612278));
#6997=CARTESIAN_POINT('Ctrl Pts',(0.267586409808939,4.64549019779355,6.99284002928366));
#6998=CARTESIAN_POINT('Ctrl Pts',(0.274904063878986,4.64502579760983,6.99244246006297));
#6999=CARTESIAN_POINT('Ctrl Pts',(0.293635035887219,4.64372172176392,6.99138352862316));
#7000=CARTESIAN_POINT('Ctrl Pts',(0.305041429566021,4.64281778022678,6.99069938957765));
#7001=CARTESIAN_POINT('Ctrl Pts',(0.351641475793274,4.63867749211467,6.98774427301791));
#7002=CARTESIAN_POINT('Ctrl Pts',(0.386705527535706,4.63451716753068,6.9851465931209));
#7003=CARTESIAN_POINT('Ctrl Pts',(0.50319134436131,4.61726618089938,6.97528904357209));
#7004=CARTESIAN_POINT('Ctrl Pts',(0.583521638650095,4.59973241051811,6.96647194696068));
#7005=CARTESIAN_POINT('Ctrl Pts',(0.82011618692998,4.53217523264594,6.93484679460744));
#7006=CARTESIAN_POINT('Ctrl Pts',(0.970251890013835,4.46775351048205,6.90711085860523));
#7007=CARTESIAN_POINT('Ctrl Pts',(1.2933431224165,4.28789627312218,6.83341249170562));
#7008=CARTESIAN_POINT('Ctrl Pts',(1.46049856847356,4.16348183227492,6.78464098618025));
#7009=CARTESIAN_POINT('Ctrl Pts',(1.66361985308936,3.97938525073274,6.71542855019755));
#7010=CARTESIAN_POINT('Ctrl Pts',(1.71308114387127,3.93152109262049,6.69765693294481));
#7011=CARTESIAN_POINT('Ctrl Pts',(1.7610545881466,3.88224879902973,6.67960329691459));
#7012=CARTESIAN_POINT('',(-2.71779246359112,4.31432557010332,6.1968564873009));
#7013=CARTESIAN_POINT('Ctrl Pts',(-2.0231294806055,3.92192760064561,6.572411549417));
#7014=CARTESIAN_POINT('Ctrl Pts',(-2.09041932856553,3.9501814975889,6.54263818484353));
#7015=CARTESIAN_POINT('Ctrl Pts',(-2.15634102663345,3.98018015463559,6.51168668748498));
#7016=CARTESIAN_POINT('Ctrl Pts',(-2.22098433022979,4.01208505711058,6.47961822212593));
#7017=CARTESIAN_POINT('Ctrl Pts',(-2.25509399870984,4.02891998951295,6.46269698417541));
#7018=CARTESIAN_POINT('Ctrl Pts',(-2.28884730531993,4.04628485583379,6.44546475463664));
#7019=CARTESIAN_POINT('Ctrl Pts',(-2.3222549788721,4.06419815377577,6.42793051944553));
#7020=CARTESIAN_POINT('Ctrl Pts',(-2.38157155266651,4.09600388420527,6.39679782910665));
#7021=CARTESIAN_POINT('Ctrl Pts',(-2.43940422996926,4.12931427489232,6.36492847030802));
#7022=CARTESIAN_POINT('Ctrl Pts',(-2.49584805273517,4.16418560062993,6.3323811666951));
#7023=CARTESIAN_POINT('Ctrl Pts',(-2.55288370590267,4.19942256267111,6.29949259484725));
#7024=CARTESIAN_POINT('Ctrl Pts',(-2.60850080838363,4.23625326635274,6.26591178674162));
#7025=CARTESIAN_POINT('Ctrl Pts',(-2.66280287914353,4.27468300226446,6.23169933266494));
#7026=CARTESIAN_POINT('Ctrl Pts',(-2.68112419355652,4.28764905060467,6.22015617935224));
#7027=CARTESIAN_POINT('Ctrl Pts',(-2.69929588374047,4.30079669328442,6.20854112184874));
#7028=CARTESIAN_POINT('Ctrl Pts',(-2.71732219670257,4.3141248268967,6.1968564873009));
#7029=CARTESIAN_POINT('',(-2.88866606623859,4.20183404690876,6.08112834900056));
#7030=CARTESIAN_POINT('Ctrl Pts',(-2.71779246359112,4.31432557010332,6.1968564873009));
#7031=CARTESIAN_POINT('Ctrl Pts',(-2.77599285775255,4.27766246017808,6.15916718478797));
#7032=CARTESIAN_POINT('Ctrl Pts',(-2.83299823020009,4.24010442768776,6.12053063590952));
#7033=CARTESIAN_POINT('Ctrl Pts',(-2.88866606623859,4.20183404690876,6.08112834900056));
#7034=CARTESIAN_POINT('',(-3.39112948965479,2.583294366578,5.6742674104367));
#7035=CARTESIAN_POINT('Ctrl Pts',(-2.88866606623859,4.20183404690876,6.08112834900056));
#7036=CARTESIAN_POINT('Ctrl Pts',(-2.93394530719304,4.09363858492151,6.04907922027436));
#7037=CARTESIAN_POINT('Ctrl Pts',(-2.97695928242811,3.98403252088036,6.01745896257091));
#7038=CARTESIAN_POINT('Ctrl Pts',(-3.01773921040862,3.8733570885292,5.98649757377969));
#7039=CARTESIAN_POINT('Ctrl Pts',(-3.05656863977183,3.76797524762018,5.95701706416158));
#7040=CARTESIAN_POINT('Ctrl Pts',(-3.09337288525396,3.66162447589192,5.92813390352006));
#7041=CARTESIAN_POINT('Ctrl Pts',(-3.12821470230142,3.55456822091927,5.90004664076738));
#7042=CARTESIAN_POINT('Ctrl Pts',(-3.13946315765362,3.52000580120987,5.8909788495954));
#7043=CARTESIAN_POINT('Ctrl Pts',(-3.15050734539088,3.48536956160648,5.88199401322684));
#7044=CARTESIAN_POINT('Ctrl Pts',(-3.16135014702251,3.45066746165139,5.87309881269735));
#7045=CARTESIAN_POINT('Ctrl Pts',(-3.19358796413831,3.34749118029047,5.84665160305357));
#7046=CARTESIAN_POINT('Ctrl Pts',(-3.22415627398547,3.24339171439394,5.82091148419749));
#7047=CARTESIAN_POINT('Ctrl Pts',(-3.2530374890527,3.13858645721042,5.79605173363852));
#7048=CARTESIAN_POINT('Ctrl Pts',(-3.28061940681566,3.03849613974862,5.77231036424222));
#7049=CARTESIAN_POINT('Ctrl Pts',(-3.30666313453079,2.93776269212557,5.74937193354901));
#7050=CARTESIAN_POINT('Ctrl Pts',(-3.33118362336559,2.83654034590608,5.72738736934205));
#7051=CARTESIAN_POINT('Ctrl Pts',(-3.35171128897852,2.75180066189124,5.7089826880273));
#7052=CARTESIAN_POINT('Ctrl Pts',(-3.37117209229075,2.66671800241375,5.69124651758001));
#7053=CARTESIAN_POINT('Ctrl Pts',(-3.38958783694716,2.58135778902975,5.6742674104367));
#7054=CARTESIAN_POINT('',(-3.75414691225846,2.01978958339236,5.30248106096366));
#7055=CARTESIAN_POINT('Ctrl Pts',(-3.75414691225752,2.01978958339411,5.30248106096473));
#7056=CARTESIAN_POINT('Ctrl Pts',(-3.64734453645961,2.21830125640201,5.42389033040189));
#7057=CARTESIAN_POINT('Ctrl Pts',(-3.52544788053563,2.4069725883819,5.55029955259388));
#7058=CARTESIAN_POINT('Ctrl Pts',(-3.39112948965479,2.583294366578,5.6742674104367));
#7059=CARTESIAN_POINT('',(-4.00000002235177,2.57066799164786,5.));
#7060=CARTESIAN_POINT('Ctrl Pts',(-3.75414691225846,2.01978958339236,5.30248106096366));
#7061=CARTESIAN_POINT('Ctrl Pts',(-3.82948199065714,2.17259221756715,5.21684273351029));
#7062=CARTESIAN_POINT('Ctrl Pts',(-3.9000420953946,2.32952490302679,5.13069861417112));
#7063=CARTESIAN_POINT('Ctrl Pts',(-3.97722417115027,2.51483140225698,5.03018968611399));
#7064=CARTESIAN_POINT('Ctrl Pts',(-3.98867586206847,2.54271440548474,5.0150988806121));
#7065=CARTESIAN_POINT('Ctrl Pts',(-4.00000002235177,2.57066799164785,5.));
#7066=CARTESIAN_POINT('',(-4.14947387918073,2.96338784602975,4.78959973692825));
#7067=CARTESIAN_POINT('Ctrl Pts',(-3.99984778673049,2.57058380298522,5.));
#7068=CARTESIAN_POINT('Ctrl Pts',(-4.03628910442287,2.66040167991549,4.95150246584429));
#7069=CARTESIAN_POINT('Ctrl Pts',(-4.07139634282916,2.75093945528272,4.90292112532624));
#7070=CARTESIAN_POINT('Ctrl Pts',(-4.10516256526334,2.84182071278597,4.85438837905701));
#7071=CARTESIAN_POINT('Ctrl Pts',(-4.12019735072665,2.8822866017927,4.83277863489549));
#7072=CARTESIAN_POINT('Ctrl Pts',(-4.13496693628264,2.92282036545765,4.81117852490584));
#7073=CARTESIAN_POINT('Ctrl Pts',(-4.14947387918073,2.96338784602975,4.78959973692825));
#7074=CARTESIAN_POINT('',(-4.22700649721211,2.85170424001624,4.67065838918243));
#7075=CARTESIAN_POINT('Ctrl Pts',(-4.14947387918073,2.96338784602975,4.78959973692824));
#7076=CARTESIAN_POINT('Ctrl Pts',(-4.17595948919432,2.92630145955732,4.75020292073099));
#7077=CARTESIAN_POINT('Ctrl Pts',(-4.20181352060625,2.8890471293323,4.71053278023773));
#7078=CARTESIAN_POINT('Ctrl Pts',(-4.22700649721211,2.85170424001625,4.67065838918242));
#7079=CARTESIAN_POINT('',(-4.26299999999999,2.56996441116282,4.61282053645796));
#7080=CARTESIAN_POINT('Ctrl Pts',(-4.22700649721209,2.85170424001628,4.67065838918242));
#7081=CARTESIAN_POINT('Ctrl Pts',(-4.23104408425093,2.82203411791689,4.66426786506829));
#7082=CARTESIAN_POINT('Ctrl Pts',(-4.23500079291659,2.79233160154641,4.6579635843689));
#7083=CARTESIAN_POINT('Ctrl Pts',(-4.23887747818045,2.76259833796898,4.65174836554086));
#7084=CARTESIAN_POINT('Ctrl Pts',(-4.2472318665113,2.69852214571636,4.63835435800179));
#7085=CARTESIAN_POINT('Ctrl Pts',(-4.25521432164564,2.63427187581623,4.62536528667414));
#7086=CARTESIAN_POINT('Ctrl Pts',(-4.26284322902265,2.56988188262007,4.61282053645795));
#7087=CARTESIAN_POINT('',(-4.26299999999938,-1.71546813896374,4.61282053645817));
#7088=CARTESIAN_POINT('',(-4.263,-10.,4.61282053645795));
#7089=CARTESIAN_POINT('',(-4.0220468906605,-3.13415695352485,4.97037690981743));
#7090=CARTESIAN_POINT('Ctrl Pts',(-4.26299999999977,-1.71546813896375,4.61282053645834));
#7091=CARTESIAN_POINT('Ctrl Pts',(-4.20372414855818,-2.19820241834858,4.70953324751207));
#7092=CARTESIAN_POINT('Ctrl Pts',(-4.12355213733075,-2.67283443006807,4.83293345457693));
#7093=CARTESIAN_POINT('Ctrl Pts',(-4.02204689066051,-3.13415695352485,4.97037690981743));
#7094=CARTESIAN_POINT('',(-3.99999999947863,-3.16224619600861,5.00000001524876));
#7095=CARTESIAN_POINT('Ctrl Pts',(-4.02204689066051,-3.13415695352485,4.97037690981744));
#7096=CARTESIAN_POINT('Ctrl Pts',(-4.01474002649939,-3.1435338133042,4.98027078910172));
#7097=CARTESIAN_POINT('Ctrl Pts',(-4.0073909296636,-3.15289723359621,4.99014545688934));
#7098=CARTESIAN_POINT('Ctrl Pts',(-4.00000000412288,-3.16224619013399,5.00000002430518));
#7099=CARTESIAN_POINT('',(-3.92042177786333,-3.26038250572766,5.10327138172356));
#7100=CARTESIAN_POINT('Ctrl Pts',(-3.99999999947863,-3.16224619600861,5.00000003049751));
#7101=CARTESIAN_POINT('Ctrl Pts',(-3.97398580911633,-3.19515216062547,5.03468561763469));
#7102=CARTESIAN_POINT('Ctrl Pts',(-3.94745316505181,-3.22787882285198,5.06912211567438));
#7103=CARTESIAN_POINT('Ctrl Pts',(-3.92042177786333,-3.26038250572765,5.10327138172357));
#7104=CARTESIAN_POINT('',(-3.50604472879042,-2.42504007383814,5.56477917579736));
#7105=CARTESIAN_POINT('Ctrl Pts',(-3.92042177786331,-3.26038250572768,5.10327138172357));
#7106=CARTESIAN_POINT('Ctrl Pts',(-3.91441529876048,-3.24614952227456,5.11085948112339));
#7107=CARTESIAN_POINT('Ctrl Pts',(-3.90837157836155,-3.23193116089157,5.11844879515586));
#7108=CARTESIAN_POINT('Ctrl Pts',(-3.90229074225214,-3.21772973406857,5.12603853157946));
#7109=CARTESIAN_POINT('Ctrl Pts',(-3.8722217027165,-3.14750530161875,5.16356891070495));
#7110=CARTESIAN_POINT('Ctrl Pts',(-3.84116080091986,-3.07748568267031,5.20121779619333));
#7111=CARTESIAN_POINT('Ctrl Pts',(-3.80912196265506,-3.008020704565,5.23886965561345));
#7112=CARTESIAN_POINT('Ctrl Pts',(-3.79421669613644,-2.9757038644907,5.25638623954637));
#7113=CARTESIAN_POINT('Ctrl Pts',(-3.77910042389711,-2.94350673342339,5.27390346713996));
#7114=CARTESIAN_POINT('Ctrl Pts',(-3.76377792301057,-2.91146267457863,5.29140970536362));
#7115=CARTESIAN_POINT('Ctrl Pts',(-3.73971487608382,-2.86113944748832,5.3189021777091));
#7116=CARTESIAN_POINT('Ctrl Pts',(-3.71505891667366,-2.81102810330347,5.34646016623682));
#7117=CARTESIAN_POINT('Ctrl Pts',(-3.68982942111805,-2.76131298171342,5.37402205502227));
#7118=CARTESIAN_POINT('Ctrl Pts',(-3.66135311278564,-2.70519996399327,5.40513091494965));
#7119=CARTESIAN_POINT('Ctrl Pts',(-3.6320309191291,-2.64936168825319,5.43637108357696));
#7120=CARTESIAN_POINT('Ctrl Pts',(-3.60190276176119,-2.59414211093739,5.46762971587419));
#7121=CARTESIAN_POINT('Ctrl Pts',(-3.59727535558101,-2.5856608948372,5.47243075254263));
#7122=CARTESIAN_POINT('Ctrl Pts',(-3.59262901966874,-2.57719421799432,5.47723222477122));
#7123=CARTESIAN_POINT('Ctrl Pts',(-3.58796398841107,-2.56874326468521,5.48203372369716));
#7124=CARTESIAN_POINT('Ctrl Pts',(-3.5612552119668,-2.52035888948877,5.50952382061763));
#7125=CARTESIAN_POINT('Ctrl Pts',(-3.53380973102676,-2.47227468771619,5.53713877676897));
#7126=CARTESIAN_POINT('Ctrl Pts',(-3.50567261659834,-2.42479480817149,5.56477917579736));
#7127=CARTESIAN_POINT('',(-2.97250147793036,-3.05571660395754,6.02047698704284));
#7128=CARTESIAN_POINT('Ctrl Pts',(-2.97250147793036,-3.05571660395754,6.02047698704284));
#7129=CARTESIAN_POINT('Ctrl Pts',(-2.98661479927466,-3.0419876251314,6.01004243686369));
#7130=CARTESIAN_POINT('Ctrl Pts',(-3.00057999642519,-3.02821241997131,5.99960245628585));
#7131=CARTESIAN_POINT('Ctrl Pts',(-3.19237235318128,-2.83642006321523,5.85467524702464));
#7132=CARTESIAN_POINT('Ctrl Pts',(-3.3583288733598,-2.63860289363584,5.71006121854975));
#7133=CARTESIAN_POINT('Ctrl Pts',(-3.50604472879042,-2.42504007383814,5.56477917579736));
#7134=CARTESIAN_POINT('',(-1.97766467918443,-4.69985568041258,6.59225899644461));
#7135=CARTESIAN_POINT('Ctrl Pts',(-2.97250147793037,-3.05571660395752,6.02047698704284));
#7136=CARTESIAN_POINT('Ctrl Pts',(-2.95817072258823,-3.09057969907574,6.03107229498451));
#7137=CARTESIAN_POINT('Ctrl Pts',(-2.94358127151884,-3.12531918057739,6.04174036879141));
#7138=CARTESIAN_POINT('Ctrl Pts',(-2.67700649862557,-3.74651851753503,6.23439464594829));
#7139=CARTESIAN_POINT('Ctrl Pts',(-2.35773884444626,-4.27757624244104,6.42857936566403));
#7140=CARTESIAN_POINT('Ctrl Pts',(-1.97766467918443,-4.69985568041258,6.59225899644461));
#7141=CARTESIAN_POINT('',(-1.60219110922728,-4.84074215895797,6.73634710846043));
#7142=CARTESIAN_POINT('Ctrl Pts',(-1.97766467918443,-4.69985568041258,6.59225899644461));
#7143=CARTESIAN_POINT('Ctrl Pts',(-1.85553924533078,-4.75124516412992,6.64485253672987));
#7144=CARTESIAN_POINT('Ctrl Pts',(-1.73017035621598,-4.79838352778993,6.69305483948487));
#7145=CARTESIAN_POINT('Ctrl Pts',(-1.60219110922728,-4.84074215895797,6.73634710846043));
#7146=CARTESIAN_POINT('Ctrl Pts',(-1.60219110922728,-4.84074215895797,6.73634710846043));
#7147=CARTESIAN_POINT('Ctrl Pts',(-1.59096008581506,-4.83837519752146,6.74014629073312));
#7148=CARTESIAN_POINT('Ctrl Pts',(-1.57970634428682,-4.83605854451633,6.7439086396763));
#7149=CARTESIAN_POINT('Ctrl Pts',(-1.22874123503092,-4.76550145645939,6.8598535985682));
#7150=CARTESIAN_POINT('Ctrl Pts',(-0.871117969489221,-4.74247171294738,
6.93694962572803));
#7151=CARTESIAN_POINT('Ctrl Pts',(-0.436991415098613,-4.74926073547078,
6.98139694086457));
#7152=CARTESIAN_POINT('Ctrl Pts',(-0.364564270456235,-4.75156387907896,
6.98721964557629));
#7153=CARTESIAN_POINT('Ctrl Pts',(-0.284079711439788,-4.75534063619003,
6.99192987051497));
#7154=CARTESIAN_POINT('Ctrl Pts',(-0.276042025058432,-4.75573131272013,
6.99238078414955));
#7155=CARTESIAN_POINT('Ctrl Pts',(-0.264818213173774,-4.75629560677974,
6.9929832555368));
#7156=CARTESIAN_POINT('Ctrl Pts',(-0.26163236453443,-4.75645788985867,6.99315120746085));
#7157=CARTESIAN_POINT('Ctrl Pts',(-0.256056093432202,-4.75674562287521,
6.99343982679762));
#7158=CARTESIAN_POINT('Ctrl Pts',(-0.25366568975284,-4.75687015174658,6.99356182940566));
#7159=CARTESIAN_POINT('Ctrl Pts',(-0.248645652374445,-4.75713415727061,
6.99381443083009));
#7160=CARTESIAN_POINT('Ctrl Pts',(-0.246016012386889,-4.75727388289723,
6.99394466838213));
#7161=CARTESIAN_POINT('Ctrl Pts',(-0.239741022696711,-4.75761071499923,
6.99425048027091));
#7162=CARTESIAN_POINT('Ctrl Pts',(-0.236095645623809,-4.75780914045686,
6.99442413713517));
#7163=CARTESIAN_POINT('Ctrl Pts',(-0.223814864206212,-4.75848684242648,
6.99499568923366));
#7164=CARTESIAN_POINT('Ctrl Pts',(-0.215179257774359,-4.75897876877761,
6.99537514965178));
#7165=CARTESIAN_POINT('Ctrl Pts',(-0.147499231417311,-4.76295408016648,
6.99817331417711));
#7166=CARTESIAN_POINT('Ctrl Pts',(-0.0884411576888756,-4.76713746355936,
6.99956587788394));
#7167=CARTESIAN_POINT('Ctrl Pts',(0.13295346768474,-4.78543852787339,7.00086975336103));
#7168=CARTESIAN_POINT('Ctrl Pts',(0.295168560483498,-4.80410049830476,6.99388263259966));
#7169=CARTESIAN_POINT('Ctrl Pts',(0.69037718026736,-4.86294921171395,6.95771235635165));
#7170=CARTESIAN_POINT('Ctrl Pts',(0.921786409779791,-4.90910678603441,6.91971358706727));
#7171=CARTESIAN_POINT('Ctrl Pts',(1.14644392855885,-4.96844717378283,6.86679222987318));
#7172=CARTESIAN_POINT('Ctrl Pts',(1.15770900062593,-4.97142269736248,6.86413857774563));
#7173=CARTESIAN_POINT('Ctrl Pts',(1.16895643399855,-4.97443141797092,6.8614477974529));
#7174=CARTESIAN_POINT('Ctrl Pts',(1.26384129326017,-5.00013718277938,6.83840020973784));
#7175=CARTESIAN_POINT('Ctrl Pts',(1.34638881732576,-5.02462997110615,6.8160613006873));
#7176=CARTESIAN_POINT('Ctrl Pts',(1.42775951396075,-5.0510893647108,6.79181625857139));
#7177=CARTESIAN_POINT('',(2.71856163710549,-3.28368567698833,6.19635828729873));
#7178=CARTESIAN_POINT('Ctrl Pts',(2.71856163710549,-3.28368567698833,6.19635828729873));
#7179=CARTESIAN_POINT('Ctrl Pts',(2.71002927126156,-3.30577819176597,6.20188588075804));
#7180=CARTESIAN_POINT('Ctrl Pts',(2.70139109718373,-3.32781933526873,6.20744507765819));
#7181=CARTESIAN_POINT('Ctrl Pts',(2.52064369609734,-3.78230853531951,6.32296491483565));
#7182=CARTESIAN_POINT('Ctrl Pts',(2.30364163305233,-4.20417736487302,6.44718347951783));
#7183=CARTESIAN_POINT('Ctrl Pts',(1.95050588670461,-4.7077912753271,6.60487255920486));
#7184=CARTESIAN_POINT('Ctrl Pts',(1.85587463117404,-4.83024027675514,6.64407135668127));
#7185=CARTESIAN_POINT('Ctrl Pts',(1.75472156540624,-4.94701457728783,6.68198168588538));
#7186=CARTESIAN_POINT('',(3.0219806854958,-3.0067925995137,5.98341975868984));
#7187=CARTESIAN_POINT('Ctrl Pts',(3.0219806854958,-3.0067925995137,5.98341975868984));
#7188=CARTESIAN_POINT('Ctrl Pts',(3.01945492810917,-3.00933111515321,5.98533589872984));
#7189=CARTESIAN_POINT('Ctrl Pts',(3.01692676154654,-3.01186565484997,5.98725008161587));
#7190=CARTESIAN_POINT('Ctrl Pts',(2.92232638636876,-3.10646603002775,6.05873451718707));
#7191=CARTESIAN_POINT('Ctrl Pts',(2.82359031150438,-3.1967324929434,6.12831668848938));
#7192=CARTESIAN_POINT('Ctrl Pts',(2.71856163710549,-3.28368567698833,6.19635828729873));
#7193=CARTESIAN_POINT('',(3.57268522918717,-3.63809307923091,5.49798805910541));
#7194=CARTESIAN_POINT('Ctrl Pts',(3.02196544982677,-3.00678165407973,5.98341975868983));
#7195=CARTESIAN_POINT('Ctrl Pts',(3.06460000806397,-3.04387843557564,5.95107359123758));
#7196=CARTESIAN_POINT('Ctrl Pts',(3.10600120069897,-3.08226277416077,5.91859833652441));
#7197=CARTESIAN_POINT('Ctrl Pts',(3.14620653321466,-3.12181193468257,5.88605078331031));
#7198=CARTESIAN_POINT('Ctrl Pts',(3.18639187490785,-3.16134143064252,5.85351941333158));
#7199=CARTESIAN_POINT('Ctrl Pts',(3.22538221694265,-3.20203439252941,5.8209158167303));
#7200=CARTESIAN_POINT('Ctrl Pts',(3.26324199801985,-3.24372376832601,5.78829669759933));
#7201=CARTESIAN_POINT('Ctrl Pts',(3.28117382674181,-3.26346943840227,5.77284704520633));
#7202=CARTESIAN_POINT('Ctrl Pts',(3.29885245583241,-3.28343800991739,5.75739391059927));
#7203=CARTESIAN_POINT('Ctrl Pts',(3.3162871640692,-3.30360845330289,5.74194331873383));
#7204=CARTESIAN_POINT('Ctrl Pts',(3.35685316654245,-3.35053979537927,5.70599383570756));
#7205=CARTESIAN_POINT('Ctrl Pts',(3.3961673315136,-3.39866295584871,5.66998899726415));
#7206=CARTESIAN_POINT('Ctrl Pts',(3.43424819997773,-3.44778131401248,5.63400629346488));
#7207=CARTESIAN_POINT('Ctrl Pts',(3.47215714241385,-3.49667791451781,5.59818604298117));
#7208=CARTESIAN_POINT('Ctrl Pts',(3.50884361686782,-3.54656052422666,5.56238772772751));
#7209=CARTESIAN_POINT('Ctrl Pts',(3.54436041622745,-3.59719665624901,5.52668779294915));
#7210=CARTESIAN_POINT('Ctrl Pts',(3.55388544749762,-3.61077644805484,5.51711364772104));
#7211=CARTESIAN_POINT('Ctrl Pts',(3.5633265581966,-3.62441023070057,5.5075465782692));
#7212=CARTESIAN_POINT('Ctrl Pts',(3.57268522918717,-3.63809307923091,5.49798805910541));
#7213=CARTESIAN_POINT('',(3.68439209538747,-3.52491927389073,5.38012649007658));
#7214=CARTESIAN_POINT('Ctrl Pts',(3.57268522918717,-3.63809307923091,5.49798805910541));
#7215=CARTESIAN_POINT('Ctrl Pts',(3.61062349550523,-3.60083689013853,5.45923964642931));
#7216=CARTESIAN_POINT('Ctrl Pts',(3.64786821944621,-3.56309554669438,5.4199381010895));
#7217=CARTESIAN_POINT('Ctrl Pts',(3.68439209538747,-3.52491927389073,5.38012649007659));
#7218=CARTESIAN_POINT('',(4.00000002235172,-1.50511720273007,5.00000000000001));
#7219=CARTESIAN_POINT('Ctrl Pts',(3.68439209538748,-3.5249192738907,5.38012649007658));
#7220=CARTESIAN_POINT('Ctrl Pts',(3.75281467940196,-3.23654370608453,5.3055447752645));
#7221=CARTESIAN_POINT('Ctrl Pts',(3.81153506191143,-2.94333317293755,5.23699406903497));
#7222=CARTESIAN_POINT('Ctrl Pts',(3.92260395879232,-2.27181150394776,5.10205359851735));
#7223=CARTESIAN_POINT('Ctrl Pts',(3.9692591724927,-1.89045430073185,5.04098780044826));
#7224=CARTESIAN_POINT('Ctrl Pts',(4.00000002235173,-1.50511720273007,5.00000000000001));
#7225=CARTESIAN_POINT('',(4.00000002235172,-10.,5.00000000000001));
#7226=CARTESIAN_POINT('Origin',(-5.00000007450581,-10.,-2.00000002980232));
#7227=CARTESIAN_POINT('',(-5.00000007450581,-10.,-2.00000002980232));
#7228=CARTESIAN_POINT('Origin',(-1.66533453693773E-14,-10.,-2.00000002980234));
#7229=CARTESIAN_POINT('',(4.00000002235174,-10.,-4.99999999999999));
#7230=CARTESIAN_POINT('Origin',(-2.,0.,-4.99999999999999));
#7231=CARTESIAN_POINT('Origin',(-8.,0.,10.5));
#7232=CARTESIAN_POINT('Ctrl Pts',(-0.525683743664506,5.22261022876941,10.5));
#7233=CARTESIAN_POINT('Ctrl Pts',(-0.374459693150966,5.22589284470452,10.5));
#7234=CARTESIAN_POINT('Ctrl Pts',(-0.223493079066881,5.22241889033419,10.5));
#7235=CARTESIAN_POINT('Ctrl Pts',(-0.073151170434486,5.21235092452575,10.5));
#7236=CARTESIAN_POINT('Ctrl Pts',(0.0784886848039941,5.20219603896107,10.5));
#7237=CARTESIAN_POINT('Ctrl Pts',(0.229493711782026,5.18533257011995,10.5));
#7238=CARTESIAN_POINT('Ctrl Pts',(0.379476970127803,5.16187543198772,10.5));
#7239=CARTESIAN_POINT('Ctrl Pts',(0.528791744843037,5.13852284361012,10.5));
#7240=CARTESIAN_POINT('Ctrl Pts',(0.67709450583029,5.10863491440039,10.5));
#7241=CARTESIAN_POINT('Ctrl Pts',(0.823983227531072,5.07227804799929,10.5));
#7242=CARTESIAN_POINT('Ctrl Pts',(0.916581158071334,5.04935885753532,10.5));
#7243=CARTESIAN_POINT('Ctrl Pts',(1.00861671431103,5.02386800417734,10.5));
#7244=CARTESIAN_POINT('Ctrl Pts',(1.09998321645295,4.9958133016361,10.5));
#7245=CARTESIAN_POINT('Ctrl Pts',(1.14364995153115,4.98240513524199,10.5));
#7246=CARTESIAN_POINT('Ctrl Pts',(1.18716378700296,4.96841124679859,10.5));
#7247=CARTESIAN_POINT('Ctrl Pts',(1.23051262215474,4.95383197194377,10.5));
#7248=CARTESIAN_POINT('Ctrl Pts',(1.25777376191536,4.94466338302935,10.5));
#7249=CARTESIAN_POINT('Ctrl Pts',(1.28496963994209,4.93526327432953,10.5));
#7250=CARTESIAN_POINT('Ctrl Pts',(1.31209718085312,4.92563166397338,10.5));
#7251=CARTESIAN_POINT('Ctrl Pts',(1.32939624938711,4.91948964438561,10.5));
#7252=CARTESIAN_POINT('Ctrl Pts',(1.34666360899587,4.91325484356801,10.5));
#7253=CARTESIAN_POINT('Ctrl Pts',(1.36389097237401,4.90693023463282,10.5));
#7254=CARTESIAN_POINT('Ctrl Pts',(1.50295993444468,4.85587443573818,10.5));
#7255=CARTESIAN_POINT('Ctrl Pts',(1.63957371938262,4.79891721749754,10.5));
#7256=CARTESIAN_POINT('Ctrl Pts',(1.77338097048835,4.73617308918613,10.5));
#7257=CARTESIAN_POINT('Ctrl Pts',(1.81511886308944,4.71660159610806,10.5));
#7258=CARTESIAN_POINT('Ctrl Pts',(1.85658352989906,4.69646670336536,10.5));
#7259=CARTESIAN_POINT('Ctrl Pts',(1.89776383132772,4.67577096332388,10.5));
#7260=CARTESIAN_POINT('Ctrl Pts',(2.02964532552371,4.60949206235736,10.5));
#7261=CARTESIAN_POINT('Ctrl Pts',(2.15861282923015,4.53746393878866,10.5));
#7262=CARTESIAN_POINT('Ctrl Pts',(2.28424896199699,4.45992015764689,10.5));
#7263=CARTESIAN_POINT('Ctrl Pts',(2.40849225866235,4.38323604780701,10.5));
#7264=CARTESIAN_POINT('Ctrl Pts',(2.52947822183323,4.30115733731358,10.5));
#7265=CARTESIAN_POINT('Ctrl Pts',(2.64676552970434,4.21387597303595,10.5));
#7266=CARTESIAN_POINT('Ctrl Pts',(2.74948713340729,4.13743392764573,10.5));
#7267=CARTESIAN_POINT('Ctrl Pts',(2.84937140642368,4.05700050474521,10.5));
#7268=CARTESIAN_POINT('Ctrl Pts',(2.94609242516554,3.97268781075754,10.5));
#7269=CARTESIAN_POINT('Ctrl Pts',(2.95982500264201,3.96071698355269,10.5));
#7270=CARTESIAN_POINT('Ctrl Pts',(2.97349376262214,3.9486679332756,10.5));
#7271=CARTESIAN_POINT('Ctrl Pts',(2.98709772096792,3.93654095982991,10.5));
#7272=CARTESIAN_POINT('Ctrl Pts',(3.00105378099506,3.92410011246374,10.5));
#7273=CARTESIAN_POINT('Ctrl Pts',(3.01493496509186,3.91158319636692,10.5));
#7274=CARTESIAN_POINT('Ctrl Pts',(3.02873880542795,3.89899224749236,10.5));
#7275=CARTESIAN_POINT('Ctrl Pts',(3.13505563403382,3.80201707819968,10.5));
#7276=CARTESIAN_POINT('Ctrl Pts',(3.23682005241404,3.70062415171434,10.5));
#7277=CARTESIAN_POINT('Ctrl Pts',(3.33365193865974,3.59503868379846,10.5));
#7278=CARTESIAN_POINT('Ctrl Pts',(3.42883038648155,3.49125612478402,10.5));
#7279=CARTESIAN_POINT('Ctrl Pts',(3.51924377779666,3.38342241509344,10.5));
#7280=CARTESIAN_POINT('Ctrl Pts',(3.60449072555695,3.27172199924651,10.5));
#7281=CARTESIAN_POINT('Ctrl Pts',(3.64220486764713,3.22230456594874,10.5));
#7282=CARTESIAN_POINT('Ctrl Pts',(3.67890721988019,3.17212997369823,10.5));
#7283=CARTESIAN_POINT('Ctrl Pts',(3.71456008163307,3.12121273381778,10.5));
#7284=CARTESIAN_POINT('Ctrl Pts',(3.7975331279737,3.00271569609273,10.5));
#7285=CARTESIAN_POINT('Ctrl Pts',(3.87482544296271,2.88019699465295,10.5));
#7286=CARTESIAN_POINT('Ctrl Pts',(3.94634763142936,2.7541047762928,10.5));
#7287=CARTESIAN_POINT('Ctrl Pts',(3.98850095815367,2.67978928634651,10.5));
#7288=CARTESIAN_POINT('Ctrl Pts',(4.02864899710855,2.60423224742226,10.5));
#7289=CARTESIAN_POINT('Ctrl Pts',(4.06676502367766,2.52752462371372,10.5));
#7290=CARTESIAN_POINT('Ctrl Pts',(4.0778382565761,2.50523999808859,10.5));
#7291=CARTESIAN_POINT('Ctrl Pts',(4.08873995051483,2.48285826597197,10.5));
#7292=CARTESIAN_POINT('Ctrl Pts',(4.09946935020485,2.46038166339519,10.5));
#7293=CARTESIAN_POINT('Ctrl Pts',(4.10895195379589,2.44051692552851,10.5));
#7294=CARTESIAN_POINT('Ctrl Pts',(4.11830066472791,2.42057641542579,10.5));
#7295=CARTESIAN_POINT('Ctrl Pts',(4.1275061288415,2.4005813378801,10.5));
#7296=CARTESIAN_POINT('Ctrl Pts',(4.18623453105023,2.2730180839466,10.5));
#7297=CARTESIAN_POINT('Ctrl Pts',(4.23922207239591,2.14305964612165,10.5));
#7298=CARTESIAN_POINT('Ctrl Pts',(4.28645598328111,2.01113962891549,10.5));
#7299=CARTESIAN_POINT('Ctrl Pts',(4.33427270733853,1.87759186752583,10.5));
#7300=CARTESIAN_POINT('Ctrl Pts',(4.37619307182617,1.74203297297875,10.5));
#7301=CARTESIAN_POINT('Ctrl Pts',(4.41215250421014,1.6049001439989,10.5));
#7302=CARTESIAN_POINT('Ctrl Pts',(4.44782269846294,1.46887033696764,10.5));
#7303=CARTESIAN_POINT('Ctrl Pts',(4.47762743611525,1.33129097212706,10.5));
#7304=CARTESIAN_POINT('Ctrl Pts',(4.50145300002714,1.19258911592931,10.5));
#7305=CARTESIAN_POINT('Ctrl Pts',(4.51867426037675,1.09233458321858,10.5));
#7306=CARTESIAN_POINT('Ctrl Pts',(4.53277066356431,0.991493576337637,10.5));
#7307=CARTESIAN_POINT('Ctrl Pts',(4.54368266839239,0.890231177880888,10.5));
#7308=CARTESIAN_POINT('Ctrl Pts',(4.54845667050467,0.84592887855606,10.5));
#7309=CARTESIAN_POINT('Ctrl Pts',(4.55262097829298,0.801545981579787,10.5));
#7310=CARTESIAN_POINT('Ctrl Pts',(4.55616976007163,0.757096641271035,10.5));
#7311=CARTESIAN_POINT('Ctrl Pts',(4.55793032912869,0.735045092870659,10.5));
#7312=CARTESIAN_POINT('Ctrl Pts',(4.55953939671704,0.712977194994658,10.5));
#7313=CARTESIAN_POINT('Ctrl Pts',(4.56099620351044,0.69089469863252,10.5));
#7314=CARTESIAN_POINT('Ctrl Pts',(4.56217098849867,0.673087131186692,10.5));
#7315=CARTESIAN_POINT('Ctrl Pts',(4.56324659423454,0.655271900861657,10.5));
#7316=CARTESIAN_POINT('Ctrl Pts',(4.56422216847849,0.637461424928213,10.5));
#7317=CARTESIAN_POINT('Ctrl Pts',(4.57177658541979,0.499544949623539,10.5));
#7318=CARTESIAN_POINT('Ctrl Pts',(4.57335017958148,0.361721770912058,10.5));
#7319=CARTESIAN_POINT('Ctrl Pts',(4.56888169106928,0.224397532019104,10.5));
#7320=CARTESIAN_POINT('Ctrl Pts',(4.56449013146992,0.0894374492330035,10.5));
#7321=CARTESIAN_POINT('Ctrl Pts',(4.55426259942255,-0.0450414679025912,
10.5));
#7322=CARTESIAN_POINT('Ctrl Pts',(4.53809202334192,-0.178645321600689,10.5));
#7323=CARTESIAN_POINT('Ctrl Pts',(4.52218997258926,-0.31003057662591,10.5));
#7324=CARTESIAN_POINT('Ctrl Pts',(4.50054049802789,-0.440570226224064,10.5));
#7325=CARTESIAN_POINT('Ctrl Pts',(4.47299592911266,-0.569870937176146,10.5));
#7326=CARTESIAN_POINT('Ctrl Pts',(4.45014687874243,-0.677129775263019,10.5));
#7327=CARTESIAN_POINT('Ctrl Pts',(4.42324048574806,-0.783535921387395,10.5));
#7328=CARTESIAN_POINT('Ctrl Pts',(4.39216862980776,-0.888850160651008,10.5));
#7329=CARTESIAN_POINT('Ctrl Pts',(4.37663483965156,-0.941500034425014,10.5));
#7330=CARTESIAN_POINT('Ctrl Pts',(4.3600596321839,-0.993876770208406,10.5));
#7331=CARTESIAN_POINT('Ctrl Pts',(4.34242746556163,-1.04594889596433,10.5));
#7332=CARTESIAN_POINT('Ctrl Pts',(4.33503940470267,-1.06776765723068,10.5));
#7333=CARTESIAN_POINT('Ctrl Pts',(4.32746824987869,-1.08952541942425,10.5));
#7334=CARTESIAN_POINT('Ctrl Pts',(4.31971603031506,-1.11121232895428,10.5));
#7335=CARTESIAN_POINT('Ctrl Pts',(4.30896189852112,-1.14129711710753,10.5));
#7336=CARTESIAN_POINT('Ctrl Pts',(4.29785775879168,-1.17125021423709,10.5));
#7337=CARTESIAN_POINT('Ctrl Pts',(4.28640191198449,-1.20106595299823,10.5));
#7338=CARTESIAN_POINT('Ctrl Pts',(4.2455432705959,-1.30740733467703,10.5));
#7339=CARTESIAN_POINT('Ctrl Pts',(4.20021227395426,-1.41200252640084,10.5));
#7340=CARTESIAN_POINT('Ctrl Pts',(4.15063643686161,-1.51466291810496,10.5));
#7341=CARTESIAN_POINT('Ctrl Pts',(-2.09165023527706,-3.88581631119573,10.4999999765411));
#7342=CARTESIAN_POINT('Ctrl Pts',(-2.21368247579747,-3.83416630737255,10.4999999735316));
#7343=CARTESIAN_POINT('Ctrl Pts',(-2.33337176017851,-3.77681267847867,10.4999999704864));
#7344=CARTESIAN_POINT('Ctrl Pts',(-2.45044878935853,-3.71403470418922,10.4999999673658));
#7345=CARTESIAN_POINT('Ctrl Pts',(-2.49655675831898,-3.68931111058412,10.4999999661368));
#7346=CARTESIAN_POINT('Ctrl Pts',(-2.54225937465642,-3.66374566733842,10.4999999648973));
#7347=CARTESIAN_POINT('Ctrl Pts',(-2.58753929675665,-3.63735341166816,10.4999999636493));
#7348=CARTESIAN_POINT('Ctrl Pts',(-2.7027223344652,-3.57021680809026,10.4999999604744));
#7349=CARTESIAN_POINT('Ctrl Pts',(-2.81466165525751,-3.49803020979911,10.4999999575042));
#7350=CARTESIAN_POINT('Ctrl Pts',(-2.92311789796131,-3.42115869074892,10.4999999546209));
#7351=CARTESIAN_POINT('Ctrl Pts',(-3.03427560217082,-3.3423724322202,10.4999999516658));
#7352=CARTESIAN_POINT('Ctrl Pts',(-3.14177520929651,-3.25866474444488,10.4999999488022));
#7353=CARTESIAN_POINT('Ctrl Pts',(-3.24534822000491,-3.17037518163428,10.4999999460129));
#7354=CARTESIAN_POINT('Ctrl Pts',(-3.34958937101102,-3.08151607069161,10.4999999432056));
#7355=CARTESIAN_POINT('Ctrl Pts',(-3.44985378600345,-2.98801537263826,10.499999940474));
#7356=CARTESIAN_POINT('Ctrl Pts',(-3.5458467684266,-2.89017071466351,10.4999999379056));
#7357=CARTESIAN_POINT('Ctrl Pts',(-3.64138020051942,-2.79279447160576,10.4999999353494));
#7358=CARTESIAN_POINT('Ctrl Pts',(-3.73268365177384,-2.69111526801382,10.4999999329555));
#7359=CARTESIAN_POINT('Ctrl Pts',(-3.81943599393106,-2.58538543037781,10.4999999309057));
#7360=CARTESIAN_POINT('Ctrl Pts',(-3.84763133611289,-2.55102222038431,10.4999999302395));
#7361=CARTESIAN_POINT('Ctrl Pts',(-3.87534565540446,-2.51623084370791,10.4999999296104));
#7362=CARTESIAN_POINT('Ctrl Pts',(-3.90256704608518,-2.4810191569699,10.4999999290267));
#7363=CARTESIAN_POINT('Ctrl Pts',(-3.98869364906069,-2.36961180826561,10.4999999271798));
#7364=CARTESIAN_POINT('Ctrl Pts',(-4.06949946297743,-2.25450226304089,10.4999999257625));
#7365=CARTESIAN_POINT('Ctrl Pts',(-4.1447083165174,-2.13604137306436,10.4999999246189));
#7366=CARTESIAN_POINT('Ctrl Pts',(-4.18019389451831,-2.08014831056626,10.4999999240793));
#7367=CARTESIAN_POINT('Ctrl Pts',(-4.21443315262019,-2.0235084779839,10.499999923602));
#7368=CARTESIAN_POINT('Ctrl Pts',(-4.24739504889557,-1.96615526443044,10.4999999231785));
#7369=CARTESIAN_POINT('Ctrl Pts',(-4.31602606293096,-1.84673831185355,10.4999999222965));
#7370=CARTESIAN_POINT('Ctrl Pts',(-4.37912204167759,-1.72423099928007,10.4999999216418));
#7371=CARTESIAN_POINT('Ctrl Pts',(-4.43668555354174,-1.59907072529529,10.4999999211991));
#7372=CARTESIAN_POINT('Ctrl Pts',(-4.49523810924356,-1.47175997449463,10.4999999207489));
#7373=CARTESIAN_POINT('Ctrl Pts',(-4.54806680583004,-1.3417036790419,10.4999999205183));
#7374=CARTESIAN_POINT('Ctrl Pts',(-4.59513112479507,-1.20932946638872,10.4999999205769));
#7375=CARTESIAN_POINT('Ctrl Pts',(-4.63636195607937,-1.09336265866011,10.4999999206282));
#7376=CARTESIAN_POINT('Ctrl Pts',(-4.67316826819316,-0.97561611031192,10.499999920903));
#7377=CARTESIAN_POINT('Ctrl Pts',(-4.70549309076495,-0.856363351707551,
10.4999999214981));
#7378=CARTESIAN_POINT('Ctrl Pts',(-4.74261547084244,-0.71941144051395,10.4999999221816));
#7379=CARTESIAN_POINT('Ctrl Pts',(-4.77366497966681,-0.581074483783062,
10.4999999232631));
#7380=CARTESIAN_POINT('Ctrl Pts',(-4.79866333486059,-0.441814792938524,
10.4999999245809));
#7381=CARTESIAN_POINT('Ctrl Pts',(-4.8241799834757,-0.299667816868181,10.4999999259261));
#7382=CARTESIAN_POINT('Ctrl Pts',(-4.8433923244449,-0.156558778844136,10.4999999275177));
#7383=CARTESIAN_POINT('Ctrl Pts',(-4.85627901196079,-0.0129486614995269,
10.4999999292671));
#7384=CARTESIAN_POINT('Ctrl Pts',(-4.86918959813587,0.130927784119558,10.4999999310198));
#7385=CARTESIAN_POINT('Ctrl Pts',(-4.8757512946613,0.275307972128228,10.4999999329314));
#7386=CARTESIAN_POINT('Ctrl Pts',(-4.8758940499063,0.419747545880104,10.4999999349903));
#7387=CARTESIAN_POINT('Ctrl Pts',(-4.87603499105785,0.562351622201863,10.499999937023));
#7388=CARTESIAN_POINT('Ctrl Pts',(-4.8699192239012,0.705014389753634,10.4999999391999));
#7389=CARTESIAN_POINT('Ctrl Pts',(-4.85742940184204,0.847314903332828,10.4999999415778));
#7390=CARTESIAN_POINT('Ctrl Pts',(-4.85251647464827,0.903289444806568,10.4999999425131));
#7391=CARTESIAN_POINT('Ctrl Pts',(-4.84661674454809,0.959207944167805,10.4999999434802));
#7392=CARTESIAN_POINT('Ctrl Pts',(-4.83972084147891,1.01504465331328,10.4999999444853));
#7393=CARTESIAN_POINT('Ctrl Pts',(-4.83901016833025,1.02079903377673,10.4999999445888));
#7394=CARTESIAN_POINT('Ctrl Pts',(-4.83828903716068,1.02655154720357,10.4999999446928));
#7395=CARTESIAN_POINT('Ctrl Pts',(-4.83755744811854,1.03230216494738,10.4999999447971));
#7396=CARTESIAN_POINT('Ctrl Pts',(-4.81962294654296,1.17327538494518,10.4999999473535));
#7397=CARTESIAN_POINT('Ctrl Pts',(-4.79540799294728,1.31310836810783,10.4999999501136));
#7398=CARTESIAN_POINT('Ctrl Pts',(-4.76521576037219,1.45148217515994,10.4999999529225));
#7399=CARTESIAN_POINT('Ctrl Pts',(-4.73417820959171,1.59373015408584,10.4999999558101));
#7400=CARTESIAN_POINT('Ctrl Pts',(-4.69682399697472,1.73443669889726,10.4999999587495));
#7401=CARTESIAN_POINT('Ctrl Pts',(-4.65342789828569,1.87326299187155,10.4999999616392));
#7402=CARTESIAN_POINT('Ctrl Pts',(-4.60957611944889,2.01354702845893,10.4999999645592));
#7403=CARTESIAN_POINT('Ctrl Pts',(-4.55955473761622,2.15191180896581,10.4999999674288));
#7404=CARTESIAN_POINT('Ctrl Pts',(-4.50359376247757,2.28800560986642,10.4999999702069));
#7405=CARTESIAN_POINT('Ctrl Pts',(-4.44742273366572,2.42461024894859,10.4999999729954));
#7406=CARTESIAN_POINT('Ctrl Pts',(-4.38526720776465,2.55892755871171,10.499999975692));
#7407=CARTESIAN_POINT('Ctrl Pts',(-4.31730923915577,2.69058899024001,10.4999999783138));
#7408=CARTESIAN_POINT('Ctrl Pts',(-4.28936517385852,2.74472768383356,10.4999999793919));
#7409=CARTESIAN_POINT('Ctrl Pts',(-4.26043944702725,2.79841710255823,10.499999980458));
#7410=CARTESIAN_POINT('Ctrl Pts',(-4.23054239061083,2.85163054591083,10.499999981516));
#7411=CARTESIAN_POINT('Ctrl Pts',(-4.15664706013767,2.9831560354903,10.4999999841309));
#7412=CARTESIAN_POINT('Ctrl Pts',(-4.07714426862868,3.11119922362223,10.4999999866651));
#7413=CARTESIAN_POINT('Ctrl Pts',(-3.99231881597256,3.23540846955841,10.4999999889458));
#7414=CARTESIAN_POINT('Ctrl Pts',(-3.90679312683636,3.36064306628783,10.4999999912453));
#7415=CARTESIAN_POINT('Ctrl Pts',(-3.81585630432113,3.48198090374685,10.4999999932875));
#7416=CARTESIAN_POINT('Ctrl Pts',(-3.71974825377309,3.59905161812372,10.4999999949546));
#7417=CARTESIAN_POINT('Ctrl Pts',(-3.62670312946329,3.71239133430898,10.4999999965686));
#7418=CARTESIAN_POINT('Ctrl Pts',(-3.5288106313963,3.82173214283944,10.4999999978317));
#7419=CARTESIAN_POINT('Ctrl Pts',(-3.42624584839029,3.92671922457314,10.4999999986852));
#7420=CARTESIAN_POINT('Ctrl Pts',(-3.32110200072844,4.03434628139266,10.4999999995602));
#7421=CARTESIAN_POINT('Ctrl Pts',(-3.21104774815644,4.13739866595377,10.500000000005));
#7422=CARTESIAN_POINT('Ctrl Pts',(-3.09647356095882,4.23568890545013,10.5000000000021));
#7423=CARTESIAN_POINT('Ctrl Pts',(-3.08940100626043,4.24175626767332,10.5000000000019));
#7424=CARTESIAN_POINT('Ctrl Pts',(-3.08231121661134,4.24780547246539,10.5000000000001));
#7425=CARTESIAN_POINT('Ctrl Pts',(-3.07520427931591,4.25383647112762,10.4999999999965));
#7426=CARTESIAN_POINT('Origin',(5.55111512312578E-15,10.,0.));
#7427=CARTESIAN_POINT('Origin',(5.55111512312578E-15,10.,0.));
#7428=CARTESIAN_POINT('Origin',(-8.,10.,-15.85));
#7429=CARTESIAN_POINT('Origin',(5.55111512312578E-15,10.,0.));
#7430=CARTESIAN_POINT('Origin',(8.,10.,-15.85));
#7431=CARTESIAN_POINT('Origin',(5.55111512312578E-15,-10.,0.));
#7432=CARTESIAN_POINT('Origin',(5.55111512312578E-15,-10.,0.));
#7433=CARTESIAN_POINT('Origin',(12.,0.,-4.99999999999999));
#7434=CARTESIAN_POINT('Origin',(8.,0.,10.5));
#7435=CARTESIAN_POINT('Origin',(-12.,0.,-10.5));
#7436=CARTESIAN_POINT('Origin',(-1.11022302462516E-15,8.5,-20.3));
#7437=CARTESIAN_POINT('Origin',(8.,10.,-15.85));
#7438=CARTESIAN_POINT('',(10.825,10.8,-15.85));
#7439=CARTESIAN_POINT('Origin',(8.,10.8,-15.85));
#7440=CARTESIAN_POINT('',(10.825,10.,-15.85));
#7441=CARTESIAN_POINT('Origin',(8.,10.,-15.85));
#7442=CARTESIAN_POINT('Origin',(8.,10.8,-15.85));
#7443=CARTESIAN_POINT('',(10.325,10.8,-15.85));
#7444=CARTESIAN_POINT('Origin',(8.,10.8,-15.85));
#7445=CARTESIAN_POINT('Origin',(-8.,10.,-15.85));
#7446=CARTESIAN_POINT('',(-5.175,10.8,-15.85));
#7447=CARTESIAN_POINT('Origin',(-8.,10.8,-15.85));
#7448=CARTESIAN_POINT('',(-5.175,10.,-15.85));
#7449=CARTESIAN_POINT('',(-5.175,10.,-15.85));
#7450=CARTESIAN_POINT('Origin',(-8.,10.,-15.85));
#7451=CARTESIAN_POINT('Origin',(-8.,10.,-15.85));
#7452=CARTESIAN_POINT('Origin',(-8.,10.8,-15.85));
#7453=CARTESIAN_POINT('',(-5.675,10.8,-15.85));
#7454=CARTESIAN_POINT('Origin',(-8.,10.8,-15.85));
#7455=CARTESIAN_POINT('Origin',(-1.11022302462516E-15,10.,-15.85));
#7456=CARTESIAN_POINT('',(2.825,10.8,-15.85));
#7457=CARTESIAN_POINT('Origin',(-1.11022302462516E-15,10.8,-15.85));
#7458=CARTESIAN_POINT('',(2.825,10.,-15.85));
#7459=CARTESIAN_POINT('',(2.825,10.,-15.85));
#7460=CARTESIAN_POINT('Origin',(-1.11022302462516E-15,10.,-15.85));
#7461=CARTESIAN_POINT('Origin',(-1.11022302462516E-15,10.,-15.85));
#7462=CARTESIAN_POINT('Origin',(-1.11022302462516E-15,10.8,-15.85));
#7463=CARTESIAN_POINT('',(2.325,10.8,-15.85));
#7464=CARTESIAN_POINT('Origin',(-1.11022302462516E-15,10.8,-15.85));
#7465=CARTESIAN_POINT('Origin',(-8.,10.,-10.5));
#7466=CARTESIAN_POINT('',(1.575,10.,-15.85));
#7467=CARTESIAN_POINT('Origin',(-1.11022302462516E-15,10.,-15.85));
#7468=CARTESIAN_POINT('Origin',(-1.11022302462516E-15,10.,-15.85));
#7469=CARTESIAN_POINT('',(-2.27060014093191,13.9,-16.35));
#7470=CARTESIAN_POINT('',(-2.27060014093191,17.3,-16.35));
#7471=CARTESIAN_POINT('',(-2.27060014093191,10.,-16.35));
#7472=CARTESIAN_POINT('',(2.27060014093191,17.3,-16.35));
#7473=CARTESIAN_POINT('Origin',(-1.11022302462516E-15,17.3,-15.85));
#7474=CARTESIAN_POINT('',(2.27060014093191,13.9,-16.35));
#7475=CARTESIAN_POINT('',(2.27060014093191,10.,-16.35));
#7476=CARTESIAN_POINT('',(2.325,13.9,-15.85));
#7477=CARTESIAN_POINT('Origin',(-1.11022302462516E-15,13.9,-15.85));
#7478=CARTESIAN_POINT('',(2.325,10.,-15.85));
#7479=CARTESIAN_POINT('',(2.27060014093191,13.9,-15.35));
#7480=CARTESIAN_POINT('Origin',(-1.11022302462516E-15,13.9,-15.85));
#7481=CARTESIAN_POINT('',(2.27060014093191,17.3,-15.35));
#7482=CARTESIAN_POINT('',(2.27060014093191,10.,-15.35));
#7483=CARTESIAN_POINT('',(-2.27060014093191,17.3,-15.35));
#7484=CARTESIAN_POINT('Origin',(-1.11022302462516E-15,17.3,-15.85));
#7485=CARTESIAN_POINT('',(-2.27060014093191,13.9,-15.35));
#7486=CARTESIAN_POINT('',(-2.27060014093191,10.,-15.35));
#7487=CARTESIAN_POINT('Origin',(-1.11022302462516E-15,13.9,-15.85));
#7488=CARTESIAN_POINT('Origin',(-1.11022302462516E-15,17.8,-15.85));
#7489=CARTESIAN_POINT('',(1.75517093184681,17.8,-16.35));
#7490=CARTESIAN_POINT('',(-1.75517093184681,17.8,-16.35));
#7491=CARTESIAN_POINT('Origin',(-1.11022302462516E-15,17.8,-15.85));
#7492=CARTESIAN_POINT('',(2.27060014093191,17.8,-16.35));
#7493=CARTESIAN_POINT('',(0.746763851562191,17.8,-16.35));
#7494=CARTESIAN_POINT('',(-2.27060014093191,17.8,-16.35));
#7495=CARTESIAN_POINT('Origin',(-1.11022302462516E-15,17.8,-15.85));
#7496=CARTESIAN_POINT('',(-1.26299495248398,17.8,-16.35));
#7497=CARTESIAN_POINT('Origin',(-1.11022302462516E-15,17.8,-15.85));
#7498=CARTESIAN_POINT('',(2.27060014093191,17.8,-15.35));
#7499=CARTESIAN_POINT('',(-2.27060014093191,17.8,-15.35));
#7500=CARTESIAN_POINT('Origin',(-1.11022302462516E-15,17.8,-15.85));
#7501=CARTESIAN_POINT('',(1.75517093184681,17.8,-15.35));
#7502=CARTESIAN_POINT('',(1.26299495248398,17.8,-15.35));
#7503=CARTESIAN_POINT('',(-1.75517093184681,17.8,-15.35));
#7504=CARTESIAN_POINT('Origin',(-1.11022302462516E-15,17.8,-15.85));
#7505=CARTESIAN_POINT('',(-0.746763851562193,17.8,-15.35));
#7506=CARTESIAN_POINT('Origin',(2.03426385156219,13.9,-15.85));
#7507=CARTESIAN_POINT('',(1.49352770312438,13.9,-16.35));
#7508=CARTESIAN_POINT('',(3.57499999999996,13.9,-16.35));
#7509=CARTESIAN_POINT('',(1.575,13.9,-15.85));
#7510=CARTESIAN_POINT('Origin',(-1.11022302462516E-15,13.9,-15.85));
#7511=CARTESIAN_POINT('',(1.49352770312438,13.9,-15.35));
#7512=CARTESIAN_POINT('Origin',(-1.11022302462516E-15,13.9,-15.85));
#7513=CARTESIAN_POINT('',(-3.57500000000004,13.9,-15.35));
#7514=CARTESIAN_POINT('Origin',(-2.03426385156219,13.9,-15.85));
#7515=CARTESIAN_POINT('',(-1.49352770312439,13.9,-15.35));
#7516=CARTESIAN_POINT('',(-3.57500000000004,13.9,-15.35));
#7517=CARTESIAN_POINT('',(-1.49352770312438,13.9,-16.35));
#7518=CARTESIAN_POINT('Origin',(-1.11022302462516E-15,13.9,-15.85));
#7519=CARTESIAN_POINT('',(3.57499999999996,13.9,-16.35));
#7520=CARTESIAN_POINT('Origin',(-2.52598990496795,17.8,-16.35));
#7521=CARTESIAN_POINT('',(-1.49352770312439,17.55,-16.35));
#7522=CARTESIAN_POINT('Ctrl Pts',(-1.75517093184681,17.8,-16.35));
#7523=CARTESIAN_POINT('Ctrl Pts',(-1.61473008113551,17.6649327677741,-16.35));
#7524=CARTESIAN_POINT('Ctrl Pts',(-1.49352770312439,17.55,-16.35));
#7525=CARTESIAN_POINT('',(-2.52598990496795,17.55,-16.35));
#7526=CARTESIAN_POINT('Ctrl Pts',(-2.52598990496795,17.55,-16.35));
#7527=CARTESIAN_POINT('Ctrl Pts',(-2.39177997795182,17.6816555032191,-16.35));
#7528=CARTESIAN_POINT('Ctrl Pts',(-2.27060014093191,17.8,-16.35));
#7529=CARTESIAN_POINT('Ctrl Pts',(-2.27060014093191,17.3,-16.35));
#7530=CARTESIAN_POINT('Ctrl Pts',(-2.39177997792,17.4183444967495,-16.35));
#7531=CARTESIAN_POINT('Ctrl Pts',(-2.52598990496795,17.55,-16.35));
#7532=CARTESIAN_POINT('',(-1.49352770312439,10.,-16.35));
#7533=CARTESIAN_POINT('Origin',(-1.11022302462516E-15,17.675,-15.85));
#7534=CARTESIAN_POINT('',(2.52598990496795,17.55,-16.35));
#7535=CARTESIAN_POINT('Ctrl Pts',(2.27060014093191,17.8,-16.35));
#7536=CARTESIAN_POINT('Ctrl Pts',(2.3917799779489,17.681655503222,-16.35));
#7537=CARTESIAN_POINT('Ctrl Pts',(2.52598990496795,17.55,-16.35));
#7538=CARTESIAN_POINT('Origin',(-1.11022302462516E-15,17.55,-15.85));
#7539=CARTESIAN_POINT('Origin',(-1.11022302462516E-15,17.425,-15.85));
#7540=CARTESIAN_POINT('Ctrl Pts',(2.52598990496795,17.55,-16.35));
#7541=CARTESIAN_POINT('Ctrl Pts',(2.39177997794896,17.4183444967781,-16.35));
#7542=CARTESIAN_POINT('Ctrl Pts',(2.27060014093191,17.3,-16.35));
#7543=CARTESIAN_POINT('Origin',(2.52598990496795,17.8,-15.35));
#7544=CARTESIAN_POINT('',(2.52598990496795,17.55,-15.35));
#7545=CARTESIAN_POINT('Ctrl Pts',(2.27060014093191,17.3,-15.35));
#7546=CARTESIAN_POINT('Ctrl Pts',(2.39177997792013,17.4183444967497,-15.35));
#7547=CARTESIAN_POINT('Ctrl Pts',(2.52598990496795,17.55,-15.35));
#7548=CARTESIAN_POINT('',(1.49352770312438,17.55,-15.35));
#7549=CARTESIAN_POINT('',(1.49352770312438,10.,-15.35));
#7550=CARTESIAN_POINT('Ctrl Pts',(1.75517093184681,17.8,-15.35));
#7551=CARTESIAN_POINT('Ctrl Pts',(1.61473008113551,17.6649327677741,-15.35));
#7552=CARTESIAN_POINT('Ctrl Pts',(1.49352770312438,17.55,-15.35));
#7553=CARTESIAN_POINT('Ctrl Pts',(2.52598990496795,17.55,-15.35));
#7554=CARTESIAN_POINT('Ctrl Pts',(2.3917799779518,17.6816555032191,-15.35));
#7555=CARTESIAN_POINT('Ctrl Pts',(2.27060014093191,17.8,-15.35));
#7556=CARTESIAN_POINT('Origin',(-1.11022302462516E-15,17.675,-15.85));
#7557=CARTESIAN_POINT('',(-1.49352770312439,17.55,-15.35));
#7558=CARTESIAN_POINT('Ctrl Pts',(-1.49352770312439,17.55,-15.35));
#7559=CARTESIAN_POINT('Ctrl Pts',(-1.61473008112266,17.6649327677621,-15.35));
#7560=CARTESIAN_POINT('Ctrl Pts',(-1.75517093184681,17.8,-15.35));
#7561=CARTESIAN_POINT('Origin',(-1.11022302462516E-15,17.55,-15.85));
#7562=CARTESIAN_POINT('Origin',(-1.11022302462516E-15,10.,-15.85));
#7563=CARTESIAN_POINT('',(1.49352770312438,17.55,-16.35));
#7564=CARTESIAN_POINT('Origin',(-1.11022302462516E-15,17.55,-15.85));
#7565=CARTESIAN_POINT('',(-1.49352770312439,10.,-15.35));
#7566=CARTESIAN_POINT('',(1.575,10.,-15.85));
#7567=CARTESIAN_POINT('',(1.49352770312438,10.,-16.35));
#7568=CARTESIAN_POINT('Origin',(1.49352770312438,17.8,-16.35));
#7569=CARTESIAN_POINT('Ctrl Pts',(1.49352770312438,17.55,-16.35));
#7570=CARTESIAN_POINT('Ctrl Pts',(1.61473008112266,17.6649327677621,-16.35));
#7571=CARTESIAN_POINT('Ctrl Pts',(1.75517093184681,17.8,-16.35));
#7572=CARTESIAN_POINT('Origin',(-1.11022302462516E-15,17.675,-15.85));
#7573=CARTESIAN_POINT('Origin',(-1.11022302462516E-15,17.675,-15.85));
#7574=CARTESIAN_POINT('',(-2.52598990496795,17.55,-15.35));
#7575=CARTESIAN_POINT('Ctrl Pts',(-2.27060014093191,17.8,-15.35));
#7576=CARTESIAN_POINT('Ctrl Pts',(-2.39177997794887,17.681655503222,-15.35));
#7577=CARTESIAN_POINT('Ctrl Pts',(-2.52598990496795,17.55,-15.35));
#7578=CARTESIAN_POINT('Origin',(-1.11022302462516E-15,17.55,-15.85));
#7579=CARTESIAN_POINT('Origin',(-1.49352770312439,17.8,-15.35));
#7580=CARTESIAN_POINT('Ctrl Pts',(-2.52598990496795,17.55,-15.35));
#7581=CARTESIAN_POINT('Ctrl Pts',(-2.39177997794896,17.4183444967781,-15.35));
#7582=CARTESIAN_POINT('Ctrl Pts',(-2.27060014093191,17.3,-15.35));
#7583=CARTESIAN_POINT('Origin',(-1.11022302462516E-15,17.425,-15.85));
#7584=CARTESIAN_POINT('Origin',(-8.,10.,-15.85));
#7585=CARTESIAN_POINT('',(-9.49352770312439,17.55,-16.35));
#7586=CARTESIAN_POINT('',(-6.50647229687562,17.55,-16.35));
#7587=CARTESIAN_POINT('Origin',(-8.,17.55,-15.85));
#7588=CARTESIAN_POINT('',(-9.49352770312439,13.9,-16.35));
#7589=CARTESIAN_POINT('',(-9.49352770312439,10.,-16.35));
#7590=CARTESIAN_POINT('',(-9.49352770312439,13.9,-15.35));
#7591=CARTESIAN_POINT('Origin',(-8.,13.9,-15.85));
#7592=CARTESIAN_POINT('',(-9.49352770312439,17.55,-15.35));
#7593=CARTESIAN_POINT('',(-9.49352770312439,10.,-15.35));
#7594=CARTESIAN_POINT('',(-6.50647229687562,17.55,-15.35));
#7595=CARTESIAN_POINT('Origin',(-8.,17.55,-15.85));
#7596=CARTESIAN_POINT('',(-6.50647229687562,13.9,-15.35));
#7597=CARTESIAN_POINT('',(-6.50647229687562,10.,-15.35));
#7598=CARTESIAN_POINT('',(-6.425,13.9,-15.85));
#7599=CARTESIAN_POINT('Origin',(-8.,13.9,-15.85));
#7600=CARTESIAN_POINT('',(-6.425,10.,-15.85));
#7601=CARTESIAN_POINT('',(-6.425,10.,-15.85));
#7602=CARTESIAN_POINT('Origin',(-8.,10.,-15.85));
#7603=CARTESIAN_POINT('',(-6.50647229687562,13.9,-16.35));
#7604=CARTESIAN_POINT('Origin',(-8.,13.9,-15.85));
#7605=CARTESIAN_POINT('',(-6.50647229687562,10.,-16.35));
#7606=CARTESIAN_POINT('Origin',(-8.,10.,-15.85));
#7607=CARTESIAN_POINT('Origin',(8.,10.,-15.85));
#7608=CARTESIAN_POINT('',(6.50647229687562,17.55,-16.35));
#7609=CARTESIAN_POINT('',(9.49352770312439,17.55,-16.35));
#7610=CARTESIAN_POINT('Origin',(8.,17.55,-15.85));
#7611=CARTESIAN_POINT('',(6.50647229687562,13.9,-16.35));
#7612=CARTESIAN_POINT('',(6.50647229687562,10.,-16.35));
#7613=CARTESIAN_POINT('',(6.50647229687561,13.9,-15.35));
#7614=CARTESIAN_POINT('Origin',(8.,13.9,-15.85));
#7615=CARTESIAN_POINT('',(6.50647229687562,17.55,-15.35));
#7616=CARTESIAN_POINT('',(6.50647229687562,10.,-15.35));
#7617=CARTESIAN_POINT('',(9.49352770312439,17.55,-15.35));
#7618=CARTESIAN_POINT('Origin',(8.,17.55,-15.85));
#7619=CARTESIAN_POINT('',(9.49352770312439,13.9,-15.35));
#7620=CARTESIAN_POINT('',(9.49352770312439,10.,-15.35));
#7621=CARTESIAN_POINT('',(9.575,13.9,-15.85));
#7622=CARTESIAN_POINT('Origin',(8.,13.9,-15.85));
#7623=CARTESIAN_POINT('',(9.575,10.,-15.85));
#7624=CARTESIAN_POINT('',(9.575,10.,-15.85));
#7625=CARTESIAN_POINT('Origin',(8.,10.,-15.85));
#7626=CARTESIAN_POINT('',(9.49352770312438,13.9,-16.35));
#7627=CARTESIAN_POINT('Origin',(8.,13.9,-15.85));
#7628=CARTESIAN_POINT('',(9.49352770312439,10.,-16.35));
#7629=CARTESIAN_POINT('Origin',(8.,10.,-15.85));
#7630=CARTESIAN_POINT('Origin',(-8.,10.,-15.85));
#7631=CARTESIAN_POINT('',(-5.72939985906809,17.3,-16.35));
#7632=CARTESIAN_POINT('',(-5.72939985906809,13.9,-16.35));
#7633=CARTESIAN_POINT('',(-5.72939985906809,10.,-16.35));
#7634=CARTESIAN_POINT('',(-5.675,13.9,-15.85));
#7635=CARTESIAN_POINT('Origin',(-8.,13.9,-15.85));
#7636=CARTESIAN_POINT('',(-5.675,10.,-15.85));
#7637=CARTESIAN_POINT('',(-5.72939985906809,13.9,-15.35));
#7638=CARTESIAN_POINT('Origin',(-8.,13.9,-15.85));
#7639=CARTESIAN_POINT('',(-5.72939985906809,17.3,-15.35));
#7640=CARTESIAN_POINT('',(-5.72939985906809,10.,-15.35));
#7641=CARTESIAN_POINT('',(-10.2706001409319,17.3,-15.35));
#7642=CARTESIAN_POINT('Origin',(-8.,17.3,-15.85));
#7643=CARTESIAN_POINT('',(-10.2706001409319,13.9,-15.35));
#7644=CARTESIAN_POINT('',(-10.2706001409319,10.,-15.35));
#7645=CARTESIAN_POINT('',(-10.2706001409319,13.9,-16.35));
#7646=CARTESIAN_POINT('Origin',(-8.,13.9,-15.85));
#7647=CARTESIAN_POINT('',(-10.2706001409319,17.3,-16.35));
#7648=CARTESIAN_POINT('',(-10.2706001409319,10.,-16.35));
#7649=CARTESIAN_POINT('Origin',(-8.,17.3,-15.85));
#7650=CARTESIAN_POINT('Origin',(8.,10.,-15.85));
#7651=CARTESIAN_POINT('',(10.2706001409319,17.3,-16.35));
#7652=CARTESIAN_POINT('',(10.2706001409319,13.9,-16.35));
#7653=CARTESIAN_POINT('',(10.2706001409319,10.,-16.35));
#7654=CARTESIAN_POINT('',(10.325,13.9,-15.85));
#7655=CARTESIAN_POINT('Origin',(8.,13.9,-15.85));
#7656=CARTESIAN_POINT('',(10.325,10.,-15.85));
#7657=CARTESIAN_POINT('',(10.2706001409319,13.9,-15.35));
#7658=CARTESIAN_POINT('Origin',(8.,13.9,-15.85));
#7659=CARTESIAN_POINT('',(10.2706001409319,17.3,-15.35));
#7660=CARTESIAN_POINT('',(10.2706001409319,10.,-15.35));
#7661=CARTESIAN_POINT('',(5.72939985906809,17.3,-15.35));
#7662=CARTESIAN_POINT('Origin',(8.,17.3,-15.85));
#7663=CARTESIAN_POINT('',(5.72939985906809,13.9,-15.35));
#7664=CARTESIAN_POINT('',(5.72939985906809,10.,-15.35));
#7665=CARTESIAN_POINT('',(5.72939985906809,13.9,-16.35));
#7666=CARTESIAN_POINT('Origin',(8.,13.9,-15.85));
#7667=CARTESIAN_POINT('',(5.72939985906809,17.3,-16.35));
#7668=CARTESIAN_POINT('',(5.72939985906809,10.,-16.35));
#7669=CARTESIAN_POINT('Origin',(8.,17.3,-15.85));
#7670=CARTESIAN_POINT('Origin',(-10.0342638515622,13.9,-15.85));
#7671=CARTESIAN_POINT('',(-11.575,13.9,-15.35));
#7672=CARTESIAN_POINT('',(-4.42500000000004,13.9,-16.35));
#7673=CARTESIAN_POINT('Origin',(-5.47401009503205,17.8,-15.35));
#7674=CARTESIAN_POINT('',(-5.47401009503205,17.55,-15.35));
#7675=CARTESIAN_POINT('Ctrl Pts',(-5.72939985906809,17.3,-15.35));
#7676=CARTESIAN_POINT('Ctrl Pts',(-5.60822002207985,17.4183444967497,-15.35));
#7677=CARTESIAN_POINT('Ctrl Pts',(-5.47401009503205,17.55,-15.35));
#7678=CARTESIAN_POINT('',(-11.575,13.9,-15.35));
#7679=CARTESIAN_POINT('',(-6.24482906815319,17.8,-15.35));
#7680=CARTESIAN_POINT('Ctrl Pts',(-6.24482906815319,17.8,-15.35));
#7681=CARTESIAN_POINT('Ctrl Pts',(-6.38526991886449,17.6649327677741,-15.35));
#7682=CARTESIAN_POINT('Ctrl Pts',(-6.50647229687562,17.55,-15.35));
#7683=CARTESIAN_POINT('',(-5.72939985906809,17.8,-15.35));
#7684=CARTESIAN_POINT('',(-6.73700504751602,17.8,-15.35));
#7685=CARTESIAN_POINT('Ctrl Pts',(-5.47401009503205,17.55,-15.35));
#7686=CARTESIAN_POINT('Ctrl Pts',(-5.6082200220482,17.6816555032191,-15.35));
#7687=CARTESIAN_POINT('Ctrl Pts',(-5.72939985906809,17.8,-15.35));
#7688=CARTESIAN_POINT('Origin',(-5.96573614843781,13.9,-15.85));
#7689=CARTESIAN_POINT('',(-4.42500000000004,13.9,-16.35));
#7690=CARTESIAN_POINT('Origin',(5.96573614843781,13.9,-15.85));
#7691=CARTESIAN_POINT('',(4.42499999999996,13.9,-15.35));
#7692=CARTESIAN_POINT('',(11.575,13.9,-16.35));
#7693=CARTESIAN_POINT('Origin',(10.525989904968,17.8,-15.35));
#7694=CARTESIAN_POINT('',(10.525989904968,17.55,-15.35));
#7695=CARTESIAN_POINT('Ctrl Pts',(10.2706001409319,17.3,-15.35));
#7696=CARTESIAN_POINT('Ctrl Pts',(10.3917799779201,17.4183444967496,-15.35));
#7697=CARTESIAN_POINT('Ctrl Pts',(10.525989904968,17.55,-15.35));
#7698=CARTESIAN_POINT('',(4.42499999999996,13.9,-15.35));
#7699=CARTESIAN_POINT('',(9.75517093184681,17.8,-15.35));
#7700=CARTESIAN_POINT('Ctrl Pts',(9.75517093184681,17.8,-15.35));
#7701=CARTESIAN_POINT('Ctrl Pts',(9.61473008113551,17.6649327677741,-15.35));
#7702=CARTESIAN_POINT('Ctrl Pts',(9.49352770312439,17.55,-15.35));
#7703=CARTESIAN_POINT('',(10.2706001409319,17.8,-15.35));
#7704=CARTESIAN_POINT('',(9.26299495248398,17.8,-15.35));
#7705=CARTESIAN_POINT('Ctrl Pts',(10.525989904968,17.55,-15.35));
#7706=CARTESIAN_POINT('Ctrl Pts',(10.3917799779518,17.6816555032191,-15.35));
#7707=CARTESIAN_POINT('Ctrl Pts',(10.2706001409319,17.8,-15.35));
#7708=CARTESIAN_POINT('Origin',(10.0342638515622,13.9,-15.85));
#7709=CARTESIAN_POINT('',(11.575,13.9,-16.35));
#7710=CARTESIAN_POINT('Origin',(-10.525989904968,17.8,-16.35));
#7711=CARTESIAN_POINT('',(-9.75517093184681,17.8,-16.35));
#7712=CARTESIAN_POINT('Ctrl Pts',(-9.75517093184681,17.8,-16.35));
#7713=CARTESIAN_POINT('Ctrl Pts',(-9.61473008113551,17.6649327677741,-16.35));
#7714=CARTESIAN_POINT('Ctrl Pts',(-9.49352770312439,17.55,-16.35));
#7715=CARTESIAN_POINT('',(-10.2706001409319,17.8,-16.35));
#7716=CARTESIAN_POINT('',(-9.26299495248398,17.8,-16.35));
#7717=CARTESIAN_POINT('',(-10.525989904968,17.55,-16.35));
#7718=CARTESIAN_POINT('Ctrl Pts',(-10.525989904968,17.55,-16.35));
#7719=CARTESIAN_POINT('Ctrl Pts',(-10.3917799779518,17.6816555032191,-16.35));
#7720=CARTESIAN_POINT('Ctrl Pts',(-10.2706001409319,17.8,-16.35));
#7721=CARTESIAN_POINT('Ctrl Pts',(-10.2706001409319,17.3,-16.35));
#7722=CARTESIAN_POINT('Ctrl Pts',(-10.3917799779201,17.4183444967496,-16.35));
#7723=CARTESIAN_POINT('Ctrl Pts',(-10.525989904968,17.55,-16.35));
#7724=CARTESIAN_POINT('Origin',(-8.,17.675,-15.85));
#7725=CARTESIAN_POINT('',(-5.72939985906809,17.8,-16.35));
#7726=CARTESIAN_POINT('Origin',(-8.,17.8,-15.85));
#7727=CARTESIAN_POINT('',(-5.47401009503205,17.55,-16.35));
#7728=CARTESIAN_POINT('Ctrl Pts',(-5.72939985906809,17.8,-16.35));
#7729=CARTESIAN_POINT('Ctrl Pts',(-5.60822002205111,17.681655503222,-16.35));
#7730=CARTESIAN_POINT('Ctrl Pts',(-5.47401009503205,17.55,-16.35));
#7731=CARTESIAN_POINT('Origin',(-8.,17.55,-15.85));
#7732=CARTESIAN_POINT('Origin',(-8.,17.425,-15.85));
#7733=CARTESIAN_POINT('Ctrl Pts',(-5.47401009503205,17.55,-16.35));
#7734=CARTESIAN_POINT('Ctrl Pts',(-5.60822002205104,17.4183444967781,-16.35));
#7735=CARTESIAN_POINT('Ctrl Pts',(-5.72939985906809,17.3,-16.35));
#7736=CARTESIAN_POINT('Origin',(-8.,17.675,-15.85));
#7737=CARTESIAN_POINT('',(-9.75517093184681,17.8,-15.35));
#7738=CARTESIAN_POINT('Ctrl Pts',(-9.49352770312439,17.55,-15.35));
#7739=CARTESIAN_POINT('Ctrl Pts',(-9.61473008112265,17.6649327677621,-15.35));
#7740=CARTESIAN_POINT('Ctrl Pts',(-9.75517093184681,17.8,-15.35));
#7741=CARTESIAN_POINT('Origin',(-8.,17.8,-15.85));
#7742=CARTESIAN_POINT('Origin',(-6.50647229687562,17.8,-16.35));
#7743=CARTESIAN_POINT('',(-6.24482906815319,17.8,-16.35));
#7744=CARTESIAN_POINT('Ctrl Pts',(-6.50647229687562,17.55,-16.35));
#7745=CARTESIAN_POINT('Ctrl Pts',(-6.38526991887734,17.6649327677621,-16.35));
#7746=CARTESIAN_POINT('Ctrl Pts',(-6.24482906815319,17.8,-16.35));
#7747=CARTESIAN_POINT('',(-7.25323614843781,17.8,-16.35));
#7748=CARTESIAN_POINT('Origin',(-8.,17.8,-15.85));
#7749=CARTESIAN_POINT('Origin',(-8.,17.8,-15.85));
#7750=CARTESIAN_POINT('Origin',(-8.,17.675,-15.85));
#7751=CARTESIAN_POINT('Origin',(-8.,17.8,-15.85));
#7752=CARTESIAN_POINT('',(-10.2706001409319,17.8,-15.35));
#7753=CARTESIAN_POINT('Origin',(-8.,17.8,-15.85));
#7754=CARTESIAN_POINT('',(-8.74676385156219,17.8,-15.35));
#7755=CARTESIAN_POINT('Origin',(-8.,17.675,-15.85));
#7756=CARTESIAN_POINT('',(-10.525989904968,17.55,-15.35));
#7757=CARTESIAN_POINT('Ctrl Pts',(-10.2706001409319,17.8,-15.35));
#7758=CARTESIAN_POINT('Ctrl Pts',(-10.3917799779489,17.681655503222,-15.35));
#7759=CARTESIAN_POINT('Ctrl Pts',(-10.525989904968,17.55,-15.35));
#7760=CARTESIAN_POINT('Origin',(-8.,17.55,-15.85));
#7761=CARTESIAN_POINT('Origin',(-9.49352770312439,17.8,-15.35));
#7762=CARTESIAN_POINT('Ctrl Pts',(-10.525989904968,17.55,-15.35));
#7763=CARTESIAN_POINT('Ctrl Pts',(-10.391779977949,17.4183444967781,-15.35));
#7764=CARTESIAN_POINT('Ctrl Pts',(-10.2706001409319,17.3,-15.35));
#7765=CARTESIAN_POINT('Origin',(-8.,17.425,-15.85));
#7766=CARTESIAN_POINT('Origin',(5.47401009503205,17.8,-16.35));
#7767=CARTESIAN_POINT('',(6.24482906815319,17.8,-16.35));
#7768=CARTESIAN_POINT('Ctrl Pts',(6.24482906815319,17.8,-16.35));
#7769=CARTESIAN_POINT('Ctrl Pts',(6.38526991886449,17.6649327677741,-16.35));
#7770=CARTESIAN_POINT('Ctrl Pts',(6.50647229687562,17.55,-16.35));
#7771=CARTESIAN_POINT('',(5.72939985906809,17.8,-16.35));
#7772=CARTESIAN_POINT('',(6.73700504751602,17.8,-16.35));
#7773=CARTESIAN_POINT('',(5.47401009503205,17.55,-16.35));
#7774=CARTESIAN_POINT('Ctrl Pts',(5.47401009503205,17.55,-16.35));
#7775=CARTESIAN_POINT('Ctrl Pts',(5.60822002204817,17.6816555032191,-16.35));
#7776=CARTESIAN_POINT('Ctrl Pts',(5.72939985906809,17.8,-16.35));
#7777=CARTESIAN_POINT('Ctrl Pts',(5.72939985906809,17.3,-16.35));
#7778=CARTESIAN_POINT('Ctrl Pts',(5.60822002208006,17.4183444967495,-16.35));
#7779=CARTESIAN_POINT('Ctrl Pts',(5.47401009503205,17.55,-16.35));
#7780=CARTESIAN_POINT('Origin',(8.,17.675,-15.85));
#7781=CARTESIAN_POINT('',(10.2706001409319,17.8,-16.35));
#7782=CARTESIAN_POINT('Origin',(8.,17.8,-15.85));
#7783=CARTESIAN_POINT('',(10.525989904968,17.55,-16.35));
#7784=CARTESIAN_POINT('Ctrl Pts',(10.2706001409319,17.8,-16.35));
#7785=CARTESIAN_POINT('Ctrl Pts',(10.3917799779489,17.681655503222,-16.35));
#7786=CARTESIAN_POINT('Ctrl Pts',(10.525989904968,17.55,-16.35));
#7787=CARTESIAN_POINT('Origin',(8.,17.55,-15.85));
#7788=CARTESIAN_POINT('Origin',(8.,17.425,-15.85));
#7789=CARTESIAN_POINT('Ctrl Pts',(10.525989904968,17.55,-16.35));
#7790=CARTESIAN_POINT('Ctrl Pts',(10.391779977949,17.4183444967781,-16.35));
#7791=CARTESIAN_POINT('Ctrl Pts',(10.2706001409319,17.3,-16.35));
#7792=CARTESIAN_POINT('Origin',(8.,17.675,-15.85));
#7793=CARTESIAN_POINT('',(6.24482906815319,17.8,-15.35));
#7794=CARTESIAN_POINT('Ctrl Pts',(6.50647229687562,17.55,-15.35));
#7795=CARTESIAN_POINT('Ctrl Pts',(6.38526991887734,17.6649327677621,-15.35));
#7796=CARTESIAN_POINT('Ctrl Pts',(6.24482906815319,17.8,-15.35));
#7797=CARTESIAN_POINT('Origin',(8.,17.8,-15.85));
#7798=CARTESIAN_POINT('Origin',(9.49352770312438,17.8,-16.35));
#7799=CARTESIAN_POINT('',(9.75517093184681,17.8,-16.35));
#7800=CARTESIAN_POINT('Ctrl Pts',(9.49352770312439,17.55,-16.35));
#7801=CARTESIAN_POINT('Ctrl Pts',(9.61473008112266,17.6649327677621,-16.35));
#7802=CARTESIAN_POINT('Ctrl Pts',(9.75517093184681,17.8,-16.35));
#7803=CARTESIAN_POINT('',(8.74676385156219,17.8,-16.35));
#7804=CARTESIAN_POINT('Origin',(8.,17.8,-15.85));
#7805=CARTESIAN_POINT('Origin',(8.,17.8,-15.85));
#7806=CARTESIAN_POINT('Origin',(8.,17.675,-15.85));
#7807=CARTESIAN_POINT('Origin',(8.,17.8,-15.85));
#7808=CARTESIAN_POINT('',(5.72939985906809,17.8,-15.35));
#7809=CARTESIAN_POINT('Origin',(8.,17.8,-15.85));
#7810=CARTESIAN_POINT('',(7.25323614843781,17.8,-15.35));
#7811=CARTESIAN_POINT('Origin',(8.,17.675,-15.85));
#7812=CARTESIAN_POINT('',(5.47401009503205,17.55,-15.35));
#7813=CARTESIAN_POINT('Ctrl Pts',(5.72939985906809,17.8,-15.35));
#7814=CARTESIAN_POINT('Ctrl Pts',(5.60822002205111,17.681655503222,-15.35));
#7815=CARTESIAN_POINT('Ctrl Pts',(5.47401009503205,17.55,-15.35));
#7816=CARTESIAN_POINT('Origin',(8.,17.55,-15.85));
#7817=CARTESIAN_POINT('Origin',(6.50647229687561,17.8,-15.35));
#7818=CARTESIAN_POINT('Ctrl Pts',(5.47401009503205,17.55,-15.35));
#7819=CARTESIAN_POINT('Ctrl Pts',(5.60822002205104,17.4183444967781,-15.35));
#7820=CARTESIAN_POINT('Ctrl Pts',(5.72939985906809,17.3,-15.35));
#7821=CARTESIAN_POINT('Origin',(8.,17.425,-15.85));
#7822=CARTESIAN_POINT('Ctrl Pts',(-3.62466557802469,-2.82449984657008,4.67951644411852));
#7823=CARTESIAN_POINT('Ctrl Pts',(-4.21567240103474,-2.06606394495598,4.62956335734602));
#7824=CARTESIAN_POINT('Ctrl Pts',(-4.90486633611455,-0.167945670962589,
4.52965718380101));
#7825=CARTESIAN_POINT('Ctrl Pts',(-4.34711983730095,1.77286861826748,4.42975101025601));
#7826=CARTESIAN_POINT('Ctrl Pts',(-3.80937501850339,2.56995367744123,4.37979792348351));
#7827=CARTESIAN_POINT('Ctrl Pts',(-3.75712601556996,-2.92771888222167,4.77646993268482));
#7828=CARTESIAN_POINT('Ctrl Pts',(-4.36973069931584,-2.14156656119859,4.72651684591232));
#7829=CARTESIAN_POINT('Ctrl Pts',(-5.0841106627972,-0.174083108080763,4.62661067236732));
#7830=CARTESIAN_POINT('Ctrl Pts',(-4.50598177457915,1.83765665121312,4.52670449882232));
#7831=CARTESIAN_POINT('Ctrl Pts',(-3.94858551140629,2.66387053163291,4.47675141204981));
#7832=CARTESIAN_POINT('Ctrl Pts',(-3.88958645311523,-3.03093791787326,4.87342342125112));
#7833=CARTESIAN_POINT('Ctrl Pts',(-4.52378899759695,-2.21706917744119,4.82347033447862));
#7834=CARTESIAN_POINT('Ctrl Pts',(-5.26335498947985,-0.180220545198938,
4.72356416093362));
#7835=CARTESIAN_POINT('Ctrl Pts',(-4.66484371185735,1.90244468415876,4.62365798738862));
#7836=CARTESIAN_POINT('Ctrl Pts',(-4.08779600430919,2.75778738582459,4.57370490061612));
#7837=CARTESIAN_POINT('Ctrl Pts',(-4.0220468906605,-3.13415695352485,4.97037690981743));
#7838=CARTESIAN_POINT('Ctrl Pts',(-4.67784729587806,-2.2925717936838,4.92042382304493));
#7839=CARTESIAN_POINT('Ctrl Pts',(-5.44259931616249,-0.186357982317113,
4.82051764949993));
#7840=CARTESIAN_POINT('Ctrl Pts',(-4.82370564913555,1.9672327171044,4.72061147595493));
#7841=CARTESIAN_POINT('Ctrl Pts',(-4.22700649721209,2.85170424001628,4.67065838918242));
#7842=CARTESIAN_POINT('Ctrl Pts',(-4.0220468906605,-3.13415695352485,4.97037690981743));
#7843=CARTESIAN_POINT('Ctrl Pts',(-4.67784729587806,-2.2925717936838,4.92042382304493));
#7844=CARTESIAN_POINT('Ctrl Pts',(-5.44259931616249,-0.186357982317113,
4.82051764949993));
#7845=CARTESIAN_POINT('Ctrl Pts',(-4.82370564913555,1.9672327171044,4.72061147595493));
#7846=CARTESIAN_POINT('Ctrl Pts',(-4.22700649721209,2.85170424001628,4.67065838918242));
#7847=CARTESIAN_POINT('Ctrl Pts',(-4.26284322902265,2.56988188262007,4.61282053645795));
#7848=CARTESIAN_POINT('Ctrl Pts',(-4.32780425583497,2.43822831843848,4.61282053645795));
#7849=CARTESIAN_POINT('Ctrl Pts',(-4.38678065777375,2.30372924950699,4.61282053645795));
#7850=CARTESIAN_POINT('Ctrl Pts',(-4.43967519636398,2.16681992167083,4.61282053645795));
#7851=CARTESIAN_POINT('Ctrl Pts',(-4.47535155190156,2.07447719619337,4.61282053645795));
#7852=CARTESIAN_POINT('Ctrl Pts',(-4.50826007082318,1.98103766471887,4.61282053645795));
#7853=CARTESIAN_POINT('Ctrl Pts',(-4.53835758140909,1.88663363721141,4.61282053645795));
#7854=CARTESIAN_POINT('Ctrl Pts',(-4.55436786765582,1.83641567985165,4.61282053645795));
#7855=CARTESIAN_POINT('Ctrl Pts',(-4.5695825457458,1.78592479897608,4.61282053645795));
#7856=CARTESIAN_POINT('Ctrl Pts',(-4.58399385590264,1.73518099451101,4.61282053645795));
#7857=CARTESIAN_POINT('Ctrl Pts',(-4.58956552975335,1.71556251948364,4.61282053645795));
#7858=CARTESIAN_POINT('Ctrl Pts',(-4.59501664953079,1.69590768550815,4.61282053645795));
#7859=CARTESIAN_POINT('Ctrl Pts',(-4.60034375391918,1.67622944149961,4.61282053645795));
#7860=CARTESIAN_POINT('Ctrl Pts',(-4.63790446059768,1.53748075229364,4.61282053645795));
#7861=CARTESIAN_POINT('Ctrl Pts',(-4.6693496651862,1.39740983579052,4.61282053645795));
#7862=CARTESIAN_POINT('Ctrl Pts',(-4.69461699925146,1.25642857197493,4.61282053645795));
#7863=CARTESIAN_POINT('Ctrl Pts',(-4.71978512360856,1.11600085725963,4.61282053645795));
#7864=CARTESIAN_POINT('Ctrl Pts',(-4.73882382307729,0.97466913767335,4.61282053645795));
#7865=CARTESIAN_POINT('Ctrl Pts',(-4.75162040780904,0.832837039420328,4.61282053645795));
#7866=CARTESIAN_POINT('Ctrl Pts',(-4.76427026689196,0.692631188097814,4.61282053645795));
#7867=CARTESIAN_POINT('Ctrl Pts',(-4.77082030307718,0.551935646057283,4.61282053645795));
#7868=CARTESIAN_POINT('Ctrl Pts',(-4.77111180175417,0.41114817920195,4.61282053645795));
#7869=CARTESIAN_POINT('Ctrl Pts',(-4.77130984116507,0.315499487806287,4.61282053645795));
#7870=CARTESIAN_POINT('Ctrl Pts',(-4.7686181508696,0.219808536641982,4.61282053645795));
#7871=CARTESIAN_POINT('Ctrl Pts',(-4.76297367244179,0.124204691372223,4.61282053645795));
#7872=CARTESIAN_POINT('Ctrl Pts',(-4.76015143322788,0.0764027687373431,
4.61282053645795));
#7873=CARTESIAN_POINT('Ctrl Pts',(-4.75659082771527,0.028622694299133,4.61282053645795));
#7874=CARTESIAN_POINT('Ctrl Pts',(-4.75228295138481,-0.01911886565607,4.61282053645795));
#7875=CARTESIAN_POINT('Ctrl Pts',(-4.74937038885722,-0.0513970156927043,
4.61282053645795));
#7876=CARTESIAN_POINT('Ctrl Pts',(-4.7461162246139,-0.0836575530711695,
4.61282053645795));
#7877=CARTESIAN_POINT('Ctrl Pts',(-4.74251752861531,-0.115895226363312,
4.61282053645795));
#7878=CARTESIAN_POINT('Ctrl Pts',(-4.74079351062371,-0.131339245192504,
4.61282053645795));
#7879=CARTESIAN_POINT('Ctrl Pts',(-4.73899035292597,-0.146778286823029,
4.61282053645795));
#7880=CARTESIAN_POINT('Ctrl Pts',(-4.73710906441717,-0.162201557744544,
4.61282053645795));
#7881=CARTESIAN_POINT('Ctrl Pts',(-4.72025045631211,-0.300412618380398,
4.61282053645795));
#7882=CARTESIAN_POINT('Ctrl Pts',(-4.69710051705987,-0.437558280199963,
4.61282053645795));
#7883=CARTESIAN_POINT('Ctrl Pts',(-4.66788542308319,-0.573273034491401,
4.61282053645795));
#7884=CARTESIAN_POINT('Ctrl Pts',(-4.63847897518814,-0.709876697442033,
4.61282053645795));
#7885=CARTESIAN_POINT('Ctrl Pts',(-4.60292727352358,-0.845031393408552,
4.61282053645795));
#7886=CARTESIAN_POINT('Ctrl Pts',(-4.5614103161173,-0.978347925829678,4.61282053645795));
#7887=CARTESIAN_POINT('Ctrl Pts',(-4.52019374633177,-1.11069987321174,4.61282053645795));
#7888=CARTESIAN_POINT('Ctrl Pts',(-4.47309746033214,-1.24124082989378,4.61282053645795));
#7889=CARTESIAN_POINT('Ctrl Pts',(-4.42025439233696,-1.36956329517863,4.61282053645795));
#7890=CARTESIAN_POINT('Ctrl Pts',(-4.37210901780798,-1.48647802753644,4.61282053645795));
#7891=CARTESIAN_POINT('Ctrl Pts',(-4.31919248445518,-1.60155124552222,4.61282053645795));
#7892=CARTESIAN_POINT('Ctrl Pts',(-4.26157852632731,-1.71444822917161,4.61282053645795));
#7893=CARTESIAN_POINT('Origin',(-3.69642828550804E-16,1.64949607561963E-16,
4.61282053645795));
#7894=CARTESIAN_POINT('Ctrl Pts',(-2.02011543855311,-3.75397157881222,10.4134113828511));
#7895=CARTESIAN_POINT('Ctrl Pts',(-2.82518239963381,-3.32074288674451,10.3622134513993));
#7896=CARTESIAN_POINT('Ctrl Pts',(-4.14543031582782,-1.92205088869036,10.2598175884957));
#7897=CARTESIAN_POINT('Ctrl Pts',(-4.46829153986,0.953466049431689,10.1062237941404));
#7898=CARTESIAN_POINT('Ctrl Pts',(-3.00537621659267,3.43640103401185,9.95262999978507));
#7899=CARTESIAN_POINT('Ctrl Pts',(-0.0419655997504484,4.69002856752024,
9.78197022827916));
#7900=CARTESIAN_POINT('Ctrl Pts',(3.4006553023121,3.4183897962706,9.59424447962265));
#7901=CARTESIAN_POINT('Ctrl Pts',(4.8131904863769,-0.341139125939323,9.38945275381553));
#7902=CARTESIAN_POINT('Ctrl Pts',(2.88837730127882,-3.85917675644084,9.18466102800843));
#7903=CARTESIAN_POINT('Ctrl Pts',(-1.02926482033671,-4.71390129441909,8.97986930220133));
#7904=CARTESIAN_POINT('Ctrl Pts',(-4.23889345776096,-2.29977555555388,8.77507757639421));
#7905=CARTESIAN_POINT('Ctrl Pts',(-4.48712201412044,1.36268386880792,8.58735182773771));
#7906=CARTESIAN_POINT('Ctrl Pts',(-2.45087136384128,3.85182092382031,8.41669205623177));
#7907=CARTESIAN_POINT('Ctrl Pts',(0.34507214412868,4.55668356209337,8.26309826187647));
#7908=CARTESIAN_POINT('Ctrl Pts',(3.01182990371355,3.43470370003794,8.10950446752112));
#7909=CARTESIAN_POINT('Ctrl Pts',(4.4694751217691,0.945404342877208,7.95591067316581));
#7910=CARTESIAN_POINT('Ctrl Pts',(4.14257995552173,-1.93128037603677,7.80231687881046));
#7911=CARTESIAN_POINT('Ctrl Pts',(2.37827445610908,-3.78570925434595,7.66578906160573));
#7912=CARTESIAN_POINT('Ctrl Pts',(-0.324759696311969,-4.56712300554068,
7.5121952672504));
#7913=CARTESIAN_POINT('Ctrl Pts',(-3.4384979065489,-3.38313279341147,7.34153549574448));
#7914=CARTESIAN_POINT('Ctrl Pts',(-4.81002436684106,0.395862819073048,7.13674376993737));
#7915=CARTESIAN_POINT('Ctrl Pts',(-2.84261082838543,3.89310700826185,6.93195204413027));
#7916=CARTESIAN_POINT('Ctrl Pts',(0.752493636213706,4.63024343615903,6.74422629547375));
#7917=CARTESIAN_POINT('Ctrl Pts',(3.49182190849871,2.94051193619383,6.57356652396783));
#7918=CARTESIAN_POINT('Ctrl Pts',(4.56115340301706,0.265066177435087,6.41997272961251));
#7919=CARTESIAN_POINT('Ctrl Pts',(3.80605226033459,-2.52856114705117,6.26637893525717));
#7920=CARTESIAN_POINT('Ctrl Pts',(2.28894393055516,-3.71075795408965,6.16398307235362));
#7921=CARTESIAN_POINT('Ctrl Pts',(1.42749130804987,-4.01689401964411,6.11278514090184));
#7922=CARTESIAN_POINT('Ctrl Pts',(-2.17687483884829,-4.04285178023685,10.6031369500912));
#7923=CARTESIAN_POINT('Ctrl Pts',(-3.04389438796172,-3.57600507381582,10.5519390186394));
#7924=CARTESIAN_POINT('Ctrl Pts',(-4.46555392682612,-2.06912013806716,10.4495431557359));
#7925=CARTESIAN_POINT('Ctrl Pts',(-4.81253216523861,1.02818108399662,10.2959493613805));
#7926=CARTESIAN_POINT('Ctrl Pts',(-3.23615920625804,3.70215183955151,10.1423555670252));
#7927=CARTESIAN_POINT('Ctrl Pts',(-0.0439368347024248,5.05163298966018,
9.97169579551927));
#7928=CARTESIAN_POINT('Ctrl Pts',(3.6637614889061,3.68102509240645,9.78397004686277));
#7929=CARTESIAN_POINT('Ctrl Pts',(5.18418728526757,-0.36873781337376,9.57917832105564));
#7930=CARTESIAN_POINT('Ctrl Pts',(3.11002590573659,-4.15749128990983,9.37438659524855));
#7931=CARTESIAN_POINT('Ctrl Pts',(-1.10989004048163,-5.07705751335521,9.16959486944144));
#7932=CARTESIAN_POINT('Ctrl Pts',(-4.56632481959242,-2.47594163681782,8.96480314363435));
#7933=CARTESIAN_POINT('Ctrl Pts',(-4.83270411351676,1.46895401531893,8.77707739497781));
#7934=CARTESIAN_POINT('Ctrl Pts',(-2.63879098347685,4.14945035347475,8.6064176234719));
#7935=CARTESIAN_POINT('Ctrl Pts',(0.37290490570101,4.90790307710796,8.45282382911658));
#7936=CARTESIAN_POINT('Ctrl Pts',(3.24496271593701,3.69870154255776,8.29923003476124));
#7937=CARTESIAN_POINT('Ctrl Pts',(4.81431881723051,1.0170886137018,8.14563624040592));
#7938=CARTESIAN_POINT('Ctrl Pts',(4.46144517357192,-2.08129552416664,7.99204244605058));
#7939=CARTESIAN_POINT('Ctrl Pts',(2.56061480811416,-4.07822194996354,7.85551462884585));
#7940=CARTESIAN_POINT('Ctrl Pts',(-0.351029242970493,-4.91915288538845,
7.70192083449051));
#7941=CARTESIAN_POINT('Ctrl Pts',(-3.7045121927152,-3.64303961136349,7.53126106298461));
#7942=CARTESIAN_POINT('Ctrl Pts',(-5.18076225203639,0.427679760513674,7.32646933717748));
#7943=CARTESIAN_POINT('Ctrl Pts',(-3.06072177884335,4.19402513579029,7.12167761137039));
#7944=CARTESIAN_POINT('Ctrl Pts',(0.811757730416869,4.98702446048141,6.93395186271387));
#7945=CARTESIAN_POINT('Ctrl Pts',(3.76182806888288,3.16627904683567,6.76329209120795));
#7946=CARTESIAN_POINT('Ctrl Pts',(4.91288192134762,0.284272856077792,6.60969829685262));
#7947=CARTESIAN_POINT('Ctrl Pts',(4.09881081197216,-2.72453496670249,6.45610450249729));
#7948=CARTESIAN_POINT('Ctrl Pts',(2.46441717933424,-3.99746785938461,6.35370863959374));
#7949=CARTESIAN_POINT('Ctrl Pts',(1.53646559637908,-4.32697446862337,6.30251070814196));
#7950=CARTESIAN_POINT('Ctrl Pts',(-2.33351680270893,-4.33179003650121,10.7928707518683));
#7951=CARTESIAN_POINT('Ctrl Pts',(-3.26250128332351,-3.83135027231046,10.7416728204166));
#7952=CARTESIAN_POINT('Ctrl Pts',(-4.78561420423212,-2.21631475725727,10.639276957513));
#7953=CARTESIAN_POINT('Ctrl Pts',(-5.156797280323,1.1027579789845,10.4856831631577));
#7954=CARTESIAN_POINT('Ctrl Pts',(-3.46704454543082,3.96780667674431,10.3320893688024));
#7955=CARTESIAN_POINT('Ctrl Pts',(-0.0460519952882453,5.41323119619524,
10.1614295972964));
#7956=CARTESIAN_POINT('Ctrl Pts',(3.92675908531576,3.94376116474491,9.97370384863993));
#7957=CARTESIAN_POINT('Ctrl Pts',(5.55518941314392,-0.396188380971498,9.76891212283282));
#7958=CARTESIAN_POINT('Ctrl Pts',(3.33178996937793,-4.45571301693124,9.56412039702571));
#7959=CARTESIAN_POINT('Ctrl Pts',(-1.19036947328612,-5.44024036272897,9.35932867121861));
#7960=CARTESIAN_POINT('Ctrl Pts',(-4.89368105714491,-2.6522354381059,9.15453694541151));
#7961=CARTESIAN_POINT('Ctrl Pts',(-5.17832326137309,1.57508495863456,8.96681119675498));
#7962=CARTESIAN_POINT('Ctrl Pts',(-2.82682631327432,4.44700046990769,8.79615142524907));
#7963=CARTESIAN_POINT('Ctrl Pts',(0.4005974299749,5.25912829109379,8.64255763089374));
#7964=CARTESIAN_POINT('Ctrl Pts',(3.47798685095519,3.96278825324613,8.48896383653841));
#7965=CARTESIAN_POINT('Ctrl Pts',(5.15912875771273,1.088909072812,8.33537004218308));
#7966=CARTESIAN_POINT('Ctrl Pts',(4.78036527080786,-2.23118137143039,8.18177624782775));
#7967=CARTESIAN_POINT('Ctrl Pts',(2.74306890837789,-4.37065771015546,8.04524843062301));
#7968=CARTESIAN_POINT('Ctrl Pts',(-0.377158223604516,-5.27118779928843,
7.89165463626768));
#7969=CARTESIAN_POINT('Ctrl Pts',(-3.9704189266518,-3.90304843104409,7.72099486476176));
#7970=CARTESIAN_POINT('Ctrl Pts',(-5.55150721864219,0.459348615784003,7.51620313895465));
#7971=CARTESIAN_POINT('Ctrl Pts',(-3.2789492686045,4.49485186421766,7.31141141314756));
#7972=CARTESIAN_POINT('Ctrl Pts',(0.870878889843773,5.34382361982178,7.12368566449103));
#7973=CARTESIAN_POINT('Ctrl Pts',(4.0317402101629,3.39215029453362,6.95302589298511));
#7974=CARTESIAN_POINT('Ctrl Pts',(5.26459749926792,0.303619229948646,6.7994320986298));
#7975=CARTESIAN_POINT('Ctrl Pts',(4.39164288399188,-2.92038910908139,6.64583830427445));
#7976=CARTESIAN_POINT('Ctrl Pts',(2.64000205913142,-4.28410375904753,6.5434424413709));
#7977=CARTESIAN_POINT('Ctrl Pts',(1.64556173478666,-4.63700681106487,6.49224450991913));
#7978=CARTESIAN_POINT('Ctrl Pts',(-2.49009780365622,-4.62075902079159,10.9826079278346));
#7979=CARTESIAN_POINT('Ctrl Pts',(-3.48105374049684,-4.08673913558577,10.9314099963829));
#7980=CARTESIAN_POINT('Ctrl Pts',(-5.10564199253793,-2.36357497233425,10.8290141334793));
#7981=CARTESIAN_POINT('Ctrl Pts',(-5.50107571209367,1.17726299493706,10.675420339124));
#7982=CARTESIAN_POINT('Ctrl Pts',(-3.69798360858985,4.23341191593825,10.5218265447687));
#7983=CARTESIAN_POINT('Ctrl Pts',(-0.0482421769975592,5.77482675008003,
10.3511667732627));
#7984=CARTESIAN_POINT('Ctrl Pts',(4.18970050196462,4.20655018926622,10.1634410246062));
#7985=CARTESIAN_POINT('Ctrl Pts',(5.9261949140493,-0.423561788124254,9.95864929879909));
#7986=CARTESIAN_POINT('Ctrl Pts',(3.55361457595212,-4.75388684809821,9.75385757299201));
#7987=CARTESIAN_POINT('Ctrl Pts',(-1.2707730483741,-5.80343768122455,9.54906584718487));
#7988=CARTESIAN_POINT('Ctrl Pts',(-5.22099866352479,-2.82859609801032,9.3442741213778));
#7989=CARTESIAN_POINT('Ctrl Pts',(-5.5239622756109,1.68114351532476,9.15654837272125));
#7990=CARTESIAN_POINT('Ctrl Pts',(-3.01492226324515,4.74450972694312,8.98588860121536));
#7991=CARTESIAN_POINT('Ctrl Pts',(0.428216903727314,5.61035703716509,8.83229480686001));
#7992=CARTESIAN_POINT('Ctrl Pts',(3.7109547127772,4.22692171514698,8.6787010125047));
#7993=CARTESIAN_POINT('Ctrl Pts',(5.50392166091377,1.16080063200948,8.52510721814935));
#7994=CARTESIAN_POINT('Ctrl Pts',(5.09931448635443,-2.38100005830908,8.37151342379404));
#7995=CARTESIAN_POINT('Ctrl Pts',(2.92558259616676,-4.66305384843166,8.23498560658928));
#7996=CARTESIAN_POINT('Ctrl Pts',(-0.403213977337226,-5.62322589766462,
8.08139181223397));
#7997=CARTESIAN_POINT('Ctrl Pts',(-4.23627002628608,-4.16311083943877,7.91073204072804));
#7998=CARTESIAN_POINT('Ctrl Pts',(-5.92225647688338,0.490940334767126,7.70594031492093));
#7999=CARTESIAN_POINT('Ctrl Pts',(-3.49723785763661,4.79563143760852,7.50114858911384));
#8000=CARTESIAN_POINT('Ctrl Pts',(0.929925642887534,5.70063280286382,7.31342284045731));
#8001=CARTESIAN_POINT('Ctrl Pts',(4.30160377773521,3.61807619120026,7.14276306895139));
#8002=CARTESIAN_POINT('Ctrl Pts',(5.61630690226619,0.32303844474019,6.98916927459607));
#8003=CARTESIAN_POINT('Ctrl Pts',(4.68451374471185,-3.11618117519539,6.83557548024074));
#8004=CARTESIAN_POINT('Ctrl Pts',(2.81564541859621,-4.5707015635779,6.73317961733718));
#8005=CARTESIAN_POINT('Ctrl Pts',(1.75472156540625,-4.94701457728787,6.68198168588541));
#8006=CARTESIAN_POINT('Ctrl Pts',(5.25371300300101,-0.00187587779112218,
9.97560770522312));
#8007=CARTESIAN_POINT('Ctrl Pts',(5.25421069599191,-0.125922537484474,9.96995490308177));
#8008=CARTESIAN_POINT('Ctrl Pts',(5.25012796307565,-0.249931227312603,9.96430210094042));
#8009=CARTESIAN_POINT('Ctrl Pts',(5.24134912235228,-0.373597301888166,9.95864929879907));
#8010=CARTESIAN_POINT('Ctrl Pts',(5.1353348013502,-1.86700347478223,9.8903853901967));
#8011=CARTESIAN_POINT('Ctrl Pts',(4.34447468865114,-3.3104451614402,9.82212148159434));
#8012=CARTESIAN_POINT('Ctrl Pts',(3.14498002824725,-4.20709114362358,9.75385757299198));
#8013=CARTESIAN_POINT('Ctrl Pts',(1.94548536784336,-5.10373712580695,9.68559366438961));
#8014=CARTESIAN_POINT('Ctrl Pts',(0.337356159734643,-5.45358740351573,9.61732975578723));
#8015=CARTESIAN_POINT('Ctrl Pts',(-1.12507938017816,-5.13270561183442,9.54906584718486));
#8016=CARTESIAN_POINT('Ctrl Pts',(-2.58751492009097,-4.81182382015311,9.48080193858249));
#8017=CARTESIAN_POINT('Ctrl Pts',(-3.90425679180786,-3.82020995908171,9.41253802998014));
#8018=CARTESIAN_POINT('Ctrl Pts',(-4.61771202077287,-2.504450371576,9.34427412137777));
#8019=CARTESIAN_POINT('Ctrl Pts',(-5.33116724973788,-1.18869078407029,9.2760102127754));
#8020=CARTESIAN_POINT('Ctrl Pts',(-5.44133583595102,0.451214529869735,9.20774630417301));
#8021=CARTESIAN_POINT('Ctrl Pts',(-4.91505608435876,1.85422908421394,9.13948239557065));
#8022=CARTESIAN_POINT('Ctrl Pts',(-4.52034627066457,2.90648999997208,9.08828446411887));
#8023=CARTESIAN_POINT('Ctrl Pts',(-3.76763426695486,3.82549986345758,9.0370865326671));
#8024=CARTESIAN_POINT('Ctrl Pts',(-2.81742173727126,4.42931268023732,8.98588860121533));
#8025=CARTESIAN_POINT('Ctrl Pts',(-1.86720920758766,5.03312549701707,8.93469066976355));
#8026=CARTESIAN_POINT('Ctrl Pts',(-0.719496151930171,5.32174126709106,8.88349273831177));
#8027=CARTESIAN_POINT('Ctrl Pts',(0.401483344073546,5.23547659845837,8.83229480686));
#8028=CARTESIAN_POINT('Ctrl Pts',(1.52246284007727,5.14921192982569,8.78109687540822));
#8029=CARTESIAN_POINT('Ctrl Pts',(2.61670877642722,4.68806682248632,8.72989894395645));
#8030=CARTESIAN_POINT('Ctrl Pts',(3.46265956929162,3.94647408829372,8.67870101250467));
#8031=CARTESIAN_POINT('Ctrl Pts',(4.30861036215602,3.20488135410112,8.62750308105289));
#8032=CARTESIAN_POINT('Ctrl Pts',(4.90626601153487,2.1828409930553,8.57630514960111));
#8033=CARTESIAN_POINT('Ctrl Pts',(5.13765930713108,1.0815206974793,8.52510721814934));
#8034=CARTESIAN_POINT('Ctrl Pts',(5.21223169061406,0.726592179746461,8.50860738064143));
#8035=CARTESIAN_POINT('Ctrl Pts',(5.24876352409319,0.363429530706785,8.49210754313352));
#8036=CARTESIAN_POINT('Ctrl Pts',(5.24812916848112,0.0001227659681248,8.47560770562561));
#8037=CARTESIAN_POINT('Ctrl Pts',(4.41226415289262,9.95864600507129E-5,
7.99288584776676));
#8038=CARTESIAN_POINT('Ctrl Pts',(4.41279678087312,0.306246744003612,8.00942365421421));
#8039=CARTESIAN_POINT('Ctrl Pts',(4.38194040013433,0.612272928985512,8.02596146066166));
#8040=CARTESIAN_POINT('Ctrl Pts',(4.31895808912444,0.911329194110584,8.04249926710911));
#8041=CARTESIAN_POINT('Ctrl Pts',(4.12397672614837,1.83715102004311,8.09369719856089));
#8042=CARTESIAN_POINT('Ctrl Pts',(3.62109887750458,2.69617279345751,8.14489513001266));
#8043=CARTESIAN_POINT('Ctrl Pts',(2.90958396820364,3.31931383916568,8.19609306146443));
#8044=CARTESIAN_POINT('Ctrl Pts',(2.1980690589027,3.94245488487385,8.24729099291621));
#8045=CARTESIAN_POINT('Ctrl Pts',(1.27791708894462,4.32971520287579,8.29848892436799));
#8046=CARTESIAN_POINT('Ctrl Pts',(0.335439745100689,4.4017910040081,8.34968685581977));
#8047=CARTESIAN_POINT('Ctrl Pts',(-0.607037598743243,4.4738668051404,8.40088478727155));
#8048=CARTESIAN_POINT('Ctrl Pts',(-1.57184031647301,4.23075808940308,8.45208271872332));
#8049=CARTESIAN_POINT('Ctrl Pts',(-2.37047170930286,3.72273251795174,8.50328065017509));
#8050=CARTESIAN_POINT('Ctrl Pts',(-3.16910310213271,3.21470694650039,8.55447858162687));
#8051=CARTESIAN_POINT('Ctrl Pts',(-3.80156317006263,2.44176451933503,8.60567651307865));
#8052=CARTESIAN_POINT('Ctrl Pts',(-4.13298607854478,1.55693733265065,8.65687444453043));
#8053=CARTESIAN_POINT('Ctrl Pts',(-4.57488328985431,0.377167750404818,8.7251383531328));
#8054=CARTESIAN_POINT('Ctrl Pts',(-4.48160332881225,-1.00150807098593,8.79340226173516));
#8055=CARTESIAN_POINT('Ctrl Pts',(-3.881251310939,-2.1074224016968,8.86166617033753));
#8056=CARTESIAN_POINT('Ctrl Pts',(-3.28089929306574,-3.21333673240766,8.9299300789399));
#8057=CARTESIAN_POINT('Ctrl Pts',(-2.17347521836129,-4.04648957243866,8.99819398754227));
#8058=CARTESIAN_POINT('Ctrl Pts',(-0.943830926765988,-4.31567841767425,
9.06645789614464));
#8059=CARTESIAN_POINT('Ctrl Pts',(0.285813364829324,-4.58486726290983,9.13472180474701));
#8060=CARTESIAN_POINT('Ctrl Pts',(1.63767787331549,-4.29009211335,9.20298571334938));
#8061=CARTESIAN_POINT('Ctrl Pts',(2.64577114561318,-3.53577250105618,9.27124962195174));
#8062=CARTESIAN_POINT('Ctrl Pts',(3.65386441791087,-2.78145288876236,9.33951353055411));
#8063=CARTESIAN_POINT('Ctrl Pts',(4.31818645402009,-1.56758881373454,9.40777743915648));
#8064=CARTESIAN_POINT('Ctrl Pts',(4.40671703264047,-0.311992715924914,9.47604134775885));
#8065=CARTESIAN_POINT('Ctrl Pts',(4.41399883701284,-0.208717606946275,9.4816561809146));
#8066=CARTESIAN_POINT('Ctrl Pts',(4.41738520042445,-0.105160165486312,9.48727101407035));
#8067=CARTESIAN_POINT('Ctrl Pts',(4.4169715533831,-0.00157134457382743,
9.49288584722611));
#8068=CARTESIAN_POINT('Ctrl Pts',(1.76049920772324,3.88485349735354,6.67960329691364));
#8069=CARTESIAN_POINT('Ctrl Pts',(2.33482272858168,3.62198743605787,6.64425770594017));
#8070=CARTESIAN_POINT('Ctrl Pts',(2.85243214712732,3.23088729819786,6.60891211496671));
#8071=CARTESIAN_POINT('Ctrl Pts',(3.25914458344278,2.74806403475708,6.57356652399325));
#8072=CARTESIAN_POINT('Ctrl Pts',(3.84826574004464,2.04869668329527,6.52236859254147));
#8073=CARTESIAN_POINT('Ctrl Pts',(4.20470957155441,1.15688143036647,6.4711706610897));
#8074=CARTESIAN_POINT('Ctrl Pts',(4.2570812968609,0.24536924981622,6.41997272963792));
#8075=CARTESIAN_POINT('Ctrl Pts',(4.30945302216739,-0.666142930734036,6.36877479818614));
#8076=CARTESIAN_POINT('Ctrl Pts',(4.05775264127059,-1.59735203890574,6.31757686673436));
#8077=CARTESIAN_POINT('Ctrl Pts',(3.55262536837341,-2.35850579475425,6.26637893528259));
#8078=CARTESIAN_POINT('Ctrl Pts',(3.3223469309436,-2.7055021003295,6.24303871928765));
#8079=CARTESIAN_POINT('Ctrl Pts',(3.0393991858107,-3.01715607262918,6.21969850329271));
#8080=CARTESIAN_POINT('Ctrl Pts',(2.7180439845811,-3.28258082251166,6.19635828729778));
#8081=CARTESIAN_POINT('Ctrl Pts',(-1.65341920520948,-3.92929687499487,6.10959417140208));
#8082=CARTESIAN_POINT('Ctrl Pts',(-2.58816358965751,-3.53596331777667,6.05280187724163));
#8083=CARTESIAN_POINT('Ctrl Pts',(-4.16174043788691,-2.05723160758098,5.93921728892073));
#8084=CARTESIAN_POINT('Ctrl Pts',(-4.49217864064958,1.17158713720539,5.76884040643938));
#8085=CARTESIAN_POINT('Ctrl Pts',(-3.25075244126737,2.93840703733932,5.65525581811849));
#8086=CARTESIAN_POINT('Ctrl Pts',(-2.41505852919693,3.51292773915906,5.59846352395804));
#8087=CARTESIAN_POINT('Ctrl Pts',(-1.76150102986779,-4.18614981013411,6.27048244641625));
#8088=CARTESIAN_POINT('Ctrl Pts',(-2.75734841731829,-3.76710455897311,6.21369015225581));
#8089=CARTESIAN_POINT('Ctrl Pts',(-4.43378790102503,-2.19171011441793,6.10010556393491));
#8090=CARTESIAN_POINT('Ctrl Pts',(-4.78582641167022,1.24817223742461,5.92972868145356));
#8091=CARTESIAN_POINT('Ctrl Pts',(-3.46324982502681,3.13048681552493,5.81614409313266));
#8092=CARTESIAN_POINT('Ctrl Pts',(-2.57292770821082,3.74256317507563,5.75935179897221));
#8093=CARTESIAN_POINT('Ctrl Pts',(-1.8695828545261,-4.44300274527335,6.43137072143043));
#8094=CARTESIAN_POINT('Ctrl Pts',(-2.92653324497907,-3.99824580016955,6.37457842726998));
#8095=CARTESIAN_POINT('Ctrl Pts',(-4.70583536416316,-2.32618862125487,6.26099383894908));
#8096=CARTESIAN_POINT('Ctrl Pts',(-5.07947418269087,1.32475733764384,6.09061695646774));
#8097=CARTESIAN_POINT('Ctrl Pts',(-3.67574720878626,3.32256659371053,5.97703236814684));
#8098=CARTESIAN_POINT('Ctrl Pts',(-2.7307968872247,3.97219861099219,5.92024007398639));
#8099=CARTESIAN_POINT('Ctrl Pts',(-1.97766467918441,-4.69985568041258,6.59225899644461));
#8100=CARTESIAN_POINT('Ctrl Pts',(-3.09571807263984,-4.229387041366,6.53546670228416));
#8101=CARTESIAN_POINT('Ctrl Pts',(-4.97788282730128,-2.46066712809182,6.42188211396326));
#8102=CARTESIAN_POINT('Ctrl Pts',(-5.37312195371151,1.40134243786307,6.25150523148191));
#8103=CARTESIAN_POINT('Ctrl Pts',(-3.8882445925457,3.51464637189613,6.13792064316101));
#8104=CARTESIAN_POINT('Ctrl Pts',(-2.88866606623859,4.20183404690876,6.08112834900056));
#8105=CARTESIAN_POINT('Ctrl Pts',(-1.97766467918441,-4.69985568041258,6.59225899644461));
#8106=CARTESIAN_POINT('Ctrl Pts',(-3.09571807263984,-4.229387041366,6.53546670228416));
#8107=CARTESIAN_POINT('Ctrl Pts',(-4.97788282730128,-2.46066712809182,6.42188211396326));
#8108=CARTESIAN_POINT('Ctrl Pts',(-5.37312195371151,1.40134243786307,6.25150523148191));
#8109=CARTESIAN_POINT('Ctrl Pts',(-3.8882445925457,3.51464637189613,6.13792064316101));
#8110=CARTESIAN_POINT('Ctrl Pts',(-2.88866606623859,4.20183404690876,6.08112834900056));
#8111=CARTESIAN_POINT('Ctrl Pts',(-3.38958783694716,2.58135778902975,5.6742674104367));
#8112=CARTESIAN_POINT('Ctrl Pts',(-3.73074855439218,2.13322668042925,5.70579174243759));
#8113=CARTESIAN_POINT('Ctrl Pts',(-3.98504598913214,1.61904716475694,5.73731607443849));
#8114=CARTESIAN_POINT('Ctrl Pts',(-4.12674905701025,1.07515565477448,5.76884040643938));
#8115=CARTESIAN_POINT('Ctrl Pts',(-4.38203257306202,0.0953142222765962,
5.82563270059983));
#8116=CARTESIAN_POINT('Ctrl Pts',(-4.27188650547447,-0.980958692652191,
5.88242499476028));
#8117=CARTESIAN_POINT('Ctrl Pts',(-3.82341925962334,-1.88877807766551,5.93921728892073));
#8118=CARTESIAN_POINT('Ctrl Pts',(-3.60952690236938,-2.32175424263118,5.96630385496143));
#8119=CARTESIAN_POINT('Ctrl Pts',(-3.3186757500945,-2.71641184667833,5.99339042100214));
#8120=CARTESIAN_POINT('Ctrl Pts',(-2.97151871087628,-3.05348519615153,6.02047698704284));
#8121=CARTESIAN_POINT('Ctrl Pts',(2.74561454700453,3.26109947092651,5.28761916418365));
#8122=CARTESIAN_POINT('Ctrl Pts',(3.63387712052566,2.51324536062965,5.22259291432538));
#8123=CARTESIAN_POINT('Ctrl Pts',(4.75904939542791,0.256582862350045,5.09254041460885));
#8124=CARTESIAN_POINT('Ctrl Pts',(3.88302888167944,-2.10797340444551,4.96248791489232));
#8125=CARTESIAN_POINT('Ctrl Pts',(3.0803223186187,-2.94699565887354,4.89746166503405));
#8126=CARTESIAN_POINT('Ctrl Pts',(2.92509173531446,3.47427322631743,5.44850743919782));
#8127=CARTESIAN_POINT('Ctrl Pts',(3.87141885739011,2.67753288283517,5.38348118933956));
#8128=CARTESIAN_POINT('Ctrl Pts',(5.07014215440654,0.273355344399043,5.25342868962303));
#8129=CARTESIAN_POINT('Ctrl Pts',(4.13685733934494,-2.24576883537181,5.1233761899065));
#8130=CARTESIAN_POINT('Ctrl Pts',(3.28167891087496,-3.13963686387927,5.05834994004823));
#8131=CARTESIAN_POINT('Ctrl Pts',(3.1045689236244,3.68744698170836,5.609395714212));
#8132=CARTESIAN_POINT('Ctrl Pts',(4.10896059425456,2.84182040504068,5.54436946435374));
#8133=CARTESIAN_POINT('Ctrl Pts',(5.38123491338517,0.290127826448041,5.4143169646372));
#8134=CARTESIAN_POINT('Ctrl Pts',(4.39068579701043,-2.3835642662981,5.28426446492067));
#8135=CARTESIAN_POINT('Ctrl Pts',(3.48303550313121,-3.332278068885,5.21923821506241));
#8136=CARTESIAN_POINT('Ctrl Pts',(3.28404611193434,3.90062073709929,5.77028398922618));
#8137=CARTESIAN_POINT('Ctrl Pts',(4.34650233111901,3.0061079272462,5.70525773936791));
#8138=CARTESIAN_POINT('Ctrl Pts',(5.69232767236381,0.306900308497039,5.57520523965138));
#8139=CARTESIAN_POINT('Ctrl Pts',(4.64451425467593,-2.5213596972244,5.44515273993485));
#8140=CARTESIAN_POINT('Ctrl Pts',(3.68439209538747,-3.52491927389073,5.38012649007658));
#8141=CARTESIAN_POINT('',(4.02774227945251,-1.39658910575398,5.00000000000001));
#8142=CARTESIAN_POINT('Ctrl Pts',(4.02412176410375,-1.39322031556579,5.));
#8143=CARTESIAN_POINT('Ctrl Pts',(4.20526407813668,-0.872554978542314,5.03084680486962));
#8144=CARTESIAN_POINT('Ctrl Pts',(4.28829901847624,-0.318437844601945,5.06169360973924));
#8145=CARTESIAN_POINT('Ctrl Pts',(4.25875119826523,0.229609420221058,5.09254041460885));
#8146=CARTESIAN_POINT('Ctrl Pts',(4.22920406930561,0.777643863846817,5.12338649783821));
#8147=CARTESIAN_POINT('Ctrl Pts',(4.08707944732978,1.3196087223529,5.15423258106757));
#8148=CARTESIAN_POINT('Ctrl Pts',(3.85101674900586,1.81777042430155,5.18507866429692));
#8149=CARTESIAN_POINT('Ctrl Pts',(3.99626880542798,-1.50180867156374,5.));
#8150=CARTESIAN_POINT('Ctrl Pts',(4.00601240388119,-1.46574538641008,5.));
#8151=CARTESIAN_POINT('Ctrl Pts',(4.01529841461693,-1.42954617882987,5.00000000000001));
#8152=CARTESIAN_POINT('Ctrl Pts',(4.02412176410376,-1.39322031556576,5.00000000000001));
#8153=CARTESIAN_POINT('Ctrl Pts',(3.28404611193434,3.90062073709929,5.77028398922618));
#8154=CARTESIAN_POINT('Ctrl Pts',(4.34650233111901,3.0061079272462,5.70525773936791));
#8155=CARTESIAN_POINT('Ctrl Pts',(5.69232767236381,0.306900308497039,5.57520523965138));
#8156=CARTESIAN_POINT('Ctrl Pts',(4.64451425467593,-2.5213596972244,5.44515273993485));
#8157=CARTESIAN_POINT('Ctrl Pts',(3.68439209538747,-3.52491927389073,5.38012649007658));
#8158=CARTESIAN_POINT('Origin',(-1.08359836771422E-15,0.,13.8123464956316));
#8159=CARTESIAN_POINT('Ctrl Pts',(3.12174438862279,4.03077440672469,5.90532943237049));
#8160=CARTESIAN_POINT('Ctrl Pts',(4.21716691610324,3.17592146512767,5.84025116942348));
#8161=CARTESIAN_POINT('Ctrl Pts',(5.74625440897835,0.421702701931983,5.70447071166846));
#8162=CARTESIAN_POINT('Ctrl Pts',(4.65013072818949,-2.58001855070523,5.56869025391343));
#8163=CARTESIAN_POINT('Ctrl Pts',(3.57268522918717,-3.63809307923091,5.49798805910541));
#8164=CARTESIAN_POINT('Origin',(-1.08359836771422E-15,0.,13.8123464956316));
#8165=CARTESIAN_POINT('Ctrl Pts',(5.24643599480839,-0.0051855789108915,
10.10105096399));
#8166=CARTESIAN_POINT('Ctrl Pts',(5.25053802159892,-0.483092865874641,10.079288247024));
#8167=CARTESIAN_POINT('Ctrl Pts',(4.97631431289087,-2.65585537686259,9.98015266557337));
#8168=CARTESIAN_POINT('Ctrl Pts',(1.96348984643564,-5.83331389870629,9.80364421963807));
#8169=CARTESIAN_POINT('Ctrl Pts',(-3.70924732177179,-4.90598075339452,9.57152562618411));
#8170=CARTESIAN_POINT('Ctrl Pts',(-6.14500470556279,0.29908032947707,9.33940703273013));
#8171=CARTESIAN_POINT('Ctrl Pts',(-3.21402439662793,5.24609042002414,9.10728843927615));
#8172=CARTESIAN_POINT('Ctrl Pts',(2.52291602483188,5.61068828357506,8.87516984582218));
#8173=CARTESIAN_POINT('Ctrl Pts',(5.09222748599721,2.31468181533076,8.70642402072678));
#8174=CARTESIAN_POINT('Ctrl Pts',(5.25405258072006,0.311301973907236,8.61505106011604));
#8175=CARTESIAN_POINT('Ctrl Pts',(5.25149882311875,0.00393296409071615,
8.60105096398996));
#8176=CARTESIAN_POINT('Origin',(-1.08359836771422E-15,0.,13.8123464956316));
#8177=CARTESIAN_POINT('Ctrl Pts',(-1.60341031708696,-4.83285012483563,6.73634710846043));
#8178=CARTESIAN_POINT('Ctrl Pts',(-2.25376949045519,-4.6201531804018,6.70442688952725));
#8179=CARTESIAN_POINT('Ctrl Pts',(-4.33515067032382,-3.46647870953068,6.5951338061094));
#8180=CARTESIAN_POINT('Ctrl Pts',(-5.59126818216539,-0.148554981432687,
6.44715429044925));
#8181=CARTESIAN_POINT('Ctrl Pts',(-4.3989438196761,2.89129033754989,6.29924430232924));
#8182=CARTESIAN_POINT('Ctrl Pts',(-3.2916418785115,3.95104137243848,6.2287071786939));
#8183=CARTESIAN_POINT('Ctrl Pts',(-2.71732219670257,4.3141248268967,6.1968564873009));
#8184=CARTESIAN_POINT('Ctrl Pts',(2.82978446828455,4.24171202028798,5.92220122795354));
#8185=CARTESIAN_POINT('Ctrl Pts',(4.08599573742819,3.40365250061664,5.85149903314552));
#8186=CARTESIAN_POINT('Ctrl Pts',(5.7916550873523,0.546031902685279,5.71009464352947));
#8187=CARTESIAN_POINT('Ctrl Pts',(4.65013072818949,-2.58001855070523,5.56869025391343));
#8188=CARTESIAN_POINT('Ctrl Pts',(3.57268522918717,-3.63809307923091,5.49798805910541));
#8189=CARTESIAN_POINT('Ctrl Pts',(2.67513324154167,4.00989720372521,6.08308950296772));
#8190=CARTESIAN_POINT('Ctrl Pts',(3.86269100862581,3.21763867499622,6.01238730815969));
#8191=CARTESIAN_POINT('Ctrl Pts',(5.47513396209725,0.51619058277648,5.87098291854365));
#8192=CARTESIAN_POINT('Ctrl Pts',(4.39599532328876,-2.43901734076932,5.7295785289276));
#8193=CARTESIAN_POINT('Ctrl Pts',(3.37743355555178,-3.43926678556306,5.65887633411958));
#8194=CARTESIAN_POINT('Ctrl Pts',(2.52048201479879,3.77808238716243,6.24397777798189));
#8195=CARTESIAN_POINT('Ctrl Pts',(3.63938627982344,3.03162484937581,6.17327558317387));
#8196=CARTESIAN_POINT('Ctrl Pts',(5.1586128368422,0.486349262867681,6.03187119355783));
#8197=CARTESIAN_POINT('Ctrl Pts',(4.14185991838803,-2.29801613083342,5.89046680394178));
#8198=CARTESIAN_POINT('Ctrl Pts',(3.1821818819164,-3.24044049189522,5.81976460913376));
#8199=CARTESIAN_POINT('Ctrl Pts',(2.3658307880559,3.54626757059966,6.40486605299607));
#8200=CARTESIAN_POINT('Ctrl Pts',(3.41608155102106,2.84561102375539,6.33416385818805));
#8201=CARTESIAN_POINT('Ctrl Pts',(4.84209171158715,0.456507942958883,6.192759468572));
#8202=CARTESIAN_POINT('Ctrl Pts',(3.88772451348731,-2.15701492089751,6.05135507895596));
#8203=CARTESIAN_POINT('Ctrl Pts',(2.98693020828102,-3.04161419822737,5.98065288414794));
#8204=CARTESIAN_POINT('Ctrl Pts',(2.3658307880559,3.54626757059966,6.40486605299607));
#8205=CARTESIAN_POINT('Ctrl Pts',(3.41608155102106,2.84561102375539,6.33416385818805));
#8206=CARTESIAN_POINT('Ctrl Pts',(4.12908663130411,1.65105948335713,6.26346166338002));
#8207=CARTESIAN_POINT('Ctrl Pts',(4.24699737192067,0.400402997193902,6.192759468572));
#8208=CARTESIAN_POINT('Ctrl Pts',(4.36336999797414,-0.833939004430227,6.12297956527795));
#8209=CARTESIAN_POINT('Ctrl Pts',(3.90007271796194,-2.12293175043823,6.05319966198389));
#8210=CARTESIAN_POINT('Ctrl Pts',(3.02196544982677,-3.00678165407973,5.98341975868983));
#8211=CARTESIAN_POINT('Ctrl Pts',(-0.525683743664525,5.22261022876941,10.5));
#8212=CARTESIAN_POINT('Ctrl Pts',(0.320636841036484,5.30779693691302,10.4613135677577));
#8213=CARTESIAN_POINT('Ctrl Pts',(2.04735532583695,5.0541264294312,10.383940703273));
#8214=CARTESIAN_POINT('Ctrl Pts',(4.9086422381133,3.0095298211064,10.2291949743037));
#8215=CARTESIAN_POINT('Ctrl Pts',(5.92552448886689,-1.65477615825667,10.0357628130921));
#8216=CARTESIAN_POINT('Ctrl Pts',(1.96348984643564,-5.83331389870629,9.80364421963807));
#8217=CARTESIAN_POINT('Ctrl Pts',(-3.70924732177179,-4.90598075339452,9.57152562618411));
#8218=CARTESIAN_POINT('Ctrl Pts',(-6.14500470556279,0.29908032947707,9.33940703273013));
#8219=CARTESIAN_POINT('Ctrl Pts',(-3.21402439662793,5.24609042002414,9.10728843927615));
#8220=CARTESIAN_POINT('Ctrl Pts',(2.52291602483188,5.61068828357506,8.87516984582218));
#8221=CARTESIAN_POINT('Ctrl Pts',(6.05713657324376,1.07686123931159,8.64305125236821));
#8222=CARTESIAN_POINT('Ctrl Pts',(4.30214534914248,-4.39764342464177,8.41093265891423));
#8223=CARTESIAN_POINT('Ctrl Pts',(-1.20929608070973,-6.03202497380634,8.17881406546026));
#8224=CARTESIAN_POINT('Ctrl Pts',(-5.66498867647725,-2.39925757080047,7.94669547200627));
#8225=CARTESIAN_POINT('Ctrl Pts',(-5.17371490765304,3.32830322208309,7.71457687855232));
#8226=CARTESIAN_POINT('Ctrl Pts',(-0.16544817278499,6.15012556126382,7.48245828509833));
#8227=CARTESIAN_POINT('Ctrl Pts',(4.98856080019301,3.60066563535781,7.25033969164436));
#8228=CARTESIAN_POINT('Ctrl Pts',(5.78409435650514,-2.0907929887471,7.01822109819038));
#8229=CARTESIAN_POINT('Ctrl Pts',(1.53394487952578,-5.96069262120372,6.78610250473642));
#8230=CARTESIAN_POINT('Ctrl Pts',(-4.06550740164198,-4.61755066775562,6.55398391128243));
#8231=CARTESIAN_POINT('Ctrl Pts',(-5.75574949758504,-0.152925102478952,
6.3605517500708));
#8232=CARTESIAN_POINT('Ctrl Pts',(-4.47162495124188,3.12096589060805,6.20580602110147));
#8233=CARTESIAN_POINT('Ctrl Pts',(-3.16233551153894,4.27494449318266,6.12843315661682));
#8234=CARTESIAN_POINT('Ctrl Pts',(-2.40639171622361,4.66489870287559,6.08974672437449));
#8235=CARTESIAN_POINT('Ctrl Pts',(-0.497775468456324,4.94534458126505,10.6608882750142));
#8236=CARTESIAN_POINT('Ctrl Pts',(0.303614398723249,5.02600877159522,10.6222018427719));
#8237=CARTESIAN_POINT('Ctrl Pts',(1.93866230161648,4.78580549877746,10.5448289782872));
#8238=CARTESIAN_POINT('Ctrl Pts',(4.64804498714087,2.84975545580222,10.3900832493179));
#8239=CARTESIAN_POINT('Ctrl Pts',(5.61094149066452,-1.56692495686577,10.1966510881062));
#8240=CARTESIAN_POINT('Ctrl Pts',(1.8592491966852,-5.52362631254267,9.96453249465225));
#8241=CARTESIAN_POINT('Ctrl Pts',(-3.5123253200571,-4.64552479925482,9.73241390119829));
#8242=CARTESIAN_POINT('Ctrl Pts',(-5.818769617365,0.283202311096247,9.50029530774431));
#8243=CARTESIAN_POINT('Ctrl Pts',(-3.0433935211862,4.96757822143773,9.26817671429033));
#8244=CARTESIAN_POINT('Ctrl Pts',(2.38897573164845,5.31281977496588,9.03605812083636));
#8245=CARTESIAN_POINT('Ctrl Pts',(5.73556635826747,1.01969123892647,8.80393952738238));
#8246=CARTESIAN_POINT('Ctrl Pts',(4.07374670102644,-4.16417483360853,8.57182093392841));
#8247=CARTESIAN_POINT('Ctrl Pts',(-1.14509518381042,-5.71178792051986,8.33970234047443));
#8248=CARTESIAN_POINT('Ctrl Pts',(-5.36423738838842,-2.27188224031281,8.10758374702045));
#8249=CARTESIAN_POINT('Ctrl Pts',(-4.89904508719213,3.15160534352454,7.87546515356649));
#8250=CARTESIAN_POINT('Ctrl Pts',(-0.156664615761544,5.82361860951323,7.64334656011251));
#8251=CARTESIAN_POINT('Ctrl Pts',(4.72372071452835,3.40950817862579,7.41122796665853));
#8252=CARTESIAN_POINT('Ctrl Pts',(5.47701981011292,-1.97979388170496,7.17910937320456));
#8253=CARTESIAN_POINT('Ctrl Pts',(1.45250854757154,-5.64424256523583,6.9469907797506));
#8254=CARTESIAN_POINT('Ctrl Pts',(-3.84967173848248,-4.37240731611761,6.71487218629661));
#8255=CARTESIAN_POINT('Ctrl Pts',(-5.45017976493875,-0.144806388713003,
6.52144002508497));
#8256=CARTESIAN_POINT('Ctrl Pts',(-4.23422871962709,2.95527544261489,6.36669429611565));
#8257=CARTESIAN_POINT('Ctrl Pts',(-2.99444877199195,4.0479899242933,6.28932143163099));
#8258=CARTESIAN_POINT('Ctrl Pts',(-2.27863763768402,4.41724166879901,6.25063499938867));
#8259=CARTESIAN_POINT('Ctrl Pts',(-0.469867193248123,4.66807893376068,10.8217765500284));
#8260=CARTESIAN_POINT('Ctrl Pts',(0.286591956410014,4.74422060627743,10.783090117786));
#8261=CARTESIAN_POINT('Ctrl Pts',(1.82996927739602,4.51748456812371,10.7057172533014));
#8262=CARTESIAN_POINT('Ctrl Pts',(4.38744773616845,2.68998109049803,10.550971524332));
#8263=CARTESIAN_POINT('Ctrl Pts',(5.29635849246215,-1.47907375547486,10.3575393631204));
#8264=CARTESIAN_POINT('Ctrl Pts',(1.75500854693476,-5.21393872637906,10.1254207696664));
#8265=CARTESIAN_POINT('Ctrl Pts',(-3.31540331834241,-4.38506884511512,9.89330217621247));
#8266=CARTESIAN_POINT('Ctrl Pts',(-5.49253452916722,0.26732429271542,9.66118358275849));
#8267=CARTESIAN_POINT('Ctrl Pts',(-2.87276264574447,4.68906602285132,9.42906498930451));
#8268=CARTESIAN_POINT('Ctrl Pts',(2.25503543846502,5.0149512663567,9.19694639585053));
#8269=CARTESIAN_POINT('Ctrl Pts',(5.41399614329116,0.962521238541347,8.96482780239657));
#8270=CARTESIAN_POINT('Ctrl Pts',(3.84534805291042,-3.93070624257528,8.73270920894258));
#8271=CARTESIAN_POINT('Ctrl Pts',(-1.08089428691112,-5.39155086723339,8.50059061548862));
#8272=CARTESIAN_POINT('Ctrl Pts',(-5.06348610029957,-2.14450690982515,8.26847202203463));
#8273=CARTESIAN_POINT('Ctrl Pts',(-4.62437526673121,2.97490746496599,8.03635342858067));
#8274=CARTESIAN_POINT('Ctrl Pts',(-0.147881058738095,5.49711165776263,7.80423483512668));
#8275=CARTESIAN_POINT('Ctrl Pts',(4.45888062886369,3.21835072189377,7.57211624167272));
#8276=CARTESIAN_POINT('Ctrl Pts',(5.16994526372069,-1.86879477466282,7.33999764821873));
#8277=CARTESIAN_POINT('Ctrl Pts',(1.37107221561729,-5.32779250926794,7.10787905476478));
#8278=CARTESIAN_POINT('Ctrl Pts',(-3.63383607532297,-4.1272639644796,6.87576046131078));
#8279=CARTESIAN_POINT('Ctrl Pts',(-5.14461003229246,-0.136687674947052,
6.68232830009915));
#8280=CARTESIAN_POINT('Ctrl Pts',(-3.99683248801229,2.78958499462173,6.52758257112982));
#8281=CARTESIAN_POINT('Ctrl Pts',(-2.82656203244495,3.82103535540394,6.45020970664517));
#8282=CARTESIAN_POINT('Ctrl Pts',(-2.15088355914443,4.16958463472242,6.41152327440284));
#8283=CARTESIAN_POINT('Ctrl Pts',(-0.441958918039921,4.39081328625632,10.9826648250425));
#8284=CARTESIAN_POINT('Ctrl Pts',(0.26956951409678,4.46243244095963,10.9439783928002));
#8285=CARTESIAN_POINT('Ctrl Pts',(1.72127625317555,4.24916363746997,10.8666055283155));
#8286=CARTESIAN_POINT('Ctrl Pts',(4.12685048519603,2.53020672519385,10.7118597993462));
#8287=CARTESIAN_POINT('Ctrl Pts',(4.98177549425978,-1.39122255408396,10.5184276381346));
#8288=CARTESIAN_POINT('Ctrl Pts',(1.65076789718432,-4.90425114021544,10.2863090446806));
#8289=CARTESIAN_POINT('Ctrl Pts',(-3.11848131662772,-4.12461289097543,10.0541904512266));
#8290=CARTESIAN_POINT('Ctrl Pts',(-5.16629944096943,0.2514462743346,9.82207185777267));
#8291=CARTESIAN_POINT('Ctrl Pts',(-2.70213177030274,4.41055382426491,9.58995326431868));
#8292=CARTESIAN_POINT('Ctrl Pts',(2.12109514528159,4.71708275774752,9.35783467086472));
#8293=CARTESIAN_POINT('Ctrl Pts',(5.09242592831486,0.905351238156229,9.12571607741073));
#8294=CARTESIAN_POINT('Ctrl Pts',(3.61694940479439,-3.69723765154204,8.89359748395677));
#8295=CARTESIAN_POINT('Ctrl Pts',(-1.01669339001182,-5.07131381394692,8.66147889050278));
#8296=CARTESIAN_POINT('Ctrl Pts',(-4.76273481221073,-2.01713157933749,8.42936029704881));
#8297=CARTESIAN_POINT('Ctrl Pts',(-4.34970544627031,2.79820958640744,8.19724170359484));
#8298=CARTESIAN_POINT('Ctrl Pts',(-0.139097501714644,5.17060470601205,7.96512311014086));
#8299=CARTESIAN_POINT('Ctrl Pts',(4.19404054319903,3.02719326516174,7.73300451668689));
#8300=CARTESIAN_POINT('Ctrl Pts',(4.86287071732847,-1.75779566762068,7.50088592323291));
#8301=CARTESIAN_POINT('Ctrl Pts',(1.28963588366304,-5.01134245330006,7.26876732977895));
#8302=CARTESIAN_POINT('Ctrl Pts',(-3.41800041216347,-3.88212061284159,7.03664873632496));
#8303=CARTESIAN_POINT('Ctrl Pts',(-4.83904029964617,-0.128568961181104,
6.84321657511333));
#8304=CARTESIAN_POINT('Ctrl Pts',(-3.75943625639749,2.62389454662856,6.688470846144));
#8305=CARTESIAN_POINT('Ctrl Pts',(-2.65867529289795,3.59408078651459,6.61109798165935));
#8306=CARTESIAN_POINT('Ctrl Pts',(-2.02312948060484,3.92192760064583,6.57241154941702));
#8307=CARTESIAN_POINT('Ctrl Pts',(4.41510083947858,0.0033065670665678,9.08371578903249));
#8308=CARTESIAN_POINT('Ctrl Pts',(4.40538212801737,-1.166432768018,9.02034302067392));
#8309=CARTESIAN_POINT('Ctrl Pts',(3.33747397124161,-3.78011424523482,8.87959738783069));
#8310=CARTESIAN_POINT('Ctrl Pts',(-1.01669339001182,-5.07131381394692,8.66147889050278));
#8311=CARTESIAN_POINT('Ctrl Pts',(-4.76273481221073,-2.01713157933749,8.42936029704881));
#8312=CARTESIAN_POINT('Ctrl Pts',(-4.34970544627031,2.79820958640744,8.19724170359484));
#8313=CARTESIAN_POINT('Ctrl Pts',(-0.139097501714644,5.17060470601205,7.96512311014086));
#8314=CARTESIAN_POINT('Ctrl Pts',(3.67862406663198,3.28214696412671,7.76061447195342));
#8315=CARTESIAN_POINT('Ctrl Pts',(4.40304891015714,0.919465089118709,7.63347869825062));
#8316=CARTESIAN_POINT('Ctrl Pts',(4.40835784053434,-0.00240686192941,7.58371578903249));
#8317=CARTESIAN_POINT('Origin',(8.00000000000001,0.,5.00000000000001));
#8318=CARTESIAN_POINT('Origin',(3.83952129349534E-16,0.,5.));
#8319=CARTESIAN_POINT('Origin',(-5.3198186596622E-16,0.,10.5));
#8320=CARTESIAN_POINT('Origin',(-5.3198186596622E-16,0.,10.5));
#8321=CARTESIAN_POINT('Origin',(-5.3198186596622E-16,0.,10.5));
#8322=CARTESIAN_POINT('Origin',(-5.3198186596622E-16,0.,10.5));
#8323=CARTESIAN_POINT('Ctrl Pts',(-3.50567261659832,-2.42479480817152,5.56477917579736));
#8324=CARTESIAN_POINT('Ctrl Pts',(-3.96374683444505,-1.75970650983535,5.51955291198772));
#8325=CARTESIAN_POINT('Ctrl Pts',(-4.23115989688994,-0.962633268561211,
5.47432664817808));
#8326=CARTESIAN_POINT('Ctrl Pts',(-4.26081644264848,-0.156809924588701,
5.42910038436843));
#8327=CARTESIAN_POINT('Ctrl Pts',(-4.28849277819748,0.59520743584765,5.38689394323351));
#8328=CARTESIAN_POINT('Ctrl Pts',(-4.10910326655117,1.35484539677705,5.34468750209859));
#8329=CARTESIAN_POINT('Ctrl Pts',(-3.75345932053792,2.01940054688824,5.30248106096366));
#8330=CARTESIAN_POINT('Origin',(5.55111512312578E-15,10.,0.));
#8331=CARTESIAN_POINT('Ctrl Pts',(-3.92042177786331,-3.26038250572768,5.10327138172357));
#8332=CARTESIAN_POINT('Ctrl Pts',(-4.63439376806895,-2.40187239709186,5.05099277425768));
#8333=CARTESIAN_POINT('Ctrl Pts',(-5.47637520598033,-0.201545876154997,
4.94643555932591));
#8334=CARTESIAN_POINT('Ctrl Pts',(-4.79840875552244,2.05471896481092,4.84187834439413));
#8335=CARTESIAN_POINT('Ctrl Pts',(-4.14947387918073,2.96338784602975,4.78959973692825));
#8336=CARTESIAN_POINT('Ctrl Pts',(-3.706165871065,-3.08219856281153,5.26415965673774));
#8337=CARTESIAN_POINT('Ctrl Pts',(-4.38111840753384,-2.27060709513927,5.21188104927186));
#8338=CARTESIAN_POINT('Ctrl Pts',(-5.17708451681255,-0.190531144347089,
5.10732383434008));
#8339=CARTESIAN_POINT('Ctrl Pts',(-4.53616977274041,1.94242602798789,5.00276661940831));
#8340=CARTESIAN_POINT('Ctrl Pts',(-3.92269999129454,2.80143502918456,4.95048801194242));
#8341=CARTESIAN_POINT('Ctrl Pts',(-3.49190996426669,-2.90401461989538,5.42504793175192));
#8342=CARTESIAN_POINT('Ctrl Pts',(-4.12784304699872,-2.13934179318667,5.37276932428603));
#8343=CARTESIAN_POINT('Ctrl Pts',(-4.87779382764477,-0.17951641253918,5.26821210935426));
#8344=CARTESIAN_POINT('Ctrl Pts',(-4.27393078995838,1.83013309116486,5.16365489442249));
#8345=CARTESIAN_POINT('Ctrl Pts',(-3.69592610340835,2.63948221233937,5.1113762869566));
#8346=CARTESIAN_POINT('Ctrl Pts',(-3.27765405746838,-2.72583067697923,5.5859362067661));
#8347=CARTESIAN_POINT('Ctrl Pts',(-3.87456768646361,-2.00807649123408,5.53365759930021));
#8348=CARTESIAN_POINT('Ctrl Pts',(-4.57850313847699,-0.168501680731271,
5.42910038436843));
#8349=CARTESIAN_POINT('Ctrl Pts',(-4.01169180717634,1.71784015434182,5.32454316943666));
#8350=CARTESIAN_POINT('Ctrl Pts',(-3.46915221552215,2.47752939549418,5.27226456197078));
#8351=CARTESIAN_POINT('',(-4.92610334572581,-1.31655111075452,5.00000000000001));
#8352=CARTESIAN_POINT('Ctrl Pts',(-3.92042177786331,-3.26038250572768,5.10327138172357));
#8353=CARTESIAN_POINT('Ctrl Pts',(-4.39054953830254,-2.69508100899648,5.06884758781571));
#8354=CARTESIAN_POINT('Ctrl Pts',(-4.73364641969993,-2.02500348965617,5.03442379390786));
#8355=CARTESIAN_POINT('Ctrl Pts',(-4.92487240577712,-1.31514903369139,5.));
#8356=CARTESIAN_POINT('Ctrl Pts',(-4.92487240577713,-1.31514903369136,5.));
#8357=CARTESIAN_POINT('Ctrl Pts',(-5.02405683437319,-0.94696419623514,4.98214518644197));
#8358=CARTESIAN_POINT('Ctrl Pts',(-5.25316557494501,0.541293304647878,4.91201176541805));
#8359=CARTESIAN_POINT('Ctrl Pts',(-4.79840875552244,2.05471896481092,4.84187834439413));
#8360=CARTESIAN_POINT('Ctrl Pts',(-4.14947387918073,2.96338784602975,4.78959973692825));
#8361=CARTESIAN_POINT('Origin',(-1.08359836771422E-15,0.,13.8123464956316));
#8362=CARTESIAN_POINT('',(0.,0.,0.));
#8363=CARTESIAN_POINT('Origin',(9.25185853854298E-16,0.,10.5));
#8364=CARTESIAN_POINT('',(4.9249794826299,0.000129245504476023,5.98384152590359));
#8365=CARTESIAN_POINT('',(4.92360491991498,-0.00415619677763881,5.76615847409642));
#8366=CARTESIAN_POINT('',(4.925,6.03138548580071E-16,10.5));
#8367=CARTESIAN_POINT('',(4.91350361031651,0.332963508640203,4.5));
#8368=CARTESIAN_POINT('Ctrl Pts',(4.9249794826299,0.000129245504476023,
5.98384152590359));
#8369=CARTESIAN_POINT('Ctrl Pts',(4.92433808201215,-0.62452674560701,5.95356196711103));
#8370=CARTESIAN_POINT('Ctrl Pts',(4.80507727037222,-1.24942063328812,5.92328240831847));
#8371=CARTESIAN_POINT('Ctrl Pts',(4.57314803916682,-1.82924744287935,5.89300284952591));
#8372=CARTESIAN_POINT('Ctrl Pts',(4.26850687149044,-2.59085526353179,5.8532303719501));
#8373=CARTESIAN_POINT('Ctrl Pts',(3.76947817074801,-3.27470857084169,5.81345789437429));
#8374=CARTESIAN_POINT('Ctrl Pts',(3.13710288145462,-3.79715876716377,5.77368541679849));
#8375=CARTESIAN_POINT('Ctrl Pts',(2.50472759216123,-4.31960896348586,5.73391293922268));
#8376=CARTESIAN_POINT('Ctrl Pts',(1.73900571431687,-4.68065604882013,5.69414046164687));
#8377=CARTESIAN_POINT('Ctrl Pts',(0.933599970190644,-4.83613691879615,5.65436798407106));
#8378=CARTESIAN_POINT('Ctrl Pts',(0.128194226064414,-4.99161778877217,5.61459550649525));
#8379=CARTESIAN_POINT('Ctrl Pts',(-0.716895384343693,-4.94153244338995,
5.57482302891945));
#8380=CARTESIAN_POINT('Ctrl Pts',(-1.49829791667762,-4.69200730331838,5.53505055134364));
#8381=CARTESIAN_POINT('Ctrl Pts',(-2.27970044901156,-4.4424821632468,5.49527807376783));
#8382=CARTESIAN_POINT('Ctrl Pts',(-2.99741590327133,-3.99351722848586,5.45550559619202));
#8383=CARTESIAN_POINT('Ctrl Pts',(-3.56365367942753,-3.40002965668262,5.41573311861622));
#8384=CARTESIAN_POINT('Ctrl Pts',(-4.12989145558374,-2.80654208487938,5.37596064104041));
#8385=CARTESIAN_POINT('Ctrl Pts',(-4.54465155363639,-2.06853187603384,5.3361881634646));
#8386=CARTESIAN_POINT('Ctrl Pts',(-4.75720072250632,-1.27627209779978,5.2964156858888));
#8387=CARTESIAN_POINT('Ctrl Pts',(-4.96974989137625,-0.484012319565725,
5.25664320831299));
#8388=CARTESIAN_POINT('Ctrl Pts',(-4.98008813106346,0.362497028056848,5.21687073073718));
#8389=CARTESIAN_POINT('Ctrl Pts',(-4.78695087418284,1.15971138457939,5.17709825316137));
#8390=CARTESIAN_POINT('Ctrl Pts',(-4.59381361730222,1.95692574110192,5.13732577558557));
#8391=CARTESIAN_POINT('Ctrl Pts',(-4.19720086385376,2.70484510652443,5.09755329800976));
#8392=CARTESIAN_POINT('Ctrl Pts',(-3.64562608821744,3.31198426385271,5.05778082043395));
#8393=CARTESIAN_POINT('Ctrl Pts',(-3.09405131258111,3.919123421181,5.01800834285814));
#8394=CARTESIAN_POINT('Ctrl Pts',(-2.38751451475691,4.38548237041506,4.97823586528234));
#8395=CARTESIAN_POINT('Ctrl Pts',(-1.61243893114152,4.65401649061388,4.93846338770653));
#8396=CARTESIAN_POINT('Ctrl Pts',(-0.837363347526131,4.92255061081271,4.89869091013072));
#8397=CARTESIAN_POINT('Ctrl Pts',(0.00625102188044666,4.99325990197629,
4.85891843255491));
#8398=CARTESIAN_POINT('Ctrl Pts',(0.815213691188494,4.85749489257659,4.81914595497911));
#8399=CARTESIAN_POINT('Ctrl Pts',(1.62417636049654,4.7217298831769,4.7793734774033));
#8400=CARTESIAN_POINT('Ctrl Pts',(2.39848732970605,4.37949057321393,4.7396009998275));
#8401=CARTESIAN_POINT('Ctrl Pts',(3.04343324812674,3.872640187456,4.69982852225169));
#8402=CARTESIAN_POINT('Ctrl Pts',(3.68837916654744,3.36578980169806,4.66005604467588));
#8403=CARTESIAN_POINT('Ctrl Pts',(4.20396003417932,2.69432834014516,4.62028356710007));
#8404=CARTESIAN_POINT('Ctrl Pts',(4.52711028306783,1.94038729599528,4.58051108952426));
#8405=CARTESIAN_POINT('Ctrl Pts',(4.74516038709149,1.43165513914242,4.55367405968284));
#8406=CARTESIAN_POINT('Ctrl Pts',(4.87559562872454,0.885369513270655,4.52683702984142));
#8407=CARTESIAN_POINT('Ctrl Pts',(4.91350361031651,0.332963508640203,4.5));
#8408=CARTESIAN_POINT('',(2.74733260803008,4.09376758886886,4.50000000000001));
#8409=CARTESIAN_POINT('Origin',(1.95000710735444E-15,0.,4.5));
#8410=CARTESIAN_POINT('Ctrl Pts',(2.74733260803008,4.09376758886886,4.50000000000001));
#8411=CARTESIAN_POINT('Ctrl Pts',(2.60791533475475,4.18796566786302,4.50815760838071));
#8412=CARTESIAN_POINT('Ctrl Pts',(2.46362118159527,4.27469702829187,4.51631521676142));
#8413=CARTESIAN_POINT('Ctrl Pts',(2.3150663126774,4.35321462295953,4.52447282514212));
#8414=CARTESIAN_POINT('Ctrl Pts',(0.883727887040935,5.10973812942567,4.60307205532322));
#8415=CARTESIAN_POINT('Ctrl Pts',(-0.943153301194917,5.10373820444056,4.68167128550431));
#8416=CARTESIAN_POINT('Ctrl Pts',(-2.35898539325111,4.33212643446148,4.7602705156854));
#8417=CARTESIAN_POINT('Ctrl Pts',(-3.77481748530731,3.56051466448239,4.83886974586649));
#8418=CARTESIAN_POINT('Ctrl Pts',(-4.77960048118385,2.02329104950933,4.91746897604759));
#8419=CARTESIAN_POINT('Ctrl Pts',(-4.91605273934264,0.414216537086801,4.99606820622868));
#8420=CARTESIAN_POINT('Ctrl Pts',(-5.05250499750144,-1.19485797533573,5.07466743640977));
#8421=CARTESIAN_POINT('Ctrl Pts',(-4.32062651794249,-2.87578338520774,5.15326666659087));
#8422=CARTESIAN_POINT('Ctrl Pts',(-3.05209395689742,-3.87461251554055,5.23186589677196));
#8423=CARTESIAN_POINT('Ctrl Pts',(-1.78356139585235,-4.87344164587335,5.31046512695306));
#8424=CARTESIAN_POINT('Ctrl Pts',(0.0216252466788291,-5.19017449666697,
5.38906435713415));
#8425=CARTESIAN_POINT('Ctrl Pts',(1.55363999744018,-4.68172943528362,5.46766358731524));
#8426=CARTESIAN_POINT('Ctrl Pts',(3.08565474820154,-4.17328437390027,5.54626281749634));
#8427=CARTESIAN_POINT('Ctrl Pts',(4.34449760719306,-2.83966140033996,5.62486204767743));
#8428=CARTESIAN_POINT('Ctrl Pts',(4.76372135054725,-1.28056740540617,5.70346127785852));
#8429=CARTESIAN_POINT('Ctrl Pts',(4.87519043764519,-0.866013632939324,5.72436034327115));
#8430=CARTESIAN_POINT('Ctrl Pts',(4.92729876329085,-0.435519142514919,5.74525940868379));
#8431=CARTESIAN_POINT('Ctrl Pts',(4.92360491991498,-0.00415619677763881,
5.76615847409642));
#8432=CARTESIAN_POINT('Origin',(9.25185853854298E-16,0.,10.5));
#8433=CARTESIAN_POINT('',(4.92475664096831,-0.000109032163817491,7.48384152590359));
#8434=CARTESIAN_POINT('',(4.91929489688213,0.00296067316925072,7.26615847409642));
#8435=CARTESIAN_POINT('',(4.925,6.03138548580071E-16,10.5));
#8436=CARTESIAN_POINT('Ctrl Pts',(4.92475664096831,-0.000109032163817491,
7.48384152590359));
#8437=CARTESIAN_POINT('Ctrl Pts',(4.9249764972826,-0.273226102449485,7.47060417559652));
#8438=CARTESIAN_POINT('Ctrl Pts',(4.90264333104911,-0.546307593553117,7.45736682528946));
#8439=CARTESIAN_POINT('Ctrl Pts',(4.857438524954,-0.815549007478391,7.44412947498239));
#8440=CARTESIAN_POINT('Ctrl Pts',(4.72161775304494,-1.62450229869005,7.40435699740659));
#8441=CARTESIAN_POINT('Ctrl Pts',(4.37932531074143,-2.39878963878249,7.36458451983078));
#8442=CARTESIAN_POINT('Ctrl Pts',(3.87243024792163,-3.04370057178486,7.32481204225497));
#8443=CARTESIAN_POINT('Ctrl Pts',(3.36553518510183,-3.68861150478723,7.28503956467917));
#8444=CARTESIAN_POINT('Ctrl Pts',(2.69403750176576,-4.20414603069953,7.24526708710336));
#8445=CARTESIAN_POINT('Ctrl Pts',(1.94007445960287,-4.52724422598961,7.20549460952755));
#8446=CARTESIAN_POINT('Ctrl Pts',(1.18611141743999,-4.85034242127969,7.16572213195174));
#8447=CARTESIAN_POINT('Ctrl Pts',(0.349683016450284,-4.98100428594755,7.12594965437594));
#8448=CARTESIAN_POINT('Ctrl Pts',(-0.466899232145727,-4.9032473224547,7.08617717680013));
#8449=CARTESIAN_POINT('Ctrl Pts',(-1.28348148074174,-4.82549035896185,7.04640469922432));
#8450=CARTESIAN_POINT('Ctrl Pts',(-2.08021757694407,-4.53931456730828,7.00663222164851));
#8451=CARTESIAN_POINT('Ctrl Pts',(-2.75965115547233,-4.07972483052546,6.9668597440727));
#8452=CARTESIAN_POINT('Ctrl Pts',(-3.43908473400059,-3.62013509374263,6.92708726649689));
#8453=CARTESIAN_POINT('Ctrl Pts',(-4.00121579485479,-2.98713141183055,6.88731478892109));
#8454=CARTESIAN_POINT('Ctrl Pts',(-4.37728474351568,-2.25814248217005,6.84754231134528));
#8455=CARTESIAN_POINT('Ctrl Pts',(-4.75335369217656,-1.52915355250955,6.80776983376948));
#8456=CARTESIAN_POINT('Ctrl Pts',(-4.94336052864413,-0.704179375100626,
6.76799735619367));
#8457=CARTESIAN_POINT('Ctrl Pts',(-4.92406371066321,0.11586961530916,6.72822487861786));
#8458=CARTESIAN_POINT('Ctrl Pts',(-4.9047668926823,0.935918605718944,6.68845240104205));
#8459=CARTESIAN_POINT('Ctrl Pts',(-4.67616642025291,1.7510424091296,6.64867992346625));
#8460=CARTESIAN_POINT('Ctrl Pts',(-4.26622459026101,2.46153548423702,6.60890744589044));
#8461=CARTESIAN_POINT('Ctrl Pts',(-3.8562827602691,3.17202855934444,6.56913496831463));
#8462=CARTESIAN_POINT('Ctrl Pts',(-3.26499957271468,3.77789090614863,6.52936249073882));
#8463=CARTESIAN_POINT('Ctrl Pts',(-2.56470049545627,4.20501374116849,6.48959001316301));
#8464=CARTESIAN_POINT('Ctrl Pts',(-1.86440141819786,4.63213657618835,6.44981753558721));
#8465=CARTESIAN_POINT('Ctrl Pts',(-1.05508645123547,4.88051989942388,6.4100450580114));
#8466=CARTESIAN_POINT('Ctrl Pts',(-0.235750602027528,4.91978158541316,6.37027258043559));
#8467=CARTESIAN_POINT('Ctrl Pts',(0.583585247180409,4.95904327140245,6.33050010285979));
#8468=CARTESIAN_POINT('Ctrl Pts',(1.41294197863389,4.78918332014549,6.29072762528398));
#8469=CARTESIAN_POINT('Ctrl Pts',(2.15087308608471,4.43097891695557,6.25095514770817));
#8470=CARTESIAN_POINT('Ctrl Pts',(2.88880419353553,4.07277451376565,6.21118267013236));
#8471=CARTESIAN_POINT('Ctrl Pts',(3.53530967698371,3.52622565864277,6.17141019255656));
#8472=CARTESIAN_POINT('Ctrl Pts',(4.01130930464646,2.85818593812186,6.13163771498076));
#8473=CARTESIAN_POINT('Ctrl Pts',(4.48730893230921,2.19014621760095,6.09186523740495));
#8474=CARTESIAN_POINT('Ctrl Pts',(4.79280270418655,1.40061563168201,6.05209275982914));
#8475=CARTESIAN_POINT('Ctrl Pts',(4.89042277282005,0.586169171725047,6.01232028225333));
#8476=CARTESIAN_POINT('Ctrl Pts',(4.91372278930473,0.391776602568686,6.00282736347008));
#8477=CARTESIAN_POINT('Ctrl Pts',(4.92518056759331,0.195964615224176,5.99333444468683));
#8478=CARTESIAN_POINT('Ctrl Pts',(4.9249794826299,0.000129245504476023,
5.98384152590359));
#8479=CARTESIAN_POINT('Ctrl Pts',(4.92360491991498,-0.00415619677763881,
5.76615847409642));
#8480=CARTESIAN_POINT('Ctrl Pts',(4.91340659921457,1.18679241994887,5.82385863886488));
#8481=CARTESIAN_POINT('Ctrl Pts',(4.47785336269389,2.38436088215771,5.88155880363334));
#8482=CARTESIAN_POINT('Ctrl Pts',(3.69183606983492,3.2713522290372,5.9392589684018));
#8483=CARTESIAN_POINT('Ctrl Pts',(2.62112241805154,4.47961285223953,6.0178581985829));
#8484=CARTESIAN_POINT('Ctrl Pts',(0.900090486767951,5.11156908233693,6.09645742876399));
#8485=CARTESIAN_POINT('Ctrl Pts',(-0.698032439826776,4.88312050899403,6.17505665894508));
#8486=CARTESIAN_POINT('Ctrl Pts',(-2.29615536642151,4.65467193565112,6.25365588912618));
#8487=CARTESIAN_POINT('Ctrl Pts',(-3.77136928832738,3.5658185588679,6.33225511930727));
#8488=CARTESIAN_POINT('Ctrl Pts',(-4.46062002208834,2.10593834529156,6.41085434948836));
#8489=CARTESIAN_POINT('Ctrl Pts',(-5.1498707558493,0.646058131715229,6.48945357966946));
#8490=CARTESIAN_POINT('Ctrl Pts',(-5.05315830146537,-1.18484891865422,6.56805280985055));
#8491=CARTESIAN_POINT('Ctrl Pts',(-4.21399695114391,-2.56401049708344,6.64665204003164));
#8492=CARTESIAN_POINT('Ctrl Pts',(-3.37483560082244,-3.94317207551267,6.72525127021274));
#8493=CARTESIAN_POINT('Ctrl Pts',(-1.79322535456343,-4.87058818200166,6.80385050039383));
#8494=CARTESIAN_POINT('Ctrl Pts',(-0.179906332166887,-4.92946879228324,
6.88244973057493));
#8495=CARTESIAN_POINT('Ctrl Pts',(1.43341269022964,-4.98834940256481,6.96104896075602));
#8496=CARTESIAN_POINT('Ctrl Pts',(3.07844048876372,-4.17869451663898,7.03964819093711));
#8497=CARTESIAN_POINT('Ctrl Pts',(4.01589643832106,-2.86436603887138,7.11824742111821));
#8498=CARTESIAN_POINT('Ctrl Pts',(4.60394331995185,-2.0399147532886,7.16755110544428));
#8499=CARTESIAN_POINT('Ctrl Pts',(4.91357515065155,-1.0168847311727,7.21685478977035));
#8500=CARTESIAN_POINT('Ctrl Pts',(4.91929489688213,0.00296067316925072,
7.26615847409642));
#8501=CARTESIAN_POINT('Origin',(9.25185853854298E-16,0.,10.5));
#8502=CARTESIAN_POINT('',(4.92531238270841,5.73475893003013E-5,8.98384152590359));
#8503=CARTESIAN_POINT('',(4.93271940495437,0.000327400712943474,8.76615847409642));
#8504=CARTESIAN_POINT('',(4.925,6.03138548580071E-16,10.5));
#8505=CARTESIAN_POINT('Ctrl Pts',(4.92531238270841,5.73475893003014E-5,
8.98384152590359));
#8506=CARTESIAN_POINT('Ctrl Pts',(4.92475049339942,-0.741797139406688,8.94787390650621));
#8507=CARTESIAN_POINT('Ctrl Pts',(4.75481382966117,-1.48386371119624,8.91190628710884));
#8508=CARTESIAN_POINT('Ctrl Pts',(4.43083627692549,-2.15117041642661,8.87593866771146));
#8509=CARTESIAN_POINT('Ctrl Pts',(4.07258654655315,-2.88906859858702,8.83616619013566));
#8510=CARTESIAN_POINT('Ctrl Pts',(3.52598148377621,-3.53555326315527,8.79639371255985));
#8511=CARTESIAN_POINT('Ctrl Pts',(2.85790605608693,-4.01151093606758,8.75662123498404));
#8512=CARTESIAN_POINT('Ctrl Pts',(2.18983062839764,-4.48746860897989,8.71684875740823));
#8513=CARTESIAN_POINT('Ctrl Pts',(1.400284835796,-4.79289929023625,8.67707627983242));
#8514=CARTESIAN_POINT('Ctrl Pts',(0.5858330861792,-4.89046102294108,8.63730380225661));
#8515=CARTESIAN_POINT('Ctrl Pts',(-0.228618663437588,-4.9880227556459,8.59753132468081));
#8516=CARTESIAN_POINT('Ctrl Pts',(-1.06797637006954,-4.87771553979918,8.557758847105));
#8517=CARTESIAN_POINT('Ctrl Pts',(-1.82956389417622,-4.57302287130464,8.51798636952919));
#8518=CARTESIAN_POINT('Ctrl Pts',(-2.5911514182829,-4.2683302028101,8.47821389195338));
#8519=CARTESIAN_POINT('Ctrl Pts',(-3.27496875986431,-3.76925208166775,8.43844141437757));
#8520=CARTESIAN_POINT('Ctrl Pts',(-3.7973749277824,-3.13684018352404,8.39866893680177));
#8521=CARTESIAN_POINT('Ctrl Pts',(-4.3197810957005,-2.50442828538033,8.35889645922596));
#8522=CARTESIAN_POINT('Ctrl Pts',(-4.68077608995528,-1.73868261023528,8.31912398165016));
#8523=CARTESIAN_POINT('Ctrl Pts',(-4.83620155157112,-0.933266411731883,
8.27935150407435));
#8524=CARTESIAN_POINT('Ctrl Pts',(-4.99162701318696,-0.127850213228479,
8.23957902649854));
#8525=CARTESIAN_POINT('Ctrl Pts',(-4.94148294216386,0.717236508633278,8.19980654892273));
#8526=CARTESIAN_POINT('Ctrl Pts',(-4.69190376391675,1.49862195462356,8.16003407134692));
#8527=CARTESIAN_POINT('Ctrl Pts',(-4.44232458566964,2.28000740061383,8.12026159377112));
#8528=CARTESIAN_POINT('Ctrl Pts',(-3.99331030019853,2.99769157073263,8.08048911619531));
#8529=CARTESIAN_POINT('Ctrl Pts',(-3.39978369324286,3.56388830493756,8.0407166386195));
#8530=CARTESIAN_POINT('Ctrl Pts',(-2.80625708628719,4.1300850391425,8.0009441610437));
#8531=CARTESIAN_POINT('Ctrl Pts',(-2.06821815784697,4.54479433743355,7.96117168346789));
#8532=CARTESIAN_POINT('Ctrl Pts',(-1.27594367888813,4.75728885146422,7.92139920589208));
#8533=CARTESIAN_POINT('Ctrl Pts',(-0.483669199929305,4.96978336549489,7.88162672831627));
#8534=CARTESIAN_POINT('Ctrl Pts',(0.362840829548143,4.98006309526518,7.84185425074047));
#8535=CARTESIAN_POINT('Ctrl Pts',(1.16004182869356,4.7868707875161,7.80208177316466));
#8536=CARTESIAN_POINT('Ctrl Pts',(1.95724282783898,4.59367847976703,7.76230929558885));
#8537=CARTESIAN_POINT('Ctrl Pts',(2.70513479665238,4.19701413449859,7.72253681801304));
#8538=CARTESIAN_POINT('Ctrl Pts',(3.31223590346349,3.64539745839185,7.68276434043724));
#8539=CARTESIAN_POINT('Ctrl Pts',(3.9193370102746,3.09378078228512,7.64299186286143));
#8540=CARTESIAN_POINT('Ctrl Pts',(4.38564725508343,2.38721177534008,7.60321938528563));
#8541=CARTESIAN_POINT('Ctrl Pts',(4.65412782673055,1.61211765070212,7.56344690770982));
#8542=CARTESIAN_POINT('Ctrl Pts',(4.8332508427474,1.09499569863561,7.53691178044108));
#8543=CARTESIAN_POINT('Ctrl Pts',(4.92431592472638,0.547371849673133,7.51037665317233));
#8544=CARTESIAN_POINT('Ctrl Pts',(4.92475664096831,-0.000109032163817491,
7.48384152590359));
#8545=CARTESIAN_POINT('Ctrl Pts',(4.91929489688213,0.00296067316925072,
7.26615847409642));
#8546=CARTESIAN_POINT('Ctrl Pts',(4.92269348849384,0.608938263207796,7.29545401995144));
#8547=CARTESIAN_POINT('Ctrl Pts',(4.81879388661674,1.21379150264773,7.32474956580646));
#8548=CARTESIAN_POINT('Ctrl Pts',(4.60224729177841,1.77519422356604,7.35404511166149));
#8549=CARTESIAN_POINT('Ctrl Pts',(4.0212580950978,3.28142393862646,7.43264434184258));
#8550=CARTESIAN_POINT('Ctrl Pts',(2.62939560115597,4.47488129913791,7.51124357202368));
#8551=CARTESIAN_POINT('Ctrl Pts',(1.05215159061158,4.81923101703222,7.58984280220477));
#8552=CARTESIAN_POINT('Ctrl Pts',(-0.525092419932817,5.16358073492654,7.66844203238586));
#8553=CARTESIAN_POINT('Ctrl Pts',(-2.28771794707978,4.65882281020372,7.74704126256695));
#8554=CARTESIAN_POINT('Ctrl Pts',(-3.44360862155782,3.53179375789235,7.82564049274805));
#8555=CARTESIAN_POINT('Ctrl Pts',(-4.59949929603587,2.40476470558098,7.90423972292914));
#8556=CARTESIAN_POINT('Ctrl Pts',(-5.14865511784499,0.655464525681069,7.98283895311024));
#8557=CARTESIAN_POINT('Ctrl Pts',(-4.84428941425675,-0.929981213167968,
8.06143818329133));
#8558=CARTESIAN_POINT('Ctrl Pts',(-4.53992371066851,-2.515426952017,8.14003741347242));
#8559=CARTESIAN_POINT('Ctrl Pts',(-3.38203648168289,-3.93701824981517,8.21863664365351));
#8560=CARTESIAN_POINT('Ctrl Pts',(-1.89097550445922,-4.55589934873371,8.29723587383461));
#8561=CARTESIAN_POINT('Ctrl Pts',(-0.399914527235555,-5.17478044765224,
8.3758351040157));
#8562=CARTESIAN_POINT('Ctrl Pts',(1.42432019822619,-4.99095134769116,8.4544343341968));
#8563=CARTESIAN_POINT('Ctrl Pts',(2.76192712717286,-4.08702399881469,8.53303356437789));
#8564=CARTESIAN_POINT('Ctrl Pts',(4.08437220214843,-3.19334272011592,8.6107418676174));
#8565=CARTESIAN_POINT('Ctrl Pts',(4.93115886687389,-1.59579538453365,8.68845017085691));
#8566=CARTESIAN_POINT('Ctrl Pts',(4.93271940495437,0.000327400712943474,
8.76615847409642));
#8567=CARTESIAN_POINT('Origin',(9.25185853854298E-16,0.,10.5));
#8568=CARTESIAN_POINT('',(4.92582035207771,-0.00466704110732123,10.4838415259036));
#8569=CARTESIAN_POINT('',(4.92003073759609,-0.00335459376080959,10.2661584740964));
#8570=CARTESIAN_POINT('',(4.925,6.03138548580071E-16,10.5));
#8571=CARTESIAN_POINT('Ctrl Pts',(4.92582035207771,-0.00466704110732123,
10.4838415259036));
#8572=CARTESIAN_POINT('Ctrl Pts',(4.92971699962495,-0.394141051134106,10.4649161149917));
#8573=CARTESIAN_POINT('Ctrl Pts',(4.887394747411,-0.782934392616961,10.4459907040798));
#8574=CARTESIAN_POINT('Ctrl Pts',(4.79575882883561,-1.1602213635723,10.4270652931679));
#8575=CARTESIAN_POINT('Ctrl Pts',(4.4106060272771,-2.74598747051013,10.3475203380163));
#8576=CARTESIAN_POINT('Ctrl Pts',(3.15428517502023,-4.12848371084341,10.2679753828647));
#8577=CARTESIAN_POINT('Ctrl Pts',(1.61250180759664,-4.6631807039125,10.1884304277131));
#8578=CARTESIAN_POINT('Ctrl Pts',(0.0707184401730487,-5.19787769698159,
10.1088854725615));
#8579=CARTESIAN_POINT('Ctrl Pts',(-1.75652744241725,-4.88477544278649,10.0293405174099));
#8580=CARTESIAN_POINT('Ctrl Pts',(-3.047159711407,-3.87592090800546,9.94979556225826));
#8581=CARTESIAN_POINT('Ctrl Pts',(-3.69247584590187,-3.37149364061494,9.91002308468245));
#8582=CARTESIAN_POINT('Ctrl Pts',(-4.20363857699662,-2.69312830307794,9.87025060710664));
#8583=CARTESIAN_POINT('Ctrl Pts',(-4.52579674295384,-1.93761058564566,9.83047812953083));
#8584=CARTESIAN_POINT('Ctrl Pts',(-4.84795490891106,-1.18209286821338,9.79070565195503));
#8585=CARTESIAN_POINT('Ctrl Pts',(-4.98110850973077,-0.349422770885802,
9.75093317437922));
#8586=CARTESIAN_POINT('Ctrl Pts',(-4.9039079190534,0.46623916772,9.71116069680341));
#8587=CARTESIAN_POINT('Ctrl Pts',(-4.82670732837603,1.2819011063258,9.67138821922761));
#8588=CARTESIAN_POINT('Ctrl Pts',(-4.53915254620159,2.08055488620983,9.6316157416518));
#8589=CARTESIAN_POINT('Ctrl Pts',(-4.07919136059571,2.76043247312149,9.59184326407599));
#8590=CARTESIAN_POINT('Ctrl Pts',(-3.61923017498983,3.44031006003314,9.55207078650018));
#8591=CARTESIAN_POINT('Ctrl Pts',(-2.98686258595252,4.00141145397243,9.51229830892437));
#8592=CARTESIAN_POINT('Ctrl Pts',(-2.25801367861103,4.37718752278353,9.47252583134857));
#8593=CARTESIAN_POINT('Ctrl Pts',(-1.52916477126954,4.75296359159464,9.43275335377276));
#8594=CARTESIAN_POINT('Ctrl Pts',(-0.703834545623863,4.94341433527758,9.39298087619696));
#8595=CARTESIAN_POINT('Ctrl Pts',(0.116297497920963,4.92418416245989,9.35320839862115));
#8596=CARTESIAN_POINT('Ctrl Pts',(0.936429541465789,4.9049539896422,9.31343592104534));
#8597=CARTESIAN_POINT('Ctrl Pts',(1.75136340290977,4.67604290032389,9.27366344346953));
#8598=CARTESIAN_POINT('Ctrl Pts',(2.46178531722102,4.26598942988946,9.23389096589372));
#8599=CARTESIAN_POINT('Ctrl Pts',(3.17220723153228,3.85593595945502,9.19411848831792));
#8600=CARTESIAN_POINT('Ctrl Pts',(3.77811719871082,3.26474010790447,9.15434601074211));
#8601=CARTESIAN_POINT('Ctrl Pts',(4.20521345519075,2.56444333361002,9.1145735331663));
#8602=CARTESIAN_POINT('Ctrl Pts',(4.63230971167069,1.86414655931557,9.0748010555905));
#8603=CARTESIAN_POINT('Ctrl Pts',(4.88059225745202,1.05474886227724,9.03502857801469));
#8604=CARTESIAN_POINT('Ctrl Pts',(4.91978633135881,0.235394163881793,8.99525610043888));
#8605=CARTESIAN_POINT('Ctrl Pts',(4.9235358561996,0.157010099945009,8.99145124226045));
#8606=CARTESIAN_POINT('Ctrl Pts',(4.92537182253703,0.0785349104457105,8.98764638408202));
#8607=CARTESIAN_POINT('Ctrl Pts',(4.92531238270841,5.73475893003014E-5,
8.98384152590359));
#8608=CARTESIAN_POINT('Ctrl Pts',(4.93271940495437,0.000327400712943474,
8.76615847409642));
#8609=CARTESIAN_POINT('Ctrl Pts',(4.93273729654846,0.018626974016819,8.767049401038));
#8610=CARTESIAN_POINT('Ctrl Pts',(4.93264408604844,0.0369263600684081,8.76794032797959));
#8611=CARTESIAN_POINT('Ctrl Pts',(4.93243921650197,0.0552244959684658,8.76883125492117));
#8612=CARTESIAN_POINT('Ctrl Pts',(4.91436524445279,1.66952004408333,8.84743048510226));
#8613=CARTESIAN_POINT('Ctrl Pts',(4.02723816792281,3.27408554252124,8.92602971528335));
#8614=CARTESIAN_POINT('Ctrl Pts',(2.66972805346656,4.1478378461418,9.00462894546445));
#8615=CARTESIAN_POINT('Ctrl Pts',(1.3122179390103,5.02159014976238,9.08322817564554));
#8616=CARTESIAN_POINT('Ctrl Pts',(-0.515675213372243,5.16452925856561,9.16182740582664));
#8617=CARTESIAN_POINT('Ctrl Pts',(-1.99250601228553,4.51241912511841,9.24042663600773));
#8618=CARTESIAN_POINT('Ctrl Pts',(-3.4693368111988,3.86030899167121,9.31902586618882));
#8619=CARTESIAN_POINT('Ctrl Pts',(-4.59510525664282,2.41314961597358,9.39762509636991));
#8620=CARTESIAN_POINT('Ctrl Pts',(-4.86389708153045,0.821286630183382,9.47622432655101));
#8621=CARTESIAN_POINT('Ctrl Pts',(-5.13268890641806,-0.770576355606815,
9.5548235567321));
#8622=CARTESIAN_POINT('Ctrl Pts',(-4.5445041107493,-2.50714295148959,9.63342278691319));
#8623=CARTESIAN_POINT('Ctrl Pts',(-3.36366976918013,-3.60800946137051,9.71202201709429));
#8624=CARTESIAN_POINT('Ctrl Pts',(-2.18283542761094,-4.70887597125144,9.79062124727539));
#8625=CARTESIAN_POINT('Ctrl Pts',(-0.409351540141315,-5.17404239513048,
9.86922047745648));
#8626=CARTESIAN_POINT('Ctrl Pts',(1.15978776487263,-4.79446544594281,9.94781970763757));
#8627=CARTESIAN_POINT('Ctrl Pts',(2.72892706988657,-4.41488849675514,10.0264189378187));
#8628=CARTESIAN_POINT('Ctrl Pts',(4.09372179244483,-3.19056817450076,10.1050181679998));
#8629=CARTESIAN_POINT('Ctrl Pts',(4.64084052521877,-1.67170744761442,10.1836173981808));
#8630=CARTESIAN_POINT('Ctrl Pts',(4.83235965652439,-1.14002964248305,10.2111310901527));
#8631=CARTESIAN_POINT('Ctrl Pts',(4.92368462934253,-0.57226024563154,10.2386447821246));
#8632=CARTESIAN_POINT('Ctrl Pts',(4.92003073759609,-0.00335459376080959,
10.2661584740964));
#8633=CARTESIAN_POINT('Origin',(9.25185853854298E-16,0.,10.5));
#8634=CARTESIAN_POINT('',(4.92539725468791,-4.26749494326301E-5,11.9838415259036));
#8635=CARTESIAN_POINT('',(4.92245986089314,0.00409262087923166,11.7661584740964));
#8636=CARTESIAN_POINT('',(4.925,6.03138548580071E-16,10.5));
#8637=CARTESIAN_POINT('Ctrl Pts',(4.92539725468791,-4.26749494326301E-5,
11.9838415259036));
#8638=CARTESIAN_POINT('Ctrl Pts',(4.92541430233296,-0.0388828105086089,
11.9819583234772));
#8639=CARTESIAN_POINT('Ctrl Pts',(4.92496457843595,-0.077722541267291,11.9800751210508));
#8640=CARTESIAN_POINT('Ctrl Pts',(4.92404561821884,-0.116551153867878,11.9781919186244));
#8641=CARTESIAN_POINT('Ctrl Pts',(4.90463754815917,-0.936595830064725,11.9384194410486));
#8642=CARTESIAN_POINT('Ctrl Pts',(4.67593252721105,-1.75168139186839,11.8986469634728));
#8643=CARTESIAN_POINT('Ctrl Pts',(4.26588873756515,-2.46212109660002,11.858874485897));
#8644=CARTESIAN_POINT('Ctrl Pts',(3.85584494791926,-3.17256080133164,11.8191020083212));
#8645=CARTESIAN_POINT('Ctrl Pts',(3.26446238957559,-3.77835464899123,11.7793295307454));
#8646=CARTESIAN_POINT('Ctrl Pts',(2.5641119727172,-4.20537442623083,11.7395570531696));
#8647=CARTESIAN_POINT('Ctrl Pts',(1.86376155585879,-4.63239420347044,11.6997845755938));
#8648=CARTESIAN_POINT('Ctrl Pts',(1.05444328048564,-4.88063991029007,11.660012098018));
#8649=CARTESIAN_POINT('Ctrl Pts',(0.235087005814876,-4.91980101816237,11.6202396204422));
#8650=CARTESIAN_POINT('Ctrl Pts',(-0.584269268855853,-4.95896212603467,
11.5804671428664));
#8651=CARTESIAN_POINT('Ctrl Pts',(-1.4136635428242,-4.78903863495966,11.5406946652906));
#8652=CARTESIAN_POINT('Ctrl Pts',(-2.15151562419254,-4.43070765610524,11.5009221877147));
#8653=CARTESIAN_POINT('Ctrl Pts',(-2.88936770556089,-4.07237667725081,11.4611497101389));
#8654=CARTESIAN_POINT('Ctrl Pts',(-3.53567759432923,-3.52563821061695,11.4213772325631));
#8655=CARTESIAN_POINT('Ctrl Pts',(-4.01164320644312,-2.85758141585019,11.3816047549873));
#8656=CARTESIAN_POINT('Ctrl Pts',(-4.48760881855701,-2.18952462108342,11.3418322774115));
#8657=CARTESIAN_POINT('Ctrl Pts',(-4.79323015401645,-1.40014949818375,11.3020597998357));
#8658=CARTESIAN_POINT('Ctrl Pts',(-4.89062313697632,-0.585593806247468,
11.2622873222599));
#8659=CARTESIAN_POINT('Ctrl Pts',(-4.98801611993618,0.228961885688816,11.2225148446841));
#8660=CARTESIAN_POINT('Ctrl Pts',(-4.87718075039647,1.06869814666169,11.1827423671083));
#8661=CARTESIAN_POINT('Ctrl Pts',(-4.57266004884091,1.8300755339987,11.1429698895325));
#8662=CARTESIAN_POINT('Ctrl Pts',(-4.26813934728534,2.5914529213357,11.1031974119567));
#8663=CARTESIAN_POINT('Ctrl Pts',(-3.76993331371391,3.27447143503683,11.0634249343809));
#8664=CARTESIAN_POINT('Ctrl Pts',(-3.13704329989811,3.7972027769908,11.0236524568051));
#8665=CARTESIAN_POINT('Ctrl Pts',(-2.5041532860823,4.31993411894477,10.9838799792293));
#8666=CARTESIAN_POINT('Ctrl Pts',(-1.73657929202211,4.68237828915159,10.9441075016534));
#8667=CARTESIAN_POINT('Ctrl Pts',(-0.932004392512813,4.83705071840349,10.9043350240776));
#8668=CARTESIAN_POINT('Ctrl Pts',(-0.127429493003511,4.99172314765539,10.8645625465018));
#8669=CARTESIAN_POINT('Ctrl Pts',(0.714146311954908,4.93862383595238,10.824790068926));
#8670=CARTESIAN_POINT('Ctrl Pts',(1.49695504440549,4.6900209525296,10.7850175913502));
#8671=CARTESIAN_POINT('Ctrl Pts',(2.27976377685608,4.44141806910682,10.7452451137744));
#8672=CARTESIAN_POINT('Ctrl Pts',(3.00380543679883,3.99731161396427,10.7054726361986));
#8673=CARTESIAN_POINT('Ctrl Pts',(3.56750241828397,3.40306798161216,10.6657001586228));
#8674=CARTESIAN_POINT('Ctrl Pts',(4.42666574402381,2.4973467302295,10.6050806143831));
#8675=CARTESIAN_POINT('Ctrl Pts',(4.91333909080012,1.24284811673928,10.5444610701433));
#8676=CARTESIAN_POINT('Ctrl Pts',(4.92582035207771,-0.00466704110732123,
10.4838415259036));
#8677=CARTESIAN_POINT('Ctrl Pts',(4.92003073759609,-0.00335459376080959,
10.2661584740964));
#8678=CARTESIAN_POINT('Ctrl Pts',(4.91324644174017,1.05295044323035,10.3172440123057));
#8679=CARTESIAN_POINT('Ctrl Pts',(4.57902708685288,2.11317266464983,10.3683295505149));
#8680=CARTESIAN_POINT('Ctrl Pts',(3.95075572935966,2.95356322820624,10.4194150887241));
#8681=CARTESIAN_POINT('Ctrl Pts',(2.98410945773699,4.24657204562228,10.4980143189052));
#8682=CARTESIAN_POINT('Ctrl Pts',(1.32137417150204,5.01918854893606,10.5766135490863));
#8683=CARTESIAN_POINT('Ctrl Pts',(-0.290225831319889,4.92420303608494,10.6552127792674));
#8684=CARTESIAN_POINT('Ctrl Pts',(-1.9018258341418,4.82921752323381,10.7338120094485));
#8685=CARTESIAN_POINT('Ctrl Pts',(-3.46229055355068,3.86662999421777,10.8124112396296));
#8686=CARTESIAN_POINT('Ctrl Pts',(-4.27035553544675,2.46902210888318,10.8910104698107));
#8687=CARTESIAN_POINT('Ctrl Pts',(-5.07842051734284,1.07141422354856,10.9696096999918));
#8688=CARTESIAN_POINT('Ctrl Pts',(-5.1340857617261,-0.761214018104637,11.0482089301729));
#8689=CARTESIAN_POINT('Ctrl Pts',(-4.41233560686997,-2.20528933840909,11.126808160354));
#8690=CARTESIAN_POINT('Ctrl Pts',(-3.69058545201385,-3.64936465871354,11.2054073905351));
#8691=CARTESIAN_POINT('Ctrl Pts',(-2.19141989791833,-4.70488705766924,11.2840066207162));
#8692=CARTESIAN_POINT('Ctrl Pts',(-0.588555883894013,-4.8975104438494,11.3626058508973));
#8693=CARTESIAN_POINT('Ctrl Pts',(1.01430813013031,-5.09013383002956,11.4412050810784));
#8694=CARTESIAN_POINT('Ctrl Pts',(2.72087060408343,-4.41985820343417,11.5198043112594));
#8695=CARTESIAN_POINT('Ctrl Pts',(3.76421153825744,-3.18790182818917,11.5984035414405));
#8696=CARTESIAN_POINT('Ctrl Pts',(4.50648169258433,-2.31144388541609,11.6543218523258));
#8697=CARTESIAN_POINT('Ctrl Pts',(4.91306824529837,-1.15069629679391,11.7102401632111));
#8698=CARTESIAN_POINT('Ctrl Pts',(4.92245986089314,0.00409262087923166,
11.7661584740964));
#8699=CARTESIAN_POINT('Origin',(9.25185853854298E-16,0.,10.5));
#8700=CARTESIAN_POINT('',(4.92466978542496,8.4414242237194E-5,13.4838415259036));
#8701=CARTESIAN_POINT('',(4.9316795619969,-0.00200875473447426,13.2661584740964));
#8702=CARTESIAN_POINT('',(4.925,6.03138548580071E-16,10.5));
#8703=CARTESIAN_POINT('Ctrl Pts',(4.92466978542496,8.4414242237194E-5,13.4838415259036));
#8704=CARTESIAN_POINT('Ctrl Pts',(4.92436073515216,-0.507773938876436,13.4592280543869));
#8705=CARTESIAN_POINT('Ctrl Pts',(4.84621740870447,-1.01572522470117,13.4346145828702));
#8706=CARTESIAN_POINT('Ctrl Pts',(4.69169691538989,-1.49926957038439,13.4100011113535));
#8707=CARTESIAN_POINT('Ctrl Pts',(4.44200995631189,-2.28062041041312,13.3702286337777));
#8708=CARTESIAN_POINT('Ctrl Pts',(3.99289639362631,-2.99824286961098,13.3304561562019));
#8709=CARTESIAN_POINT('Ctrl Pts',(3.39929157178507,-3.56435772695346,13.2906836786261));
#8710=CARTESIAN_POINT('Ctrl Pts',(2.80568674994382,-4.13047258429594,13.2509112010503));
#8711=CARTESIAN_POINT('Ctrl Pts',(2.06759066894691,-4.54507983978303,13.2111387234745));
#8712=CARTESIAN_POINT('Ctrl Pts',(1.27528688707205,-4.75746493029306,13.1713662458987));
#8713=CARTESIAN_POINT('Ctrl Pts',(0.482983105197214,-4.9698500208031,13.1315937683229));
#8714=CARTESIAN_POINT('Ctrl Pts',(-0.363528377555562,-4.98001294633608,
13.091821290747));
#8715=CARTESIAN_POINT('Ctrl Pts',(-1.16070271350466,-4.78671059895162,13.0520488131712));
#8716=CARTESIAN_POINT('Ctrl Pts',(-1.95787704945377,-4.59340825156716,13.0122763355954));
#8717=CARTESIAN_POINT('Ctrl Pts',(-2.7057142385992,-4.19664063126525,12.9725038580196));
#8718=CARTESIAN_POINT('Ctrl Pts',(-3.31273916695962,-3.64494012591895,12.9327313804438));
#8719=CARTESIAN_POINT('Ctrl Pts',(-3.91976409532002,-3.09323962057265,12.892958902868));
#8720=CARTESIAN_POINT('Ctrl Pts',(-4.38597676289541,-2.38660623018195,12.8531864252922));
#8721=CARTESIAN_POINT('Ctrl Pts',(-4.65435034091595,-1.61147506487357,12.8134139477164));
#8722=CARTESIAN_POINT('Ctrl Pts',(-4.92272391893649,-0.836343899565187,
12.7736414701406));
#8723=CARTESIAN_POINT('Ctrl Pts',(-4.99325840740217,0.00728504066088487,
12.7338689925648));
#8724=CARTESIAN_POINT('Ctrl Pts',(-4.85732591532479,0.81621960297125,12.694096514989));
#8725=CARTESIAN_POINT('Ctrl Pts',(-4.7213934232474,1.62515416528161,12.6543240374132));
#8726=CARTESIAN_POINT('Ctrl Pts',(-4.37899395062695,2.39939434967627,12.6145515598374));
#8727=CARTESIAN_POINT('Ctrl Pts',(-3.87200992183025,3.04423523666601,12.5747790822615));
#8728=CARTESIAN_POINT('Ctrl Pts',(-3.36502589303355,3.68907612365574,12.5350066046857));
#8729=CARTESIAN_POINT('Ctrl Pts',(-2.69345730806061,4.20451771324056,12.4952341271099));
#8730=CARTESIAN_POINT('Ctrl Pts',(-1.93944953421544,4.52751192123968,12.4554616495341));
#8731=CARTESIAN_POINT('Ctrl Pts',(-1.18544176037027,4.85050612923879,12.4156891719583));
#8732=CARTESIAN_POINT('Ctrl Pts',(-0.348994797652874,4.98105295565221,12.3759166943825));
#8733=CARTESIAN_POINT('Ctrl Pts',(0.467576450238327,4.90318303817717,12.3361442168067));
#8734=CARTESIAN_POINT('Ctrl Pts',(1.28414769812953,4.82531312070213,12.2963717392309));
#8735=CARTESIAN_POINT('Ctrl Pts',(2.08084323119453,4.53902645933865,12.2565992616551));
#8736=CARTESIAN_POINT('Ctrl Pts',(2.76021385812061,4.07934334624587,12.2168267840793));
#8737=CARTESIAN_POINT('Ctrl Pts',(3.43958448504669,3.61966023315309,12.1770543065035));
#8738=CARTESIAN_POINT('Ctrl Pts',(4.00163020583384,2.98658066833103,12.1372818289277));
#8739=CARTESIAN_POINT('Ctrl Pts',(4.3775975066418,2.25753899062498,12.0975093513519));
#8740=CARTESIAN_POINT('Ctrl Pts',(4.73576298628403,1.56301698934026,12.0596200762024));
#8741=CARTESIAN_POINT('Ctrl Pts',(4.9250542629284,0.781405225937585,12.021730801053));
#8742=CARTESIAN_POINT('Ctrl Pts',(4.92539725468791,-4.26749494326301E-5,
11.9838415259036));
#8743=CARTESIAN_POINT('Ctrl Pts',(4.92245986089314,0.00409262087923166,
11.7661584740964));
#8744=CARTESIAN_POINT('Ctrl Pts',(4.92626917616018,0.472484348575642,11.7888393933922));
#8745=CARTESIAN_POINT('Ctrl Pts',(4.86473280535154,0.939895768103756,11.811520312688));
#8746=CARTESIAN_POINT('Ctrl Pts',(4.73374610931568,1.38695866716585,11.8342012319838));
#8747=CARTESIAN_POINT('Ctrl Pts',(4.27982035180501,2.93622566338135,11.9128004621649));
#8748=CARTESIAN_POINT('Ctrl Pts',(2.99184944238875,4.24112253191778,11.991399692346));
#8749=CARTESIAN_POINT('Ctrl Pts',(1.44864058273201,4.71523563053823,12.0699989225271));
#8750=CARTESIAN_POINT('Ctrl Pts',(-0.0945682769247211,5.18934872915867,
12.1485981527082));
#8751=CARTESIAN_POINT('Ctrl Pts',(-1.89301508682193,4.83267805786314,12.2271973828893));
#8752=CARTESIAN_POINT('Ctrl Pts',(-3.1384875210536,3.80550950975413,12.3057966130704));
#8753=CARTESIAN_POINT('Ctrl Pts',(-4.38395995528527,2.77834096164512,12.3843958432515));
#8754=CARTESIAN_POINT('Ctrl Pts',(-5.07645801385139,1.08067453672264,12.4629950734326));
#8755=CARTESIAN_POINT('Ctrl Pts',(-4.90477679187949,-0.524567623446844,
12.5415943036136));
#8756=CARTESIAN_POINT('Ctrl Pts',(-4.73309556990759,-2.12980978361633,12.6201935337947));
#8757=CARTESIAN_POINT('Ctrl Pts',(-3.69723506739768,-3.6426276790328,12.6987927639758));
#8758=CARTESIAN_POINT('Ctrl Pts',(-2.26270542608206,-4.38316903987645,12.7773919941569));
#8759=CARTESIAN_POINT('Ctrl Pts',(-0.828175784766446,-5.12371040072011,
12.855991224338));
#8760=CARTESIAN_POINT('Ctrl Pts',(1.00502299535487,-5.09197522699094,12.9345904545191));
#8761=CARTESIAN_POINT('Ctrl Pts',(2.41306124246813,-4.30222521604107,13.0131896847002));
#8762=CARTESIAN_POINT('Ctrl Pts',(3.8210994895814,-3.5124752050912,13.0917889148813));
#8763=CARTESIAN_POINT('Ctrl Pts',(4.80397720368661,-1.96471035692062,13.1703881450624));
#8764=CARTESIAN_POINT('Ctrl Pts',(4.91999441890874,-0.354487715735528,13.2489873752435));
#8765=CARTESIAN_POINT('Ctrl Pts',(4.92844294555304,-0.23722917904968,13.2547110748611));
#8766=CARTESIAN_POINT('Ctrl Pts',(4.93229455907618,-0.119639432153425,13.2604347744788));
#8767=CARTESIAN_POINT('Ctrl Pts',(4.9316795619969,-0.00200875473447426,
13.2661584740964));
#8768=CARTESIAN_POINT('Origin',(9.25185853854298E-16,0.,10.5));
#8769=CARTESIAN_POINT('',(4.92510570913047,-0.000122880173454744,14.9838415259036));
#8770=CARTESIAN_POINT('',(4.9178421048386,-0.00164035672620101,14.7661584740964));
#8771=CARTESIAN_POINT('',(4.925,6.03138548580071E-16,10.5));
#8772=CARTESIAN_POINT('Ctrl Pts',(4.92510570913047,-0.000122880173454744,
14.9838415259036));
#8773=CARTESIAN_POINT('Ctrl Pts',(4.92526656508949,-0.156303683728193,14.9762702628724));
#8774=CARTESIAN_POINT('Ctrl Pts',(4.91798487388252,-0.312469549124657,14.9686989998412));
#8775=CARTESIAN_POINT('Ctrl Pts',(4.90315052578751,-0.467914653705956,14.96112773681));
#8776=CARTESIAN_POINT('Ctrl Pts',(4.82522445525884,-1.28448078154374,14.9213552592342));
#8777=CARTESIAN_POINT('Ctrl Pts',(4.53888366991181,-2.08115759599531,14.8815827816584));
#8778=CARTESIAN_POINT('Ctrl Pts',(4.07915323635075,-2.76049598192948,14.8418103040826));
#8779=CARTESIAN_POINT('Ctrl Pts',(3.61942280278968,-3.43983436786364,14.8020378265068));
#8780=CARTESIAN_POINT('Ctrl Pts',(2.98630272101456,-4.0018343252804,14.762265348931));
#8781=CARTESIAN_POINT('Ctrl Pts',(2.25723592555602,-4.37775229676088,14.7224928713551));
#8782=CARTESIAN_POINT('Ctrl Pts',(1.52816913009746,-4.75367026824138,14.6827203937793));
#8783=CARTESIAN_POINT('Ctrl Pts',(0.703155620955464,-4.94350625378559,14.6429479162035));
#8784=CARTESIAN_POINT('Ctrl Pts',(-0.116889355668661,-4.92403960923641,
14.6031754386277));
#8785=CARTESIAN_POINT('Ctrl Pts',(-0.936934332292763,-4.90457296468724,
14.5634029610519));
#8786=CARTESIAN_POINT('Ctrl Pts',(-1.75201077639899,-4.67580369004469,14.5236304834761));
#8787=CARTESIAN_POINT('Ctrl Pts',(-2.46241893985535,-4.26571473015513,14.4838580059003));
#8788=CARTESIAN_POINT('Ctrl Pts',(-3.1728271033117,-3.85562577026556,14.4440855283245));
#8789=CARTESIAN_POINT('Ctrl Pts',(-3.77856698611817,-3.26421712512899,14.4043130507487));
#8790=CARTESIAN_POINT('Ctrl Pts',(-4.20554478443637,-2.56382960842727,14.3645405731729));
#8791=CARTESIAN_POINT('Ctrl Pts',(-4.63252258275457,-1.86344209172556,14.3247680955971));
#8792=CARTESIAN_POINT('Ctrl Pts',(-4.8807382965845,-1.05407570345872,14.2849956180213));
#8793=CARTESIAN_POINT('Ctrl Pts',(-4.91983030238928,-0.234731740970335,
14.2452231404455));
#8794=CARTESIAN_POINT('Ctrl Pts',(-4.95892230819407,0.584612221518051,14.2054506628697));
#8795=CARTESIAN_POINT('Ctrl Pts',(-4.78889060597372,1.41393375822798,14.1656781852938));
#8796=CARTESIAN_POINT('Ctrl Pts',(-4.43053338956517,2.15179066796881,14.125905707718));
#8797=CARTESIAN_POINT('Ctrl Pts',(-4.07217617315661,2.88964757770963,14.0861332301422));
#8798=CARTESIAN_POINT('Ctrl Pts',(-3.52549344255984,3.53603986048135,14.0463607525664));
#8799=CARTESIAN_POINT('Ctrl Pts',(-2.85735515979083,4.01190113107519,14.0065882749906));
#8800=CARTESIAN_POINT('Ctrl Pts',(-2.18921687702182,4.48776240166902,13.9668157974148));
#8801=CARTESIAN_POINT('Ctrl Pts',(-1.39962304208056,4.79309266008497,13.927043319839));
#8802=CARTESIAN_POINT('Ctrl Pts',(-0.585156383135653,4.89054405988719,13.8872708422632));
#8803=CARTESIAN_POINT('Ctrl Pts',(0.229310275809258,4.9879954596894,13.8474983646874));
#8804=CARTESIAN_POINT('Ctrl Pts',(1.06864975875783,4.87756800087789,13.8077258871116));
#8805=CARTESIAN_POINT('Ctrl Pts',(1.83019447390075,4.5727691154594,13.7679534095358));
#8806=CARTESIAN_POINT('Ctrl Pts',(2.59173918904368,4.26797023004092,13.72818093196));
#8807=CARTESIAN_POINT('Ctrl Pts',(3.27548913638095,3.76879991801545,13.6884084543841));
#8808=CARTESIAN_POINT('Ctrl Pts',(3.79780836033134,3.13631644623164,13.6486359768083));
#8809=CARTESIAN_POINT('Ctrl Pts',(4.32012758428173,2.50383297444783,13.6088634992325));
#8810=CARTESIAN_POINT('Ctrl Pts',(4.68101608484523,1.73803634290569,13.5690910216567));
#8811=CARTESIAN_POINT('Ctrl Pts',(4.83633015739177,0.932598416704807,13.5293185440809));
#8812=CARTESIAN_POINT('Ctrl Pts',(4.89552704705776,0.625611295265249,13.5141595380218));
#8813=CARTESIAN_POINT('Ctrl Pts',(4.92486012407569,0.312865479963645,13.4990005319627));
#8814=CARTESIAN_POINT('Ctrl Pts',(4.92466978542496,8.4414242237194E-5,13.4838415259036));
#8815=CARTESIAN_POINT('Ctrl Pts',(4.9316795619969,-0.00200875473447426,
13.2661584740964));
#8816=CARTESIAN_POINT('Ctrl Pts',(4.92384927015058,1.49569353575998,13.3390340046599));
#8817=CARTESIAN_POINT('Ctrl Pts',(4.19193675685013,3.00003107307528,13.4119095352233));
#8818=CARTESIAN_POINT('Ctrl Pts',(3.00488951394891,3.91185969114651,13.4847850657868));
#8819=CARTESIAN_POINT('Ctrl Pts',(1.72461067742792,4.89530402264387,13.5633842959679));
#8820=CARTESIAN_POINT('Ctrl Pts',(-0.0851037119530859,5.189512251439,13.641983526149));
#8821=CARTESIAN_POINT('Ctrl Pts',(-1.61097776052212,4.66226936598782,13.7205827563301));
#8822=CARTESIAN_POINT('Ctrl Pts',(-3.13685180909115,4.13502648053665,13.7991819865112));
#8823=CARTESIAN_POINT('Ctrl Pts',(-4.37888551684821,2.78633248083918,13.8777812166922));
#8824=CARTESIAN_POINT('Ctrl Pts',(-4.77891557067292,1.22228206856463,13.9563804468733));
#8825=CARTESIAN_POINT('Ctrl Pts',(-5.17894562449763,-0.34176834370993,14.0349796770544));
#8826=CARTESIAN_POINT('Ctrl Pts',(-4.73697202438997,-2.12117516856157,14.1135789072355));
#8827=CARTESIAN_POINT('Ctrl Pts',(-3.65161541315198,-3.31628036202954,14.1921781374166));
#8828=CARTESIAN_POINT('Ctrl Pts',(-2.56625880191401,-4.51138555549749,14.2707773675977));
#8829=CARTESIAN_POINT('Ctrl Pts',(-0.83751917954574,-5.12218911758179,14.3493765977788));
#8830=CARTESIAN_POINT('Ctrl Pts',(0.757717324011658,-4.87420343471182,14.4279758279599));
#8831=CARTESIAN_POINT('Ctrl Pts',(2.35295382756907,-4.62621775184185,14.506575058141));
#8832=CARTESIAN_POINT('Ctrl Pts',(3.81468721231563,-3.51944282401758,14.5851742883221));
#8833=CARTESIAN_POINT('Ctrl Pts',(4.48602204321697,-2.05124918908721,14.6637735185032));
#8834=CARTESIAN_POINT('Ctrl Pts',(4.77752017745087,-1.41374956062059,14.6979018370343));
#8835=CARTESIAN_POINT('Ctrl Pts',(4.92000010418071,-0.708109665918226,14.7320301555653));
#8836=CARTESIAN_POINT('Ctrl Pts',(4.9178421048386,-0.00164035672620101,
14.7661584740964));
#8837=CARTESIAN_POINT('Origin',(9.25185853854298E-16,0.,10.5));
#8838=CARTESIAN_POINT('',(4.92497493412391,0.00012879823222185,16.4838415259036));
#8839=CARTESIAN_POINT('',(4.9263606515041,0.00445473322903216,16.2661584740964));
#8840=CARTESIAN_POINT('',(4.925,6.03138548580071E-16,10.5));
#8841=CARTESIAN_POINT('Ctrl Pts',(4.92497493412391,0.00012879823222185,
16.4838415259036));
#8842=CARTESIAN_POINT('Ctrl Pts',(4.92433343866987,-0.624979920188655,16.4535399937821));
#8843=CARTESIAN_POINT('Ctrl Pts',(4.80490116928985,-1.25032661547235,16.4232384616606));
#8844=CARTESIAN_POINT('Ctrl Pts',(4.57264520264599,-1.83050995348144,16.3929369295391));
#8845=CARTESIAN_POINT('Ctrl Pts',(4.26779608847754,-2.59203345362287,16.3531644519632));
#8846=CARTESIAN_POINT('Ctrl Pts',(3.76857374829223,-3.27574929753504,16.3133919743874));
#8847=CARTESIAN_POINT('Ctrl Pts',(3.13605303297991,-3.79802494663962,16.2736194968116));
#8848=CARTESIAN_POINT('Ctrl Pts',(2.5035323176676,-4.32030059574419,16.2338470192358));
#8849=CARTESIAN_POINT('Ctrl Pts',(1.73771322722827,-4.68113605004115,16.19407454166));
#8850=CARTESIAN_POINT('Ctrl Pts',(0.932265185203166,-4.83639447760447,16.1543020640842));
#8851=CARTESIAN_POINT('Ctrl Pts',(0.126817143178059,-4.99165290516779,16.1145295865084));
#8852=CARTESIAN_POINT('Ctrl Pts',(-0.718259850432824,-4.94133430599747,
16.0747571089326));
#8853=CARTESIAN_POINT('Ctrl Pts',(-1.49959375935107,-4.69159343191987,16.0349846313568));
#8854=CARTESIAN_POINT('Ctrl Pts',(-2.28092766826931,-4.44185255784226,15.995212153781));
#8855=CARTESIAN_POINT('Ctrl Pts',(-2.99851849249493,-3.99268940885736,15.9554396762052));
#8856=CARTESIAN_POINT('Ctrl Pts',(-3.5645922146318,-3.39904549847289,15.9156671986294));
#8857=CARTESIAN_POINT('Ctrl Pts',(-4.13066593676869,-2.8054015880884,15.8758947210536));
#8858=CARTESIAN_POINT('Ctrl Pts',(-4.54522255681684,-2.06727691630435,15.8361222434777));
#8859=CARTESIAN_POINT('Ctrl Pts',(-4.75755303399819,-1.27495847869782,15.7963497659019));
#8860=CARTESIAN_POINT('Ctrl Pts',(-4.96988351117952,-0.482640041091312,
15.7565772883261));
#8861=CARTESIAN_POINT('Ctrl Pts',(-4.97998784549404,0.363872162337674,15.7168048107503));
#8862=CARTESIAN_POINT('Ctrl Pts',(-4.78663042481569,1.1610331510321,15.6770323331745));
#8863=CARTESIAN_POINT('Ctrl Pts',(-4.59327300413733,1.95819413972655,15.6372598555987));
#8864=CARTESIAN_POINT('Ctrl Pts',(-4.19645382846611,2.70600391368645,15.5974873780229));
#8865=CARTESIAN_POINT('Ctrl Pts',(-3.64471144838164,3.3129907632131,15.5577149004471));
#8866=CARTESIAN_POINT('Ctrl Pts',(-3.09296906829716,3.91997761273977,15.5179424228713));
#8867=CARTESIAN_POINT('Ctrl Pts',(-2.38630348379942,4.38614153783316,15.4781699452955));
#8868=CARTESIAN_POINT('Ctrl Pts',(-1.61115376953184,4.65446159059093,15.4383974677197));
#8869=CARTESIAN_POINT('Ctrl Pts',(-0.836004055264272,4.9227816433487,15.3986249901439));
#8870=CARTESIAN_POINT('Ctrl Pts',(0.00762978877312942,4.99325782377086,
15.3588525125681));
#8871=CARTESIAN_POINT('Ctrl Pts',(0.816554932159872,4.85726952357003,15.3190800349923));
#8872=CARTESIAN_POINT('Ctrl Pts',(1.62548007554661,4.72128122336921,15.2793075574164));
#8873=CARTESIAN_POINT('Ctrl Pts',(2.39969651828269,4.3788284425454,15.2395350798406));
#8874=CARTESIAN_POINT('Ctrl Pts',(3.04450246410374,3.87179983460986,15.1997626022648));
#8875=CARTESIAN_POINT('Ctrl Pts',(3.68930840992479,3.36477122667432,15.159990124689));
#8876=CARTESIAN_POINT('Ctrl Pts',(4.20470385883081,2.69316679162705,15.1202176471132));
#8877=CARTESIAN_POINT('Ctrl Pts',(4.52764590542866,1.93913685349141,15.0804451695374));
#8878=CARTESIAN_POINT('Ctrl Pts',(4.78911128957905,1.32864735696251,15.0482439549928));
#8879=CARTESIAN_POINT('Ctrl Pts',(4.92442157529101,0.664127132313256,15.0160427404482));
#8880=CARTESIAN_POINT('Ctrl Pts',(4.92510570913047,-0.000122880173454744,
14.9838415259036));
#8881=CARTESIAN_POINT('Ctrl Pts',(4.9178421048386,-0.00164035672620101,
14.7661584740964));
#8882=CARTESIAN_POINT('Ctrl Pts',(4.91503012340458,0.918924604712259,14.8106293857464));
#8883=CARTESIAN_POINT('Ctrl Pts',(4.66663165431463,1.84089786200265,14.8551002973964));
#8884=CARTESIAN_POINT('Ctrl Pts',(4.18233807344242,2.61535410640357,14.8995712090465));
#8885=CARTESIAN_POINT('Ctrl Pts',(3.32638299571039,3.98415142492754,14.9781704392276));
#8886=CARTESIAN_POINT('Ctrl Pts',(1.73353656319019,4.892133719939,15.0567696694087));
#8887=CARTESIAN_POINT('Ctrl Pts',(0.119614234055768,4.93128913859403,15.1353688995897));
#8888=CARTESIAN_POINT('Ctrl Pts',(-1.49430809507865,4.97044455724907,15.2139681297708));
#8889=CARTESIAN_POINT('Ctrl Pts',(-3.12930632082728,4.14077309954768,15.2925673599519));
#8890=CARTESIAN_POINT('Ctrl Pts',(-4.05061878140916,2.81506568010768,15.371166590133));
#8891=CARTESIAN_POINT('Ctrl Pts',(-4.97193124199105,1.48935826066767,15.4497658203141));
#8892=CARTESIAN_POINT('Ctrl Pts',(-5.17955793740619,-0.332385120510955,
15.5283650504952));
#8893=CARTESIAN_POINT('Ctrl Pts',(-4.58019689739475,-1.83136877048402,15.6069642806763));
#8894=CARTESIAN_POINT('Ctrl Pts',(-3.98083585738332,-3.33035242045705,15.6855635108574));
#8895=CARTESIAN_POINT('Ctrl Pts',(-2.57448708194534,-4.50657633922454,15.7641627410385));
#8896=CARTESIAN_POINT('Ctrl Pts',(-0.993147738476145,-4.83167223045194,
15.8427619712196));
#8897=CARTESIAN_POINT('Ctrl Pts',(0.588191604993063,-5.15676812167936,15.9213612014007));
#8898=CARTESIAN_POINT('Ctrl Pts',(2.3445215164935,-4.63073598536668,15.9999604315818));
#8899=CARTESIAN_POINT('Ctrl Pts',(3.48654051096493,-3.48954570837649,16.0785596617629));
#8900=CARTESIAN_POINT('Ctrl Pts',(4.39512195861013,-2.58162358192686,16.1410925992074));
#8901=CARTESIAN_POINT('Ctrl Pts',(4.9148648624097,-1.2843266470127,16.2036255366519));
#8902=CARTESIAN_POINT('Ctrl Pts',(4.9263606515041,0.00445473322903216,16.2661584740964));
#8903=CARTESIAN_POINT('Origin',(2.50901510435302E-15,0.,1.22718733092612));
#8904=CARTESIAN_POINT('',(4.07047928311703,0.000106451411989859,16.9771873309261));
#8905=CARTESIAN_POINT('',(4.0705,8.91903439172153E-14,17.));
#8906=CARTESIAN_POINT('',(4.0705,8.91903439172154E-14,1.22718733092612));
#8907=CARTESIAN_POINT('',(4.05192979544497,0.388375054277808,17.));
#8908=CARTESIAN_POINT('Ctrl Pts',(4.07047928311697,0.000106451411989988,
16.9771873309262));
#8909=CARTESIAN_POINT('Ctrl Pts',(4.07061233632955,0.12976087479627,16.9847915539508));
#8910=CARTESIAN_POINT('Ctrl Pts',(4.06456231116722,0.259402911447593,16.9923957769754));
#8911=CARTESIAN_POINT('Ctrl Pts',(4.05225126520476,0.388439525564463,17.));
#8912=CARTESIAN_POINT('Origin',(-1.85037170770859E-16,0.,17.));
#8913=CARTESIAN_POINT('Origin',(2.50901510435302E-15,0.,1.22718733092612));
#8914=CARTESIAN_POINT('',(4.07058736832804,-0.000101560151407977,15.4771873309261));
#8915=CARTESIAN_POINT('',(4.07162457501471,0.00368182570749609,15.7728126690739));
#8916=CARTESIAN_POINT('',(4.0705,8.91903439172154E-14,1.22718733092612));
#8917=CARTESIAN_POINT('Ctrl Pts',(4.07058736832797,-0.000101560151407835,
15.4771873309262));
#8918=CARTESIAN_POINT('Ctrl Pts',(4.07002193344603,0.548899389255102,15.5093885454708));
#8919=CARTESIAN_POINT('Ctrl Pts',(3.82006000610444,1.77648349519933,15.5813622375912));
#8920=CARTESIAN_POINT('Ctrl Pts',(2.62323100666531,3.33605423980458,15.6931084072874));
#8921=CARTESIAN_POINT('Ctrl Pts',(0.703567231950283,4.18516330234871,15.8124258400148));
#8922=CARTESIAN_POINT('Ctrl Pts',(-1.38821646073249,4.01041814961261,15.9317432727423));
#8923=CARTESIAN_POINT('Ctrl Pts',(-3.14038839679215,2.85456824681511,16.0510607054697));
#8924=CARTESIAN_POINT('Ctrl Pts',(-4.12429852140314,1.00037960626456,16.1703781381971));
#8925=CARTESIAN_POINT('Ctrl Pts',(-4.09924490140684,-1.09854095661314,16.2896955709245));
#8926=CARTESIAN_POINT('Ctrl Pts',(-3.07135491851992,-2.9287154600631,16.409013003652));
#8927=CARTESIAN_POINT('Ctrl Pts',(-1.29209393374208,-4.04241206794713,16.5283304363793));
#8928=CARTESIAN_POINT('Ctrl Pts',(0.803268037319681,-4.16717665145339,16.6476478691068));
#8929=CARTESIAN_POINT('Ctrl Pts',(2.70211064095412,-3.27248789000216,16.7669653018342));
#8930=CARTESIAN_POINT('Ctrl Pts',(3.84167554040061,-1.71178334174708,16.8768117891073));
#8931=CARTESIAN_POINT('Ctrl Pts',(4.06994908875236,-0.516544317792486,16.9468857988047));
#8932=CARTESIAN_POINT('Ctrl Pts',(4.07047928311697,0.000106451411989988,
16.9771873309262));
#8933=CARTESIAN_POINT('',(1.68962223452166,-3.70326166434537,17.));
#8934=CARTESIAN_POINT('Origin',(-1.85037170770859E-16,0.,17.));
#8935=CARTESIAN_POINT('Ctrl Pts',(4.07162457501471,0.00368182570749592,
15.7728126690739));
#8936=CARTESIAN_POINT('Ctrl Pts',(4.07406568393462,0.277352097256247,15.7888789618105));
#8937=CARTESIAN_POINT('Ctrl Pts',(3.92506635515868,1.88712974192557,15.8835444847281));
#8938=CARTESIAN_POINT('Ctrl Pts',(1.7840183020603,4.44955579352226,16.0568092378269));
#8939=CARTESIAN_POINT('Ctrl Pts',(-2.73341390206847,3.94280091331834,16.2926069283702));
#8940=CARTESIAN_POINT('Ctrl Pts',(-4.79366012271194,-0.117988735038113,
16.5284046189134));
#8941=CARTESIAN_POINT('Ctrl Pts',(-2.92106816290753,-3.39556858165218,16.7249026943662));
#8942=CARTESIAN_POINT('Ctrl Pts',(-0.273773695659789,-4.22437018159044,
16.8821011547284));
#8943=CARTESIAN_POINT('Ctrl Pts',(1.07999928822374,-3.98140363164318,16.9607003849095));
#8944=CARTESIAN_POINT('Ctrl Pts',(1.68962223452171,-3.70326166434533,17.));
#8945=CARTESIAN_POINT('Origin',(2.50901510435302E-15,0.,1.22718733092612));
#8946=CARTESIAN_POINT('',(4.07022707849184,6.976815697472E-5,13.9771873309261));
#8947=CARTESIAN_POINT('',(4.06458401781635,-0.00135575067078925,14.2728126690739));
#8948=CARTESIAN_POINT('',(4.0705,8.91903439172154E-14,1.22718733092612));
#8949=CARTESIAN_POINT('Ctrl Pts',(4.07022707849178,6.97681569743897E-5,
13.9771873309262));
#8950=CARTESIAN_POINT('Ctrl Pts',(4.07038439290351,0.258582525115141,13.9923463369853));
#8951=CARTESIAN_POINT('Ctrl Pts',(3.98253277799608,1.19524610503871,14.0472778206202));
#8952=CARTESIAN_POINT('Ctrl Pts',(3.27230105386289,2.70234057079839,14.1419817818309));
#8953=CARTESIAN_POINT('Ctrl Pts',(1.57694826565802,3.94002955867632,14.2612992145583));
#8954=CARTESIAN_POINT('Ctrl Pts',(-0.504187591403168,4.21383360198125,14.3806166472857));
#8955=CARTESIAN_POINT('Ctrl Pts',(-2.46197949300418,3.45676955108859,14.4999340800132));
#8956=CARTESIAN_POINT('Ctrl Pts',(-3.81747516095997,1.85404480772479,14.6192515127406));
#8957=CARTESIAN_POINT('Ctrl Pts',(-4.23906747195768,-0.20225162791647,14.738568945468));
#8958=CARTESIAN_POINT('Ctrl Pts',(-3.62361849948375,-2.20906942493583,14.8578863781954));
#8959=CARTESIAN_POINT('Ctrl Pts',(-2.12169107229771,-3.67546265744045,14.9772038109229));
#8960=CARTESIAN_POINT('Ctrl Pts',(-0.100715235302142,-4.2426943320186,15.0965212436503));
#8961=CARTESIAN_POINT('Ctrl Pts',(1.94489947878661,-3.77199745131339,15.2158386763777));
#8962=CARTESIAN_POINT('Ctrl Pts',(3.5147159008367,-2.37852283608605,15.3351561091051));
#8963=CARTESIAN_POINT('Ctrl Pts',(4.03308738677748,-0.936274420020068,15.422272327288));
#8964=CARTESIAN_POINT('Ctrl Pts',(4.07072031536984,-0.129184597891438,15.469616067895));
#8965=CARTESIAN_POINT('Ctrl Pts',(4.07058736832797,-0.000101560151407835,
15.4771873309262));
#8966=CARTESIAN_POINT('Ctrl Pts',(4.06458401781634,-0.00135575067078952,
14.2728126690739));
#8967=CARTESIAN_POINT('Ctrl Pts',(4.06225992229812,0.759488853498783,14.3172835807239));
#8968=CARTESIAN_POINT('Ctrl Pts',(3.49410456292733,2.86829431129875,14.440353722555));
#8969=CARTESIAN_POINT('Ctrl Pts',(0.116280035917169,4.79378116524991,14.6420230945672));
#8970=CARTESIAN_POINT('Ctrl Pts',(-3.93768561560147,2.73661710317466,14.8778207851105));
#8971=CARTESIAN_POINT('Ctrl Pts',(-4.45249442596937,-1.78038173931519,15.1136184756537));
#8972=CARTESIAN_POINT('Ctrl Pts',(-0.96546334551028,-4.6968199898795,15.3494161661971));
#8973=CARTESIAN_POINT('Ctrl Pts',(3.09262453706682,-3.48139649555832,15.5691475640037));
#8974=CARTESIAN_POINT('Ctrl Pts',(4.06212333450534,-1.0614927140436,15.7102797316294));
#8975=CARTESIAN_POINT('Ctrl Pts',(4.07162457501471,0.00368182570749592,
15.7728126690739));
#8976=CARTESIAN_POINT('Origin',(2.50901510435302E-15,0.,1.22718733092612));
#8977=CARTESIAN_POINT('',(4.0708283299913,-3.52707373785279E-5,12.4771873309261));
#8978=CARTESIAN_POINT('',(4.07602064103724,-0.00166023068963604,12.7728126690739));
#8979=CARTESIAN_POINT('',(4.0705,8.91903439172154E-14,1.22718733092612));
#8980=CARTESIAN_POINT('Ctrl Pts',(4.07082832999123,-3.52707373784539E-5,
12.4771873309262));
#8981=CARTESIAN_POINT('Ctrl Pts',(4.07054484817253,0.645829435975426,12.5150766060756));
#8982=CARTESIAN_POINT('Ctrl Pts',(3.74987138997108,1.96993771811327,12.5927383588008));
#8983=CARTESIAN_POINT('Ctrl Pts',(2.37827848526258,3.51487864927059,12.7101725891018));
#8984=CARTESIAN_POINT('Ctrl Pts',(0.402877977237571,4.22472424627367,12.8294900218293));
#8985=CARTESIAN_POINT('Ctrl Pts',(-1.67108589793468,3.90103438419297,12.9488074545567));
#8986=CARTESIAN_POINT('Ctrl Pts',(-3.33623509090868,2.62300088749958,13.0681248872841));
#8987=CARTESIAN_POINT('Ctrl Pts',(-4.18521197616849,0.703278245522887,13.1874423200115));
#8988=CARTESIAN_POINT('Ctrl Pts',(-4.01032224908245,-1.388493288197,13.306759752739));
#8989=CARTESIAN_POINT('Ctrl Pts',(-2.85435148967193,-3.14058539921342,13.4260771854664));
#8990=CARTESIAN_POINT('Ctrl Pts',(-1.00009487337768,-4.12436769267872,13.5453946181938));
#8991=CARTESIAN_POINT('Ctrl Pts',(1.09882390258892,-4.09916879620237,13.6647120509212));
#8992=CARTESIAN_POINT('Ctrl Pts',(2.92892751539982,-3.07115326313018,13.7840294836486));
#8993=CARTESIAN_POINT('Ctrl Pts',(3.90102419610084,-1.51787483080828,13.888187910317));
#8994=CARTESIAN_POINT('Ctrl Pts',(4.0699716492257,-0.41967387171501,13.9525738594095));
#8995=CARTESIAN_POINT('Ctrl Pts',(4.07022707849178,6.97681569743897E-5,
13.9771873309262));
#8996=CARTESIAN_POINT('Ctrl Pts',(4.07602064103723,-0.00166023068963595,
12.7728126690739));
#8997=CARTESIAN_POINT('Ctrl Pts',(4.06954892470007,1.23618691112917,12.8456881996373));
#8998=CARTESIAN_POINT('Ctrl Pts',(2.81219007728215,3.82050139909556,12.9971629603819));
#8999=CARTESIAN_POINT('Ctrl Pts',(-1.56606235156964,4.53228105884121,13.2272369513075));
#9000=CARTESIAN_POINT('Ctrl Pts',(-4.64567547284381,1.18820455583495,13.4630346418508));
#9001=CARTESIAN_POINT('Ctrl Pts',(-3.5498052966581,-3.22382111760168,13.6988323323941));
#9002=CARTESIAN_POINT('Ctrl Pts',(0.736591434012018,-4.73830389900119,13.9346300229374));
#9003=CARTESIAN_POINT('Ctrl Pts',(3.67740272878568,-2.51162135724459,14.1259568018306));
#9004=CARTESIAN_POINT('Ctrl Pts',(4.06636759879545,-0.585250841648703,14.2386843505428));
#9005=CARTESIAN_POINT('Ctrl Pts',(4.06458401781634,-0.00135575067078952,
14.2728126690739));
#9006=CARTESIAN_POINT('Origin',(2.50901510435302E-15,0.,1.22718733092612));
#9007=CARTESIAN_POINT('',(4.07117801891011,-0.00385729762990374,10.9771873309261));
#9008=CARTESIAN_POINT('',(4.06840058147524,0.00338254076945322,11.2728126690739));
#9009=CARTESIAN_POINT('',(4.0705,8.91903439172154E-14,1.22718733092612));
#9010=CARTESIAN_POINT('Ctrl Pts',(4.07117801891005,-0.00385729762990377,
10.9771873309262));
#9011=CARTESIAN_POINT('Ctrl Pts',(4.06086228814244,1.02721081404817,11.0378068751659));
#9012=CARTESIAN_POINT('Ctrl Pts',(3.39472212309531,2.74432131327153,11.1381988969814));
#9013=CARTESIAN_POINT('Ctrl Pts',(1.28580038109554,4.0378736194836,11.2783633963728));
#9014=CARTESIAN_POINT('Ctrl Pts',(-0.800880419361225,4.16953295854173,11.3976808291002));
#9015=CARTESIAN_POINT('Ctrl Pts',(-2.70407429316139,3.27085539824112,11.5169982618276));
#9016=CARTESIAN_POINT('Ctrl Pts',(-3.93937235995476,1.57731619416779,11.636315694555));
#9017=CARTESIAN_POINT('Ctrl Pts',(-4.21418781480432,-0.504803470983524,
11.7556331272825));
#9018=CARTESIAN_POINT('Ctrl Pts',(-3.45640204059864,-2.46205307774275,11.8749505600099));
#9019=CARTESIAN_POINT('Ctrl Pts',(-1.85388159253886,-3.81768694277812,11.9942679927373));
#9020=CARTESIAN_POINT('Ctrl Pts',(0.202595194580846,-4.23901094506491,12.1135854254647));
#9021=CARTESIAN_POINT('Ctrl Pts',(2.20929369604659,-3.62348760520138,12.2329028581922));
#9022=CARTESIAN_POINT('Ctrl Pts',(3.67562224654679,-2.12142637257298,12.3522202909196));
#9023=CARTESIAN_POINT('Ctrl Pts',(4.06262066138404,-0.742196397353947,12.4336484484976));
#9024=CARTESIAN_POINT('Ctrl Pts',(4.0708424198266,-0.0321365441980226,12.4753041284998));
#9025=CARTESIAN_POINT('Ctrl Pts',(4.07082832999123,-3.52707373784539E-5,
12.4771873309262));
#9026=CARTESIAN_POINT('Ctrl Pts',(4.06840058147523,0.00338254076945339,
11.2728126690739));
#9027=CARTESIAN_POINT('Ctrl Pts',(4.07154897087511,0.390507114899005,11.2954935883697));
#9028=CARTESIAN_POINT('Ctrl Pts',(3.84443853846182,2.11556837881464,11.3967737378466));
#9029=CARTESIAN_POINT('Ctrl Pts',(1.40825128293694,4.58377095828403,11.5766531175046));
#9030=CARTESIAN_POINT('Ctrl Pts',(-3.05098388844575,3.69940874457327,11.8124508080478));
#9031=CARTESIAN_POINT('Ctrl Pts',(-4.76802755183257,-0.509942229627936,
12.0482484985911));
#9032=CARTESIAN_POINT('Ctrl Pts',(-2.19961932312193,-4.26096268239507,12.2840461891344));
#9033=CARTESIAN_POINT('Ctrl Pts',(2.34578309382251,-4.18227556077198,12.5198438796777));
#9034=CARTESIAN_POINT('Ctrl Pts',(4.029631068598,-1.53067336487382,12.6827660396575));
#9035=CARTESIAN_POINT('Ctrl Pts',(4.07652893456234,-0.0988816870213897,
12.7670889694562));
#9036=CARTESIAN_POINT('Ctrl Pts',(4.07602064103723,-0.00166023068963595,
12.7728126690739));
#9037=CARTESIAN_POINT('Origin',(2.50901510435302E-15,0.,1.22718733092612));
#9038=CARTESIAN_POINT('',(4.07075818351566,4.73976369620176E-5,9.47718733092612));
#9039=CARTESIAN_POINT('',(4.0663929172355,-0.00277256322903819,9.77281266907388));
#9040=CARTESIAN_POINT('',(4.0705,8.91903439172154E-14,1.22718733092612));
#9041=CARTESIAN_POINT('Ctrl Pts',(4.07075818351559,4.7397636962019E-5,9.47718733092616));
#9042=CARTESIAN_POINT('Ctrl Pts',(4.07080731038308,0.0649089041561717,9.48099218910459));
#9043=CARTESIAN_POINT('Ctrl Pts',(4.05342816407251,0.807750301762459,9.52456952485883));
#9044=CARTESIAN_POINT('Ctrl Pts',(3.62338732563499,2.20967754223116,9.60791933818888));
#9045=CARTESIAN_POINT('Ctrl Pts',(2.12103817554349,3.67554315465949,9.7272367709163));
#9046=CARTESIAN_POINT('Ctrl Pts',(0.100415871173341,4.24312645764638,9.84655420364372));
#9047=CARTESIAN_POINT('Ctrl Pts',(-1.94598413907478,3.77090528881711,9.96587163637114));
#9048=CARTESIAN_POINT('Ctrl Pts',(-3.51393476111112,2.37965865489031,10.0851890690986));
#9049=CARTESIAN_POINT('Ctrl Pts',(-4.22692465400921,0.399402688788046,10.204506501826));
#9050=CARTESIAN_POINT('Ctrl Pts',(-3.89677131463665,-1.66519647740799,10.3238239345534));
#9051=CARTESIAN_POINT('Ctrl Pts',(-2.20687251510682,-3.90786539634752,10.4829138448566));
#9052=CARTESIAN_POINT('Ctrl Pts',(1.56866269559557,-4.55481094238869,10.6817762327357));
#9053=CARTESIAN_POINT('Ctrl Pts',(3.89239894782039,-1.99769615244002,10.8597915539508));
#9054=CARTESIAN_POINT('Ctrl Pts',(4.07439858821788,-0.32575657840432,10.9582619200143));
#9055=CARTESIAN_POINT('Ctrl Pts',(4.07117801891005,-0.00385729762990377,
10.9771873309262));
#9056=CARTESIAN_POINT('Ctrl Pts',(4.0663929172355,-0.00277256322903829,
9.77281266907388));
#9057=CARTESIAN_POINT('Ctrl Pts',(4.06078571392959,0.87026086886688,9.82389820728311));
#9058=CARTESIAN_POINT('Ctrl Pts',(3.35954985184365,3.09474557499783,9.95358297567344));
#9059=CARTESIAN_POINT('Ctrl Pts',(-0.28213409492801,4.78691217567167,10.1618669742449));
#9060=CARTESIAN_POINT('Ctrl Pts',(-4.15129448499127,2.40018372682304,10.3976646647881));
#9061=CARTESIAN_POINT('Ctrl Pts',(-4.28931603459249,-2.14380404433388,10.6334623553314));
#9062=CARTESIAN_POINT('Ctrl Pts',(-0.572146458178828,-4.76096379557194,
10.8692600458747));
#9063=CARTESIAN_POINT('Ctrl Pts',(3.25225126759126,-3.25887956419152,11.0823768171222));
#9064=CARTESIAN_POINT('Ctrl Pts',(4.06063843502276,-0.951047568751106,11.2168943581886));
#9065=CARTESIAN_POINT('Ctrl Pts',(4.06840058147523,0.00338254076945339,
11.2728126690739));
#9066=CARTESIAN_POINT('Origin',(2.50901510435302E-15,0.,1.22718733092612));
#9067=CARTESIAN_POINT('',(4.07029886437797,-9.0114806706286E-5,7.97718733092612));
#9068=CARTESIAN_POINT('',(4.07688006860238,0.000270595858340439,8.27281266907389));
#9069=CARTESIAN_POINT('',(4.0705,8.91903439172154E-14,1.22718733092612));
#9070=CARTESIAN_POINT('Ctrl Pts',(4.0702988643779,-9.01148067062631E-5,
7.97718733092616));
#9071=CARTESIAN_POINT('Ctrl Pts',(4.06993461352252,0.45240144448616,8.0037224581949));
#9072=CARTESIAN_POINT('Ctrl Pts',(3.88185766372754,1.58341039884727,8.07003006303945));
#9073=CARTESIAN_POINT('Ctrl Pts',(2.85391785763008,3.14097945524083,8.17611014545982));
#9074=CARTESIAN_POINT('Ctrl Pts',(0.999525415566195,4.12450567904702,8.29542757818723));
#9075=CARTESIAN_POINT('Ctrl Pts',(-1.09938975701527,4.09901716735363,8.41474501091466));
#9076=CARTESIAN_POINT('Ctrl Pts',(-2.92935166049699,3.07074861992601,8.53406244364208));
#9077=CARTESIAN_POINT('Ctrl Pts',(-4.04267916243212,1.2912561847167,8.6533798763695));
#9078=CARTESIAN_POINT('Ctrl Pts',(-4.16701100472623,-0.80412990746897,8.77269730909692));
#9079=CARTESIAN_POINT('Ctrl Pts',(-3.27192666516436,-2.7027904784403,8.89201474182435));
#9080=CARTESIAN_POINT('Ctrl Pts',(-1.57640677344431,-3.94025087972552,9.01133217455176));
#9081=CARTESIAN_POINT('Ctrl Pts',(0.504774269101062,-4.2137567815148,9.1306496072792));
#9082=CARTESIAN_POINT('Ctrl Pts',(2.46244705008679,-3.45644373295396,9.24996704000661));
#9083=CARTESIAN_POINT('Ctrl Pts',(3.77453151066148,-1.90460577874531,9.3654796145556));
#9084=CARTESIAN_POINT('Ctrl Pts',(4.07029378342781,-0.613093452985785,9.44121971152878));
#9085=CARTESIAN_POINT('Ctrl Pts',(4.07075818351559,4.7397636962019E-5,9.47718733092616));
#9086=CARTESIAN_POINT('Ctrl Pts',(4.07688006860238,0.0002705958583403,8.27281266907388));
#9087=CARTESIAN_POINT('Ctrl Pts',(4.07689485595948,0.0153951467483615,8.27370359601547));
#9088=CARTESIAN_POINT('Ctrl Pts',(4.07002136089391,1.36482187117105,8.35319375313814));
#9089=CARTESIAN_POINT('Ctrl Pts',(2.59529384721105,4.03219270298969,8.5112831404419));
#9090=CARTESIAN_POINT('Ctrl Pts',(-1.93695330615328,4.38660913489843,8.7470808309852));
#9091=CARTESIAN_POINT('Ctrl Pts',(-4.72828759479075,0.798388481836188,8.98287852152846));
#9092=CARTESIAN_POINT('Ctrl Pts',(-3.26988787249445,-3.50741517006688,9.21867621207176));
#9093=CARTESIAN_POINT('Ctrl Pts',(1.12745192280202,-4.66079177619862,9.45447390261502));
#9094=CARTESIAN_POINT('Ctrl Pts',(3.77830730355859,-2.28278132497551,9.63918605494907));
#9095=CARTESIAN_POINT('Ctrl Pts',(4.06941284949011,-0.472971640577242,9.74529897710202));
#9096=CARTESIAN_POINT('Ctrl Pts',(4.0663929172355,-0.00277256322903829,
9.77281266907388));
#9097=CARTESIAN_POINT('Origin',(2.50901510435302E-15,0.,1.22718733092612));
#9098=CARTESIAN_POINT('',(4.07048304244569,0.000106821081372794,6.47718733092612));
#9099=CARTESIAN_POINT('',(4.06578474675303,0.00244698886001566,6.77281266907388));
#9100=CARTESIAN_POINT('',(4.0705,8.91903439172154E-14,1.22718733092612));
#9101=CARTESIAN_POINT('Ctrl Pts',(4.07048304244562,0.000106821081372662,
6.47718733092616));
#9102=CARTESIAN_POINT('Ctrl Pts',(4.07064923865751,0.161964257110636,6.48668024970941));
#9103=CARTESIAN_POINT('Ctrl Pts',(4.02150369378244,1.00185542699902,6.53594564606846));
#9104=CARTESIAN_POINT('Ctrl Pts',(3.45625961635282,2.46269531547768,6.62498352000332));
#9105=CARTESIAN_POINT('Ctrl Pts',(1.85325419277368,3.81785904021533,6.74430095273075));
#9106=CARTESIAN_POINT('Ctrl Pts',(-0.203129507966213,4.23902549600707,6.86361838545816));
#9107=CARTESIAN_POINT('Ctrl Pts',(-2.20981980625275,3.62316093728814,6.98293581818559));
#9108=CARTESIAN_POINT('Ctrl Pts',(-3.67590196763763,2.12092986155226,7.10225325091301));
#9109=CARTESIAN_POINT('Ctrl Pts',(-4.24271509841357,0.0998365975219962,
7.22157068364044));
#9110=CARTESIAN_POINT('Ctrl Pts',(-3.77159459414479,-1.94568059383413,7.34088811636785));
#9111=CARTESIAN_POINT('Ctrl Pts',(-2.37779490894257,-3.51520840331011,7.46020554909528));
#9112=CARTESIAN_POINT('Ctrl Pts',(-0.402293824927432,-4.22477909971161,
7.5795229818227));
#9113=CARTESIAN_POINT('Ctrl Pts',(1.67162402658233,-3.90080400115494,7.69884041455012));
#9114=CARTESIAN_POINT('Ctrl Pts',(3.33659741948757,-2.62254006954521,7.81815784727755));
#9115=CARTESIAN_POINT('Ctrl Pts',(3.99656309464412,-1.12965561165185,7.91094015273622));
#9116=CARTESIAN_POINT('Ctrl Pts',(4.07048057506365,-0.225820680207254,7.96394998061909));
#9117=CARTESIAN_POINT('Ctrl Pts',(4.0702988643779,-9.01148067062631E-5,
7.97718733092616));
#9118=CARTESIAN_POINT('Ctrl Pts',(4.06578474675303,0.00244698886001565,
6.77281266907388));
#9119=CARTESIAN_POINT('Ctrl Pts',(4.06859367409423,0.50328592901268,6.8021082149289));
#9120=CARTESIAN_POINT('Ctrl Pts',(3.75232641774733,2.34444095823479,6.91000299096502));
#9121=CARTESIAN_POINT('Ctrl Pts',(1.0228179721655,4.68486751555384,7.09649699718222));
#9122=CARTESIAN_POINT('Ctrl Pts',(-3.34759860138883,3.43332408453805,7.33229468772551));
#9123=CARTESIAN_POINT('Ctrl Pts',(-4.70922628017503,-0.904052391979268,
7.56809237826878));
#9124=CARTESIAN_POINT('Ctrl Pts',(-1.83825371230542,-4.42887719057056,7.80389006881207));
#9125=CARTESIAN_POINT('Ctrl Pts',(2.66783224275587,-3.97479652106869,8.03879683241376));
#9126=CARTESIAN_POINT('Ctrl Pts',(4.07559028783964,-1.31892083507492,8.19510436583437));
#9127=CARTESIAN_POINT('Ctrl Pts',(4.07688006860238,0.0002705958583403,8.27281266907388));
#9128=CARTESIAN_POINT('Origin',(2.50901510435302E-15,0.,1.22718733092612));
#9129=CARTESIAN_POINT('',(4.07058856787266,-0.000102099498278507,4.97718733092612));
#9130=CARTESIAN_POINT('',(4.06934696985054,-0.00343508608795812,5.27281266907388));
#9131=CARTESIAN_POINT('',(4.0705,8.91903439172154E-14,1.22718733092612));
#9132=CARTESIAN_POINT('Ctrl Pts',(4.07058856787259,-0.000102099498278385,
4.97718733092615));
#9133=CARTESIAN_POINT('Ctrl Pts',(4.07002301210437,0.549273012376066,5.00941051879971));
#9134=CARTESIAN_POINT('Ctrl Pts',(3.81980473647427,1.77723258190432,5.08140618424909));
#9135=CARTESIAN_POINT('Ctrl Pts',(2.62230974126609,3.33677792224626,5.19317432727426));
#9136=CARTESIAN_POINT('Ctrl Pts',(0.702411588879935,4.18535768541635,5.31249176000168));
#9137=CARTESIAN_POINT('Ctrl Pts',(-1.38932381660397,4.01003453637186,5.43180919272911));
#9138=CARTESIAN_POINT('Ctrl Pts',(-3.14117642708723,2.85370107270248,5.55112662545651));
#9139=CARTESIAN_POINT('Ctrl Pts',(-4.12457472936859,0.999240700954909,5.67044405818396));
#9140=CARTESIAN_POINT('Ctrl Pts',(-4.0989411427817,-1.09967278097258,5.78976149091136));
#9141=CARTESIAN_POINT('Ctrl Pts',(-3.07054663773199,-2.92956347443799,5.9090789236388));
#9142=CARTESIAN_POINT('Ctrl Pts',(-1.29097663373341,-4.04276861166298,6.02839635636621));
#9143=CARTESIAN_POINT('Ctrl Pts',(0.804416620580994,-4.16695484417768,6.14771378909364));
#9144=CARTESIAN_POINT('Ctrl Pts',(2.70301818632641,-3.27174134518086,6.26703122182105));
#9145=CARTESIAN_POINT('Ctrl Pts',(3.8419132024871,-1.71103527292179,6.37685573576523));
#9146=CARTESIAN_POINT('Ctrl Pts',(4.06995292646297,-0.516169770150946,6.4469077721336));
#9147=CARTESIAN_POINT('Ctrl Pts',(4.07048304244562,0.000106821081372662,
6.47718733092616));
#9148=CARTESIAN_POINT('Ctrl Pts',(4.06934696985053,-0.00343508608795787,
5.27281266907388));
#9149=CARTESIAN_POINT('Ctrl Pts',(4.0609180836757,0.980880922924266,5.33051283384234));
#9150=CARTESIAN_POINT('Ctrl Pts',(3.21056430848974,3.31895759758712,5.46681222879189));
#9151=CARTESIAN_POINT('Ctrl Pts',(-0.678506020284488,4.74700909325155,5.68171085392254));
#9152=CARTESIAN_POINT('Ctrl Pts',(-4.33628770705673,2.04720543627931,5.91750854446583));
#9153=CARTESIAN_POINT('Ctrl Pts',(-4.09648991280099,-2.49251465419511,6.1533062350091));
#9154=CARTESIAN_POINT('Ctrl Pts',(-0.174899349919428,-4.79203582869058,
6.38910392555239));
#9155=CARTESIAN_POINT('Ctrl Pts',(3.39717952166231,-3.03391896655253,6.59560607024064));
#9156=CARTESIAN_POINT('Ctrl Pts',(4.06105739101058,-0.840452649388494,6.72350898474781));
#9157=CARTESIAN_POINT('Ctrl Pts',(4.06578474675303,0.00244698886001565,
6.77281266907388));
#9158=CARTESIAN_POINT('Origin',(6.8977111306038,2.94475485545817,19.6));
#9159=CARTESIAN_POINT('',(7.07859077870346,2.47861908885863,19.1));
#9160=CARTESIAN_POINT('',(6.43786372189688,2.74843786509429,19.6));
#9161=CARTESIAN_POINT('Ctrl Pts',(7.07859077870346,2.47861908885863,19.1));
#9162=CARTESIAN_POINT('Ctrl Pts',(7.07336758484121,2.47659227706804,19.105599539507));
#9163=CARTESIAN_POINT('Ctrl Pts',(7.06814656889237,2.47466736087267,19.1111633435951));
#9164=CARTESIAN_POINT('Ctrl Pts',(7.00470703836129,2.45245620069593,19.1783787411644));
#9165=CARTESIAN_POINT('Ctrl Pts',(6.93761101746501,2.44161756683603,19.2453263010449));
#9166=CARTESIAN_POINT('Ctrl Pts',(6.80015721592316,2.44955552095352,19.3721550478782));
#9167=CARTESIAN_POINT('Ctrl Pts',(6.72980679231438,2.46822387570395,19.4320509586753));
#9168=CARTESIAN_POINT('Ctrl Pts',(6.62186983867407,2.52482862000651,19.5132116408946));
#9169=CARTESIAN_POINT('Ctrl Pts',(6.57578007333723,2.55776347571748,19.5444979793532));
#9170=CARTESIAN_POINT('Ctrl Pts',(6.49534911143931,2.64225400215045,19.5880004679457));
#9171=CARTESIAN_POINT('Ctrl Pts',(6.46110038707995,2.69400895269286,19.6));
#9172=CARTESIAN_POINT('Ctrl Pts',(6.43786372189688,2.74843786509429,19.6));
#9173=CARTESIAN_POINT('',(7.07859077870346,2.47861908885863,17.5));
#9174=CARTESIAN_POINT('',(7.07859077870346,2.47861908885863,19.6));
#9175=CARTESIAN_POINT('',(6.43786372189688,2.74843786509429,17.));
#9176=CARTESIAN_POINT('Ctrl Pts',(6.43786372189688,2.74843786509429,17.));
#9177=CARTESIAN_POINT('Ctrl Pts',(6.46110038707995,2.69400895269286,17.));
#9178=CARTESIAN_POINT('Ctrl Pts',(6.49534911143931,2.64225400215045,17.0119995320543));
#9179=CARTESIAN_POINT('Ctrl Pts',(6.57578007333723,2.55776347571748,17.0555020206468));
#9180=CARTESIAN_POINT('Ctrl Pts',(6.62186983867407,2.52482862000651,17.0867883591054));
#9181=CARTESIAN_POINT('Ctrl Pts',(6.72980679231438,2.46822387570395,17.1679490413247));
#9182=CARTESIAN_POINT('Ctrl Pts',(6.80015721592316,2.44955552095352,17.2278449521218));
#9183=CARTESIAN_POINT('Ctrl Pts',(6.93761101746501,2.44161756683603,17.3546736989551));
#9184=CARTESIAN_POINT('Ctrl Pts',(7.00470703836129,2.45245620069593,17.4216212588356));
#9185=CARTESIAN_POINT('Ctrl Pts',(7.0681465688838,2.47466736086967,17.4888366563958));
#9186=CARTESIAN_POINT('Ctrl Pts',(7.07336758483352,2.47659227706506,17.4944004604848));
#9187=CARTESIAN_POINT('Ctrl Pts',(7.07859077870346,2.47861908885863,17.5));
#9188=CARTESIAN_POINT('',(6.68617498859034,3.39780282270012,17.5));
#9189=CARTESIAN_POINT('Ctrl Pts',(6.68617498859034,3.39780282270012,17.5));
#9190=CARTESIAN_POINT('Ctrl Pts',(6.68109844752363,3.39543249551697,17.494400460493));
#9191=CARTESIAN_POINT('Ctrl Pts',(6.67609700256914,3.39299326238659,17.4888366564049));
#9192=CARTESIAN_POINT('Ctrl Pts',(6.67117439211821,3.39049144372114,17.4833147735479));
#9193=CARTESIAN_POINT('Ctrl Pts',(6.61617627858658,3.36253974850386,17.4216212588356));
#9194=CARTESIAN_POINT('Ctrl Pts',(6.56193976058521,3.32157937595733,17.3546736989551));
#9195=CARTESIAN_POINT('Ctrl Pts',(6.47259895681009,3.21681879436915,17.2278449521218));
#9196=CARTESIAN_POINT('Ctrl Pts',(6.43742159294976,3.15309876107616,17.1679490413247));
#9197=CARTESIAN_POINT('Ctrl Pts',(6.40364440778424,3.03599374495386,17.0867883591054));
#9198=CARTESIAN_POINT('Ctrl Pts',(6.3955509510976,2.97992711362676,17.0555020206468));
#9199=CARTESIAN_POINT('Ctrl Pts',(6.40093833448144,2.86339915651337,17.0119995320543));
#9200=CARTESIAN_POINT('Ctrl Pts',(6.4146270567138,2.80286677749572,17.));
#9201=CARTESIAN_POINT('Ctrl Pts',(6.43786372189688,2.74843786509429,17.));
#9202=CARTESIAN_POINT('',(6.68617498859034,3.39780282270012,19.1));
#9203=CARTESIAN_POINT('',(6.68617498859034,3.39780282270012,19.6));
#9204=CARTESIAN_POINT('Ctrl Pts',(6.43786372189688,2.74843786509429,19.6));
#9205=CARTESIAN_POINT('Ctrl Pts',(6.4146270567138,2.80286677749572,19.6));
#9206=CARTESIAN_POINT('Ctrl Pts',(6.40093833448144,2.86339915651337,19.5880004679457));
#9207=CARTESIAN_POINT('Ctrl Pts',(6.3955509510976,2.97992711362676,19.5444979793532));
#9208=CARTESIAN_POINT('Ctrl Pts',(6.40364440778424,3.03599374495386,19.5132116408946));
#9209=CARTESIAN_POINT('Ctrl Pts',(6.43742159294976,3.15309876107616,19.4320509586753));
#9210=CARTESIAN_POINT('Ctrl Pts',(6.47259895681009,3.21681879436915,19.3721550478782));
#9211=CARTESIAN_POINT('Ctrl Pts',(6.56193976058521,3.32157937595733,19.2453263010449));
#9212=CARTESIAN_POINT('Ctrl Pts',(6.61617627858658,3.36253974850386,19.1783787411644));
#9213=CARTESIAN_POINT('Ctrl Pts',(6.67117439211821,3.39049144372114,19.1166852264521));
#9214=CARTESIAN_POINT('Ctrl Pts',(6.67609700256105,3.39299326238248,19.1111633436042));
#9215=CARTESIAN_POINT('Ctrl Pts',(6.68109844751617,3.39543249551349,19.1055995395152));
#9216=CARTESIAN_POINT('Ctrl Pts',(6.68617498859034,3.39780282270012,19.1));
#9217=CARTESIAN_POINT('Origin',(7.35922855399708,1.44629011267932,19.6));
#9218=CARTESIAN_POINT('',(7.439240472423,0.95273353749284,19.1));
#9219=CARTESIAN_POINT('',(6.86861331706394,1.34987077183403,19.6));
#9220=CARTESIAN_POINT('Ctrl Pts',(7.439240472423,0.952733537492841,19.1));
#9221=CARTESIAN_POINT('Ctrl Pts',(7.43371002001212,0.951836979470104,19.105599539507));
#9222=CARTESIAN_POINT('Ctrl Pts',(7.42820288320751,0.951039637565706,19.1111633435951));
#9223=CARTESIAN_POINT('Ctrl Pts',(7.36153169875948,0.942503664586715,19.1783787411644));
#9224=CARTESIAN_POINT('Ctrl Pts',(7.29364840820904,0.945851928033107,19.2453263010449));
#9225=CARTESIAN_POINT('Ctrl Pts',(7.16084869548134,0.982194671095758,19.3721550478782));
#9226=CARTESIAN_POINT('Ctrl Pts',(7.09591696661875,1.01508175302679,19.4320509586753));
#9227=CARTESIAN_POINT('Ctrl Pts',(7.00210748248121,1.09289090238956,19.5132116408946));
#9228=CARTESIAN_POINT('Ctrl Pts',(6.96387243063631,1.13468865352434,19.5444979793532));
#9229=CARTESIAN_POINT('Ctrl Pts',(6.90276564643991,1.23405539652178,19.5880004679457));
#9230=CARTESIAN_POINT('Ctrl Pts',(6.88002579815507,1.29180008741084,19.6));
#9231=CARTESIAN_POINT('Ctrl Pts',(6.86861331706394,1.34987077183403,19.6));
#9232=CARTESIAN_POINT('',(7.439240472423,0.95273353749284,17.5));
#9233=CARTESIAN_POINT('',(7.439240472423,0.952733537492841,19.6));
#9234=CARTESIAN_POINT('',(6.86861331706394,1.34987077183403,17.));
#9235=CARTESIAN_POINT('Ctrl Pts',(6.86861331706394,1.34987077183403,17.));
#9236=CARTESIAN_POINT('Ctrl Pts',(6.88002579815507,1.29180008741084,17.));
#9237=CARTESIAN_POINT('Ctrl Pts',(6.90276564643991,1.23405539652178,17.0119995320543));
#9238=CARTESIAN_POINT('Ctrl Pts',(6.96387243063631,1.13468865352434,17.0555020206468));
#9239=CARTESIAN_POINT('Ctrl Pts',(7.00210748248121,1.09289090238956,17.0867883591054));
#9240=CARTESIAN_POINT('Ctrl Pts',(7.09591696661875,1.01508175302679,17.1679490413247));
#9241=CARTESIAN_POINT('Ctrl Pts',(7.16084869548134,0.982194671095758,17.2278449521218));
#9242=CARTESIAN_POINT('Ctrl Pts',(7.29364840820904,0.945851928033107,17.3546736989551));
#9243=CARTESIAN_POINT('Ctrl Pts',(7.36153169875949,0.942503664586715,17.4216212588356));
#9244=CARTESIAN_POINT('Ctrl Pts',(7.42820288319851,0.951039637564553,17.4888366563958));
#9245=CARTESIAN_POINT('Ctrl Pts',(7.43371002000398,0.951836979468786,17.4944004604848));
#9246=CARTESIAN_POINT('Ctrl Pts',(7.439240472423,0.952733537492841,17.5));
#9247=CARTESIAN_POINT('',(7.24650895310896,1.93341873180944,17.5));
#9248=CARTESIAN_POINT('Ctrl Pts',(7.24650895310896,1.93341873180944,17.5));
#9249=CARTESIAN_POINT('Ctrl Pts',(7.24105052791209,1.93215567419898,17.494400460493));
#9250=CARTESIAN_POINT('Ctrl Pts',(7.23565123144522,1.93080960304188,17.4888366564049));
#9251=CARTESIAN_POINT('Ctrl Pts',(7.23031603449444,1.92938592337889,17.4833147735479));
#9252=CARTESIAN_POINT('Ctrl Pts',(7.17070827748474,1.91347979054182,17.4216212588356));
#9253=CARTESIAN_POINT('Ctrl Pts',(7.10914081721687,1.884690906572,17.3546736989551));
#9254=CARTESIAN_POINT('Ctrl Pts',(6.99997137470756,1.80079459261194,17.2278449521218));
#9255=CARTESIAN_POINT('Ctrl Pts',(6.95231458078652,1.74578078012644,17.1679490413247));
#9256=CARTESIAN_POINT('Ctrl Pts',(6.8949280062521,1.63825746125135,17.0867883591054));
#9257=CARTESIAN_POINT('Ctrl Pts',(6.87535450289475,1.5850987446018,17.0555020206468));
#9258=CARTESIAN_POINT('Ctrl Pts',(6.8563966344349,1.46999710294451,17.0119995320543));
#9259=CARTESIAN_POINT('Ctrl Pts',(6.85720083597282,1.40794145625722,17.));
#9260=CARTESIAN_POINT('Ctrl Pts',(6.86861331706394,1.34987077183403,17.));
#9261=CARTESIAN_POINT('',(7.24650895310896,1.93341873180944,19.1));
#9262=CARTESIAN_POINT('',(7.24650895310896,1.93341873180944,19.6));
#9263=CARTESIAN_POINT('Ctrl Pts',(6.86861331706394,1.34987077183403,19.6));
#9264=CARTESIAN_POINT('Ctrl Pts',(6.85720083597282,1.40794145625722,19.6));
#9265=CARTESIAN_POINT('Ctrl Pts',(6.8563966344349,1.46999710294451,19.5880004679457));
#9266=CARTESIAN_POINT('Ctrl Pts',(6.87535450289475,1.5850987446018,19.5444979793532));
#9267=CARTESIAN_POINT('Ctrl Pts',(6.8949280062521,1.63825746125135,19.5132116408946));
#9268=CARTESIAN_POINT('Ctrl Pts',(6.95231458078652,1.74578078012644,19.4320509586753));
#9269=CARTESIAN_POINT('Ctrl Pts',(6.99997137470756,1.80079459261194,19.3721550478782));
#9270=CARTESIAN_POINT('Ctrl Pts',(7.10914081721687,1.884690906572,19.2453263010449));
#9271=CARTESIAN_POINT('Ctrl Pts',(7.17070827748474,1.91347979054182,19.1783787411644));
#9272=CARTESIAN_POINT('Ctrl Pts',(7.23031603449444,1.92938592337889,19.1166852264521));
#9273=CARTESIAN_POINT('Ctrl Pts',(7.23565123143645,1.93080960303954,19.1111633436042));
#9274=CARTESIAN_POINT('Ctrl Pts',(7.24105052790407,1.93215567419712,19.1055995395152));
#9275=CARTESIAN_POINT('Ctrl Pts',(7.24650895310896,1.93341873180944,19.1));
#9276=CARTESIAN_POINT('Origin',(7.49911237608413,-0.115384448093563,19.6));
#9277=CARTESIAN_POINT('',(7.4747596600613,-0.614791041184115,19.1));
#9278=CARTESIAN_POINT('',(6.99917155101185,-0.107692151553992,19.6));
#9279=CARTESIAN_POINT('Ctrl Pts',(7.4747596600613,-0.614791041184115,19.1));
#9280=CARTESIAN_POINT('Ctrl Pts',(7.4691636564102,-0.61451816155124,19.105599539507));
#9281=CARTESIAN_POINT('Ctrl Pts',(7.46361108705436,-0.61415308149738,19.1111633435951));
#9282=CARTESIAN_POINT('Ctrl Pts',(7.39662209937361,-0.608640804299298,19.1783787411644));
#9283=CARTESIAN_POINT('Ctrl Pts',(7.33091836470621,-0.591251978725968,19.2453263010449));
#9284=CARTESIAN_POINT('Ctrl Pts',(7.20857672548258,-0.528092798981821,19.3721550478782));
#9285=CARTESIAN_POINT('Ctrl Pts',(7.15190151949449,-0.482424313160308,19.4320509586753));
#9286=CARTESIAN_POINT('Ctrl Pts',(7.07631942946439,-0.386811391934198,19.5132116408946));
#9287=CARTESIAN_POINT('Ctrl Pts',(7.04761014634917,-0.337977507668065,19.5444979793532));
#9288=CARTESIAN_POINT('Ctrl Pts',(7.00849819954655,-0.22807735158968,19.5880004679457));
#9289=CARTESIAN_POINT('Ctrl Pts',(6.99826106782419,-0.166866640435587,19.6));
#9290=CARTESIAN_POINT('Ctrl Pts',(6.99917155101185,-0.107692151553992,19.6));
#9291=CARTESIAN_POINT('',(7.4747596600613,-0.614791041184115,17.5));
#9292=CARTESIAN_POINT('',(7.4747596600613,-0.614791041184115,19.6));
#9293=CARTESIAN_POINT('',(6.99917155101185,-0.107692151553992,17.));
#9294=CARTESIAN_POINT('Ctrl Pts',(6.99917155101185,-0.107692151553992,17.));
#9295=CARTESIAN_POINT('Ctrl Pts',(6.99826106782419,-0.166866640435586,17.));
#9296=CARTESIAN_POINT('Ctrl Pts',(7.00849819954656,-0.228077351589681,17.0119995320543));
#9297=CARTESIAN_POINT('Ctrl Pts',(7.04761014634917,-0.337977507668065,17.0555020206468));
#9298=CARTESIAN_POINT('Ctrl Pts',(7.07631942946439,-0.386811391934197,17.0867883591054));
#9299=CARTESIAN_POINT('Ctrl Pts',(7.15190151949449,-0.482424313160308,17.1679490413247));
#9300=CARTESIAN_POINT('Ctrl Pts',(7.20857672548258,-0.528092798981821,17.2278449521218));
#9301=CARTESIAN_POINT('Ctrl Pts',(7.33091836470621,-0.591251978725969,17.3546736989551));
#9302=CARTESIAN_POINT('Ctrl Pts',(7.39662209937361,-0.608640804299298,17.4216212588356));
#9303=CARTESIAN_POINT('Ctrl Pts',(7.46361108704531,-0.614153081496636,17.4888366563958));
#9304=CARTESIAN_POINT('Ctrl Pts',(7.46916365640197,-0.614518161550839,17.4944004604848));
#9305=CARTESIAN_POINT('Ctrl Pts',(7.4747596600613,-0.614791041184115,17.5));
#9306=CARTESIAN_POINT('',(7.4901357037688,0.384534964766293,17.5));
#9307=CARTESIAN_POINT('Ctrl Pts',(7.4901357037688,0.384534964766293,17.5));
#9308=CARTESIAN_POINT('Ctrl Pts',(7.48453395381531,0.384434378406909,17.494400460493));
#9309=CARTESIAN_POINT('Ctrl Pts',(7.47897278100035,0.384240298991835,17.4888366564049));
#9310=CARTESIAN_POINT('Ctrl Pts',(7.47345817125759,0.383956979964152,17.4833147735479));
#9311=CARTESIAN_POINT('Ctrl Pts',(7.4118459157809,0.380791583838354,17.4216212588356));
#9312=CARTESIAN_POINT('Ctrl Pts',(7.34563830669369,0.365432400819114,17.3546736989551));
#9313=CARTESIAN_POINT('Ctrl Pts',(7.22141145394095,0.306067025986425,17.2278449521218));
#9314=CARTESIAN_POINT('Ctrl Pts',(7.16335806053623,0.262163801899581,17.1679490413247));
#9315=CARTESIAN_POINT('Ctrl Pts',(7.08487016531139,0.168921465260671,17.0867883591054));
#9316=CARTESIAN_POINT('Ctrl Pts',(7.05467207130414,0.120993954290076,17.0555020206468));
#9317=CARTESIAN_POINT('Ctrl Pts',(7.01219750082224,0.0123491221482635,17.0119995320543));
#9318=CARTESIAN_POINT('Ctrl Pts',(7.00008203419952,-0.0485176626723978,
17.));
#9319=CARTESIAN_POINT('Ctrl Pts',(6.99917155101185,-0.107692151553992,17.));
#9320=CARTESIAN_POINT('',(7.4901357037688,0.384534964766293,19.1));
#9321=CARTESIAN_POINT('',(7.4901357037688,0.384534964766293,19.6));
#9322=CARTESIAN_POINT('Ctrl Pts',(6.99917155101185,-0.107692151553992,19.6));
#9323=CARTESIAN_POINT('Ctrl Pts',(7.00008203419952,-0.0485176626723982,
19.6));
#9324=CARTESIAN_POINT('Ctrl Pts',(7.01219750082224,0.0123491221482624,19.5880004679457));
#9325=CARTESIAN_POINT('Ctrl Pts',(7.05467207130414,0.120993954290074,19.5444979793532));
#9326=CARTESIAN_POINT('Ctrl Pts',(7.08487016531139,0.16892146526067,19.5132116408946));
#9327=CARTESIAN_POINT('Ctrl Pts',(7.16335806053623,0.26216380189958,19.4320509586753));
#9328=CARTESIAN_POINT('Ctrl Pts',(7.22141145394095,0.306067025986425,19.3721550478782));
#9329=CARTESIAN_POINT('Ctrl Pts',(7.34563830669369,0.365432400819114,19.2453263010449));
#9330=CARTESIAN_POINT('Ctrl Pts',(7.4118459157809,0.380791583838354,19.1783787411644));
#9331=CARTESIAN_POINT('Ctrl Pts',(7.47345817125759,0.383956979964152,19.1166852264521));
#9332=CARTESIAN_POINT('Ctrl Pts',(7.47897278099129,0.38424029899137,19.1111633436042));
#9333=CARTESIAN_POINT('Ctrl Pts',(7.48453395380707,0.384434378406762,19.1055995395152));
#9334=CARTESIAN_POINT('Ctrl Pts',(7.4901357037688,0.384534964766293,19.1));
#9335=CARTESIAN_POINT('Origin',(7.31124900260267,-1.67201615480875,19.6));
#9336=CARTESIAN_POINT('',(7.1835959826786,-2.15544630126661,19.1));
#9337=CARTESIAN_POINT('',(6.82383240242916,-1.56054841115483,19.6));
#9338=CARTESIAN_POINT('Ctrl Pts',(7.1835959826786,-2.15544630126661,19.1));
#9339=CARTESIAN_POINT('Ctrl Pts',(7.17817899999944,-2.1540159101275,19.105599539507));
#9340=CARTESIAN_POINT('Ctrl Pts',(7.17282367201739,-2.15250436386558,19.1111633435951));
#9341=CARTESIAN_POINT('Ctrl Pts',(7.10844462131439,-2.13318474945483,19.1783787411644));
#9342=CARTESIAN_POINT('Ctrl Pts',(7.04779201101651,-2.10251533687296,19.2453263010449));
#9343=CARTESIAN_POINT('Ctrl Pts',(6.94125536199135,-2.0153000796735,19.3721550478782));
#9344=CARTESIAN_POINT('Ctrl Pts',(6.89531365733724,-1.95884612193361,19.4320509586753));
#9345=CARTESIAN_POINT('Ctrl Pts',(6.84126226143199,-1.84960817230344,19.5132116408946));
#9346=CARTESIAN_POINT('Ctrl Pts',(6.82333348048103,-1.79587242997936,19.5444979793532));
#9347=CARTESIAN_POINT('Ctrl Pts',(6.80792575082741,-1.68024202500011,19.5880004679457));
#9348=CARTESIAN_POINT('Ctrl Pts',(6.81063874744699,-1.61824049538001,19.6));
#9349=CARTESIAN_POINT('Ctrl Pts',(6.82383240242916,-1.56054841115483,19.6));
#9350=CARTESIAN_POINT('',(7.1835959826786,-2.15544630126661,17.5));
#9351=CARTESIAN_POINT('',(7.1835959826786,-2.15544630126661,19.6));
#9352=CARTESIAN_POINT('',(6.82383240242916,-1.56054841115483,17.));
#9353=CARTESIAN_POINT('Ctrl Pts',(6.82383240242916,-1.56054841115483,17.));
#9354=CARTESIAN_POINT('Ctrl Pts',(6.81063874744699,-1.61824049538001,17.));
#9355=CARTESIAN_POINT('Ctrl Pts',(6.80792575082741,-1.68024202500012,17.0119995320543));
#9356=CARTESIAN_POINT('Ctrl Pts',(6.82333348048103,-1.79587242997936,17.0555020206468));
#9357=CARTESIAN_POINT('Ctrl Pts',(6.84126226143199,-1.84960817230344,17.0867883591054));
#9358=CARTESIAN_POINT('Ctrl Pts',(6.89531365733724,-1.95884612193361,17.1679490413247));
#9359=CARTESIAN_POINT('Ctrl Pts',(6.94125536199135,-2.0153000796735,17.2278449521218));
#9360=CARTESIAN_POINT('Ctrl Pts',(7.04779201101651,-2.10251533687296,17.3546736989551));
#9361=CARTESIAN_POINT('Ctrl Pts',(7.10844462131439,-2.13318474945483,17.4216212588356));
#9362=CARTESIAN_POINT('Ctrl Pts',(7.1728236720087,-2.15250436386298,17.4888366563958));
#9363=CARTESIAN_POINT('Ctrl Pts',(7.17817899999147,-2.1540159101254,17.4944004604848));
#9364=CARTESIAN_POINT('Ctrl Pts',(7.1835959826786,-2.15544630126661,17.5));
#9365=CARTESIAN_POINT('',(7.40640758251518,-1.18115482544063,17.5));
#9366=CARTESIAN_POINT('Ctrl Pts',(7.40640758251518,-1.18115482544063,17.5));
#9367=CARTESIAN_POINT('Ctrl Pts',(7.4009073311582,-1.18008854444236,17.494400460493));
#9368=CARTESIAN_POINT('Ctrl Pts',(7.39542733193264,-1.17912214991368,17.4888366564049));
#9369=CARTESIAN_POINT('Ctrl Pts',(7.38997432430569,-1.17825272590503,17.4833147735479));
#9370=CARTESIAN_POINT('Ctrl Pts',(7.32905032157475,-1.1685390423196,17.4216212588356));
#9371=CARTESIAN_POINT('Ctrl Pts',(7.26109615388467,-1.16979725438878,17.3546736989551));
#9372=CARTESIAN_POINT('Ctrl Pts',(7.12724120046036,-1.20203713834724,17.2278449521218));
#9373=CARTESIAN_POINT('Ctrl Pts',(7.06132841943483,-1.23291099247179,17.1679490413247));
#9374=CARTESIAN_POINT('Ctrl Pts',(6.96516950116762,-1.30779720933703,17.0867883591054));
#9375=CARTESIAN_POINT('Ctrl Pts',(6.9256666181251,-1.34839885241754,17.0555020206468));
#9376=CARTESIAN_POINT('Ctrl Pts',(6.86153168816682,-1.44583857454353,17.0119995320543));
#9377=CARTESIAN_POINT('Ctrl Pts',(6.83702605741133,-1.50285632692966,17.));
#9378=CARTESIAN_POINT('Ctrl Pts',(6.82383240242916,-1.56054841115483,17.));
#9379=CARTESIAN_POINT('',(7.40640758251518,-1.18115482544063,19.1));
#9380=CARTESIAN_POINT('',(7.40640758251518,-1.18115482544063,19.6));
#9381=CARTESIAN_POINT('Ctrl Pts',(6.82383240242916,-1.56054841115483,19.6));
#9382=CARTESIAN_POINT('Ctrl Pts',(6.83702605741133,-1.50285632692966,19.6));
#9383=CARTESIAN_POINT('Ctrl Pts',(6.86153168816682,-1.44583857454353,19.5880004679457));
#9384=CARTESIAN_POINT('Ctrl Pts',(6.9256666181251,-1.34839885241754,19.5444979793532));
#9385=CARTESIAN_POINT('Ctrl Pts',(6.96516950116762,-1.30779720933703,19.5132116408946));
#9386=CARTESIAN_POINT('Ctrl Pts',(7.06132841943483,-1.23291099247179,19.4320509586753));
#9387=CARTESIAN_POINT('Ctrl Pts',(7.12724120046036,-1.20203713834724,19.3721550478782));
#9388=CARTESIAN_POINT('Ctrl Pts',(7.26109615388467,-1.16979725438878,19.2453263010449));
#9389=CARTESIAN_POINT('Ctrl Pts',(7.32905032157475,-1.1685390423196,19.1783787411644));
#9390=CARTESIAN_POINT('Ctrl Pts',(7.38997432430569,-1.17825272590503,19.1166852264521));
#9391=CARTESIAN_POINT('Ctrl Pts',(7.39542733192368,-1.17912214991225,19.1111633436042));
#9392=CARTESIAN_POINT('Ctrl Pts',(7.40090733115012,-1.18008854444079,19.1055995395152));
#9393=CARTESIAN_POINT('Ctrl Pts',(7.40640758251518,-1.18115482544063,19.1));
#9394=CARTESIAN_POINT('Origin',(6.80384896444234,-3.15557273233512,19.6));
#9395=CARTESIAN_POINT('',(6.57847469013485,-3.60189821500486,19.1));
#9396=CARTESIAN_POINT('',(6.35025903347951,-2.94520121684612,19.6));
#9397=CARTESIAN_POINT('Ctrl Pts',(6.57847469013485,-3.60189821500486,19.1));
#9398=CARTESIAN_POINT('Ctrl Pts',(6.57347347656427,-3.59937282731608,19.105599539507));
#9399=CARTESIAN_POINT('Ctrl Pts',(6.56854944348656,-3.59678087667096,19.1111633435951));
#9400=CARTESIAN_POINT('Ctrl Pts',(6.50959400320198,-3.56449828490307,19.1783787411644));
#9401=CARTESIAN_POINT('Ctrl Pts',(6.45664332738716,-3.52188868581065,19.2453263010449));
#9402=CARTESIAN_POINT('Ctrl Pts',(6.37056783134242,-3.41442907640075,19.3721550478782));
#9403=CARTESIAN_POINT('Ctrl Pts',(6.33736750096843,-3.34965695559186,19.4320509586753));
#9404=CARTESIAN_POINT('Ctrl Pts',(6.30720910455648,-3.23156820013831,19.5132116408946));
#9405=CARTESIAN_POINT('Ctrl Pts',(6.30084439952916,-3.17527910954854,19.5444979793532));
#9406=CARTESIAN_POINT('Ctrl Pts',(6.30981427874489,-3.05897205922227,19.5880004679457));
#9407=CARTESIAN_POINT('Ctrl Pts',(6.32535883273574,-2.99888947549689,19.6));
#9408=CARTESIAN_POINT('Ctrl Pts',(6.35025903347951,-2.94520121684612,19.6));
#9409=CARTESIAN_POINT('',(6.57847469013485,-3.60189821500486,17.5));
#9410=CARTESIAN_POINT('',(6.57847469013485,-3.60189821500486,19.6));
#9411=CARTESIAN_POINT('',(6.35025903347951,-2.94520121684612,17.));
#9412=CARTESIAN_POINT('Ctrl Pts',(6.35025903347951,-2.94520121684612,17.));
#9413=CARTESIAN_POINT('Ctrl Pts',(6.32535883273574,-2.99888947549689,17.));
#9414=CARTESIAN_POINT('Ctrl Pts',(6.30981427874489,-3.05897205922227,17.0119995320543));
#9415=CARTESIAN_POINT('Ctrl Pts',(6.30084439952916,-3.17527910954855,17.0555020206468));
#9416=CARTESIAN_POINT('Ctrl Pts',(6.30720910455648,-3.23156820013831,17.0867883591054));
#9417=CARTESIAN_POINT('Ctrl Pts',(6.33736750096843,-3.34965695559186,17.1679490413247));
#9418=CARTESIAN_POINT('Ctrl Pts',(6.37056783134242,-3.41442907640075,17.2278449521218));
#9419=CARTESIAN_POINT('Ctrl Pts',(6.45664332738716,-3.52188868581065,17.3546736989551));
#9420=CARTESIAN_POINT('Ctrl Pts',(6.50959400320198,-3.56449828490307,17.4216212588356));
#9421=CARTESIAN_POINT('Ctrl Pts',(6.5685494434786,-3.5967808766666,17.4888366563958));
#9422=CARTESIAN_POINT('Ctrl Pts',(6.57347347655692,-3.59937282731236,17.4944004604848));
#9423=CARTESIAN_POINT('Ctrl Pts',(6.57847469013485,-3.60189821500486,17.5));
#9424=CARTESIAN_POINT('',(6.99898391001897,-2.69522248196612,17.5));
#9425=CARTESIAN_POINT('Ctrl Pts',(6.99898391001897,-2.69522248196612,17.5));
#9426=CARTESIAN_POINT('Ctrl Pts',(6.99382554463595,-2.6930359352064,17.494400460493));
#9427=CARTESIAN_POINT('Ctrl Pts',(6.9886662212619,-2.69095130281214,17.4888366564049));
#9428=CARTESIAN_POINT('Ctrl Pts',(6.98351313835049,-2.6889671337683,17.4833147735479));
#9429=CARTESIAN_POINT('Ctrl Pts',(6.92594005963043,-2.66679890505575,17.4216212588356));
#9430=CARTESIAN_POINT('Ctrl Pts',(6.85920925654581,-2.65390115626987,17.3546736989551));
#9431=CARTESIAN_POINT('Ctrl Pts',(6.72157630622191,-2.657606511721,17.2278449521218));
#9432=CARTESIAN_POINT('Ctrl Pts',(6.65068484239101,-2.67410166030881,17.1679490413247));
#9433=CARTESIAN_POINT('Ctrl Pts',(6.54105750723137,-2.72735887037943,17.0867883591054));
#9434=CARTESIAN_POINT('Ctrl Pts',(6.49397630069842,-2.75886015893894,17.0555020206468));
#9435=CARTESIAN_POINT('Ctrl Pts',(6.41098401545647,-2.84083618762454,17.0119995320543));
#9436=CARTESIAN_POINT('Ctrl Pts',(6.37515923422329,-2.89151295819534,17.));
#9437=CARTESIAN_POINT('Ctrl Pts',(6.35025903347951,-2.94520121684612,17.));
#9438=CARTESIAN_POINT('',(6.99898391001897,-2.69522248196612,19.1));
#9439=CARTESIAN_POINT('',(6.99898391001897,-2.69522248196612,19.6));
#9440=CARTESIAN_POINT('Ctrl Pts',(6.35025903347951,-2.94520121684612,19.6));
#9441=CARTESIAN_POINT('Ctrl Pts',(6.37515923422329,-2.89151295819534,19.6));
#9442=CARTESIAN_POINT('Ctrl Pts',(6.41098401545647,-2.84083618762454,19.5880004679457));
#9443=CARTESIAN_POINT('Ctrl Pts',(6.49397630069842,-2.75886015893894,19.5444979793532));
#9444=CARTESIAN_POINT('Ctrl Pts',(6.54105750723137,-2.72735887037943,19.5132116408946));
#9445=CARTESIAN_POINT('Ctrl Pts',(6.65068484239101,-2.67410166030881,19.4320509586753));
#9446=CARTESIAN_POINT('Ctrl Pts',(6.72157630622191,-2.657606511721,19.3721550478782));
#9447=CARTESIAN_POINT('Ctrl Pts',(6.85920925654581,-2.65390115626987,19.2453263010449));
#9448=CARTESIAN_POINT('Ctrl Pts',(6.92594005963043,-2.66679890505575,19.1783787411644));
#9449=CARTESIAN_POINT('Ctrl Pts',(6.98351313835049,-2.6889671337683,19.1166852264521));
#9450=CARTESIAN_POINT('Ctrl Pts',(6.98866622125343,-2.69095130280888,19.1111633436042));
#9451=CARTESIAN_POINT('Ctrl Pts',(6.99382554462836,-2.69303593520319,19.1055995395152));
#9452=CARTESIAN_POINT('Ctrl Pts',(6.99898391001897,-2.69522248196612,19.1));
#9453=CARTESIAN_POINT('Origin',(5.99908807804625,-4.50121563934048,19.6));
#9454=CARTESIAN_POINT('',(5.68584248660834,-4.89092989292215,19.1));
#9455=CARTESIAN_POINT('',(5.59914887284316,-4.20113459671778,19.6));
#9456=CARTESIAN_POINT('Ctrl Pts',(5.68584248660834,-4.89092989292215,19.1));
#9457=CARTESIAN_POINT('Ctrl Pts',(5.68147561917787,-4.88741988024384,19.105599539507));
#9458=CARTESIAN_POINT('Ctrl Pts',(5.67719808487811,-4.88386080589627,19.1111633435951));
#9459=CARTESIAN_POINT('Ctrl Pts',(5.62624289065199,-4.84002614094056,19.1783787411644));
#9460=CARTESIAN_POINT('Ctrl Pts',(5.58330834793886,-4.78733859928149,19.2453263010449));
#9461=CARTESIAN_POINT('Ctrl Pts',(5.52145591708775,-4.66433113824076,19.3721550478782));
#9462=CARTESIAN_POINT('Ctrl Pts',(5.5024479747441,-4.59407170685334,19.4320509586753));
#9463=CARTESIAN_POINT('Ctrl Pts',(5.49750064446468,-4.47229319084245,19.5132116408946));
#9464=CARTESIAN_POINT('Ctrl Pts',(5.50297818351194,-4.41591085535079,19.5444979793532));
#9465=CARTESIAN_POINT('Ctrl Pts',(5.53593364483304,-4.3040103358799,19.5880004679457));
#9466=CARTESIAN_POINT('Ctrl Pts',(5.56363038459471,-4.24847259526627,19.6));
#9467=CARTESIAN_POINT('Ctrl Pts',(5.59914887284316,-4.20113459671778,19.6));
#9468=CARTESIAN_POINT('',(5.68584248660834,-4.89092989292215,17.5));
#9469=CARTESIAN_POINT('',(5.68584248660834,-4.89092989292215,19.6));
#9470=CARTESIAN_POINT('',(5.59914887284316,-4.20113459671778,17.));
#9471=CARTESIAN_POINT('Ctrl Pts',(5.59914887284316,-4.20113459671778,17.));
#9472=CARTESIAN_POINT('Ctrl Pts',(5.56363038459471,-4.24847259526627,17.));
#9473=CARTESIAN_POINT('Ctrl Pts',(5.53593364483304,-4.30401033587989,17.0119995320543));
#9474=CARTESIAN_POINT('Ctrl Pts',(5.50297818351194,-4.41591085535079,17.0555020206468));
#9475=CARTESIAN_POINT('Ctrl Pts',(5.49750064446468,-4.47229319084245,17.0867883591054));
#9476=CARTESIAN_POINT('Ctrl Pts',(5.5024479747441,-4.59407170685334,17.1679490413247));
#9477=CARTESIAN_POINT('Ctrl Pts',(5.52145591708775,-4.66433113824076,17.2278449521218));
#9478=CARTESIAN_POINT('Ctrl Pts',(5.58330834793886,-4.78733859928149,17.3546736989551));
#9479=CARTESIAN_POINT('Ctrl Pts',(5.62624289065199,-4.84002614094056,17.4216212588356));
#9480=CARTESIAN_POINT('Ctrl Pts',(5.67719808487123,-4.88386080589035,17.4888366563958));
#9481=CARTESIAN_POINT('Ctrl Pts',(5.68147561917145,-4.88741988023868,17.4944004604848));
#9482=CARTESIAN_POINT('Ctrl Pts',(5.68584248660834,-4.89092989292215,17.5));
#9483=CARTESIAN_POINT('',(6.28567105580395,-4.0914959829173,17.5));
#9484=CARTESIAN_POINT('Ctrl Pts',(6.28567105580395,-4.0914959829173,17.5));
#9485=CARTESIAN_POINT('Ctrl Pts',(6.28108002171471,-4.08828473298175,17.494400460493));
#9486=CARTESIAN_POINT('Ctrl Pts',(6.2764668613808,-4.08517297116072,17.4888366564049));
#9487=CARTESIAN_POINT('Ctrl Pts',(6.27183891763539,-4.08216077479,17.4833147735479));
#9488=CARTESIAN_POINT('Ctrl Pts',(6.22013298273257,-4.04850685892003,17.4216212588356));
#9489=CARTESIAN_POINT('Ctrl Pts',(6.15754200055812,-4.0220168427913,17.3546736989551));
#9490=CARTESIAN_POINT('Ctrl Pts',(6.02214627369996,-3.99702572792162,17.2278449521218));
#9491=CARTESIAN_POINT('Ctrl Pts',(5.94937442420807,-3.9984212538269,17.1679490413247));
#9492=CARTESIAN_POINT('Ctrl Pts',(5.83106991275281,-4.02772186146637,17.0867883591054));
#9493=CARTESIAN_POINT('Ctrl Pts',(5.77846805737561,-4.04874603803487,17.0555020206468));
#9494=CARTESIAN_POINT('Ctrl Pts',(5.68024557795623,-4.11167562746189,17.0119995320543));
#9495=CARTESIAN_POINT('Ctrl Pts',(5.63466736109162,-4.15379659816929,17.));
#9496=CARTESIAN_POINT('Ctrl Pts',(5.59914887284316,-4.20113459671778,17.));
#9497=CARTESIAN_POINT('',(6.28567105580395,-4.0914959829173,19.1));
#9498=CARTESIAN_POINT('',(6.28567105580395,-4.0914959829173,19.6));
#9499=CARTESIAN_POINT('Ctrl Pts',(5.59914887284316,-4.20113459671778,19.6));
#9500=CARTESIAN_POINT('Ctrl Pts',(5.63466736109162,-4.15379659816929,19.6));
#9501=CARTESIAN_POINT('Ctrl Pts',(5.68024557795623,-4.11167562746189,19.5880004679457));
#9502=CARTESIAN_POINT('Ctrl Pts',(5.77846805737561,-4.04874603803487,19.5444979793532));
#9503=CARTESIAN_POINT('Ctrl Pts',(5.83106991275281,-4.02772186146637,19.5132116408946));
#9504=CARTESIAN_POINT('Ctrl Pts',(5.94937442420807,-3.9984212538269,19.4320509586753));
#9505=CARTESIAN_POINT('Ctrl Pts',(6.02214627369996,-3.99702572792161,19.3721550478782));
#9506=CARTESIAN_POINT('Ctrl Pts',(6.15754200055812,-4.0220168427913,19.2453263010449));
#9507=CARTESIAN_POINT('Ctrl Pts',(6.22013298273257,-4.04850685892003,19.1783787411644));
#9508=CARTESIAN_POINT('Ctrl Pts',(6.27183891763539,-4.08216077479,19.1166852264521));
#9509=CARTESIAN_POINT('Ctrl Pts',(6.27646686137319,-4.08517297115577,19.1111633436042));
#9510=CARTESIAN_POINT('Ctrl Pts',(6.28108002170796,-4.08828473297703,19.1055995395152));
#9511=CARTESIAN_POINT('Ctrl Pts',(6.28567105580395,-4.0914959829173,19.1));
#9512=CARTESIAN_POINT('Origin',(4.93213825582109,-5.65013382367764,19.6));
#9513=CARTESIAN_POINT('',(4.54471168271772,-5.96620446523325,19.1));
#9514=CARTESIAN_POINT('',(4.60332903876635,-5.27345823543246,19.6));
#9515=CARTESIAN_POINT('Ctrl Pts',(4.54471168271772,-5.96620446523325,19.1));
#9516=CARTESIAN_POINT('Ctrl Pts',(4.54117001448862,-5.96186323196237,19.105599539507));
#9517=CARTESIAN_POINT('Ctrl Pts',(4.5377259277416,-5.95749258253966,19.1111633435951));
#9518=CARTESIAN_POINT('Ctrl Pts',(4.49699796607177,-5.90402162959677,19.1783787411644));
#9519=CARTESIAN_POINT('Ctrl Pts',(4.46595600199968,-5.84355884376441,19.2453263010449));
#9520=CARTESIAN_POINT('Ctrl Pts',(4.4310298843713,-5.71037954739562,19.3721550478782));
#9521=CARTESIAN_POINT('Ctrl Pts',(4.42704506834862,-5.63770347972346,19.4320509586753));
#9522=CARTESIAN_POINT('Ctrl Pts',(4.44752502627487,-5.51755750866305,19.5132116408946));
#9523=CARTESIAN_POINT('Ctrl Pts',(4.46460541465619,-5.46354610688296,19.5444979793532));
#9524=CARTESIAN_POINT('Ctrl Pts',(4.52010614628509,-5.36094270792658,19.5880004679457));
#9525=CARTESIAN_POINT('Ctrl Pts',(4.55874459138629,-5.31237707618918,19.6));
#9526=CARTESIAN_POINT('Ctrl Pts',(4.60332903876635,-5.27345823543246,19.6));
#9527=CARTESIAN_POINT('',(4.54471168271772,-5.96620446523325,17.5));
#9528=CARTESIAN_POINT('',(4.54471168271772,-5.96620446523325,19.6));
#9529=CARTESIAN_POINT('',(4.60332903876635,-5.27345823543246,17.));
#9530=CARTESIAN_POINT('Ctrl Pts',(4.60332903876635,-5.27345823543246,17.));
#9531=CARTESIAN_POINT('Ctrl Pts',(4.55874459138629,-5.31237707618918,17.));
#9532=CARTESIAN_POINT('Ctrl Pts',(4.52010614628509,-5.36094270792658,17.0119995320543));
#9533=CARTESIAN_POINT('Ctrl Pts',(4.46460541465619,-5.46354610688296,17.0555020206468));
#9534=CARTESIAN_POINT('Ctrl Pts',(4.44752502627487,-5.51755750866305,17.0867883591054));
#9535=CARTESIAN_POINT('Ctrl Pts',(4.42704506834862,-5.63770347972346,17.1679490413247));
#9536=CARTESIAN_POINT('Ctrl Pts',(4.4310298843713,-5.71037954739561,17.2278449521218));
#9537=CARTESIAN_POINT('Ctrl Pts',(4.46595600199968,-5.8435588437644,17.3546736989551));
#9538=CARTESIAN_POINT('Ctrl Pts',(4.49699796607177,-5.90402162959677,17.4216212588356));
#9539=CARTESIAN_POINT('Ctrl Pts',(4.5377259277361,-5.95749258253244,17.4888366563958));
#9540=CARTESIAN_POINT('Ctrl Pts',(4.54117001448341,-5.96186323195598,17.4944004604848));
#9541=CARTESIAN_POINT('Ctrl Pts',(4.54471168271772,-5.96620446523325,17.5));
#9542=CARTESIAN_POINT('',(5.29764421445415,-5.30895147623902,17.5));
#9543=CARTESIAN_POINT('Ctrl Pts',(5.29764421445415,-5.30895147623902,17.5));
#9544=CARTESIAN_POINT('Ctrl Pts',(5.29382116187861,-5.3048558701591,17.494400460493));
#9545=CARTESIAN_POINT('Ctrl Pts',(5.28995578182783,-5.30085297783477,17.4888366564049));
#9546=CARTESIAN_POINT('Ctrl Pts',(5.28605524059744,-5.2969444015727,17.4833147735479));
#9547=CARTESIAN_POINT('Ctrl Pts',(5.24247624697971,-5.25327563615823,17.4216212588356));
#9548=CARTESIAN_POINT('Ctrl Pts',(5.18676061198131,-5.21435109350468,17.3546736989551));
#9549=CARTESIAN_POINT('Ctrl Pts',(5.05951955155337,-5.16175573995465,17.2278449521218));
#9550=CARTESIAN_POINT('Ctrl Pts',(4.98804779542137,-5.14799065199887,17.1679490413247));
#9551=CARTESIAN_POINT('Ctrl Pts',(4.86623658250912,-5.15205408005343,17.0867883591054));
#9552=CARTESIAN_POINT('Ctrl Pts',(4.81041303177936,-5.16168228722969,17.0555020206468));
#9553=CARTESIAN_POINT('Ctrl Pts',(4.70125315185692,-5.2028151123705,17.0119995320543));
#9554=CARTESIAN_POINT('Ctrl Pts',(4.64791348614642,-5.23453939467574,17.));
#9555=CARTESIAN_POINT('Ctrl Pts',(4.60332903876635,-5.27345823543246,17.));
#9556=CARTESIAN_POINT('',(5.29764421445415,-5.30895147623902,19.1));
#9557=CARTESIAN_POINT('',(5.29764421445415,-5.30895147623902,19.6));
#9558=CARTESIAN_POINT('Ctrl Pts',(4.60332903876635,-5.27345823543246,19.6));
#9559=CARTESIAN_POINT('Ctrl Pts',(4.64791348614642,-5.23453939467574,19.6));
#9560=CARTESIAN_POINT('Ctrl Pts',(4.70125315185692,-5.2028151123705,19.5880004679457));
#9561=CARTESIAN_POINT('Ctrl Pts',(4.81041303177936,-5.16168228722969,19.5444979793532));
#9562=CARTESIAN_POINT('Ctrl Pts',(4.86623658250912,-5.15205408005343,19.5132116408946));
#9563=CARTESIAN_POINT('Ctrl Pts',(4.98804779542137,-5.14799065199887,19.4320509586753));
#9564=CARTESIAN_POINT('Ctrl Pts',(5.05951955155337,-5.16175573995465,19.3721550478782));
#9565=CARTESIAN_POINT('Ctrl Pts',(5.18676061198131,-5.21435109350468,19.2453263010449));
#9566=CARTESIAN_POINT('Ctrl Pts',(5.24247624697971,-5.25327563615823,19.1783787411644));
#9567=CARTESIAN_POINT('Ctrl Pts',(5.28605524059744,-5.2969444015727,19.1166852264521));
#9568=CARTESIAN_POINT('Ctrl Pts',(5.28995578182142,-5.30085297782835,19.1111633436042));
#9569=CARTESIAN_POINT('Ctrl Pts',(5.29382116187299,-5.30485587015308,19.1055995395152));
#9570=CARTESIAN_POINT('Ctrl Pts',(5.29764421445415,-5.30895147623902,19.1));
#9571=CARTESIAN_POINT('Origin',(3.64963032479139,-6.55211404756992,19.6));
#9572=CARTESIAN_POINT('',(3.20495517034612,-6.78072727338828,19.1));
#9573=CARTESIAN_POINT('',(3.40632163647196,-6.11530644439859,19.6));
#9574=CARTESIAN_POINT('Ctrl Pts',(3.20495517034612,-6.78072727338828,19.1));
#9575=CARTESIAN_POINT('Ctrl Pts',(3.20239348921481,-6.77574455225032,19.105599539507));
#9576=CARTESIAN_POINT('Ctrl Pts',(3.19993337313795,-6.77075334610495,19.1111633435951));
#9577=CARTESIAN_POINT('Ctrl Pts',(3.17121265138382,-6.70998304240058,19.1783787411644));
#9578=CARTESIAN_POINT('Ctrl Pts',(3.1534199487386,-6.64438752626844,19.2453263010449));
#9579=CARTESIAN_POINT('Ctrl Pts',(3.1469465832674,-6.50685696888807,19.3721550478782));
#9580=CARTESIAN_POINT('Ctrl Pts',(3.15815904914716,-6.43494055782691,19.4320509586753));
#9581=CARTESIAN_POINT('Ctrl Pts',(3.20317122284396,-6.32167808717667,19.5132116408946));
#9582=CARTESIAN_POINT('Ctrl Pts',(3.23110796562629,-6.27239817654138,19.5444979793532));
#9583=CARTESIAN_POINT('Ctrl Pts',(3.30672831926874,-6.18357615897966,19.5880004679457));
#9584=CARTESIAN_POINT('Ctrl Pts',(3.35461978425071,-6.14410518726916,19.6));
#9585=CARTESIAN_POINT('Ctrl Pts',(3.40632163647196,-6.11530644439859,19.6));
#9586=CARTESIAN_POINT('',(3.20495517034612,-6.78072727338828,17.5));
#9587=CARTESIAN_POINT('',(3.20495517034612,-6.78072727338828,19.6));
#9588=CARTESIAN_POINT('',(3.40632163647196,-6.11530644439859,17.));
#9589=CARTESIAN_POINT('Ctrl Pts',(3.40632163647196,-6.11530644439859,17.));
#9590=CARTESIAN_POINT('Ctrl Pts',(3.35461978425071,-6.14410518726916,17.));
#9591=CARTESIAN_POINT('Ctrl Pts',(3.30672831926874,-6.18357615897966,17.0119995320543));
#9592=CARTESIAN_POINT('Ctrl Pts',(3.23110796562629,-6.27239817654138,17.0555020206468));
#9593=CARTESIAN_POINT('Ctrl Pts',(3.20317122284396,-6.32167808717667,17.0867883591054));
#9594=CARTESIAN_POINT('Ctrl Pts',(3.15815904914716,-6.43494055782691,17.1679490413247));
#9595=CARTESIAN_POINT('Ctrl Pts',(3.1469465832674,-6.50685696888807,17.2278449521218));
#9596=CARTESIAN_POINT('Ctrl Pts',(3.1534199487386,-6.64438752626844,17.3546736989551));
#9597=CARTESIAN_POINT('Ctrl Pts',(3.17121265138382,-6.70998304240058,17.4216212588356));
#9598=CARTESIAN_POINT('Ctrl Pts',(3.19993337313407,-6.77075334609675,17.4888366563958));
#9599=CARTESIAN_POINT('Ctrl Pts',(3.20239348921105,-6.77574455224299,17.4944004604848));
#9600=CARTESIAN_POINT('Ctrl Pts',(3.20495517034612,-6.78072727338828,17.5));
#9601=CARTESIAN_POINT('',(4.07808490001536,-6.29438031487347,17.5));
#9602=CARTESIAN_POINT('Ctrl Pts',(4.07808490001536,-6.29438031487347,17.5));
#9603=CARTESIAN_POINT('Ctrl Pts',(4.07519691469612,-6.28957935028779,17.494400460493));
#9604=CARTESIAN_POINT('Ctrl Pts',(4.07224825058483,-6.28486027306274,17.4888366564049));
#9605=CARTESIAN_POINT('Ctrl Pts',(4.0692455842381,-6.28022614044739,17.4833147735479));
#9606=CARTESIAN_POINT('Ctrl Pts',(4.03569814304177,-6.22845106008302,17.4216212588356));
#9607=CARTESIAN_POINT('Ctrl Pts',(3.98929289582214,-6.17879318019929,17.3546736989551));
#9608=CARTESIAN_POINT('Ctrl Pts',(3.87576754673547,-6.10089225729957,17.2278449521218));
#9609=CARTESIAN_POINT('Ctrl Pts',(3.80871954266586,-6.07256815587861,17.1679490413247));
#9610=CARTESIAN_POINT('Ctrl Pts',(3.68872536281592,-6.05121681304379,17.0867883591054));
#9611=CARTESIAN_POINT('Ctrl Pts',(3.6321198737716,-6.04902825197293,17.0555020206468));
#9612=CARTESIAN_POINT('Ctrl Pts',(3.51679340390595,-6.06656661099168,17.0119995320543));
#9613=CARTESIAN_POINT('Ctrl Pts',(3.45802348869321,-6.08650770152803,17.));
#9614=CARTESIAN_POINT('Ctrl Pts',(3.40632163647196,-6.11530644439859,17.));
#9615=CARTESIAN_POINT('',(4.07808490001536,-6.29438031487347,19.1));
#9616=CARTESIAN_POINT('',(4.07808490001536,-6.29438031487347,19.6));
#9617=CARTESIAN_POINT('Ctrl Pts',(3.40632163647196,-6.11530644439859,19.6));
#9618=CARTESIAN_POINT('Ctrl Pts',(3.45802348869321,-6.08650770152803,19.6));
#9619=CARTESIAN_POINT('Ctrl Pts',(3.51679340390595,-6.06656661099168,19.5880004679457));
#9620=CARTESIAN_POINT('Ctrl Pts',(3.6321198737716,-6.04902825197293,19.5444979793532));
#9621=CARTESIAN_POINT('Ctrl Pts',(3.68872536281592,-6.05121681304379,19.5132116408946));
#9622=CARTESIAN_POINT('Ctrl Pts',(3.80871954266586,-6.07256815587861,19.4320509586753));
#9623=CARTESIAN_POINT('Ctrl Pts',(3.87576754673547,-6.10089225729957,19.3721550478782));
#9624=CARTESIAN_POINT('Ctrl Pts',(3.98929289582214,-6.17879318019929,19.2453263010449));
#9625=CARTESIAN_POINT('Ctrl Pts',(4.03569814304177,-6.22845106008302,19.1783787411644));
#9626=CARTESIAN_POINT('Ctrl Pts',(4.0692455842381,-6.28022614044739,19.1166852264521));
#9627=CARTESIAN_POINT('Ctrl Pts',(4.07224825057989,-6.28486027305512,19.1111633436042));
#9628=CARTESIAN_POINT('Ctrl Pts',(4.07519691469187,-6.28957935028073,19.1055995395152));
#9629=CARTESIAN_POINT('Ctrl Pts',(4.07808490001536,-6.29438031487347,19.1));
#9630=CARTESIAN_POINT('Origin',(2.20761603569899,-7.16773544705193,19.6));
#9631=CARTESIAN_POINT('',(1.72512673794921,-7.29889976215681,19.1));
#9632=CARTESIAN_POINT('',(2.06044163331905,-6.68988641724846,19.6));
#9633=CARTESIAN_POINT('Ctrl Pts',(1.72512673794921,-7.29889976215681,19.1));
#9634=CARTESIAN_POINT('Ctrl Pts',(1.72365700167345,-7.29349332197524,19.105599539507));
#9635=CARTESIAN_POINT('Ctrl Pts',(1.72228837514424,-7.28809969876623,19.1111633435951));
#9636=CARTESIAN_POINT('Ctrl Pts',(1.70683012666378,-7.22268599818053,19.1783787411644));
#9637=CARTESIAN_POINT('Ctrl Pts',(1.70306431192988,-7.1548245905658,19.2453263010449));
#9638=CARTESIAN_POINT('Ctrl Pts',(1.72532661574962,-7.01895351747621,19.3721550478782));
#9639=CARTESIAN_POINT('Ctrl Pts',(1.75124632496948,-6.95093985528264,19.4320509586753));
#9640=CARTESIAN_POINT('Ctrl Pts',(1.81882346645391,-6.84951099850361,19.5132116408946));
#9641=CARTESIAN_POINT('Ctrl Pts',(1.8563955939223,-6.80711634757914,19.5444979793532));
#9642=CARTESIAN_POINT('Ctrl Pts',(1.9488305972574,-6.73595765979484,19.5880004679457));
#9643=CARTESIAN_POINT('Ctrl Pts',(2.0038819952917,-6.70730641897772,19.6));
#9644=CARTESIAN_POINT('Ctrl Pts',(2.06044163331905,-6.68988641724846,19.6));
#9645=CARTESIAN_POINT('',(1.72512673794921,-7.29889976215681,17.5));
#9646=CARTESIAN_POINT('',(1.72512673794921,-7.29889976215681,19.6));
#9647=CARTESIAN_POINT('',(2.06044163331905,-6.68988641724846,17.));
#9648=CARTESIAN_POINT('Ctrl Pts',(2.06044163331905,-6.68988641724846,17.));
#9649=CARTESIAN_POINT('Ctrl Pts',(2.0038819952917,-6.70730641897772,17.));
#9650=CARTESIAN_POINT('Ctrl Pts',(1.9488305972574,-6.73595765979484,17.0119995320543));
#9651=CARTESIAN_POINT('Ctrl Pts',(1.8563955939223,-6.80711634757914,17.0555020206468));
#9652=CARTESIAN_POINT('Ctrl Pts',(1.81882346645391,-6.84951099850361,17.0867883591054));
#9653=CARTESIAN_POINT('Ctrl Pts',(1.75124632496948,-6.95093985528264,17.1679490413247));
#9654=CARTESIAN_POINT('Ctrl Pts',(1.72532661574962,-7.01895351747621,17.2278449521218));
#9655=CARTESIAN_POINT('Ctrl Pts',(1.70306431192988,-7.1548245905658,17.3546736989551));
#9656=CARTESIAN_POINT('Ctrl Pts',(1.70683012666378,-7.22268599818053,17.4216212588356));
#9657=CARTESIAN_POINT('Ctrl Pts',(1.72228837514215,-7.2880996987574,17.4888366563958));
#9658=CARTESIAN_POINT('Ctrl Pts',(1.72365700167129,-7.29349332196729,17.4944004604848));
#9659=CARTESIAN_POINT('Ctrl Pts',(1.72512673794921,-7.29889976215681,17.5));
#9660=CARTESIAN_POINT('',(2.68029370662343,-7.00471452996015,17.5));
#9661=CARTESIAN_POINT('Ctrl Pts',(2.68029370662343,-7.00471452996015,17.5));
#9662=CARTESIAN_POINT('Ctrl Pts',(2.67846700737702,-6.99941803205867,17.494400460493));
#9663=CARTESIAN_POINT('Ctrl Pts',(2.67656392997615,-6.99418901625228,17.4888366564049));
#9664=CARTESIAN_POINT('Ctrl Pts',(2.67459036944083,-6.98903186111598,17.4833147735479));
#9665=CARTESIAN_POINT('Ctrl Pts',(2.65254066482466,-6.93141328525804,17.4216212588356));
#9666=CARTESIAN_POINT('Ctrl Pts',(2.61747393736437,-6.87319235577999,17.3546736989551));
#9667=CARTESIAN_POINT('Ctrl Pts',(2.52262590212912,-6.77339050767139,17.2278449521218));
#9668=CARTESIAN_POINT('Ctrl Pts',(2.46293196963177,-6.73174529193147,17.1679490413247));
#9669=CARTESIAN_POINT('Ctrl Pts',(2.34999914429955,-6.68591233434426,17.0867883591054));
#9670=CARTESIAN_POINT('Ctrl Pts',(2.29508564843518,-6.67200265564697,17.0555020206468));
#9671=CARTESIAN_POINT('Ctrl Pts',(2.17863290875724,-6.66518003809615,17.0119995320543));
#9672=CARTESIAN_POINT('Ctrl Pts',(2.11700127134641,-6.6724664155192,17.));
#9673=CARTESIAN_POINT('Ctrl Pts',(2.06044163331905,-6.68988641724846,17.));
#9674=CARTESIAN_POINT('',(2.68029370662343,-7.00471452996015,19.1));
#9675=CARTESIAN_POINT('',(2.68029370662343,-7.00471452996015,19.6));
#9676=CARTESIAN_POINT('Ctrl Pts',(2.06044163331905,-6.68988641724846,19.6));
#9677=CARTESIAN_POINT('Ctrl Pts',(2.11700127134641,-6.6724664155192,19.6));
#9678=CARTESIAN_POINT('Ctrl Pts',(2.17863290875724,-6.66518003809615,19.5880004679457));
#9679=CARTESIAN_POINT('Ctrl Pts',(2.29508564843518,-6.67200265564697,19.5444979793532));
#9680=CARTESIAN_POINT('Ctrl Pts',(2.34999914429955,-6.68591233434426,19.5132116408946));
#9681=CARTESIAN_POINT('Ctrl Pts',(2.46293196963177,-6.73174529193147,19.4320509586753));
#9682=CARTESIAN_POINT('Ctrl Pts',(2.52262590212912,-6.77339050767139,19.3721550478782));
#9683=CARTESIAN_POINT('Ctrl Pts',(2.61747393736437,-6.87319235577999,19.2453263010449));
#9684=CARTESIAN_POINT('Ctrl Pts',(2.65254066482466,-6.93141328525804,19.1783787411644));
#9685=CARTESIAN_POINT('Ctrl Pts',(2.67459036944083,-6.98903186111598,19.1166852264521));
#9686=CARTESIAN_POINT('Ctrl Pts',(2.67656392997291,-6.9941890162438,19.1111633436042));
#9687=CARTESIAN_POINT('Ctrl Pts',(2.67846700737433,-6.99941803205089,19.1055995395152));
#9688=CARTESIAN_POINT('Ctrl Pts',(2.68029370662343,-7.00471452996015,19.1));
#9689=CARTESIAN_POINT('Origin',(0.669118332529482,-7.47009241288707,19.6));
#9690=CARTESIAN_POINT('',(0.169901989027394,-7.49807530731217,19.1));
#9691=CARTESIAN_POINT('',(0.624510443694183,-6.97208625202793,19.6));
#9692=CARTESIAN_POINT('Ctrl Pts',(0.169901989027395,-7.49807530731217,19.1));
#9693=CARTESIAN_POINT('Ctrl Pts',(0.169588432134999,-7.49248143546591,19.105599539507));
#9694=CARTESIAN_POINT('Ctrl Pts',(0.169371110700171,-7.48692112240897,19.1111633435951));
#9695=CARTESIAN_POINT('Ctrl Pts',(0.167850935128878,-7.41972291754729,19.1783787411644));
#9696=CARTESIAN_POINT('Ctrl Pts',(0.178276592480566,-7.35256148759789,19.2453263010449));
#9697=CARTESIAN_POINT('Ctrl Pts',(0.228301596087928,-7.22428811667485,19.3721550478782));
#9698=CARTESIAN_POINT('Ctrl Pts',(0.267795732978427,-7.1631497267525,19.4320509586753));
#9699=CARTESIAN_POINT('Ctrl Pts',(0.354984396896512,-7.07798741159557,19.5132116408946));
#9700=CARTESIAN_POINT('Ctrl Pts',(0.400549826789512,-7.04433087005943,19.5444979793532));
#9701=CARTESIAN_POINT('Ctrl Pts',(0.505759626619172,-6.993945488166,19.5880004679457));
#9702=CARTESIAN_POINT('Ctrl Pts',(0.565564947445774,-6.97736617494988,19.6));
#9703=CARTESIAN_POINT('Ctrl Pts',(0.624510443694183,-6.97208625202793,19.6));
#9704=CARTESIAN_POINT('',(0.169901989027394,-7.49807530731217,17.5));
#9705=CARTESIAN_POINT('',(0.169901989027395,-7.49807530731217,19.6));
#9706=CARTESIAN_POINT('',(0.624510443694183,-6.97208625202793,17.));
#9707=CARTESIAN_POINT('Ctrl Pts',(0.624510443694183,-6.97208625202793,17.));
#9708=CARTESIAN_POINT('Ctrl Pts',(0.565564947445774,-6.97736617494988,17.));
#9709=CARTESIAN_POINT('Ctrl Pts',(0.505759626619172,-6.993945488166,17.0119995320543));
#9710=CARTESIAN_POINT('Ctrl Pts',(0.400549826789512,-7.04433087005943,17.0555020206468));
#9711=CARTESIAN_POINT('Ctrl Pts',(0.354984396896512,-7.07798741159557,17.0867883591054));
#9712=CARTESIAN_POINT('Ctrl Pts',(0.267795732978427,-7.1631497267525,17.1679490413247));
#9713=CARTESIAN_POINT('Ctrl Pts',(0.228301596087928,-7.22428811667485,17.2278449521218));
#9714=CARTESIAN_POINT('Ctrl Pts',(0.178276592480566,-7.35256148759789,17.3546736989551));
#9715=CARTESIAN_POINT('Ctrl Pts',(0.167850935128878,-7.41972291754729,17.4216212588356));
#9716=CARTESIAN_POINT('Ctrl Pts',(0.169371110699966,-7.4869211223999,17.4888366563958));
#9717=CARTESIAN_POINT('Ctrl Pts',(0.169588432134538,-7.49248143545769,17.4944004604848));
#9718=CARTESIAN_POINT('Ctrl Pts',(0.169901989027395,-7.49807530731217,17.5));
#9719=CARTESIAN_POINT('',(1.16536081677588,-7.40890910773802,17.5));
#9720=CARTESIAN_POINT('Ctrl Pts',(1.16536081677588,-7.40890910773802,17.5));
#9721=CARTESIAN_POINT('Ctrl Pts',(1.16467523912485,-7.40334855889447,17.494400460493));
#9722=CARTESIAN_POINT('Ctrl Pts',(1.16390092204881,-7.39783813758908,17.4888366564049));
#9723=CARTESIAN_POINT('Ctrl Pts',(1.16304272139047,-7.39238335235806,17.4833147735479));
#9724=CARTESIAN_POINT('Ctrl Pts',(1.15345443125242,-7.33143948925614,17.4216212588356));
#9725=CARTESIAN_POINT('Ctrl Pts',(1.1312588078103,-7.26720004417698,17.3546736989551));
#9726=CARTESIAN_POINT('Ctrl Pts',(1.05923340069763,-7.14985909052425,17.2278449521218));
#9727=CARTESIAN_POINT('Ctrl Pts',(1.00950245106593,-7.09671285622912,17.1679490413247));
#9728=CARTESIAN_POINT('Ctrl Pts',(0.908566686630273,-7.028401404067,17.0867883591054));
#9729=CARTESIAN_POINT('Ctrl Pts',(0.857745167219321,-7.00337852744839,17.0555020206468));
#9730=CARTESIAN_POINT('Ctrl Pts',(0.745255701255252,-6.97249311445354,17.0119995320543));
#9731=CARTESIAN_POINT('Ctrl Pts',(0.683455939942592,-6.96680632910599,17.));
#9732=CARTESIAN_POINT('Ctrl Pts',(0.624510443694183,-6.97208625202793,17.));
#9733=CARTESIAN_POINT('',(1.16536081677588,-7.40890910773802,19.1));
#9734=CARTESIAN_POINT('',(1.16536081677588,-7.40890910773802,19.6));
#9735=CARTESIAN_POINT('Ctrl Pts',(0.624510443694183,-6.97208625202793,19.6));
#9736=CARTESIAN_POINT('Ctrl Pts',(0.683455939942592,-6.96680632910599,19.6));
#9737=CARTESIAN_POINT('Ctrl Pts',(0.745255701255252,-6.97249311445354,19.5880004679457));
#9738=CARTESIAN_POINT('Ctrl Pts',(0.857745167219321,-7.00337852744839,19.5444979793532));
#9739=CARTESIAN_POINT('Ctrl Pts',(0.908566686630273,-7.028401404067,19.5132116408946));
#9740=CARTESIAN_POINT('Ctrl Pts',(1.00950245106593,-7.09671285622912,19.4320509586753));
#9741=CARTESIAN_POINT('Ctrl Pts',(1.05923340069763,-7.14985909052425,19.3721550478782));
#9742=CARTESIAN_POINT('Ctrl Pts',(1.1312588078103,-7.26720004417698,19.2453263010449));
#9743=CARTESIAN_POINT('Ctrl Pts',(1.15345443125242,-7.33143948925614,19.1783787411644));
#9744=CARTESIAN_POINT('Ctrl Pts',(1.16304272139047,-7.39238335235806,19.1166852264521));
#9745=CARTESIAN_POINT('Ctrl Pts',(1.1639009220474,-7.39783813758011,19.1111633436042));
#9746=CARTESIAN_POINT('Ctrl Pts',(1.16467523912384,-7.40334855888629,19.1055995395152));
#9747=CARTESIAN_POINT('Ctrl Pts',(1.16536081677588,-7.40890910773802,19.1));
#9748=CARTESIAN_POINT('Origin',(-0.898623052557547,-7.44597049479866,19.6));
#9749=CARTESIAN_POINT('',(-1.39274829209512,-7.36954898178078,19.1));
#9750=CARTESIAN_POINT('',(-0.838714849053711,-6.94957246181208,19.6));
#9751=CARTESIAN_POINT('Ctrl Pts',(-1.39274829209512,-7.36954898178078,19.1));
#9752=CARTESIAN_POINT('Ctrl Pts',(-1.39189196566333,-7.36401215731188,19.105599539507));
#9753=CARTESIAN_POINT('Ctrl Pts',(-1.39094848401425,-7.35852816676894,19.1111633435951));
#9754=CARTESIAN_POINT('Ctrl Pts',(-1.3784641477093,-7.2924823416365,19.1783787411644));
#9755=CARTESIAN_POINT('Ctrl Pts',(-1.35430266952615,-7.22895616611752,19.2453263010449));
#9756=CARTESIAN_POINT('Ctrl Pts',(-1.27870129883541,-7.11388665919428,19.3721550478782));
#9757=CARTESIAN_POINT('Ctrl Pts',(-1.22735881757028,-7.06229558255729,19.4320509586753));
#9758=CARTESIAN_POINT('Ctrl Pts',(-1.12436919420939,-6.99712181084896,19.5132116408946));
#9759=CARTESIAN_POINT('Ctrl Pts',(-1.07280188982529,-6.97367433106828,19.5444979793532));
#9760=CARTESIAN_POINT('Ctrl Pts',(-0.959415466606262,-6.94626433803034,
19.5880004679457));
#9761=CARTESIAN_POINT('Ctrl Pts',(-0.897470002485245,-6.94248154795914,
19.6));
#9762=CARTESIAN_POINT('Ctrl Pts',(-0.838714849053711,-6.94957246181208,
19.6));
#9763=CARTESIAN_POINT('',(-1.39274829209512,-7.36954898178078,17.5));
#9764=CARTESIAN_POINT('',(-1.39274829209512,-7.36954898178078,19.6));
#9765=CARTESIAN_POINT('',(-0.838714849053711,-6.94957246181208,17.));
#9766=CARTESIAN_POINT('Ctrl Pts',(-0.838714849053711,-6.94957246181208,
17.));
#9767=CARTESIAN_POINT('Ctrl Pts',(-0.897470002485245,-6.94248154795914,
17.));
#9768=CARTESIAN_POINT('Ctrl Pts',(-0.959415466606261,-6.94626433803035,
17.0119995320543));
#9769=CARTESIAN_POINT('Ctrl Pts',(-1.07280188982529,-6.97367433106828,17.0555020206468));
#9770=CARTESIAN_POINT('Ctrl Pts',(-1.12436919420939,-6.99712181084896,17.0867883591054));
#9771=CARTESIAN_POINT('Ctrl Pts',(-1.22735881757028,-7.06229558255729,17.1679490413247));
#9772=CARTESIAN_POINT('Ctrl Pts',(-1.27870129883541,-7.11388665919428,17.2278449521218));
#9773=CARTESIAN_POINT('Ctrl Pts',(-1.35430266952615,-7.22895616611752,17.3546736989551));
#9774=CARTESIAN_POINT('Ctrl Pts',(-1.3784641477093,-7.2924823416365,17.4216212588356));
#9775=CARTESIAN_POINT('Ctrl Pts',(-1.39094848401257,-7.35852816676002,17.4888366563958));
#9776=CARTESIAN_POINT('Ctrl Pts',(-1.39189196566207,-7.36401215730374,17.4944004604848));
#9777=CARTESIAN_POINT('Ctrl Pts',(-1.39274829209512,-7.36954898178078,17.5));
#9778=CARTESIAN_POINT('',(-0.40050393278639,-7.48929880561743,17.5));
#9779=CARTESIAN_POINT('Ctrl Pts',(-0.40050393278639,-7.48929880561743,17.5));
#9780=CARTESIAN_POINT('Ctrl Pts',(-0.400018425808925,-7.48371722849873,
17.494400460493));
#9781=CARTESIAN_POINT('Ctrl Pts',(-0.399630141188342,-7.47816623354731,
17.4888366564049));
#9782=CARTESIAN_POINT('Ctrl Pts',(-0.399335474482816,-7.47265221851115,
17.4833147735479));
#9783=CARTESIAN_POINT('Ctrl Pts',(-0.396043295854003,-7.41104660742389,
17.4216212588356));
#9784=CARTESIAN_POINT('Ctrl Pts',(-0.404397760027094,-7.34359621874864,
17.3546736989551));
#9785=CARTESIAN_POINT('Ctrl Pts',(-0.450452683110126,-7.21384452229077,
17.2278449521218));
#9786=CARTESIAN_POINT('Ctrl Pts',(-0.488047168741687,-7.15152001490306,
17.1679490413247));
#9787=CARTESIAN_POINT('Ctrl Pts',(-0.572574495031418,-7.06371560642024,
17.0867883591054));
#9788=CARTESIAN_POINT('Ctrl Pts',(-0.617082893721986,-7.02867315166163,
17.0555020206468));
#9789=CARTESIAN_POINT('Ctrl Pts',(-0.720692756525202,-6.97507478397526,
17.0119995320543));
#9790=CARTESIAN_POINT('Ctrl Pts',(-0.779959695622176,-6.95666337566502,
17.));
#9791=CARTESIAN_POINT('Ctrl Pts',(-0.838714849053711,-6.94957246181208,
17.));
#9792=CARTESIAN_POINT('',(-0.40050393278639,-7.48929880561743,19.1));
#9793=CARTESIAN_POINT('',(-0.40050393278639,-7.48929880561743,19.6));
#9794=CARTESIAN_POINT('Ctrl Pts',(-0.838714849053711,-6.94957246181208,
19.6));
#9795=CARTESIAN_POINT('Ctrl Pts',(-0.779959695622176,-6.95666337566502,
19.6));
#9796=CARTESIAN_POINT('Ctrl Pts',(-0.720692756525203,-6.97507478397526,
19.5880004679457));
#9797=CARTESIAN_POINT('Ctrl Pts',(-0.617082893721986,-7.02867315166163,
19.5444979793532));
#9798=CARTESIAN_POINT('Ctrl Pts',(-0.572574495031418,-7.06371560642024,
19.5132116408946));
#9799=CARTESIAN_POINT('Ctrl Pts',(-0.488047168741687,-7.15152001490306,
19.4320509586753));
#9800=CARTESIAN_POINT('Ctrl Pts',(-0.450452683110126,-7.21384452229077,
19.3721550478782));
#9801=CARTESIAN_POINT('Ctrl Pts',(-0.404397760027094,-7.34359621874864,
19.2453263010449));
#9802=CARTESIAN_POINT('Ctrl Pts',(-0.396043295854003,-7.41104660742389,
19.1783787411644));
#9803=CARTESIAN_POINT('Ctrl Pts',(-0.399335474482816,-7.47265221851115,
19.1166852264521));
#9804=CARTESIAN_POINT('Ctrl Pts',(-0.399630141187858,-7.47816623353825,
19.1111633436042));
#9805=CARTESIAN_POINT('Ctrl Pts',(-0.400018425808211,-7.48371722849052,
19.1055995395152));
#9806=CARTESIAN_POINT('Ctrl Pts',(-0.40050393278639,-7.48929880561743,19.1));
#9807=CARTESIAN_POINT('Origin',(-2.42709029817599,-7.09642393635696,19.6));
#9808=CARTESIAN_POINT('',(-2.89452878970528,-6.91893800272609,19.1));
#9809=CARTESIAN_POINT('',(-2.26528427829759,-6.62332900726649,19.6));
#9810=CARTESIAN_POINT('Ctrl Pts',(-2.89452878970528,-6.91893800272609,19.1));
#9811=CARTESIAN_POINT('Ctrl Pts',(-2.8925400055235,-6.91370021143248,19.105599539507));
#9812=CARTESIAN_POINT('Ctrl Pts',(-2.8904769554659,-6.90853222010537,19.1111633435951));
#9813=CARTESIAN_POINT('Ctrl Pts',(-2.86453373268772,-6.84652529418349,19.1783787411644));
#9814=CARTESIAN_POINT('Ctrl Pts',(-2.82769240620935,-6.78941077179752,19.2453263010449));
#9815=CARTESIAN_POINT('Ctrl Pts',(-2.72981881111004,-6.69257421849138,19.3721550478782));
#9816=CARTESIAN_POINT('Ctrl Pts',(-2.66887189827013,-6.65278523275025,19.4320509586753));
#9817=CARTESIAN_POINT('Ctrl Pts',(-2.55458245620635,-6.61044841105262,19.5132116408946));
#9818=CARTESIAN_POINT('Ctrl Pts',(-2.49926701598011,-6.5982347604073,19.5444979793532));
#9819=CARTESIAN_POINT('Ctrl Pts',(-2.38265950015481,-6.59499810444836,19.5880004679457));
#9820=CARTESIAN_POINT('Ctrl Pts',(-2.32128120676878,-6.60417716360003,19.6));
#9821=CARTESIAN_POINT('Ctrl Pts',(-2.26528427829759,-6.62332900726649,19.6));
#9822=CARTESIAN_POINT('',(-2.89452878970528,-6.91893800272609,17.5));
#9823=CARTESIAN_POINT('',(-2.89452878970528,-6.91893800272609,19.6));
#9824=CARTESIAN_POINT('',(-2.26528427829759,-6.62332900726649,17.));
#9825=CARTESIAN_POINT('Ctrl Pts',(-2.26528427829759,-6.62332900726649,17.));
#9826=CARTESIAN_POINT('Ctrl Pts',(-2.32128120676878,-6.60417716360003,17.));
#9827=CARTESIAN_POINT('Ctrl Pts',(-2.38265950015481,-6.59499810444836,17.0119995320543));
#9828=CARTESIAN_POINT('Ctrl Pts',(-2.49926701598011,-6.5982347604073,17.0555020206468));
#9829=CARTESIAN_POINT('Ctrl Pts',(-2.55458245620635,-6.61044841105262,17.0867883591054));
#9830=CARTESIAN_POINT('Ctrl Pts',(-2.66887189827013,-6.65278523275025,17.1679490413247));
#9831=CARTESIAN_POINT('Ctrl Pts',(-2.72981881111003,-6.69257421849138,17.2278449521218));
#9832=CARTESIAN_POINT('Ctrl Pts',(-2.82769240620935,-6.78941077179752,17.3546736989551));
#9833=CARTESIAN_POINT('Ctrl Pts',(-2.86453373268772,-6.84652529418349,17.4216212588356));
#9834=CARTESIAN_POINT('Ctrl Pts',(-2.8904769554624,-6.908532220097,17.4888366563958));
#9835=CARTESIAN_POINT('Ctrl Pts',(-2.89254000552057,-6.91370021142477,17.4944004604848));
#9836=CARTESIAN_POINT('Ctrl Pts',(-2.89452878970528,-6.91893800272609,17.5));
#9837=CARTESIAN_POINT('',(-1.94886473865481,-7.24237020804847,17.5));
#9838=CARTESIAN_POINT('Ctrl Pts',(-1.94886473865481,-7.24237020804847,17.5));
#9839=CARTESIAN_POINT('Ctrl Pts',(-1.94722936603348,-7.23701154435809,17.494400460493));
#9840=CARTESIAN_POINT('Ctrl Pts',(-1.94569544961739,-7.23166258087666,17.4888366564049));
#9841=CARTESIAN_POINT('Ctrl Pts',(-1.94426079389699,-7.2263303249516,17.4833147735479));
#9842=CARTESIAN_POINT('Ctrl Pts',(-1.92823203050502,-7.16675542670005,17.4216212588356));
#9843=CARTESIAN_POINT('Ctrl Pts',(-1.92238020523556,-7.09904200007668,17.3546736989551));
#9844=CARTESIAN_POINT('Ctrl Pts',(-1.94045182315418,-6.9625503325666,17.2278449521218));
#9845=CARTESIAN_POINT('Ctrl Pts',(-1.96426678536515,-6.89377143212531,17.1679490413247));
#9846=CARTESIAN_POINT('Ctrl Pts',(-2.02869142374298,-6.79031154130479,17.0867883591054));
#9847=CARTESIAN_POINT('Ctrl Pts',(-2.06494147111539,-6.74678103183149,17.0555020206468));
#9848=CARTESIAN_POINT('Ctrl Pts',(-2.15514348257797,-6.67281221531501,17.0119995320543));
#9849=CARTESIAN_POINT('Ctrl Pts',(-2.2092873498264,-6.64248085093296,17.));
#9850=CARTESIAN_POINT('Ctrl Pts',(-2.26528427829759,-6.62332900726649,17.));
#9851=CARTESIAN_POINT('',(-1.94886473865481,-7.24237020804847,19.1));
#9852=CARTESIAN_POINT('',(-1.9488647386548,-7.24237020804846,19.6));
#9853=CARTESIAN_POINT('Ctrl Pts',(-2.26528427829759,-6.62332900726649,19.6));
#9854=CARTESIAN_POINT('Ctrl Pts',(-2.2092873498264,-6.64248085093296,19.6));
#9855=CARTESIAN_POINT('Ctrl Pts',(-2.15514348257797,-6.67281221531501,19.5880004679457));
#9856=CARTESIAN_POINT('Ctrl Pts',(-2.06494147111539,-6.74678103183149,19.5444979793532));
#9857=CARTESIAN_POINT('Ctrl Pts',(-2.02869142374298,-6.79031154130479,19.5132116408946));
#9858=CARTESIAN_POINT('Ctrl Pts',(-1.96426678536515,-6.89377143212531,19.4320509586753));
#9859=CARTESIAN_POINT('Ctrl Pts',(-1.94045182315418,-6.9625503325666,19.3721550478782));
#9860=CARTESIAN_POINT('Ctrl Pts',(-1.92238020523556,-7.09904200007668,19.2453263010449));
#9861=CARTESIAN_POINT('Ctrl Pts',(-1.92823203050502,-7.16675542670005,19.1783787411644));
#9862=CARTESIAN_POINT('Ctrl Pts',(-1.94426079389699,-7.2263303249516,19.1166852264521));
#9863=CARTESIAN_POINT('Ctrl Pts',(-1.94569544961503,-7.2316625808679,19.1111633436042));
#9864=CARTESIAN_POINT('Ctrl Pts',(-1.94722936603107,-7.23701154435021,19.1055995395152));
#9865=CARTESIAN_POINT('Ctrl Pts',(-1.94886473865481,-7.24237020804847,19.1));
#9866=CARTESIAN_POINT('Origin',(-3.84948205129274,-6.43672959947636,19.6));
#9867=CARTESIAN_POINT('',(-4.26980448971518,-6.16593623220416,19.1));
#9868=CARTESIAN_POINT('',(-3.59284991453989,-6.0076142928446,19.6));
#9869=CARTESIAN_POINT('Ctrl Pts',(-4.26980448971518,-6.16593623220416,19.1));
#9870=CARTESIAN_POINT('Ctrl Pts',(-4.26677016719539,-6.16122639069908,19.105599539507));
#9871=CARTESIAN_POINT('Ctrl Pts',(-4.26367771391641,-6.15660026460757,19.1111633435951));
#9872=CARTESIAN_POINT('Ctrl Pts',(-4.22540944798979,-6.10134223810128,19.1783787411644));
#9873=CARTESIAN_POINT('Ctrl Pts',(-4.17749841596761,-6.05313554754247,19.2453263010449));
#9874=CARTESIAN_POINT('Ctrl Pts',(-4.06163014221518,-5.97876416990625,19.3721550478782));
#9875=CARTESIAN_POINT('Ctrl Pts',(-3.99374247034733,-5.9525162446666,19.4320509586753));
#9876=CARTESIAN_POINT('Ctrl Pts',(-3.87314820662043,-5.93486669524247,19.5132116408946));
#9877=CARTESIAN_POINT('Ctrl Pts',(-3.81650218072288,-5.93442066887332,19.5444979793532));
#9878=CARTESIAN_POINT('Ctrl Pts',(-3.70176988027782,-5.95549880738998,19.5880004679457));
#9879=CARTESIAN_POINT('Ctrl Pts',(-3.64364128357348,-5.97723854683357,19.6));
#9880=CARTESIAN_POINT('Ctrl Pts',(-3.59284991453989,-6.0076142928446,19.6));
#9881=CARTESIAN_POINT('',(-4.26980448971518,-6.16593623220416,17.5));
#9882=CARTESIAN_POINT('',(-4.26980448971518,-6.16593623220416,19.6));
#9883=CARTESIAN_POINT('',(-3.59284991453989,-6.0076142928446,17.));
#9884=CARTESIAN_POINT('Ctrl Pts',(-3.59284991453989,-6.0076142928446,17.));
#9885=CARTESIAN_POINT('Ctrl Pts',(-3.64364128357348,-5.97723854683357,17.));
#9886=CARTESIAN_POINT('Ctrl Pts',(-3.70176988027782,-5.95549880738998,17.0119995320543));
#9887=CARTESIAN_POINT('Ctrl Pts',(-3.81650218072288,-5.93442066887332,17.0555020206468));
#9888=CARTESIAN_POINT('Ctrl Pts',(-3.87314820662043,-5.93486669524247,17.0867883591054));
#9889=CARTESIAN_POINT('Ctrl Pts',(-3.99374247034733,-5.9525162446666,17.1679490413247));
#9890=CARTESIAN_POINT('Ctrl Pts',(-4.06163014221518,-5.97876416990625,17.2278449521218));
#9891=CARTESIAN_POINT('Ctrl Pts',(-4.17749841596761,-6.05313554754247,17.3546736989551));
#9892=CARTESIAN_POINT('Ctrl Pts',(-4.22540944798979,-6.10134223810128,17.4216212588356));
#9893=CARTESIAN_POINT('Ctrl Pts',(-4.26367771391124,-6.15660026460011,17.4888366563958));
#9894=CARTESIAN_POINT('Ctrl Pts',(-4.26677016719092,-6.16122639069215,17.4944004604848));
#9895=CARTESIAN_POINT('Ctrl Pts',(-4.26980448971518,-6.16593623220416,17.5));
#9896=CARTESIAN_POINT('',(-3.41205080375344,-6.67891527963977,17.5));
#9897=CARTESIAN_POINT('Ctrl Pts',(-3.41205080375344,-6.67891527963977,17.5));
#9898=CARTESIAN_POINT('Ctrl Pts',(-3.40933703911919,-6.6740137286947,17.494400460493));
#9899=CARTESIAN_POINT('Ctrl Pts',(-3.40672453041552,-6.66910057205457,17.4888366564049));
#9900=CARTESIAN_POINT('Ctrl Pts',(-3.40421258701949,-6.66418312041154,17.4833147735479));
#9901=CARTESIAN_POINT('Ctrl Pts',(-3.37614777273912,-6.60924264392137,17.4216212588356));
#9902=CARTESIAN_POINT('Ctrl Pts',(-3.35634541087156,-6.5442255810184,17.3546736989551));
#9903=CARTESIAN_POINT('Ctrl Pts',(-3.34564390720548,-6.40695928328599,17.2278449521218));
#9904=CARTESIAN_POINT('Ctrl Pts',(-3.35463851787037,-6.33473195777819,17.1679490413247));
#9905=CARTESIAN_POINT('Ctrl Pts',(-3.39614480249547,-6.22013827830446,17.0867883591054));
#9906=CARTESIAN_POINT('Ctrl Pts',(-3.42255219753253,-6.170022206263,17.0555020206468));
#9907=CARTESIAN_POINT('Ctrl Pts',(-3.49540409691629,-6.07891573313994,17.0119995320543));
#9908=CARTESIAN_POINT('Ctrl Pts',(-3.5420585455063,-6.03799003885563,17.));
#9909=CARTESIAN_POINT('Ctrl Pts',(-3.59284991453989,-6.0076142928446,17.));
#9910=CARTESIAN_POINT('',(-3.41205080375344,-6.67891527963977,19.1));
#9911=CARTESIAN_POINT('',(-3.41205080375344,-6.67891527963976,19.6));
#9912=CARTESIAN_POINT('Ctrl Pts',(-3.59284991453989,-6.0076142928446,19.6));
#9913=CARTESIAN_POINT('Ctrl Pts',(-3.5420585455063,-6.03799003885563,19.6));
#9914=CARTESIAN_POINT('Ctrl Pts',(-3.49540409691629,-6.07891573313994,19.5880004679457));
#9915=CARTESIAN_POINT('Ctrl Pts',(-3.42255219753253,-6.170022206263,19.5444979793532));
#9916=CARTESIAN_POINT('Ctrl Pts',(-3.39614480249547,-6.22013827830446,19.5132116408946));
#9917=CARTESIAN_POINT('Ctrl Pts',(-3.35463851787037,-6.33473195777819,19.4320509586753));
#9918=CARTESIAN_POINT('Ctrl Pts',(-3.34564390720548,-6.40695928328599,19.3721550478782));
#9919=CARTESIAN_POINT('Ctrl Pts',(-3.35634541087156,-6.5442255810184,19.2453263010449));
#9920=CARTESIAN_POINT('Ctrl Pts',(-3.37614777273912,-6.60924264392137,19.1783787411644));
#9921=CARTESIAN_POINT('Ctrl Pts',(-3.40421258701949,-6.66418312041154,19.1166852264521));
#9922=CARTESIAN_POINT('Ctrl Pts',(-3.40672453041139,-6.66910057204649,19.1111633436042));
#9923=CARTESIAN_POINT('Ctrl Pts',(-3.4093370391152,-6.67401372868749,19.1055995395152));
#9924=CARTESIAN_POINT('Ctrl Pts',(-3.41205080375344,-6.67891527963977,19.1));
#9925=CARTESIAN_POINT('Origin',(-5.10363296690369,-5.49571929224318,19.6));
#9926=CARTESIAN_POINT('',(-5.45846924472939,-5.1434534608902,19.1));
#9927=CARTESIAN_POINT('',(-4.76339076911011,-5.12933800609363,19.6));
#9928=CARTESIAN_POINT('Ctrl Pts',(-5.45846924472939,-5.1434534608902,19.1));
#9929=CARTESIAN_POINT('Ctrl Pts',(-5.45452199832599,-5.13947741184774,19.105599539507));
#9930=CARTESIAN_POINT('Ctrl Pts',(-5.45053529687315,-5.13559533490065,19.1111633435951));
#9931=CARTESIAN_POINT('Ctrl Pts',(-5.40161449465061,-5.0895012487257,19.1783787411644));
#9932=CARTESIAN_POINT('Ctrl Pts',(-5.34472769908663,-5.05230925369284,19.2453263010449));
#9933=CARTESIAN_POINT('Ctrl Pts',(-5.21592874624173,-5.00365343780271,19.3721550478782));
#9934=CARTESIAN_POINT('Ctrl Pts',(-5.14406733236776,-4.99209373334903,19.4320509586753));
#9935=CARTESIAN_POINT('Ctrl Pts',(-5.02243879497808,-4.99990282620016,19.5132116408946));
#9936=CARTESIAN_POINT('Ctrl Pts',(-4.96693788655873,-5.01124391759978,19.5444979793532));
#9937=CARTESIAN_POINT('Ctrl Pts',(-4.85909515357001,-5.05571563479473,19.5880004679457));
#9938=CARTESIAN_POINT('Ctrl Pts',(-4.80675675215529,-5.08906592359772,19.6));
#9939=CARTESIAN_POINT('Ctrl Pts',(-4.76339076911011,-5.12933800609363,19.6));
#9940=CARTESIAN_POINT('',(-5.45846924472939,-5.1434534608902,17.5));
#9941=CARTESIAN_POINT('',(-5.45846924472939,-5.1434534608902,19.6));
#9942=CARTESIAN_POINT('',(-4.76339076911011,-5.12933800609363,17.));
#9943=CARTESIAN_POINT('Ctrl Pts',(-4.76339076911011,-5.12933800609363,17.));
#9944=CARTESIAN_POINT('Ctrl Pts',(-4.80675675215529,-5.08906592359772,17.));
#9945=CARTESIAN_POINT('Ctrl Pts',(-4.85909515357001,-5.05571563479473,17.0119995320543));
#9946=CARTESIAN_POINT('Ctrl Pts',(-4.96693788655873,-5.01124391759978,17.0555020206468));
#9947=CARTESIAN_POINT('Ctrl Pts',(-5.02243879497808,-4.99990282620016,17.0867883591054));
#9948=CARTESIAN_POINT('Ctrl Pts',(-5.14406733236776,-4.99209373334903,17.1679490413247));
#9949=CARTESIAN_POINT('Ctrl Pts',(-5.21592874624173,-5.00365343780271,17.2278449521218));
#9950=CARTESIAN_POINT('Ctrl Pts',(-5.34472769908663,-5.05230925369284,17.3546736989551));
#9951=CARTESIAN_POINT('Ctrl Pts',(-5.40161449465061,-5.0895012487257,17.4216212588356));
#9952=CARTESIAN_POINT('Ctrl Pts',(-5.45053529686655,-5.13559533489443,17.4888366563958));
#9953=CARTESIAN_POINT('Ctrl Pts',(-5.45452199832019,-5.1394774118419,17.4944004604848));
#9954=CARTESIAN_POINT('Ctrl Pts',(-5.45846924472939,-5.1434534608902,17.5));
#9955=CARTESIAN_POINT('',(-4.72611387589175,-5.82355970451952,17.5));
#9956=CARTESIAN_POINT('Ctrl Pts',(-4.72611387589175,-5.82355970451952,17.5));
#9957=CARTESIAN_POINT('Ctrl Pts',(-4.72244032378119,-5.81932948761632,17.494400460493));
#9958=CARTESIAN_POINT('Ctrl Pts',(-4.71886340195649,-5.8150668663386,17.4888366564049));
#9959=CARTESIAN_POINT('Ctrl Pts',(-4.71538395486487,-5.81077913521095,17.4833147735479));
#9960=CARTESIAN_POINT('Ctrl Pts',(-4.67650965675008,-5.76287424293844,17.4216212588356));
#9961=CARTESIAN_POINT('Ctrl Pts',(-4.6436222165203,-5.70339510139121,17.3546736989551));
#9962=CARTESIAN_POINT('Ctrl Pts',(-4.60461529833124,-5.57135336932415,17.2278449521218));
#9963=CARTESIAN_POINT('Ctrl Pts',(-4.59839644980307,-5.49883429945969,17.1679490413247));
#9964=CARTESIAN_POINT('Ctrl Pts',(-4.61517035686807,-5.37811512500723,17.0867883591054));
#9965=CARTESIAN_POINT('Ctrl Pts',(-4.63058096968992,-5.32360380322943,17.0555020206468));
#9966=CARTESIAN_POINT('Ctrl Pts',(-4.68289877940958,-5.21934146355263,17.0119995320543));
#9967=CARTESIAN_POINT('Ctrl Pts',(-4.72002478606492,-5.16961008858955,17.));
#9968=CARTESIAN_POINT('Ctrl Pts',(-4.76339076911011,-5.12933800609363,17.));
#9969=CARTESIAN_POINT('',(-4.72611387589175,-5.82355970451952,19.1));
#9970=CARTESIAN_POINT('',(-4.72611387589175,-5.82355970451952,19.6));
#9971=CARTESIAN_POINT('Ctrl Pts',(-4.76339076911011,-5.12933800609363,19.6));
#9972=CARTESIAN_POINT('Ctrl Pts',(-4.72002478606492,-5.16961008858955,19.6));
#9973=CARTESIAN_POINT('Ctrl Pts',(-4.68289877940958,-5.21934146355263,19.5880004679457));
#9974=CARTESIAN_POINT('Ctrl Pts',(-4.63058096968992,-5.32360380322943,19.5444979793532));
#9975=CARTESIAN_POINT('Ctrl Pts',(-4.61517035686807,-5.37811512500723,19.5132116408946));
#9976=CARTESIAN_POINT('Ctrl Pts',(-4.59839644980307,-5.49883429945969,19.4320509586753));
#9977=CARTESIAN_POINT('Ctrl Pts',(-4.60461529833124,-5.57135336932415,19.3721550478782));
#9978=CARTESIAN_POINT('Ctrl Pts',(-4.6436222165203,-5.70339510139121,19.2453263010449));
#9979=CARTESIAN_POINT('Ctrl Pts',(-4.67650965675008,-5.76287424293844,19.1783787411644));
#9980=CARTESIAN_POINT('Ctrl Pts',(-4.71538395486487,-5.81077913521095,19.1166852264521));
#9981=CARTESIAN_POINT('Ctrl Pts',(-4.71886340195077,-5.81506686633155,19.1111633436042));
#9982=CARTESIAN_POINT('Ctrl Pts',(-4.72244032377578,-5.81932948761009,19.1055995395152));
#9983=CARTESIAN_POINT('Ctrl Pts',(-4.72611387589175,-5.82355970451952,19.1));
#9984=CARTESIAN_POINT('Origin',(-6.13473063191285,-4.31451968055195,19.6));
#9985=CARTESIAN_POINT('',(-6.40857270110746,-3.89617709230732,19.1));
#9986=CARTESIAN_POINT('',(-5.72574858978533,-4.02688503518182,19.6));
#9987=CARTESIAN_POINT('Ctrl Pts',(-6.40857270110746,-3.89617709230732,19.1));
#9988=CARTESIAN_POINT('Ctrl Pts',(-6.40388504442928,-3.89310860814984,19.105599539507));
#9989=CARTESIAN_POINT('Ctrl Pts',(-6.39917833278639,-3.89014024573802,19.1111633435951));
#9990=CARTESIAN_POINT('Ctrl Pts',(-6.3417430680731,-3.85522463264423,19.1783787411644));
#9991=CARTESIAN_POINT('Ctrl Pts',(-6.27836673490659,-3.83067280178724,19.2453263010449));
#9992=CARTESIAN_POINT('Ctrl Pts',(-6.14226623525449,-3.8098590402741,19.3721550478782));
#9993=CARTESIAN_POINT('Ctrl Pts',(-6.06957176799001,-3.81349277116064,19.4320509586753));
#9994=CARTESIAN_POINT('Ctrl Pts',(-5.95222470765997,-3.84641921145726,19.5132116408946));
#9995=CARTESIAN_POINT('Ctrl Pts',(-5.90029457273964,-3.86905176051089,19.5444979793532));
#9996=CARTESIAN_POINT('Ctrl Pts',(-5.80405465212572,-3.93497342894374,19.5880004679457));
#9997=CARTESIAN_POINT('Ctrl Pts',(-5.75979388528996,-3.97847669945299,19.6));
#9998=CARTESIAN_POINT('Ctrl Pts',(-5.72574858978533,-4.02688503518182,19.6));
#9999=CARTESIAN_POINT('',(-6.40857270110746,-3.89617709230732,17.5));
#10000=CARTESIAN_POINT('',(-6.40857270110745,-3.89617709230732,19.6));
#10001=CARTESIAN_POINT('',(-5.72574858978533,-4.02688503518182,17.));
#10002=CARTESIAN_POINT('Ctrl Pts',(-5.72574858978533,-4.02688503518182,
17.));
#10003=CARTESIAN_POINT('Ctrl Pts',(-5.75979388528996,-3.97847669945299,
17.));
#10004=CARTESIAN_POINT('Ctrl Pts',(-5.80405465212572,-3.93497342894374,
17.0119995320543));
#10005=CARTESIAN_POINT('Ctrl Pts',(-5.90029457273964,-3.86905176051089,
17.0555020206468));
#10006=CARTESIAN_POINT('Ctrl Pts',(-5.95222470765997,-3.84641921145726,
17.0867883591054));
#10007=CARTESIAN_POINT('Ctrl Pts',(-6.06957176799001,-3.81349277116064,
17.1679490413247));
#10008=CARTESIAN_POINT('Ctrl Pts',(-6.14226623525449,-3.8098590402741,17.2278449521218));
#10009=CARTESIAN_POINT('Ctrl Pts',(-6.27836673490659,-3.83067280178724,
17.3546736989551));
#10010=CARTESIAN_POINT('Ctrl Pts',(-6.3417430680731,-3.85522463264423,17.4216212588356));
#10011=CARTESIAN_POINT('Ctrl Pts',(-6.39917833277863,-3.89014024573331,
17.4888366563958));
#10012=CARTESIAN_POINT('Ctrl Pts',(-6.40388504442238,-3.89310860814533,
17.4944004604848));
#10013=CARTESIAN_POINT('Ctrl Pts',(-6.40857270110746,-3.89617709230732,
17.5));
#10014=CARTESIAN_POINT('',(-5.83362309324309,-4.71368662577191,17.5));
#10015=CARTESIAN_POINT('Ctrl Pts',(-5.83362309324309,-4.71368662577191,
17.5));
#10016=CARTESIAN_POINT('Ctrl Pts',(-5.8291503055111,-4.71031262368807,17.494400460493));
#10017=CARTESIAN_POINT('Ctrl Pts',(-5.82476529921309,-4.70688683477694,
17.4888366564049));
#10018=CARTESIAN_POINT('Ctrl Pts',(-5.82047041696002,-4.70341621858977,
17.4833147735479));
#10019=CARTESIAN_POINT('Ctrl Pts',(-5.77248562837801,-4.6646405842004,17.4216212588356));
#10020=CARTESIAN_POINT('Ctrl Pts',(-5.7279504487355,-4.61329888790711,17.3546736989551));
#10021=CARTESIAN_POINT('Ctrl Pts',(-5.66234290552428,-4.49225257880325,
17.2278449521218));
#10022=CARTESIAN_POINT('Ctrl Pts',(-5.64118239132507,-4.42261119592032,
17.1679490413247));
#10023=CARTESIAN_POINT('Ctrl Pts',(-5.6324908206011,-4.30104253368757,17.0867883591054));
#10024=CARTESIAN_POINT('Ctrl Pts',(-5.6362311334791,-4.24451836850946,17.0555020206468));
#10025=CARTESIAN_POINT('Ctrl Pts',(-5.66572831420121,-4.13165692682901,
17.0119995320543));
#10026=CARTESIAN_POINT('Ctrl Pts',(-5.69170329428069,-4.07529337091065,
17.));
#10027=CARTESIAN_POINT('Ctrl Pts',(-5.72574858978533,-4.02688503518182,
17.));
#10028=CARTESIAN_POINT('',(-5.83362309324309,-4.71368662577191,19.1));
#10029=CARTESIAN_POINT('',(-5.83362309324308,-4.71368662577191,19.6));
#10030=CARTESIAN_POINT('Ctrl Pts',(-5.72574858978533,-4.02688503518182,
19.6));
#10031=CARTESIAN_POINT('Ctrl Pts',(-5.69170329428069,-4.07529337091065,
19.6));
#10032=CARTESIAN_POINT('Ctrl Pts',(-5.66572831420121,-4.13165692682901,
19.5880004679457));
#10033=CARTESIAN_POINT('Ctrl Pts',(-5.6362311334791,-4.24451836850946,19.5444979793532));
#10034=CARTESIAN_POINT('Ctrl Pts',(-5.6324908206011,-4.30104253368757,19.5132116408946));
#10035=CARTESIAN_POINT('Ctrl Pts',(-5.64118239132507,-4.42261119592032,
19.4320509586753));
#10036=CARTESIAN_POINT('Ctrl Pts',(-5.66234290552428,-4.49225257880325,
19.3721550478782));
#10037=CARTESIAN_POINT('Ctrl Pts',(-5.7279504487355,-4.61329888790711,19.2453263010449));
#10038=CARTESIAN_POINT('Ctrl Pts',(-5.77248562837801,-4.6646405842004,19.1783787411644));
#10039=CARTESIAN_POINT('Ctrl Pts',(-5.82047041696002,-4.70341621858977,
19.1166852264521));
#10040=CARTESIAN_POINT('Ctrl Pts',(-5.82476529920603,-4.70688683477123,
19.1111633436042));
#10041=CARTESIAN_POINT('Ctrl Pts',(-5.82915030550452,-4.71031262368311,
19.1055995395152));
#10042=CARTESIAN_POINT('Ctrl Pts',(-5.83362309324309,-4.71368662577191,
19.1));
#10043=CARTESIAN_POINT('Origin',(-6.8977111306038,-2.94475485545817,19.6));
#10044=CARTESIAN_POINT('',(-7.07859077870346,-2.47861908885863,19.1));
#10045=CARTESIAN_POINT('',(-6.43786372189688,-2.74843786509429,19.6));
#10046=CARTESIAN_POINT('Ctrl Pts',(-7.07859077870346,-2.47861908885863,
19.1));
#10047=CARTESIAN_POINT('Ctrl Pts',(-7.07336758484121,-2.47659227706804,
19.105599539507));
#10048=CARTESIAN_POINT('Ctrl Pts',(-7.06814656889237,-2.47466736087268,
19.1111633435951));
#10049=CARTESIAN_POINT('Ctrl Pts',(-7.00470703836129,-2.45245620069594,
19.1783787411644));
#10050=CARTESIAN_POINT('Ctrl Pts',(-6.93761101746501,-2.44161756683603,
19.2453263010449));
#10051=CARTESIAN_POINT('Ctrl Pts',(-6.80015721592316,-2.44955552095352,
19.3721550478782));
#10052=CARTESIAN_POINT('Ctrl Pts',(-6.72980679231438,-2.46822387570395,
19.4320509586753));
#10053=CARTESIAN_POINT('Ctrl Pts',(-6.62186983867407,-2.52482862000651,
19.5132116408946));
#10054=CARTESIAN_POINT('Ctrl Pts',(-6.57578007333723,-2.55776347571748,
19.5444979793532));
#10055=CARTESIAN_POINT('Ctrl Pts',(-6.49534911143931,-2.64225400215045,
19.5880004679457));
#10056=CARTESIAN_POINT('Ctrl Pts',(-6.46110038707995,-2.69400895269286,
19.6));
#10057=CARTESIAN_POINT('Ctrl Pts',(-6.43786372189688,-2.74843786509429,
19.6));
#10058=CARTESIAN_POINT('',(-7.07859077870346,-2.47861908885863,17.5));
#10059=CARTESIAN_POINT('',(-7.07859077870346,-2.47861908885863,19.6));
#10060=CARTESIAN_POINT('',(-6.43786372189688,-2.74843786509429,17.));
#10061=CARTESIAN_POINT('Ctrl Pts',(-6.43786372189688,-2.74843786509429,
17.));
#10062=CARTESIAN_POINT('Ctrl Pts',(-6.46110038707995,-2.69400895269286,
17.));
#10063=CARTESIAN_POINT('Ctrl Pts',(-6.49534911143931,-2.64225400215045,
17.0119995320543));
#10064=CARTESIAN_POINT('Ctrl Pts',(-6.57578007333723,-2.55776347571748,
17.0555020206468));
#10065=CARTESIAN_POINT('Ctrl Pts',(-6.62186983867407,-2.52482862000651,
17.0867883591054));
#10066=CARTESIAN_POINT('Ctrl Pts',(-6.72980679231438,-2.46822387570395,
17.1679490413247));
#10067=CARTESIAN_POINT('Ctrl Pts',(-6.80015721592316,-2.44955552095352,
17.2278449521218));
#10068=CARTESIAN_POINT('Ctrl Pts',(-6.93761101746501,-2.44161756683603,
17.3546736989551));
#10069=CARTESIAN_POINT('Ctrl Pts',(-7.00470703836129,-2.45245620069594,
17.4216212588356));
#10070=CARTESIAN_POINT('Ctrl Pts',(-7.0681465688838,-2.47466736086968,17.4888366563958));
#10071=CARTESIAN_POINT('Ctrl Pts',(-7.07336758483352,-2.47659227706506,
17.4944004604848));
#10072=CARTESIAN_POINT('Ctrl Pts',(-7.07859077870346,-2.47861908885863,
17.5));
#10073=CARTESIAN_POINT('',(-6.68617498859034,-3.39780282270012,17.5));
#10074=CARTESIAN_POINT('Ctrl Pts',(-6.68617498859034,-3.39780282270012,
17.5));
#10075=CARTESIAN_POINT('Ctrl Pts',(-6.68109844752364,-3.39543249551697,
17.494400460493));
#10076=CARTESIAN_POINT('Ctrl Pts',(-6.67609700256914,-3.39299326238659,
17.4888366564049));
#10077=CARTESIAN_POINT('Ctrl Pts',(-6.67117439211821,-3.39049144372114,
17.4833147735479));
#10078=CARTESIAN_POINT('Ctrl Pts',(-6.61617627858658,-3.36253974850386,
17.4216212588356));
#10079=CARTESIAN_POINT('Ctrl Pts',(-6.56193976058521,-3.32157937595733,
17.3546736989551));
#10080=CARTESIAN_POINT('Ctrl Pts',(-6.47259895681009,-3.21681879436915,
17.2278449521218));
#10081=CARTESIAN_POINT('Ctrl Pts',(-6.43742159294976,-3.15309876107616,
17.1679490413247));
#10082=CARTESIAN_POINT('Ctrl Pts',(-6.40364440778424,-3.03599374495386,
17.0867883591054));
#10083=CARTESIAN_POINT('Ctrl Pts',(-6.3955509510976,-2.97992711362676,17.0555020206468));
#10084=CARTESIAN_POINT('Ctrl Pts',(-6.40093833448144,-2.86339915651337,
17.0119995320543));
#10085=CARTESIAN_POINT('Ctrl Pts',(-6.4146270567138,-2.80286677749572,17.));
#10086=CARTESIAN_POINT('Ctrl Pts',(-6.43786372189688,-2.74843786509429,
17.));
#10087=CARTESIAN_POINT('',(-6.68617498859034,-3.39780282270012,19.1));
#10088=CARTESIAN_POINT('',(-6.68617498859034,-3.39780282270012,19.6));
#10089=CARTESIAN_POINT('Ctrl Pts',(-6.43786372189688,-2.74843786509429,
19.6));
#10090=CARTESIAN_POINT('Ctrl Pts',(-6.4146270567138,-2.80286677749572,19.6));
#10091=CARTESIAN_POINT('Ctrl Pts',(-6.40093833448144,-2.86339915651337,
19.5880004679457));
#10092=CARTESIAN_POINT('Ctrl Pts',(-6.3955509510976,-2.97992711362676,19.5444979793532));
#10093=CARTESIAN_POINT('Ctrl Pts',(-6.40364440778424,-3.03599374495386,
19.5132116408946));
#10094=CARTESIAN_POINT('Ctrl Pts',(-6.43742159294976,-3.15309876107616,
19.4320509586753));
#10095=CARTESIAN_POINT('Ctrl Pts',(-6.47259895681009,-3.21681879436915,
19.3721550478782));
#10096=CARTESIAN_POINT('Ctrl Pts',(-6.56193976058521,-3.32157937595733,
19.2453263010449));
#10097=CARTESIAN_POINT('Ctrl Pts',(-6.61617627858658,-3.36253974850386,
19.1783787411644));
#10098=CARTESIAN_POINT('Ctrl Pts',(-6.67117439211821,-3.39049144372114,
19.1166852264521));
#10099=CARTESIAN_POINT('Ctrl Pts',(-6.67609700256105,-3.39299326238248,
19.1111633436042));
#10100=CARTESIAN_POINT('Ctrl Pts',(-6.68109844751617,-3.39543249551349,
19.1055995395152));
#10101=CARTESIAN_POINT('Ctrl Pts',(-6.68617498859034,-3.39780282270012,
19.1));
#10102=CARTESIAN_POINT('Origin',(-7.35922855399708,-1.44629011267932,19.6));
#10103=CARTESIAN_POINT('',(-7.439240472423,-0.952733537492844,19.1));
#10104=CARTESIAN_POINT('',(-6.86861331706394,-1.34987077183403,19.6));
#10105=CARTESIAN_POINT('Ctrl Pts',(-7.439240472423,-0.952733537492845,19.1));
#10106=CARTESIAN_POINT('Ctrl Pts',(-7.43371002001212,-0.951836979470108,
19.105599539507));
#10107=CARTESIAN_POINT('Ctrl Pts',(-7.42820288320751,-0.95103963756571,
19.1111633435951));
#10108=CARTESIAN_POINT('Ctrl Pts',(-7.36153169875949,-0.942503664586719,
19.1783787411644));
#10109=CARTESIAN_POINT('Ctrl Pts',(-7.29364840820904,-0.945851928033111,
19.2453263010449));
#10110=CARTESIAN_POINT('Ctrl Pts',(-7.16084869548134,-0.982194671095761,
19.3721550478782));
#10111=CARTESIAN_POINT('Ctrl Pts',(-7.09591696661875,-1.01508175302679,
19.4320509586753));
#10112=CARTESIAN_POINT('Ctrl Pts',(-7.00210748248121,-1.09289090238956,
19.5132116408946));
#10113=CARTESIAN_POINT('Ctrl Pts',(-6.96387243063631,-1.13468865352434,
19.5444979793532));
#10114=CARTESIAN_POINT('Ctrl Pts',(-6.9027656464399,-1.23405539652178,19.5880004679457));
#10115=CARTESIAN_POINT('Ctrl Pts',(-6.88002579815507,-1.29180008741085,
19.6));
#10116=CARTESIAN_POINT('Ctrl Pts',(-6.86861331706394,-1.34987077183403,
19.6));
#10117=CARTESIAN_POINT('',(-7.439240472423,-0.952733537492844,17.5));
#10118=CARTESIAN_POINT('',(-7.439240472423,-0.952733537492845,19.6));
#10119=CARTESIAN_POINT('',(-6.86861331706394,-1.34987077183403,17.));
#10120=CARTESIAN_POINT('Ctrl Pts',(-6.86861331706394,-1.34987077183403,
17.));
#10121=CARTESIAN_POINT('Ctrl Pts',(-6.88002579815507,-1.29180008741085,
17.));
#10122=CARTESIAN_POINT('Ctrl Pts',(-6.90276564643991,-1.23405539652178,
17.0119995320543));
#10123=CARTESIAN_POINT('Ctrl Pts',(-6.96387243063631,-1.13468865352434,
17.0555020206468));
#10124=CARTESIAN_POINT('Ctrl Pts',(-7.00210748248121,-1.09289090238956,
17.0867883591054));
#10125=CARTESIAN_POINT('Ctrl Pts',(-7.09591696661875,-1.01508175302679,
17.1679490413247));
#10126=CARTESIAN_POINT('Ctrl Pts',(-7.16084869548134,-0.982194671095761,
17.2278449521218));
#10127=CARTESIAN_POINT('Ctrl Pts',(-7.29364840820904,-0.945851928033111,
17.3546736989551));
#10128=CARTESIAN_POINT('Ctrl Pts',(-7.36153169875949,-0.942503664586719,
17.4216212588356));
#10129=CARTESIAN_POINT('Ctrl Pts',(-7.42820288319851,-0.951039637564557,
17.4888366563958));
#10130=CARTESIAN_POINT('Ctrl Pts',(-7.43371002000398,-0.95183697946879,
17.4944004604848));
#10131=CARTESIAN_POINT('Ctrl Pts',(-7.439240472423,-0.952733537492845,17.5));
#10132=CARTESIAN_POINT('',(-7.24650895310896,-1.93341873180945,17.5));
#10133=CARTESIAN_POINT('Ctrl Pts',(-7.24650895310896,-1.93341873180945,
17.5));
#10134=CARTESIAN_POINT('Ctrl Pts',(-7.24105052791209,-1.93215567419898,
17.494400460493));
#10135=CARTESIAN_POINT('Ctrl Pts',(-7.23565123144522,-1.93080960304189,
17.4888366564049));
#10136=CARTESIAN_POINT('Ctrl Pts',(-7.23031603449444,-1.9293859233789,17.4833147735479));
#10137=CARTESIAN_POINT('Ctrl Pts',(-7.17070827748474,-1.91347979054182,
17.4216212588356));
#10138=CARTESIAN_POINT('Ctrl Pts',(-7.10914081721687,-1.884690906572,17.3546736989551));
#10139=CARTESIAN_POINT('Ctrl Pts',(-6.99997137470756,-1.80079459261195,
17.2278449521218));
#10140=CARTESIAN_POINT('Ctrl Pts',(-6.95231458078652,-1.74578078012644,
17.1679490413247));
#10141=CARTESIAN_POINT('Ctrl Pts',(-6.8949280062521,-1.63825746125135,17.0867883591054));
#10142=CARTESIAN_POINT('Ctrl Pts',(-6.87535450289475,-1.5850987446018,17.0555020206468));
#10143=CARTESIAN_POINT('Ctrl Pts',(-6.8563966344349,-1.46999710294451,17.0119995320543));
#10144=CARTESIAN_POINT('Ctrl Pts',(-6.85720083597282,-1.40794145625722,
17.));
#10145=CARTESIAN_POINT('Ctrl Pts',(-6.86861331706394,-1.34987077183403,
17.));
#10146=CARTESIAN_POINT('',(-7.24650895310896,-1.93341873180945,19.1));
#10147=CARTESIAN_POINT('',(-7.24650895310896,-1.93341873180945,19.6));
#10148=CARTESIAN_POINT('Ctrl Pts',(-6.86861331706394,-1.34987077183403,
19.6));
#10149=CARTESIAN_POINT('Ctrl Pts',(-6.85720083597282,-1.40794145625722,
19.6));
#10150=CARTESIAN_POINT('Ctrl Pts',(-6.8563966344349,-1.46999710294451,19.5880004679457));
#10151=CARTESIAN_POINT('Ctrl Pts',(-6.87535450289475,-1.5850987446018,19.5444979793532));
#10152=CARTESIAN_POINT('Ctrl Pts',(-6.8949280062521,-1.63825746125135,19.5132116408946));
#10153=CARTESIAN_POINT('Ctrl Pts',(-6.95231458078652,-1.74578078012644,
19.4320509586753));
#10154=CARTESIAN_POINT('Ctrl Pts',(-6.99997137470756,-1.80079459261195,
19.3721550478782));
#10155=CARTESIAN_POINT('Ctrl Pts',(-7.10914081721687,-1.884690906572,19.2453263010449));
#10156=CARTESIAN_POINT('Ctrl Pts',(-7.17070827748474,-1.91347979054182,
19.1783787411644));
#10157=CARTESIAN_POINT('Ctrl Pts',(-7.23031603449444,-1.9293859233789,19.1166852264521));
#10158=CARTESIAN_POINT('Ctrl Pts',(-7.23565123143645,-1.93080960303955,
19.1111633436042));
#10159=CARTESIAN_POINT('Ctrl Pts',(-7.24105052790407,-1.93215567419712,
19.1055995395152));
#10160=CARTESIAN_POINT('Ctrl Pts',(-7.24650895310896,-1.93341873180945,
19.1));
#10161=CARTESIAN_POINT('Origin',(-7.49911237608413,0.115384448093563,19.6));
#10162=CARTESIAN_POINT('',(-7.4747596600613,0.614791041184115,19.1));
#10163=CARTESIAN_POINT('',(-6.99917155101185,0.107692151553992,19.6));
#10164=CARTESIAN_POINT('Ctrl Pts',(-7.4747596600613,0.614791041184115,19.1));
#10165=CARTESIAN_POINT('Ctrl Pts',(-7.4691636564102,0.61451816155124,19.105599539507));
#10166=CARTESIAN_POINT('Ctrl Pts',(-7.46361108705436,0.61415308149738,19.1111633435951));
#10167=CARTESIAN_POINT('Ctrl Pts',(-7.39662209937361,0.608640804299298,
19.1783787411644));
#10168=CARTESIAN_POINT('Ctrl Pts',(-7.33091836470621,0.591251978725968,
19.2453263010449));
#10169=CARTESIAN_POINT('Ctrl Pts',(-7.20857672548258,0.528092798981822,
19.3721550478782));
#10170=CARTESIAN_POINT('Ctrl Pts',(-7.15190151949449,0.482424313160308,
19.4320509586753));
#10171=CARTESIAN_POINT('Ctrl Pts',(-7.07631942946439,0.386811391934198,
19.5132116408946));
#10172=CARTESIAN_POINT('Ctrl Pts',(-7.04761014634917,0.337977507668064,
19.5444979793532));
#10173=CARTESIAN_POINT('Ctrl Pts',(-7.00849819954655,0.22807735158968,19.5880004679457));
#10174=CARTESIAN_POINT('Ctrl Pts',(-6.99826106782419,0.166866640435586,
19.6));
#10175=CARTESIAN_POINT('Ctrl Pts',(-6.99917155101185,0.107692151553992,
19.6));
#10176=CARTESIAN_POINT('',(-7.4747596600613,0.614791041184115,17.5));
#10177=CARTESIAN_POINT('',(-7.4747596600613,0.614791041184115,19.6));
#10178=CARTESIAN_POINT('',(-6.99917155101185,0.107692151553992,17.));
#10179=CARTESIAN_POINT('Ctrl Pts',(-6.99917155101185,0.107692151553992,
17.));
#10180=CARTESIAN_POINT('Ctrl Pts',(-6.99826106782419,0.166866640435586,
17.));
#10181=CARTESIAN_POINT('Ctrl Pts',(-7.00849819954656,0.22807735158968,17.0119995320543));
#10182=CARTESIAN_POINT('Ctrl Pts',(-7.04761014634917,0.337977507668064,
17.0555020206468));
#10183=CARTESIAN_POINT('Ctrl Pts',(-7.07631942946439,0.386811391934197,
17.0867883591054));
#10184=CARTESIAN_POINT('Ctrl Pts',(-7.15190151949449,0.482424313160308,
17.1679490413247));
#10185=CARTESIAN_POINT('Ctrl Pts',(-7.20857672548258,0.528092798981821,
17.2278449521218));
#10186=CARTESIAN_POINT('Ctrl Pts',(-7.33091836470621,0.591251978725968,
17.3546736989551));
#10187=CARTESIAN_POINT('Ctrl Pts',(-7.39662209937361,0.608640804299298,
17.4216212588356));
#10188=CARTESIAN_POINT('Ctrl Pts',(-7.46361108704531,0.614153081496636,
17.4888366563958));
#10189=CARTESIAN_POINT('Ctrl Pts',(-7.46916365640197,0.614518161550839,
17.4944004604848));
#10190=CARTESIAN_POINT('Ctrl Pts',(-7.4747596600613,0.614791041184115,17.5));
#10191=CARTESIAN_POINT('',(-7.4901357037688,-0.384534964766293,17.5));
#10192=CARTESIAN_POINT('Ctrl Pts',(-7.4901357037688,-0.384534964766293,
17.5));
#10193=CARTESIAN_POINT('Ctrl Pts',(-7.48453395381531,-0.384434378406909,
17.494400460493));
#10194=CARTESIAN_POINT('Ctrl Pts',(-7.47897278100035,-0.384240298991835,
17.4888366564049));
#10195=CARTESIAN_POINT('Ctrl Pts',(-7.47345817125759,-0.383956979964152,
17.4833147735479));
#10196=CARTESIAN_POINT('Ctrl Pts',(-7.4118459157809,-0.380791583838355,
17.4216212588356));
#10197=CARTESIAN_POINT('Ctrl Pts',(-7.3456383066937,-0.365432400819115,
17.3546736989551));
#10198=CARTESIAN_POINT('Ctrl Pts',(-7.22141145394095,-0.306067025986426,
17.2278449521218));
#10199=CARTESIAN_POINT('Ctrl Pts',(-7.16335806053623,-0.262163801899581,
17.1679490413247));
#10200=CARTESIAN_POINT('Ctrl Pts',(-7.08487016531139,-0.16892146526067,
17.0867883591054));
#10201=CARTESIAN_POINT('Ctrl Pts',(-7.05467207130414,-0.120993954290075,
17.0555020206468));
#10202=CARTESIAN_POINT('Ctrl Pts',(-7.01219750082224,-0.0123491221482633,
17.0119995320543));
#10203=CARTESIAN_POINT('Ctrl Pts',(-7.00008203419952,0.0485176626723978,
17.));
#10204=CARTESIAN_POINT('Ctrl Pts',(-6.99917155101185,0.107692151553992,
17.));
#10205=CARTESIAN_POINT('',(-7.4901357037688,-0.384534964766293,19.1));
#10206=CARTESIAN_POINT('',(-7.4901357037688,-0.384534964766293,19.6));
#10207=CARTESIAN_POINT('Ctrl Pts',(-6.99917155101185,0.107692151553992,
19.6));
#10208=CARTESIAN_POINT('Ctrl Pts',(-7.00008203419952,0.0485176626723983,
19.6));
#10209=CARTESIAN_POINT('Ctrl Pts',(-7.01219750082224,-0.0123491221482627,
19.5880004679457));
#10210=CARTESIAN_POINT('Ctrl Pts',(-7.05467207130414,-0.120993954290075,
19.5444979793532));
#10211=CARTESIAN_POINT('Ctrl Pts',(-7.08487016531139,-0.16892146526067,
19.5132116408946));
#10212=CARTESIAN_POINT('Ctrl Pts',(-7.16335806053623,-0.26216380189958,
19.4320509586753));
#10213=CARTESIAN_POINT('Ctrl Pts',(-7.22141145394095,-0.306067025986426,
19.3721550478782));
#10214=CARTESIAN_POINT('Ctrl Pts',(-7.34563830669369,-0.365432400819115,
19.2453263010449));
#10215=CARTESIAN_POINT('Ctrl Pts',(-7.4118459157809,-0.380791583838355,
19.1783787411644));
#10216=CARTESIAN_POINT('Ctrl Pts',(-7.47345817125759,-0.383956979964152,
19.1166852264521));
#10217=CARTESIAN_POINT('Ctrl Pts',(-7.47897278099129,-0.38424029899137,
19.1111633436042));
#10218=CARTESIAN_POINT('Ctrl Pts',(-7.48453395380707,-0.384434378406762,
19.1055995395152));
#10219=CARTESIAN_POINT('Ctrl Pts',(-7.4901357037688,-0.384534964766293,
19.1));
#10220=CARTESIAN_POINT('Origin',(-7.31124900260267,1.67201615480875,19.6));
#10221=CARTESIAN_POINT('',(-7.1835959826786,2.15544630126661,19.1));
#10222=CARTESIAN_POINT('',(-6.82383240242916,1.56054841115483,19.6));
#10223=CARTESIAN_POINT('Ctrl Pts',(-7.1835959826786,2.15544630126661,19.1));
#10224=CARTESIAN_POINT('Ctrl Pts',(-7.17817899999944,2.1540159101275,19.105599539507));
#10225=CARTESIAN_POINT('Ctrl Pts',(-7.17282367201739,2.15250436386558,19.1111633435951));
#10226=CARTESIAN_POINT('Ctrl Pts',(-7.10844462131439,2.13318474945482,19.1783787411644));
#10227=CARTESIAN_POINT('Ctrl Pts',(-7.04779201101651,2.10251533687295,19.2453263010449));
#10228=CARTESIAN_POINT('Ctrl Pts',(-6.94125536199135,2.0153000796735,19.3721550478782));
#10229=CARTESIAN_POINT('Ctrl Pts',(-6.89531365733724,1.95884612193361,19.4320509586753));
#10230=CARTESIAN_POINT('Ctrl Pts',(-6.84126226143199,1.84960817230344,19.5132116408946));
#10231=CARTESIAN_POINT('Ctrl Pts',(-6.82333348048103,1.79587242997936,19.5444979793532));
#10232=CARTESIAN_POINT('Ctrl Pts',(-6.80792575082741,1.68024202500011,19.5880004679457));
#10233=CARTESIAN_POINT('Ctrl Pts',(-6.81063874744699,1.61824049538,19.6));
#10234=CARTESIAN_POINT('Ctrl Pts',(-6.82383240242916,1.56054841115483,19.6));
#10235=CARTESIAN_POINT('',(-7.1835959826786,2.15544630126661,17.5));
#10236=CARTESIAN_POINT('',(-7.1835959826786,2.15544630126661,19.6));
#10237=CARTESIAN_POINT('',(-6.82383240242916,1.56054841115483,17.));
#10238=CARTESIAN_POINT('Ctrl Pts',(-6.82383240242916,1.56054841115483,17.));
#10239=CARTESIAN_POINT('Ctrl Pts',(-6.81063874744699,1.61824049538,17.));
#10240=CARTESIAN_POINT('Ctrl Pts',(-6.80792575082741,1.68024202500011,17.0119995320543));
#10241=CARTESIAN_POINT('Ctrl Pts',(-6.82333348048103,1.79587242997936,17.0555020206468));
#10242=CARTESIAN_POINT('Ctrl Pts',(-6.84126226143199,1.84960817230344,17.0867883591054));
#10243=CARTESIAN_POINT('Ctrl Pts',(-6.89531365733724,1.95884612193361,17.1679490413247));
#10244=CARTESIAN_POINT('Ctrl Pts',(-6.94125536199135,2.0153000796735,17.2278449521218));
#10245=CARTESIAN_POINT('Ctrl Pts',(-7.04779201101651,2.10251533687295,17.3546736989551));
#10246=CARTESIAN_POINT('Ctrl Pts',(-7.10844462131439,2.13318474945482,17.4216212588356));
#10247=CARTESIAN_POINT('Ctrl Pts',(-7.1728236720087,2.15250436386297,17.4888366563958));
#10248=CARTESIAN_POINT('Ctrl Pts',(-7.17817899999147,2.15401591012539,17.4944004604848));
#10249=CARTESIAN_POINT('Ctrl Pts',(-7.1835959826786,2.15544630126661,17.5));
#10250=CARTESIAN_POINT('',(-7.40640758251518,1.18115482544063,17.5));
#10251=CARTESIAN_POINT('Ctrl Pts',(-7.40640758251518,1.18115482544063,17.5));
#10252=CARTESIAN_POINT('Ctrl Pts',(-7.4009073311582,1.18008854444236,17.494400460493));
#10253=CARTESIAN_POINT('Ctrl Pts',(-7.39542733193264,1.17912214991368,17.4888366564049));
#10254=CARTESIAN_POINT('Ctrl Pts',(-7.38997432430569,1.17825272590503,17.4833147735479));
#10255=CARTESIAN_POINT('Ctrl Pts',(-7.32905032157475,1.1685390423196,17.4216212588356));
#10256=CARTESIAN_POINT('Ctrl Pts',(-7.26109615388466,1.16979725438878,17.3546736989551));
#10257=CARTESIAN_POINT('Ctrl Pts',(-7.12724120046036,1.20203713834724,17.2278449521218));
#10258=CARTESIAN_POINT('Ctrl Pts',(-7.06132841943483,1.23291099247179,17.1679490413247));
#10259=CARTESIAN_POINT('Ctrl Pts',(-6.96516950116762,1.30779720933703,17.0867883591054));
#10260=CARTESIAN_POINT('Ctrl Pts',(-6.9256666181251,1.34839885241754,17.0555020206468));
#10261=CARTESIAN_POINT('Ctrl Pts',(-6.86153168816682,1.44583857454353,17.0119995320543));
#10262=CARTESIAN_POINT('Ctrl Pts',(-6.83702605741133,1.50285632692966,17.));
#10263=CARTESIAN_POINT('Ctrl Pts',(-6.82383240242916,1.56054841115483,17.));
#10264=CARTESIAN_POINT('',(-7.40640758251518,1.18115482544063,19.1));
#10265=CARTESIAN_POINT('',(-7.40640758251518,1.18115482544063,19.6));
#10266=CARTESIAN_POINT('Ctrl Pts',(-6.82383240242916,1.56054841115483,19.6));
#10267=CARTESIAN_POINT('Ctrl Pts',(-6.83702605741133,1.50285632692966,19.6));
#10268=CARTESIAN_POINT('Ctrl Pts',(-6.86153168816682,1.44583857454353,19.5880004679457));
#10269=CARTESIAN_POINT('Ctrl Pts',(-6.9256666181251,1.34839885241753,19.5444979793532));
#10270=CARTESIAN_POINT('Ctrl Pts',(-6.96516950116762,1.30779720933703,19.5132116408946));
#10271=CARTESIAN_POINT('Ctrl Pts',(-7.06132841943483,1.23291099247179,19.4320509586753));
#10272=CARTESIAN_POINT('Ctrl Pts',(-7.12724120046036,1.20203713834724,19.3721550478782));
#10273=CARTESIAN_POINT('Ctrl Pts',(-7.26109615388466,1.16979725438878,19.2453263010449));
#10274=CARTESIAN_POINT('Ctrl Pts',(-7.32905032157475,1.1685390423196,19.1783787411644));
#10275=CARTESIAN_POINT('Ctrl Pts',(-7.38997432430569,1.17825272590503,19.1166852264521));
#10276=CARTESIAN_POINT('Ctrl Pts',(-7.39542733192368,1.17912214991225,19.1111633436042));
#10277=CARTESIAN_POINT('Ctrl Pts',(-7.40090733115012,1.18008854444079,19.1055995395152));
#10278=CARTESIAN_POINT('Ctrl Pts',(-7.40640758251518,1.18115482544063,19.1));
#10279=CARTESIAN_POINT('Origin',(-6.80384896444234,3.15557273233512,19.6));
#10280=CARTESIAN_POINT('',(-6.57847469013485,3.60189821500486,19.1));
#10281=CARTESIAN_POINT('',(-6.35025903347951,2.94520121684611,19.6));
#10282=CARTESIAN_POINT('Ctrl Pts',(-6.57847469013485,3.60189821500486,19.1));
#10283=CARTESIAN_POINT('Ctrl Pts',(-6.57347347656428,3.59937282731607,19.105599539507));
#10284=CARTESIAN_POINT('Ctrl Pts',(-6.56854944348656,3.59678087667095,19.1111633435951));
#10285=CARTESIAN_POINT('Ctrl Pts',(-6.50959400320198,3.56449828490306,19.1783787411644));
#10286=CARTESIAN_POINT('Ctrl Pts',(-6.45664332738716,3.52188868581065,19.2453263010449));
#10287=CARTESIAN_POINT('Ctrl Pts',(-6.37056783134242,3.41442907640074,19.3721550478782));
#10288=CARTESIAN_POINT('Ctrl Pts',(-6.33736750096843,3.34965695559185,19.4320509586753));
#10289=CARTESIAN_POINT('Ctrl Pts',(-6.30720910455648,3.23156820013831,19.5132116408946));
#10290=CARTESIAN_POINT('Ctrl Pts',(-6.30084439952916,3.17527910954854,19.5444979793532));
#10291=CARTESIAN_POINT('Ctrl Pts',(-6.30981427874489,3.05897205922226,19.5880004679457));
#10292=CARTESIAN_POINT('Ctrl Pts',(-6.32535883273574,2.99888947549689,19.6));
#10293=CARTESIAN_POINT('Ctrl Pts',(-6.35025903347951,2.94520121684611,19.6));
#10294=CARTESIAN_POINT('',(-6.57847469013485,3.60189821500486,17.5));
#10295=CARTESIAN_POINT('',(-6.57847469013485,3.60189821500486,19.6));
#10296=CARTESIAN_POINT('',(-6.35025903347951,2.94520121684611,17.));
#10297=CARTESIAN_POINT('Ctrl Pts',(-6.35025903347951,2.94520121684611,17.));
#10298=CARTESIAN_POINT('Ctrl Pts',(-6.32535883273574,2.99888947549689,17.));
#10299=CARTESIAN_POINT('Ctrl Pts',(-6.3098142787449,3.05897205922226,17.0119995320543));
#10300=CARTESIAN_POINT('Ctrl Pts',(-6.30084439952916,3.17527910954854,17.0555020206468));
#10301=CARTESIAN_POINT('Ctrl Pts',(-6.30720910455648,3.23156820013831,17.0867883591054));
#10302=CARTESIAN_POINT('Ctrl Pts',(-6.33736750096843,3.34965695559185,17.1679490413247));
#10303=CARTESIAN_POINT('Ctrl Pts',(-6.37056783134242,3.41442907640074,17.2278449521218));
#10304=CARTESIAN_POINT('Ctrl Pts',(-6.45664332738716,3.52188868581065,17.3546736989551));
#10305=CARTESIAN_POINT('Ctrl Pts',(-6.50959400320198,3.56449828490306,17.4216212588356));
#10306=CARTESIAN_POINT('Ctrl Pts',(-6.5685494434786,3.59678087666659,17.4888366563958));
#10307=CARTESIAN_POINT('Ctrl Pts',(-6.57347347655692,3.59937282731236,17.4944004604848));
#10308=CARTESIAN_POINT('Ctrl Pts',(-6.57847469013485,3.60189821500486,17.5));
#10309=CARTESIAN_POINT('',(-6.99898391001897,2.69522248196611,17.5));
#10310=CARTESIAN_POINT('Ctrl Pts',(-6.99898391001897,2.69522248196611,17.5));
#10311=CARTESIAN_POINT('Ctrl Pts',(-6.99382554463595,2.6930359352064,17.494400460493));
#10312=CARTESIAN_POINT('Ctrl Pts',(-6.9886662212619,2.69095130281214,17.4888366564049));
#10313=CARTESIAN_POINT('Ctrl Pts',(-6.98351313835049,2.6889671337683,17.4833147735479));
#10314=CARTESIAN_POINT('Ctrl Pts',(-6.92594005963043,2.66679890505574,17.4216212588356));
#10315=CARTESIAN_POINT('Ctrl Pts',(-6.85920925654581,2.65390115626986,17.3546736989551));
#10316=CARTESIAN_POINT('Ctrl Pts',(-6.72157630622191,2.65760651172099,17.2278449521218));
#10317=CARTESIAN_POINT('Ctrl Pts',(-6.65068484239101,2.6741016603088,17.1679490413247));
#10318=CARTESIAN_POINT('Ctrl Pts',(-6.54105750723137,2.72735887037943,17.0867883591054));
#10319=CARTESIAN_POINT('Ctrl Pts',(-6.49397630069842,2.75886015893893,17.0555020206468));
#10320=CARTESIAN_POINT('Ctrl Pts',(-6.41098401545647,2.84083618762453,17.0119995320543));
#10321=CARTESIAN_POINT('Ctrl Pts',(-6.37515923422329,2.89151295819533,17.));
#10322=CARTESIAN_POINT('Ctrl Pts',(-6.35025903347951,2.94520121684611,17.));
#10323=CARTESIAN_POINT('',(-6.99898391001897,2.69522248196611,19.1));
#10324=CARTESIAN_POINT('',(-6.99898391001897,2.69522248196611,19.6));
#10325=CARTESIAN_POINT('Ctrl Pts',(-6.35025903347951,2.94520121684611,19.6));
#10326=CARTESIAN_POINT('Ctrl Pts',(-6.37515923422329,2.89151295819533,19.6));
#10327=CARTESIAN_POINT('Ctrl Pts',(-6.41098401545647,2.84083618762453,19.5880004679457));
#10328=CARTESIAN_POINT('Ctrl Pts',(-6.49397630069842,2.75886015893893,19.5444979793532));
#10329=CARTESIAN_POINT('Ctrl Pts',(-6.54105750723137,2.72735887037943,19.5132116408946));
#10330=CARTESIAN_POINT('Ctrl Pts',(-6.65068484239101,2.6741016603088,19.4320509586753));
#10331=CARTESIAN_POINT('Ctrl Pts',(-6.72157630622191,2.65760651172099,19.3721550478782));
#10332=CARTESIAN_POINT('Ctrl Pts',(-6.85920925654581,2.65390115626986,19.2453263010449));
#10333=CARTESIAN_POINT('Ctrl Pts',(-6.92594005963043,2.66679890505574,19.1783787411644));
#10334=CARTESIAN_POINT('Ctrl Pts',(-6.98351313835049,2.6889671337683,19.1166852264521));
#10335=CARTESIAN_POINT('Ctrl Pts',(-6.98866622125343,2.69095130280888,19.1111633436042));
#10336=CARTESIAN_POINT('Ctrl Pts',(-6.99382554462836,2.69303593520318,19.1055995395152));
#10337=CARTESIAN_POINT('Ctrl Pts',(-6.99898391001897,2.69522248196611,19.1));
#10338=CARTESIAN_POINT('Origin',(-5.99908807804625,4.50121563934048,19.6));
#10339=CARTESIAN_POINT('',(-5.68584248660834,4.89092989292215,19.1));
#10340=CARTESIAN_POINT('',(-5.59914887284317,4.20113459671778,19.6));
#10341=CARTESIAN_POINT('Ctrl Pts',(-5.68584248660834,4.89092989292215,19.1));
#10342=CARTESIAN_POINT('Ctrl Pts',(-5.68147561917787,4.88741988024384,19.105599539507));
#10343=CARTESIAN_POINT('Ctrl Pts',(-5.67719808487811,4.88386080589627,19.1111633435951));
#10344=CARTESIAN_POINT('Ctrl Pts',(-5.62624289065199,4.84002614094056,19.1783787411644));
#10345=CARTESIAN_POINT('Ctrl Pts',(-5.58330834793886,4.78733859928149,19.2453263010449));
#10346=CARTESIAN_POINT('Ctrl Pts',(-5.52145591708775,4.66433113824075,19.3721550478782));
#10347=CARTESIAN_POINT('Ctrl Pts',(-5.5024479747441,4.59407170685334,19.4320509586753));
#10348=CARTESIAN_POINT('Ctrl Pts',(-5.49750064446468,4.47229319084245,19.5132116408946));
#10349=CARTESIAN_POINT('Ctrl Pts',(-5.50297818351194,4.41591085535079,19.5444979793532));
#10350=CARTESIAN_POINT('Ctrl Pts',(-5.53593364483305,4.30401033587989,19.5880004679457));
#10351=CARTESIAN_POINT('Ctrl Pts',(-5.56363038459471,4.24847259526627,19.6));
#10352=CARTESIAN_POINT('Ctrl Pts',(-5.59914887284317,4.20113459671778,19.6));
#10353=CARTESIAN_POINT('',(-5.68584248660834,4.89092989292215,17.5));
#10354=CARTESIAN_POINT('',(-5.68584248660834,4.89092989292215,19.6));
#10355=CARTESIAN_POINT('',(-5.59914887284317,4.20113459671778,17.));
#10356=CARTESIAN_POINT('Ctrl Pts',(-5.59914887284317,4.20113459671778,17.));
#10357=CARTESIAN_POINT('Ctrl Pts',(-5.56363038459471,4.24847259526627,17.));
#10358=CARTESIAN_POINT('Ctrl Pts',(-5.53593364483305,4.30401033587989,17.0119995320543));
#10359=CARTESIAN_POINT('Ctrl Pts',(-5.50297818351194,4.41591085535079,17.0555020206468));
#10360=CARTESIAN_POINT('Ctrl Pts',(-5.49750064446468,4.47229319084245,17.0867883591054));
#10361=CARTESIAN_POINT('Ctrl Pts',(-5.5024479747441,4.59407170685334,17.1679490413247));
#10362=CARTESIAN_POINT('Ctrl Pts',(-5.52145591708775,4.66433113824075,17.2278449521218));
#10363=CARTESIAN_POINT('Ctrl Pts',(-5.58330834793886,4.78733859928149,17.3546736989551));
#10364=CARTESIAN_POINT('Ctrl Pts',(-5.62624289065199,4.84002614094056,17.4216212588356));
#10365=CARTESIAN_POINT('Ctrl Pts',(-5.67719808487123,4.88386080589035,17.4888366563958));
#10366=CARTESIAN_POINT('Ctrl Pts',(-5.68147561917145,4.88741988023868,17.4944004604848));
#10367=CARTESIAN_POINT('Ctrl Pts',(-5.68584248660834,4.89092989292215,17.5));
#10368=CARTESIAN_POINT('',(-6.28567105580395,4.0914959829173,17.5));
#10369=CARTESIAN_POINT('Ctrl Pts',(-6.28567105580395,4.0914959829173,17.5));
#10370=CARTESIAN_POINT('Ctrl Pts',(-6.28108002171471,4.08828473298175,17.494400460493));
#10371=CARTESIAN_POINT('Ctrl Pts',(-6.2764668613808,4.08517297116072,17.4888366564049));
#10372=CARTESIAN_POINT('Ctrl Pts',(-6.27183891763539,4.08216077479,17.4833147735479));
#10373=CARTESIAN_POINT('Ctrl Pts',(-6.22013298273257,4.04850685892003,17.4216212588356));
#10374=CARTESIAN_POINT('Ctrl Pts',(-6.15754200055812,4.02201684279131,17.3546736989551));
#10375=CARTESIAN_POINT('Ctrl Pts',(-6.02214627369996,3.99702572792162,17.2278449521218));
#10376=CARTESIAN_POINT('Ctrl Pts',(-5.94937442420807,3.9984212538269,17.1679490413247));
#10377=CARTESIAN_POINT('Ctrl Pts',(-5.83106991275282,4.02772186146637,17.0867883591054));
#10378=CARTESIAN_POINT('Ctrl Pts',(-5.77846805737561,4.04874603803487,17.0555020206468));
#10379=CARTESIAN_POINT('Ctrl Pts',(-5.68024557795623,4.11167562746189,17.0119995320543));
#10380=CARTESIAN_POINT('Ctrl Pts',(-5.63466736109162,4.15379659816929,17.));
#10381=CARTESIAN_POINT('Ctrl Pts',(-5.59914887284317,4.20113459671778,17.));
#10382=CARTESIAN_POINT('',(-6.28567105580395,4.0914959829173,19.1));
#10383=CARTESIAN_POINT('',(-6.28567105580395,4.0914959829173,19.6));
#10384=CARTESIAN_POINT('Ctrl Pts',(-5.59914887284317,4.20113459671778,19.6));
#10385=CARTESIAN_POINT('Ctrl Pts',(-5.63466736109162,4.15379659816929,19.6));
#10386=CARTESIAN_POINT('Ctrl Pts',(-5.68024557795623,4.11167562746189,19.5880004679457));
#10387=CARTESIAN_POINT('Ctrl Pts',(-5.77846805737561,4.04874603803487,19.5444979793532));
#10388=CARTESIAN_POINT('Ctrl Pts',(-5.83106991275282,4.02772186146637,19.5132116408946));
#10389=CARTESIAN_POINT('Ctrl Pts',(-5.94937442420807,3.9984212538269,19.4320509586753));
#10390=CARTESIAN_POINT('Ctrl Pts',(-6.02214627369996,3.99702572792162,19.3721550478782));
#10391=CARTESIAN_POINT('Ctrl Pts',(-6.15754200055812,4.02201684279131,19.2453263010449));
#10392=CARTESIAN_POINT('Ctrl Pts',(-6.22013298273257,4.04850685892003,19.1783787411644));
#10393=CARTESIAN_POINT('Ctrl Pts',(-6.27183891763539,4.08216077479,19.1166852264521));
#10394=CARTESIAN_POINT('Ctrl Pts',(-6.27646686137319,4.08517297115577,19.1111633436042));
#10395=CARTESIAN_POINT('Ctrl Pts',(-6.28108002170796,4.08828473297703,19.1055995395152));
#10396=CARTESIAN_POINT('Ctrl Pts',(-6.28567105580395,4.0914959829173,19.1));
#10397=CARTESIAN_POINT('Origin',(-4.93213825582109,5.65013382367763,19.6));
#10398=CARTESIAN_POINT('',(-4.54471168271772,5.96620446523325,19.1));
#10399=CARTESIAN_POINT('',(-4.60332903876635,5.27345823543246,19.6));
#10400=CARTESIAN_POINT('Ctrl Pts',(-4.54471168271772,5.96620446523325,19.1));
#10401=CARTESIAN_POINT('Ctrl Pts',(-4.54117001448862,5.96186323196237,19.105599539507));
#10402=CARTESIAN_POINT('Ctrl Pts',(-4.5377259277416,5.95749258253966,19.1111633435951));
#10403=CARTESIAN_POINT('Ctrl Pts',(-4.49699796607177,5.90402162959677,19.1783787411644));
#10404=CARTESIAN_POINT('Ctrl Pts',(-4.46595600199969,5.8435588437644,19.2453263010449));
#10405=CARTESIAN_POINT('Ctrl Pts',(-4.4310298843713,5.71037954739561,19.3721550478782));
#10406=CARTESIAN_POINT('Ctrl Pts',(-4.42704506834862,5.63770347972345,19.4320509586753));
#10407=CARTESIAN_POINT('Ctrl Pts',(-4.44752502627487,5.51755750866305,19.5132116408946));
#10408=CARTESIAN_POINT('Ctrl Pts',(-4.46460541465619,5.46354610688296,19.5444979793532));
#10409=CARTESIAN_POINT('Ctrl Pts',(-4.52010614628509,5.36094270792658,19.5880004679457));
#10410=CARTESIAN_POINT('Ctrl Pts',(-4.55874459138629,5.31237707618918,19.6));
#10411=CARTESIAN_POINT('Ctrl Pts',(-4.60332903876636,5.27345823543246,19.6));
#10412=CARTESIAN_POINT('',(-4.54471168271772,5.96620446523325,17.5));
#10413=CARTESIAN_POINT('',(-4.54471168271772,5.96620446523324,19.6));
#10414=CARTESIAN_POINT('',(-4.60332903876635,5.27345823543246,17.));
#10415=CARTESIAN_POINT('Ctrl Pts',(-4.60332903876636,5.27345823543246,17.));
#10416=CARTESIAN_POINT('Ctrl Pts',(-4.55874459138629,5.31237707618918,17.));
#10417=CARTESIAN_POINT('Ctrl Pts',(-4.52010614628509,5.36094270792658,17.0119995320543));
#10418=CARTESIAN_POINT('Ctrl Pts',(-4.4646054146562,5.46354610688295,17.0555020206468));
#10419=CARTESIAN_POINT('Ctrl Pts',(-4.44752502627487,5.51755750866305,17.0867883591054));
#10420=CARTESIAN_POINT('Ctrl Pts',(-4.42704506834862,5.63770347972345,17.1679490413247));
#10421=CARTESIAN_POINT('Ctrl Pts',(-4.4310298843713,5.71037954739561,17.2278449521218));
#10422=CARTESIAN_POINT('Ctrl Pts',(-4.46595600199968,5.8435588437644,17.3546736989551));
#10423=CARTESIAN_POINT('Ctrl Pts',(-4.49699796607177,5.90402162959677,17.4216212588356));
#10424=CARTESIAN_POINT('Ctrl Pts',(-4.53772592773611,5.95749258253244,17.4888366563958));
#10425=CARTESIAN_POINT('Ctrl Pts',(-4.54117001448341,5.96186323195598,17.4944004604848));
#10426=CARTESIAN_POINT('Ctrl Pts',(-4.54471168271772,5.96620446523325,17.5));
#10427=CARTESIAN_POINT('',(-5.29764421445416,5.30895147623901,17.5));
#10428=CARTESIAN_POINT('Ctrl Pts',(-5.29764421445416,5.30895147623901,17.5));
#10429=CARTESIAN_POINT('Ctrl Pts',(-5.29382116187861,5.3048558701591,17.494400460493));
#10430=CARTESIAN_POINT('Ctrl Pts',(-5.28995578182783,5.30085297783477,17.4888366564049));
#10431=CARTESIAN_POINT('Ctrl Pts',(-5.28605524059744,5.29694440157269,17.4833147735479));
#10432=CARTESIAN_POINT('Ctrl Pts',(-5.24247624697971,5.25327563615822,17.4216212588356));
#10433=CARTESIAN_POINT('Ctrl Pts',(-5.18676061198131,5.21435109350468,17.3546736989551));
#10434=CARTESIAN_POINT('Ctrl Pts',(-5.05951955155338,5.16175573995465,17.2278449521218));
#10435=CARTESIAN_POINT('Ctrl Pts',(-4.98804779542137,5.14799065199887,17.1679490413247));
#10436=CARTESIAN_POINT('Ctrl Pts',(-4.86623658250912,5.15205408005343,17.0867883591054));
#10437=CARTESIAN_POINT('Ctrl Pts',(-4.81041303177936,5.16168228722968,17.0555020206468));
#10438=CARTESIAN_POINT('Ctrl Pts',(-4.70125315185692,5.20281511237049,17.0119995320543));
#10439=CARTESIAN_POINT('Ctrl Pts',(-4.64791348614642,5.23453939467574,17.));
#10440=CARTESIAN_POINT('Ctrl Pts',(-4.60332903876636,5.27345823543246,17.));
#10441=CARTESIAN_POINT('',(-5.29764421445416,5.30895147623901,19.1));
#10442=CARTESIAN_POINT('',(-5.29764421445416,5.30895147623901,19.6));
#10443=CARTESIAN_POINT('Ctrl Pts',(-4.60332903876636,5.27345823543246,19.6));
#10444=CARTESIAN_POINT('Ctrl Pts',(-4.64791348614642,5.23453939467574,19.6));
#10445=CARTESIAN_POINT('Ctrl Pts',(-4.70125315185692,5.20281511237049,19.5880004679457));
#10446=CARTESIAN_POINT('Ctrl Pts',(-4.81041303177936,5.16168228722968,19.5444979793532));
#10447=CARTESIAN_POINT('Ctrl Pts',(-4.86623658250912,5.15205408005343,19.5132116408946));
#10448=CARTESIAN_POINT('Ctrl Pts',(-4.98804779542137,5.14799065199887,19.4320509586753));
#10449=CARTESIAN_POINT('Ctrl Pts',(-5.05951955155338,5.16175573995465,19.3721550478782));
#10450=CARTESIAN_POINT('Ctrl Pts',(-5.18676061198131,5.21435109350468,19.2453263010449));
#10451=CARTESIAN_POINT('Ctrl Pts',(-5.24247624697971,5.25327563615822,19.1783787411644));
#10452=CARTESIAN_POINT('Ctrl Pts',(-5.28605524059744,5.29694440157269,19.1166852264521));
#10453=CARTESIAN_POINT('Ctrl Pts',(-5.28995578182142,5.30085297782835,19.1111633436042));
#10454=CARTESIAN_POINT('Ctrl Pts',(-5.29382116187299,5.30485587015308,19.1055995395152));
#10455=CARTESIAN_POINT('Ctrl Pts',(-5.29764421445416,5.30895147623901,19.1));
#10456=CARTESIAN_POINT('Origin',(-3.64963032479139,6.55211404756992,19.6));
#10457=CARTESIAN_POINT('',(-3.20495517034612,6.78072727338828,19.1));
#10458=CARTESIAN_POINT('',(-3.40632163647197,6.11530644439859,19.6));
#10459=CARTESIAN_POINT('Ctrl Pts',(-3.20495517034612,6.78072727338828,19.1));
#10460=CARTESIAN_POINT('Ctrl Pts',(-3.20239348921482,6.77574455225032,19.105599539507));
#10461=CARTESIAN_POINT('Ctrl Pts',(-3.19993337313795,6.77075334610495,19.1111633435951));
#10462=CARTESIAN_POINT('Ctrl Pts',(-3.17121265138382,6.70998304240058,19.1783787411644));
#10463=CARTESIAN_POINT('Ctrl Pts',(-3.1534199487386,6.64438752626844,19.2453263010449));
#10464=CARTESIAN_POINT('Ctrl Pts',(-3.14694658326741,6.50685696888807,19.3721550478782));
#10465=CARTESIAN_POINT('Ctrl Pts',(-3.15815904914716,6.43494055782691,19.4320509586753));
#10466=CARTESIAN_POINT('Ctrl Pts',(-3.20317122284396,6.32167808717667,19.5132116408946));
#10467=CARTESIAN_POINT('Ctrl Pts',(-3.23110796562629,6.27239817654138,19.5444979793532));
#10468=CARTESIAN_POINT('Ctrl Pts',(-3.30672831926874,6.18357615897966,19.5880004679457));
#10469=CARTESIAN_POINT('Ctrl Pts',(-3.35461978425071,6.14410518726915,19.6));
#10470=CARTESIAN_POINT('Ctrl Pts',(-3.40632163647197,6.11530644439859,19.6));
#10471=CARTESIAN_POINT('',(-3.20495517034612,6.78072727338828,17.5));
#10472=CARTESIAN_POINT('',(-3.20495517034612,6.78072727338828,19.6));
#10473=CARTESIAN_POINT('',(-3.40632163647197,6.11530644439859,17.));
#10474=CARTESIAN_POINT('Ctrl Pts',(-3.40632163647197,6.11530644439859,17.));
#10475=CARTESIAN_POINT('Ctrl Pts',(-3.35461978425071,6.14410518726915,17.));
#10476=CARTESIAN_POINT('Ctrl Pts',(-3.30672831926874,6.18357615897966,17.0119995320543));
#10477=CARTESIAN_POINT('Ctrl Pts',(-3.23110796562629,6.27239817654138,17.0555020206468));
#10478=CARTESIAN_POINT('Ctrl Pts',(-3.20317122284396,6.32167808717667,17.0867883591054));
#10479=CARTESIAN_POINT('Ctrl Pts',(-3.15815904914716,6.43494055782691,17.1679490413247));
#10480=CARTESIAN_POINT('Ctrl Pts',(-3.14694658326741,6.50685696888807,17.2278449521218));
#10481=CARTESIAN_POINT('Ctrl Pts',(-3.1534199487386,6.64438752626844,17.3546736989551));
#10482=CARTESIAN_POINT('Ctrl Pts',(-3.17121265138382,6.70998304240058,17.4216212588356));
#10483=CARTESIAN_POINT('Ctrl Pts',(-3.19993337313407,6.77075334609675,17.4888366563958));
#10484=CARTESIAN_POINT('Ctrl Pts',(-3.20239348921105,6.77574455224299,17.4944004604848));
#10485=CARTESIAN_POINT('Ctrl Pts',(-3.20495517034612,6.78072727338828,17.5));
#10486=CARTESIAN_POINT('',(-4.07808490001537,6.29438031487347,17.5));
#10487=CARTESIAN_POINT('Ctrl Pts',(-4.07808490001537,6.29438031487347,17.5));
#10488=CARTESIAN_POINT('Ctrl Pts',(-4.07519691469612,6.28957935028779,17.494400460493));
#10489=CARTESIAN_POINT('Ctrl Pts',(-4.07224825058483,6.28486027306274,17.4888366564049));
#10490=CARTESIAN_POINT('Ctrl Pts',(-4.0692455842381,6.28022614044739,17.4833147735479));
#10491=CARTESIAN_POINT('Ctrl Pts',(-4.03569814304178,6.22845106008302,17.4216212588356));
#10492=CARTESIAN_POINT('Ctrl Pts',(-3.98929289582214,6.17879318019929,17.3546736989551));
#10493=CARTESIAN_POINT('Ctrl Pts',(-3.87576754673547,6.10089225729956,17.2278449521218));
#10494=CARTESIAN_POINT('Ctrl Pts',(-3.80871954266586,6.07256815587861,17.1679490413247));
#10495=CARTESIAN_POINT('Ctrl Pts',(-3.68872536281593,6.05121681304379,17.0867883591054));
#10496=CARTESIAN_POINT('Ctrl Pts',(-3.63211987377161,6.04902825197293,17.0555020206468));
#10497=CARTESIAN_POINT('Ctrl Pts',(-3.51679340390595,6.06656661099168,17.0119995320543));
#10498=CARTESIAN_POINT('Ctrl Pts',(-3.45802348869322,6.08650770152803,17.));
#10499=CARTESIAN_POINT('Ctrl Pts',(-3.40632163647197,6.11530644439859,17.));
#10500=CARTESIAN_POINT('',(-4.07808490001537,6.29438031487347,19.1));
#10501=CARTESIAN_POINT('',(-4.07808490001537,6.29438031487347,19.6));
#10502=CARTESIAN_POINT('Ctrl Pts',(-3.40632163647197,6.11530644439859,19.6));
#10503=CARTESIAN_POINT('Ctrl Pts',(-3.45802348869322,6.08650770152803,19.6));
#10504=CARTESIAN_POINT('Ctrl Pts',(-3.51679340390595,6.06656661099168,19.5880004679457));
#10505=CARTESIAN_POINT('Ctrl Pts',(-3.63211987377161,6.04902825197293,19.5444979793532));
#10506=CARTESIAN_POINT('Ctrl Pts',(-3.68872536281593,6.05121681304379,19.5132116408946));
#10507=CARTESIAN_POINT('Ctrl Pts',(-3.80871954266586,6.07256815587861,19.4320509586753));
#10508=CARTESIAN_POINT('Ctrl Pts',(-3.87576754673547,6.10089225729956,19.3721550478782));
#10509=CARTESIAN_POINT('Ctrl Pts',(-3.98929289582214,6.17879318019929,19.2453263010449));
#10510=CARTESIAN_POINT('Ctrl Pts',(-4.03569814304178,6.22845106008302,19.1783787411644));
#10511=CARTESIAN_POINT('Ctrl Pts',(-4.0692455842381,6.28022614044739,19.1166852264521));
#10512=CARTESIAN_POINT('Ctrl Pts',(-4.0722482505799,6.28486027305512,19.1111633436042));
#10513=CARTESIAN_POINT('Ctrl Pts',(-4.07519691469187,6.28957935028073,19.1055995395152));
#10514=CARTESIAN_POINT('Ctrl Pts',(-4.07808490001537,6.29438031487347,19.1));
#10515=CARTESIAN_POINT('Origin',(-2.20761603569899,7.16773544705193,19.6));
#10516=CARTESIAN_POINT('',(-1.72512673794921,7.29889976215681,19.1));
#10517=CARTESIAN_POINT('',(-2.06044163331905,6.68988641724846,19.6));
#10518=CARTESIAN_POINT('Ctrl Pts',(-1.72512673794921,7.29889976215681,19.1));
#10519=CARTESIAN_POINT('Ctrl Pts',(-1.72365700167345,7.29349332197524,19.105599539507));
#10520=CARTESIAN_POINT('Ctrl Pts',(-1.72228837514424,7.28809969876623,19.1111633435951));
#10521=CARTESIAN_POINT('Ctrl Pts',(-1.70683012666378,7.22268599818053,19.1783787411644));
#10522=CARTESIAN_POINT('Ctrl Pts',(-1.70306431192988,7.1548245905658,19.2453263010449));
#10523=CARTESIAN_POINT('Ctrl Pts',(-1.72532661574962,7.01895351747621,19.3721550478782));
#10524=CARTESIAN_POINT('Ctrl Pts',(-1.75124632496948,6.95093985528264,19.4320509586753));
#10525=CARTESIAN_POINT('Ctrl Pts',(-1.81882346645391,6.84951099850361,19.5132116408946));
#10526=CARTESIAN_POINT('Ctrl Pts',(-1.8563955939223,6.80711634757914,19.5444979793532));
#10527=CARTESIAN_POINT('Ctrl Pts',(-1.9488305972574,6.73595765979484,19.5880004679457));
#10528=CARTESIAN_POINT('Ctrl Pts',(-2.0038819952917,6.70730641897773,19.6));
#10529=CARTESIAN_POINT('Ctrl Pts',(-2.06044163331905,6.68988641724846,19.6));
#10530=CARTESIAN_POINT('',(-1.72512673794921,7.29889976215681,17.5));
#10531=CARTESIAN_POINT('',(-1.72512673794921,7.29889976215681,19.6));
#10532=CARTESIAN_POINT('',(-2.06044163331905,6.68988641724846,17.));
#10533=CARTESIAN_POINT('Ctrl Pts',(-2.06044163331905,6.68988641724846,17.));
#10534=CARTESIAN_POINT('Ctrl Pts',(-2.0038819952917,6.70730641897773,17.));
#10535=CARTESIAN_POINT('Ctrl Pts',(-1.9488305972574,6.73595765979484,17.0119995320543));
#10536=CARTESIAN_POINT('Ctrl Pts',(-1.8563955939223,6.80711634757914,17.0555020206468));
#10537=CARTESIAN_POINT('Ctrl Pts',(-1.81882346645391,6.84951099850361,17.0867883591054));
#10538=CARTESIAN_POINT('Ctrl Pts',(-1.75124632496948,6.95093985528264,17.1679490413247));
#10539=CARTESIAN_POINT('Ctrl Pts',(-1.72532661574962,7.01895351747621,17.2278449521218));
#10540=CARTESIAN_POINT('Ctrl Pts',(-1.70306431192988,7.1548245905658,17.3546736989551));
#10541=CARTESIAN_POINT('Ctrl Pts',(-1.70683012666378,7.22268599818053,17.4216212588356));
#10542=CARTESIAN_POINT('Ctrl Pts',(-1.72228837514215,7.2880996987574,17.4888366563958));
#10543=CARTESIAN_POINT('Ctrl Pts',(-1.72365700167129,7.29349332196729,17.4944004604848));
#10544=CARTESIAN_POINT('Ctrl Pts',(-1.72512673794921,7.29889976215681,17.5));
#10545=CARTESIAN_POINT('',(-2.68029370662343,7.00471452996015,17.5));
#10546=CARTESIAN_POINT('Ctrl Pts',(-2.68029370662343,7.00471452996015,17.5));
#10547=CARTESIAN_POINT('Ctrl Pts',(-2.67846700737702,6.99941803205868,17.494400460493));
#10548=CARTESIAN_POINT('Ctrl Pts',(-2.67656392997615,6.99418901625228,17.4888366564049));
#10549=CARTESIAN_POINT('Ctrl Pts',(-2.67459036944083,6.98903186111599,17.4833147735479));
#10550=CARTESIAN_POINT('Ctrl Pts',(-2.65254066482466,6.93141328525804,17.4216212588356));
#10551=CARTESIAN_POINT('Ctrl Pts',(-2.61747393736437,6.87319235577999,17.3546736989551));
#10552=CARTESIAN_POINT('Ctrl Pts',(-2.52262590212912,6.77339050767139,17.2278449521218));
#10553=CARTESIAN_POINT('Ctrl Pts',(-2.46293196963177,6.73174529193147,17.1679490413247));
#10554=CARTESIAN_POINT('Ctrl Pts',(-2.34999914429955,6.68591233434426,17.0867883591054));
#10555=CARTESIAN_POINT('Ctrl Pts',(-2.29508564843518,6.67200265564697,17.0555020206468));
#10556=CARTESIAN_POINT('Ctrl Pts',(-2.17863290875724,6.66518003809616,17.0119995320543));
#10557=CARTESIAN_POINT('Ctrl Pts',(-2.11700127134641,6.6724664155192,17.));
#10558=CARTESIAN_POINT('Ctrl Pts',(-2.06044163331905,6.68988641724846,17.));
#10559=CARTESIAN_POINT('',(-2.68029370662343,7.00471452996015,19.1));
#10560=CARTESIAN_POINT('',(-2.68029370662343,7.00471452996015,19.6));
#10561=CARTESIAN_POINT('Ctrl Pts',(-2.06044163331905,6.68988641724846,19.6));
#10562=CARTESIAN_POINT('Ctrl Pts',(-2.11700127134641,6.6724664155192,19.6));
#10563=CARTESIAN_POINT('Ctrl Pts',(-2.17863290875724,6.66518003809615,19.5880004679457));
#10564=CARTESIAN_POINT('Ctrl Pts',(-2.29508564843518,6.67200265564697,19.5444979793532));
#10565=CARTESIAN_POINT('Ctrl Pts',(-2.34999914429955,6.68591233434426,19.5132116408946));
#10566=CARTESIAN_POINT('Ctrl Pts',(-2.46293196963177,6.73174529193147,19.4320509586753));
#10567=CARTESIAN_POINT('Ctrl Pts',(-2.52262590212912,6.77339050767139,19.3721550478782));
#10568=CARTESIAN_POINT('Ctrl Pts',(-2.61747393736437,6.87319235577999,19.2453263010449));
#10569=CARTESIAN_POINT('Ctrl Pts',(-2.65254066482466,6.93141328525804,19.1783787411644));
#10570=CARTESIAN_POINT('Ctrl Pts',(-2.67459036944083,6.98903186111599,19.1166852264521));
#10571=CARTESIAN_POINT('Ctrl Pts',(-2.67656392997291,6.9941890162438,19.1111633436042));
#10572=CARTESIAN_POINT('Ctrl Pts',(-2.67846700737433,6.99941803205089,19.1055995395152));
#10573=CARTESIAN_POINT('Ctrl Pts',(-2.68029370662343,7.00471452996015,19.1));
#10574=CARTESIAN_POINT('Origin',(-0.669118332529484,7.47009241288707,19.6));
#10575=CARTESIAN_POINT('',(-0.169901989027396,7.49807530731217,19.1));
#10576=CARTESIAN_POINT('',(-0.624510443694185,6.97208625202793,19.6));
#10577=CARTESIAN_POINT('Ctrl Pts',(-0.169901989027397,7.49807530731217,
19.1));
#10578=CARTESIAN_POINT('Ctrl Pts',(-0.169588432135001,7.49248143546591,
19.105599539507));
#10579=CARTESIAN_POINT('Ctrl Pts',(-0.169371110700173,7.48692112240897,
19.1111633435951));
#10580=CARTESIAN_POINT('Ctrl Pts',(-0.167850935128881,7.41972291754729,
19.1783787411644));
#10581=CARTESIAN_POINT('Ctrl Pts',(-0.178276592480569,7.35256148759789,
19.2453263010449));
#10582=CARTESIAN_POINT('Ctrl Pts',(-0.228301596087931,7.22428811667485,
19.3721550478782));
#10583=CARTESIAN_POINT('Ctrl Pts',(-0.267795732978429,7.1631497267525,19.4320509586753));
#10584=CARTESIAN_POINT('Ctrl Pts',(-0.354984396896514,7.07798741159557,
19.5132116408946));
#10585=CARTESIAN_POINT('Ctrl Pts',(-0.400549826789513,7.04433087005943,
19.5444979793532));
#10586=CARTESIAN_POINT('Ctrl Pts',(-0.505759626619173,6.993945488166,19.5880004679457));
#10587=CARTESIAN_POINT('Ctrl Pts',(-0.565564947445776,6.97736617494988,
19.6));
#10588=CARTESIAN_POINT('Ctrl Pts',(-0.624510443694186,6.97208625202793,
19.6));
#10589=CARTESIAN_POINT('',(-0.169901989027396,7.49807530731217,17.5));
#10590=CARTESIAN_POINT('',(-0.169901989027397,7.49807530731217,19.6));
#10591=CARTESIAN_POINT('',(-0.624510443694185,6.97208625202793,17.));
#10592=CARTESIAN_POINT('Ctrl Pts',(-0.624510443694186,6.97208625202793,
17.));
#10593=CARTESIAN_POINT('Ctrl Pts',(-0.565564947445776,6.97736617494988,
17.));
#10594=CARTESIAN_POINT('Ctrl Pts',(-0.505759626619173,6.993945488166,17.0119995320543));
#10595=CARTESIAN_POINT('Ctrl Pts',(-0.400549826789513,7.04433087005943,
17.0555020206468));
#10596=CARTESIAN_POINT('Ctrl Pts',(-0.354984396896514,7.07798741159557,
17.0867883591054));
#10597=CARTESIAN_POINT('Ctrl Pts',(-0.267795732978429,7.1631497267525,17.1679490413247));
#10598=CARTESIAN_POINT('Ctrl Pts',(-0.228301596087931,7.22428811667485,
17.2278449521218));
#10599=CARTESIAN_POINT('Ctrl Pts',(-0.178276592480569,7.35256148759789,
17.3546736989551));
#10600=CARTESIAN_POINT('Ctrl Pts',(-0.167850935128881,7.41972291754729,
17.4216212588356));
#10601=CARTESIAN_POINT('Ctrl Pts',(-0.169371110699968,7.4869211223999,17.4888366563958));
#10602=CARTESIAN_POINT('Ctrl Pts',(-0.16958843213454,7.49248143545769,17.4944004604848));
#10603=CARTESIAN_POINT('Ctrl Pts',(-0.169901989027397,7.49807530731217,
17.5));
#10604=CARTESIAN_POINT('',(-1.16536081677588,7.40890910773802,17.5));
#10605=CARTESIAN_POINT('Ctrl Pts',(-1.16536081677588,7.40890910773802,17.5));
#10606=CARTESIAN_POINT('Ctrl Pts',(-1.16467523912485,7.40334855889447,17.494400460493));
#10607=CARTESIAN_POINT('Ctrl Pts',(-1.16390092204881,7.39783813758908,17.4888366564049));
#10608=CARTESIAN_POINT('Ctrl Pts',(-1.16304272139047,7.39238335235807,17.4833147735479));
#10609=CARTESIAN_POINT('Ctrl Pts',(-1.15345443125242,7.33143948925614,17.4216212588356));
#10610=CARTESIAN_POINT('Ctrl Pts',(-1.13125880781031,7.26720004417698,17.3546736989551));
#10611=CARTESIAN_POINT('Ctrl Pts',(-1.05923340069763,7.14985909052425,17.2278449521218));
#10612=CARTESIAN_POINT('Ctrl Pts',(-1.00950245106594,7.09671285622912,17.1679490413247));
#10613=CARTESIAN_POINT('Ctrl Pts',(-0.908566686630275,7.028401404067,17.0867883591054));
#10614=CARTESIAN_POINT('Ctrl Pts',(-0.857745167219324,7.00337852744839,
17.0555020206468));
#10615=CARTESIAN_POINT('Ctrl Pts',(-0.745255701255256,6.97249311445354,
17.0119995320543));
#10616=CARTESIAN_POINT('Ctrl Pts',(-0.683455939942595,6.96680632910599,
17.));
#10617=CARTESIAN_POINT('Ctrl Pts',(-0.624510443694186,6.97208625202793,
17.));
#10618=CARTESIAN_POINT('',(-1.16536081677588,7.40890910773802,19.1));
#10619=CARTESIAN_POINT('',(-1.16536081677588,7.40890910773802,19.6));
#10620=CARTESIAN_POINT('Ctrl Pts',(-0.624510443694186,6.97208625202793,
19.6));
#10621=CARTESIAN_POINT('Ctrl Pts',(-0.683455939942595,6.96680632910599,
19.6));
#10622=CARTESIAN_POINT('Ctrl Pts',(-0.745255701255256,6.97249311445354,
19.5880004679457));
#10623=CARTESIAN_POINT('Ctrl Pts',(-0.857745167219325,7.00337852744839,
19.5444979793532));
#10624=CARTESIAN_POINT('Ctrl Pts',(-0.908566686630276,7.028401404067,19.5132116408946));
#10625=CARTESIAN_POINT('Ctrl Pts',(-1.00950245106594,7.09671285622912,19.4320509586753));
#10626=CARTESIAN_POINT('Ctrl Pts',(-1.05923340069763,7.14985909052425,19.3721550478782));
#10627=CARTESIAN_POINT('Ctrl Pts',(-1.13125880781031,7.26720004417698,19.2453263010449));
#10628=CARTESIAN_POINT('Ctrl Pts',(-1.15345443125242,7.33143948925614,19.1783787411644));
#10629=CARTESIAN_POINT('Ctrl Pts',(-1.16304272139047,7.39238335235807,19.1166852264521));
#10630=CARTESIAN_POINT('Ctrl Pts',(-1.1639009220474,7.39783813758011,19.1111633436042));
#10631=CARTESIAN_POINT('Ctrl Pts',(-1.16467523912385,7.40334855888629,19.1055995395152));
#10632=CARTESIAN_POINT('Ctrl Pts',(-1.16536081677588,7.40890910773802,19.1));
#10633=CARTESIAN_POINT('Origin',(0.898623052557546,7.44597049479866,19.6));
#10634=CARTESIAN_POINT('',(1.39274829209511,7.36954898178078,19.1));
#10635=CARTESIAN_POINT('',(0.838714849053709,6.94957246181208,19.6));
#10636=CARTESIAN_POINT('Ctrl Pts',(1.39274829209511,7.36954898178078,19.1));
#10637=CARTESIAN_POINT('Ctrl Pts',(1.39189196566333,7.36401215731188,19.105599539507));
#10638=CARTESIAN_POINT('Ctrl Pts',(1.39094848401425,7.35852816676894,19.1111633435951));
#10639=CARTESIAN_POINT('Ctrl Pts',(1.37846414770929,7.2924823416365,19.1783787411644));
#10640=CARTESIAN_POINT('Ctrl Pts',(1.35430266952615,7.22895616611752,19.2453263010449));
#10641=CARTESIAN_POINT('Ctrl Pts',(1.2787012988354,7.11388665919428,19.3721550478782));
#10642=CARTESIAN_POINT('Ctrl Pts',(1.22735881757028,7.0622955825573,19.4320509586753));
#10643=CARTESIAN_POINT('Ctrl Pts',(1.12436919420939,6.99712181084896,19.5132116408946));
#10644=CARTESIAN_POINT('Ctrl Pts',(1.07280188982529,6.97367433106828,19.5444979793532));
#10645=CARTESIAN_POINT('Ctrl Pts',(0.959415466606259,6.94626433803035,19.5880004679457));
#10646=CARTESIAN_POINT('Ctrl Pts',(0.897470002485244,6.94248154795914,19.6));
#10647=CARTESIAN_POINT('Ctrl Pts',(0.83871484905371,6.94957246181208,19.6));
#10648=CARTESIAN_POINT('',(1.39274829209511,7.36954898178078,17.5));
#10649=CARTESIAN_POINT('',(1.39274829209511,7.36954898178078,19.6));
#10650=CARTESIAN_POINT('',(0.838714849053709,6.94957246181208,17.));
#10651=CARTESIAN_POINT('Ctrl Pts',(0.83871484905371,6.94957246181208,17.));
#10652=CARTESIAN_POINT('Ctrl Pts',(0.897470002485244,6.94248154795914,17.));
#10653=CARTESIAN_POINT('Ctrl Pts',(0.95941546660626,6.94626433803035,17.0119995320543));
#10654=CARTESIAN_POINT('Ctrl Pts',(1.07280188982529,6.97367433106828,17.0555020206468));
#10655=CARTESIAN_POINT('Ctrl Pts',(1.12436919420939,6.99712181084896,17.0867883591054));
#10656=CARTESIAN_POINT('Ctrl Pts',(1.22735881757028,7.0622955825573,17.1679490413247));
#10657=CARTESIAN_POINT('Ctrl Pts',(1.2787012988354,7.11388665919428,17.2278449521218));
#10658=CARTESIAN_POINT('Ctrl Pts',(1.35430266952615,7.22895616611752,17.3546736989551));
#10659=CARTESIAN_POINT('Ctrl Pts',(1.37846414770929,7.2924823416365,17.4216212588356));
#10660=CARTESIAN_POINT('Ctrl Pts',(1.39094848401257,7.35852816676002,17.4888366563958));
#10661=CARTESIAN_POINT('Ctrl Pts',(1.39189196566207,7.36401215730374,17.4944004604848));
#10662=CARTESIAN_POINT('Ctrl Pts',(1.39274829209511,7.36954898178078,17.5));
#10663=CARTESIAN_POINT('',(0.400503932786388,7.48929880561743,17.5));
#10664=CARTESIAN_POINT('Ctrl Pts',(0.400503932786389,7.48929880561743,17.5));
#10665=CARTESIAN_POINT('Ctrl Pts',(0.400018425808923,7.48371722849873,17.494400460493));
#10666=CARTESIAN_POINT('Ctrl Pts',(0.399630141188341,7.47816623354731,17.4888366564049));
#10667=CARTESIAN_POINT('Ctrl Pts',(0.399335474482815,7.47265221851115,17.4833147735479));
#10668=CARTESIAN_POINT('Ctrl Pts',(0.396043295854002,7.41104660742389,17.4216212588356));
#10669=CARTESIAN_POINT('Ctrl Pts',(0.404397760027093,7.34359621874864,17.3546736989551));
#10670=CARTESIAN_POINT('Ctrl Pts',(0.450452683110125,7.21384452229077,17.2278449521218));
#10671=CARTESIAN_POINT('Ctrl Pts',(0.488047168741686,7.15152001490306,17.1679490413247));
#10672=CARTESIAN_POINT('Ctrl Pts',(0.572574495031417,7.06371560642024,17.0867883591054));
#10673=CARTESIAN_POINT('Ctrl Pts',(0.617082893721985,7.02867315166163,17.0555020206468));
#10674=CARTESIAN_POINT('Ctrl Pts',(0.720692756525202,6.97507478397526,17.0119995320543));
#10675=CARTESIAN_POINT('Ctrl Pts',(0.779959695622175,6.95666337566502,17.));
#10676=CARTESIAN_POINT('Ctrl Pts',(0.83871484905371,6.94957246181208,17.));
#10677=CARTESIAN_POINT('',(0.400503932786388,7.48929880561743,19.1));
#10678=CARTESIAN_POINT('',(0.400503932786389,7.48929880561743,19.6));
#10679=CARTESIAN_POINT('Ctrl Pts',(0.83871484905371,6.94957246181208,19.6));
#10680=CARTESIAN_POINT('Ctrl Pts',(0.779959695622175,6.95666337566502,19.6));
#10681=CARTESIAN_POINT('Ctrl Pts',(0.720692756525203,6.97507478397526,19.5880004679457));
#10682=CARTESIAN_POINT('Ctrl Pts',(0.617082893721986,7.02867315166163,19.5444979793532));
#10683=CARTESIAN_POINT('Ctrl Pts',(0.572574495031417,7.06371560642024,19.5132116408946));
#10684=CARTESIAN_POINT('Ctrl Pts',(0.488047168741686,7.15152001490306,19.4320509586753));
#10685=CARTESIAN_POINT('Ctrl Pts',(0.450452683110125,7.21384452229077,19.3721550478782));
#10686=CARTESIAN_POINT('Ctrl Pts',(0.404397760027093,7.34359621874864,19.2453263010449));
#10687=CARTESIAN_POINT('Ctrl Pts',(0.396043295854002,7.41104660742389,19.1783787411644));
#10688=CARTESIAN_POINT('Ctrl Pts',(0.399335474482815,7.47265221851115,19.1166852264521));
#10689=CARTESIAN_POINT('Ctrl Pts',(0.399630141187857,7.47816623353825,19.1111633436042));
#10690=CARTESIAN_POINT('Ctrl Pts',(0.400018425808209,7.48371722849052,19.1055995395152));
#10691=CARTESIAN_POINT('Ctrl Pts',(0.400503932786389,7.48929880561743,19.1));
#10692=CARTESIAN_POINT('Origin',(2.42709029817599,7.09642393635696,19.6));
#10693=CARTESIAN_POINT('',(2.89452878970528,6.91893800272609,19.1));
#10694=CARTESIAN_POINT('',(2.26528427829759,6.62332900726649,19.6));
#10695=CARTESIAN_POINT('Ctrl Pts',(2.89452878970528,6.91893800272609,19.1));
#10696=CARTESIAN_POINT('Ctrl Pts',(2.8925400055235,6.91370021143248,19.105599539507));
#10697=CARTESIAN_POINT('Ctrl Pts',(2.8904769554659,6.90853222010537,19.1111633435951));
#10698=CARTESIAN_POINT('Ctrl Pts',(2.86453373268771,6.84652529418349,19.1783787411644));
#10699=CARTESIAN_POINT('Ctrl Pts',(2.82769240620935,6.78941077179752,19.2453263010449));
#10700=CARTESIAN_POINT('Ctrl Pts',(2.72981881111003,6.69257421849138,19.3721550478782));
#10701=CARTESIAN_POINT('Ctrl Pts',(2.66887189827013,6.65278523275025,19.4320509586753));
#10702=CARTESIAN_POINT('Ctrl Pts',(2.55458245620634,6.61044841105262,19.5132116408946));
#10703=CARTESIAN_POINT('Ctrl Pts',(2.49926701598011,6.5982347604073,19.5444979793532));
#10704=CARTESIAN_POINT('Ctrl Pts',(2.38265950015481,6.59499810444836,19.5880004679457));
#10705=CARTESIAN_POINT('Ctrl Pts',(2.32128120676878,6.60417716360003,19.6));
#10706=CARTESIAN_POINT('Ctrl Pts',(2.26528427829759,6.62332900726649,19.6));
#10707=CARTESIAN_POINT('',(2.89452878970528,6.91893800272609,17.5));
#10708=CARTESIAN_POINT('',(2.89452878970528,6.91893800272609,19.6));
#10709=CARTESIAN_POINT('',(2.26528427829759,6.62332900726649,17.));
#10710=CARTESIAN_POINT('Ctrl Pts',(2.26528427829759,6.62332900726649,17.));
#10711=CARTESIAN_POINT('Ctrl Pts',(2.32128120676878,6.60417716360003,17.));
#10712=CARTESIAN_POINT('Ctrl Pts',(2.38265950015481,6.59499810444836,17.0119995320543));
#10713=CARTESIAN_POINT('Ctrl Pts',(2.49926701598011,6.5982347604073,17.0555020206468));
#10714=CARTESIAN_POINT('Ctrl Pts',(2.55458245620634,6.61044841105262,17.0867883591054));
#10715=CARTESIAN_POINT('Ctrl Pts',(2.66887189827013,6.65278523275025,17.1679490413247));
#10716=CARTESIAN_POINT('Ctrl Pts',(2.72981881111003,6.69257421849137,17.2278449521218));
#10717=CARTESIAN_POINT('Ctrl Pts',(2.82769240620935,6.78941077179752,17.3546736989551));
#10718=CARTESIAN_POINT('Ctrl Pts',(2.86453373268771,6.84652529418349,17.4216212588356));
#10719=CARTESIAN_POINT('Ctrl Pts',(2.8904769554624,6.908532220097,17.4888366563958));
#10720=CARTESIAN_POINT('Ctrl Pts',(2.89254000552057,6.91370021142477,17.4944004604848));
#10721=CARTESIAN_POINT('Ctrl Pts',(2.89452878970528,6.91893800272609,17.5));
#10722=CARTESIAN_POINT('',(1.9488647386548,7.24237020804846,17.5));
#10723=CARTESIAN_POINT('Ctrl Pts',(1.9488647386548,7.24237020804846,17.5));
#10724=CARTESIAN_POINT('Ctrl Pts',(1.94722936603348,7.23701154435809,17.494400460493));
#10725=CARTESIAN_POINT('Ctrl Pts',(1.94569544961739,7.23166258087666,17.4888366564049));
#10726=CARTESIAN_POINT('Ctrl Pts',(1.94426079389699,7.2263303249516,17.4833147735479));
#10727=CARTESIAN_POINT('Ctrl Pts',(1.92823203050502,7.16675542670005,17.4216212588356));
#10728=CARTESIAN_POINT('Ctrl Pts',(1.92238020523556,7.09904200007668,17.3546736989551));
#10729=CARTESIAN_POINT('Ctrl Pts',(1.94045182315418,6.9625503325666,17.2278449521218));
#10730=CARTESIAN_POINT('Ctrl Pts',(1.96426678536515,6.89377143212531,17.1679490413247));
#10731=CARTESIAN_POINT('Ctrl Pts',(2.02869142374298,6.79031154130479,17.0867883591054));
#10732=CARTESIAN_POINT('Ctrl Pts',(2.06494147111539,6.74678103183149,17.0555020206468));
#10733=CARTESIAN_POINT('Ctrl Pts',(2.15514348257797,6.67281221531501,17.0119995320543));
#10734=CARTESIAN_POINT('Ctrl Pts',(2.20928734982639,6.64248085093296,17.));
#10735=CARTESIAN_POINT('Ctrl Pts',(2.26528427829759,6.62332900726649,17.));
#10736=CARTESIAN_POINT('',(1.9488647386548,7.24237020804846,19.1));
#10737=CARTESIAN_POINT('',(1.9488647386548,7.24237020804846,19.6));
#10738=CARTESIAN_POINT('Ctrl Pts',(2.26528427829759,6.62332900726649,19.6));
#10739=CARTESIAN_POINT('Ctrl Pts',(2.2092873498264,6.64248085093296,19.6));
#10740=CARTESIAN_POINT('Ctrl Pts',(2.15514348257797,6.67281221531501,19.5880004679457));
#10741=CARTESIAN_POINT('Ctrl Pts',(2.06494147111539,6.74678103183149,19.5444979793532));
#10742=CARTESIAN_POINT('Ctrl Pts',(2.02869142374298,6.79031154130479,19.5132116408946));
#10743=CARTESIAN_POINT('Ctrl Pts',(1.96426678536515,6.89377143212531,19.4320509586753));
#10744=CARTESIAN_POINT('Ctrl Pts',(1.94045182315418,6.9625503325666,19.3721550478782));
#10745=CARTESIAN_POINT('Ctrl Pts',(1.92238020523556,7.09904200007668,19.2453263010449));
#10746=CARTESIAN_POINT('Ctrl Pts',(1.92823203050502,7.16675542670005,19.1783787411644));
#10747=CARTESIAN_POINT('Ctrl Pts',(1.94426079389699,7.2263303249516,19.1166852264521));
#10748=CARTESIAN_POINT('Ctrl Pts',(1.94569544961503,7.23166258086789,19.1111633436042));
#10749=CARTESIAN_POINT('Ctrl Pts',(1.94722936603107,7.2370115443502,19.1055995395152));
#10750=CARTESIAN_POINT('Ctrl Pts',(1.9488647386548,7.24237020804846,19.1));
#10751=CARTESIAN_POINT('Origin',(3.84948205129274,6.43672959947636,19.6));
#10752=CARTESIAN_POINT('',(4.26980448971518,6.16593623220417,19.1));
#10753=CARTESIAN_POINT('',(3.59284991453989,6.0076142928446,19.6));
#10754=CARTESIAN_POINT('Ctrl Pts',(4.26980448971518,6.16593623220417,19.1));
#10755=CARTESIAN_POINT('Ctrl Pts',(4.26677016719538,6.16122639069908,19.105599539507));
#10756=CARTESIAN_POINT('Ctrl Pts',(4.2636777139164,6.15660026460757,19.1111633435951));
#10757=CARTESIAN_POINT('Ctrl Pts',(4.22540944798979,6.10134223810128,19.1783787411644));
#10758=CARTESIAN_POINT('Ctrl Pts',(4.17749841596761,6.05313554754247,19.2453263010449));
#10759=CARTESIAN_POINT('Ctrl Pts',(4.06163014221518,5.97876416990625,19.3721550478782));
#10760=CARTESIAN_POINT('Ctrl Pts',(3.99374247034733,5.9525162446666,19.4320509586753));
#10761=CARTESIAN_POINT('Ctrl Pts',(3.87314820662043,5.93486669524247,19.5132116408946));
#10762=CARTESIAN_POINT('Ctrl Pts',(3.81650218072288,5.93442066887332,19.5444979793532));
#10763=CARTESIAN_POINT('Ctrl Pts',(3.70176988027781,5.95549880738998,19.5880004679457));
#10764=CARTESIAN_POINT('Ctrl Pts',(3.64364128357348,5.97723854683357,19.6));
#10765=CARTESIAN_POINT('Ctrl Pts',(3.59284991453989,6.0076142928446,19.6));
#10766=CARTESIAN_POINT('',(4.26980448971518,6.16593623220417,17.5));
#10767=CARTESIAN_POINT('',(4.26980448971518,6.16593623220417,19.6));
#10768=CARTESIAN_POINT('',(3.59284991453989,6.0076142928446,17.));
#10769=CARTESIAN_POINT('Ctrl Pts',(3.59284991453989,6.0076142928446,17.));
#10770=CARTESIAN_POINT('Ctrl Pts',(3.64364128357348,5.97723854683357,17.));
#10771=CARTESIAN_POINT('Ctrl Pts',(3.70176988027781,5.95549880738998,17.0119995320543));
#10772=CARTESIAN_POINT('Ctrl Pts',(3.81650218072288,5.93442066887332,17.0555020206468));
#10773=CARTESIAN_POINT('Ctrl Pts',(3.87314820662043,5.93486669524247,17.0867883591054));
#10774=CARTESIAN_POINT('Ctrl Pts',(3.99374247034733,5.9525162446666,17.1679490413247));
#10775=CARTESIAN_POINT('Ctrl Pts',(4.06163014221518,5.97876416990625,17.2278449521218));
#10776=CARTESIAN_POINT('Ctrl Pts',(4.17749841596761,6.05313554754247,17.3546736989551));
#10777=CARTESIAN_POINT('Ctrl Pts',(4.22540944798979,6.10134223810128,17.4216212588356));
#10778=CARTESIAN_POINT('Ctrl Pts',(4.26367771391124,6.15660026460011,17.4888366563958));
#10779=CARTESIAN_POINT('Ctrl Pts',(4.26677016719092,6.16122639069216,17.4944004604848));
#10780=CARTESIAN_POINT('Ctrl Pts',(4.26980448971518,6.16593623220417,17.5));
#10781=CARTESIAN_POINT('',(3.41205080375344,6.67891527963977,17.5));
#10782=CARTESIAN_POINT('Ctrl Pts',(3.41205080375344,6.67891527963977,17.5));
#10783=CARTESIAN_POINT('Ctrl Pts',(3.40933703911919,6.6740137286947,17.494400460493));
#10784=CARTESIAN_POINT('Ctrl Pts',(3.40672453041552,6.66910057205457,17.4888366564049));
#10785=CARTESIAN_POINT('Ctrl Pts',(3.40421258701948,6.66418312041154,17.4833147735479));
#10786=CARTESIAN_POINT('Ctrl Pts',(3.37614777273912,6.60924264392137,17.4216212588356));
#10787=CARTESIAN_POINT('Ctrl Pts',(3.35634541087156,6.54422558101841,17.3546736989551));
#10788=CARTESIAN_POINT('Ctrl Pts',(3.34564390720548,6.40695928328599,17.2278449521218));
#10789=CARTESIAN_POINT('Ctrl Pts',(3.35463851787037,6.33473195777819,17.1679490413247));
#10790=CARTESIAN_POINT('Ctrl Pts',(3.39614480249546,6.22013827830446,17.0867883591054));
#10791=CARTESIAN_POINT('Ctrl Pts',(3.42255219753253,6.170022206263,17.0555020206468));
#10792=CARTESIAN_POINT('Ctrl Pts',(3.49540409691629,6.07891573313994,17.0119995320543));
#10793=CARTESIAN_POINT('Ctrl Pts',(3.5420585455063,6.03799003885563,17.));
#10794=CARTESIAN_POINT('Ctrl Pts',(3.59284991453989,6.0076142928446,17.));
#10795=CARTESIAN_POINT('',(3.41205080375344,6.67891527963977,19.1));
#10796=CARTESIAN_POINT('',(3.41205080375344,6.67891527963977,19.6));
#10797=CARTESIAN_POINT('Ctrl Pts',(3.59284991453989,6.0076142928446,19.6));
#10798=CARTESIAN_POINT('Ctrl Pts',(3.5420585455063,6.03799003885563,19.6));
#10799=CARTESIAN_POINT('Ctrl Pts',(3.49540409691629,6.07891573313994,19.5880004679457));
#10800=CARTESIAN_POINT('Ctrl Pts',(3.42255219753253,6.170022206263,19.5444979793532));
#10801=CARTESIAN_POINT('Ctrl Pts',(3.39614480249547,6.22013827830446,19.5132116408946));
#10802=CARTESIAN_POINT('Ctrl Pts',(3.35463851787037,6.33473195777819,19.4320509586753));
#10803=CARTESIAN_POINT('Ctrl Pts',(3.34564390720548,6.40695928328599,19.3721550478782));
#10804=CARTESIAN_POINT('Ctrl Pts',(3.35634541087156,6.54422558101841,19.2453263010449));
#10805=CARTESIAN_POINT('Ctrl Pts',(3.37614777273912,6.60924264392137,19.1783787411644));
#10806=CARTESIAN_POINT('Ctrl Pts',(3.40421258701948,6.66418312041154,19.1166852264521));
#10807=CARTESIAN_POINT('Ctrl Pts',(3.40672453041139,6.66910057204649,19.1111633436042));
#10808=CARTESIAN_POINT('Ctrl Pts',(3.4093370391152,6.67401372868749,19.1055995395152));
#10809=CARTESIAN_POINT('Ctrl Pts',(3.41205080375344,6.67891527963977,19.1));
#10810=CARTESIAN_POINT('Origin',(5.10363296690369,5.49571929224318,19.6));
#10811=CARTESIAN_POINT('',(5.45846924472939,5.1434534608902,19.1));
#10812=CARTESIAN_POINT('',(4.76339076911011,5.12933800609363,19.6));
#10813=CARTESIAN_POINT('Ctrl Pts',(5.45846924472939,5.1434534608902,19.1));
#10814=CARTESIAN_POINT('Ctrl Pts',(5.45452199832599,5.13947741184774,19.105599539507));
#10815=CARTESIAN_POINT('Ctrl Pts',(5.45053529687315,5.13559533490065,19.1111633435951));
#10816=CARTESIAN_POINT('Ctrl Pts',(5.40161449465061,5.0895012487257,19.1783787411644));
#10817=CARTESIAN_POINT('Ctrl Pts',(5.34472769908663,5.05230925369284,19.2453263010449));
#10818=CARTESIAN_POINT('Ctrl Pts',(5.21592874624173,5.00365343780271,19.3721550478782));
#10819=CARTESIAN_POINT('Ctrl Pts',(5.14406733236776,4.99209373334903,19.4320509586753));
#10820=CARTESIAN_POINT('Ctrl Pts',(5.02243879497808,4.99990282620016,19.5132116408946));
#10821=CARTESIAN_POINT('Ctrl Pts',(4.96693788655873,5.01124391759978,19.5444979793532));
#10822=CARTESIAN_POINT('Ctrl Pts',(4.85909515357001,5.05571563479473,19.5880004679457));
#10823=CARTESIAN_POINT('Ctrl Pts',(4.80675675215529,5.08906592359772,19.6));
#10824=CARTESIAN_POINT('Ctrl Pts',(4.76339076911011,5.12933800609363,19.6));
#10825=CARTESIAN_POINT('',(5.45846924472939,5.1434534608902,17.5));
#10826=CARTESIAN_POINT('',(5.45846924472939,5.1434534608902,19.6));
#10827=CARTESIAN_POINT('',(4.76339076911011,5.12933800609363,17.));
#10828=CARTESIAN_POINT('Ctrl Pts',(4.76339076911011,5.12933800609363,17.));
#10829=CARTESIAN_POINT('Ctrl Pts',(4.80675675215529,5.08906592359772,17.));
#10830=CARTESIAN_POINT('Ctrl Pts',(4.85909515357001,5.05571563479473,17.0119995320543));
#10831=CARTESIAN_POINT('Ctrl Pts',(4.96693788655873,5.01124391759978,17.0555020206468));
#10832=CARTESIAN_POINT('Ctrl Pts',(5.02243879497808,4.99990282620016,17.0867883591054));
#10833=CARTESIAN_POINT('Ctrl Pts',(5.14406733236776,4.99209373334903,17.1679490413247));
#10834=CARTESIAN_POINT('Ctrl Pts',(5.21592874624173,5.00365343780271,17.2278449521218));
#10835=CARTESIAN_POINT('Ctrl Pts',(5.34472769908663,5.05230925369284,17.3546736989551));
#10836=CARTESIAN_POINT('Ctrl Pts',(5.40161449465061,5.0895012487257,17.4216212588356));
#10837=CARTESIAN_POINT('Ctrl Pts',(5.45053529686655,5.13559533489443,17.4888366563958));
#10838=CARTESIAN_POINT('Ctrl Pts',(5.45452199832019,5.1394774118419,17.4944004604848));
#10839=CARTESIAN_POINT('Ctrl Pts',(5.45846924472939,5.1434534608902,17.5));
#10840=CARTESIAN_POINT('',(4.72611387589175,5.82355970451952,17.5));
#10841=CARTESIAN_POINT('Ctrl Pts',(4.72611387589175,5.82355970451952,17.5));
#10842=CARTESIAN_POINT('Ctrl Pts',(4.72244032378118,5.81932948761632,17.494400460493));
#10843=CARTESIAN_POINT('Ctrl Pts',(4.71886340195649,5.81506686633861,17.4888366564049));
#10844=CARTESIAN_POINT('Ctrl Pts',(4.71538395486486,5.81077913521096,17.4833147735479));
#10845=CARTESIAN_POINT('Ctrl Pts',(4.67650965675008,5.76287424293844,17.4216212588356));
#10846=CARTESIAN_POINT('Ctrl Pts',(4.6436222165203,5.70339510139122,17.3546736989551));
#10847=CARTESIAN_POINT('Ctrl Pts',(4.60461529833124,5.57135336932415,17.2278449521218));
#10848=CARTESIAN_POINT('Ctrl Pts',(4.59839644980307,5.49883429945969,17.1679490413247));
#10849=CARTESIAN_POINT('Ctrl Pts',(4.61517035686807,5.37811512500723,17.0867883591054));
#10850=CARTESIAN_POINT('Ctrl Pts',(4.63058096968992,5.32360380322943,17.0555020206468));
#10851=CARTESIAN_POINT('Ctrl Pts',(4.68289877940958,5.21934146355263,17.0119995320543));
#10852=CARTESIAN_POINT('Ctrl Pts',(4.72002478606492,5.16961008858955,17.));
#10853=CARTESIAN_POINT('Ctrl Pts',(4.76339076911011,5.12933800609363,17.));
#10854=CARTESIAN_POINT('',(4.72611387589175,5.82355970451952,19.1));
#10855=CARTESIAN_POINT('',(4.72611387589175,5.82355970451952,19.6));
#10856=CARTESIAN_POINT('Ctrl Pts',(4.76339076911011,5.12933800609363,19.6));
#10857=CARTESIAN_POINT('Ctrl Pts',(4.72002478606492,5.16961008858955,19.6));
#10858=CARTESIAN_POINT('Ctrl Pts',(4.68289877940958,5.21934146355263,19.5880004679457));
#10859=CARTESIAN_POINT('Ctrl Pts',(4.63058096968992,5.32360380322943,19.5444979793532));
#10860=CARTESIAN_POINT('Ctrl Pts',(4.61517035686807,5.37811512500723,19.5132116408946));
#10861=CARTESIAN_POINT('Ctrl Pts',(4.59839644980307,5.49883429945969,19.4320509586753));
#10862=CARTESIAN_POINT('Ctrl Pts',(4.60461529833124,5.57135336932415,19.3721550478782));
#10863=CARTESIAN_POINT('Ctrl Pts',(4.6436222165203,5.70339510139122,19.2453263010449));
#10864=CARTESIAN_POINT('Ctrl Pts',(4.67650965675008,5.76287424293844,19.1783787411644));
#10865=CARTESIAN_POINT('Ctrl Pts',(4.71538395486486,5.81077913521096,19.1166852264521));
#10866=CARTESIAN_POINT('Ctrl Pts',(4.71886340195077,5.81506686633156,19.1111633436042));
#10867=CARTESIAN_POINT('Ctrl Pts',(4.72244032377578,5.8193294876101,19.1055995395152));
#10868=CARTESIAN_POINT('Ctrl Pts',(4.72611387589175,5.82355970451952,19.1));
#10869=CARTESIAN_POINT('Origin',(1.38777878078145E-16,0.,19.35));
#10870=CARTESIAN_POINT('',(5.72574858978533,4.02688503518182,19.6));
#10871=CARTESIAN_POINT('Origin',(1.38777878078145E-16,0.,19.6));
#10872=CARTESIAN_POINT('',(5.83362309324308,4.71368662577191,19.1));
#10873=CARTESIAN_POINT('Ctrl Pts',(5.83362309324308,4.71368662577191,19.1));
#10874=CARTESIAN_POINT('Ctrl Pts',(5.8291503055111,4.71031262368807,19.105599539507));
#10875=CARTESIAN_POINT('Ctrl Pts',(5.82476529921309,4.70688683477694,19.1111633435951));
#10876=CARTESIAN_POINT('Ctrl Pts',(5.82047041696002,4.70341621858977,19.1166852264521));
#10877=CARTESIAN_POINT('Ctrl Pts',(5.77248562837801,4.6646405842004,19.1783787411644));
#10878=CARTESIAN_POINT('Ctrl Pts',(5.7279504487355,4.61329888790711,19.2453263010449));
#10879=CARTESIAN_POINT('Ctrl Pts',(5.66234290552428,4.49225257880325,19.3721550478782));
#10880=CARTESIAN_POINT('Ctrl Pts',(5.64118239132507,4.42261119592032,19.4320509586753));
#10881=CARTESIAN_POINT('Ctrl Pts',(5.6324908206011,4.30104253368757,19.5132116408946));
#10882=CARTESIAN_POINT('Ctrl Pts',(5.6362311334791,4.24451836850946,19.5444979793532));
#10883=CARTESIAN_POINT('Ctrl Pts',(5.66572831420121,4.13165692682901,19.5880004679457));
#10884=CARTESIAN_POINT('Ctrl Pts',(5.69170329428069,4.07529337091065,19.6));
#10885=CARTESIAN_POINT('Ctrl Pts',(5.72574858978533,4.02688503518182,19.6));
#10886=CARTESIAN_POINT('Origin',(1.38777878078145E-16,0.,19.1));
#10887=CARTESIAN_POINT('Origin',(1.38777878078145E-16,0.,19.35));
#10888=CARTESIAN_POINT('Origin',(1.38777878078145E-16,0.,19.6));
#10889=CARTESIAN_POINT('Origin',(1.38777878078145E-16,0.,19.1));
#10890=CARTESIAN_POINT('Origin',(1.38777878078145E-16,0.,19.35));
#10891=CARTESIAN_POINT('Origin',(1.38777878078145E-16,0.,19.6));
#10892=CARTESIAN_POINT('Origin',(1.38777878078145E-16,0.,19.1));
#10893=CARTESIAN_POINT('Origin',(1.38777878078145E-16,0.,19.35));
#10894=CARTESIAN_POINT('Origin',(1.38777878078145E-16,0.,19.6));
#10895=CARTESIAN_POINT('Origin',(1.38777878078145E-16,0.,19.1));
#10896=CARTESIAN_POINT('Origin',(1.38777878078145E-16,0.,19.35));
#10897=CARTESIAN_POINT('Origin',(1.38777878078145E-16,0.,19.6));
#10898=CARTESIAN_POINT('Origin',(1.38777878078145E-16,0.,19.1));
#10899=CARTESIAN_POINT('Origin',(1.38777878078145E-16,0.,19.35));
#10900=CARTESIAN_POINT('Origin',(1.38777878078145E-16,0.,19.6));
#10901=CARTESIAN_POINT('Origin',(1.38777878078145E-16,0.,19.1));
#10902=CARTESIAN_POINT('Origin',(1.38777878078145E-16,0.,19.35));
#10903=CARTESIAN_POINT('Origin',(1.38777878078145E-16,0.,19.6));
#10904=CARTESIAN_POINT('Origin',(1.38777878078145E-16,0.,19.1));
#10905=CARTESIAN_POINT('Origin',(1.38777878078145E-16,0.,19.35));
#10906=CARTESIAN_POINT('Origin',(1.38777878078145E-16,0.,19.6));
#10907=CARTESIAN_POINT('Origin',(1.38777878078145E-16,0.,19.1));
#10908=CARTESIAN_POINT('Origin',(1.38777878078145E-16,0.,19.35));
#10909=CARTESIAN_POINT('Origin',(1.38777878078145E-16,0.,19.6));
#10910=CARTESIAN_POINT('Origin',(1.38777878078145E-16,0.,19.1));
#10911=CARTESIAN_POINT('Origin',(1.38777878078145E-16,0.,19.35));
#10912=CARTESIAN_POINT('Origin',(1.38777878078145E-16,0.,19.6));
#10913=CARTESIAN_POINT('Origin',(1.38777878078145E-16,0.,19.1));
#10914=CARTESIAN_POINT('Origin',(1.38777878078145E-16,0.,19.35));
#10915=CARTESIAN_POINT('Origin',(1.38777878078145E-16,0.,19.6));
#10916=CARTESIAN_POINT('Origin',(1.38777878078145E-16,0.,19.1));
#10917=CARTESIAN_POINT('Origin',(1.38777878078145E-16,0.,19.35));
#10918=CARTESIAN_POINT('Origin',(1.38777878078145E-16,0.,19.6));
#10919=CARTESIAN_POINT('Origin',(1.38777878078145E-16,0.,19.1));
#10920=CARTESIAN_POINT('Origin',(1.38777878078145E-16,0.,19.35));
#10921=CARTESIAN_POINT('Origin',(1.38777878078145E-16,0.,19.6));
#10922=CARTESIAN_POINT('Origin',(1.38777878078145E-16,0.,19.1));
#10923=CARTESIAN_POINT('Origin',(1.38777878078145E-16,0.,19.35));
#10924=CARTESIAN_POINT('Origin',(1.38777878078145E-16,0.,19.6));
#10925=CARTESIAN_POINT('Origin',(1.38777878078145E-16,0.,19.1));
#10926=CARTESIAN_POINT('Origin',(1.38777878078145E-16,0.,19.35));
#10927=CARTESIAN_POINT('Origin',(1.38777878078145E-16,0.,19.6));
#10928=CARTESIAN_POINT('Origin',(1.38777878078145E-16,0.,19.1));
#10929=CARTESIAN_POINT('Origin',(1.38777878078145E-16,0.,19.35));
#10930=CARTESIAN_POINT('Origin',(1.38777878078145E-16,0.,19.6));
#10931=CARTESIAN_POINT('Origin',(1.38777878078145E-16,0.,19.1));
#10932=CARTESIAN_POINT('Origin',(1.38777878078145E-16,0.,19.35));
#10933=CARTESIAN_POINT('Origin',(1.38777878078145E-16,0.,19.6));
#10934=CARTESIAN_POINT('Origin',(1.38777878078145E-16,0.,19.1));
#10935=CARTESIAN_POINT('Origin',(1.38777878078145E-16,0.,19.35));
#10936=CARTESIAN_POINT('Origin',(1.38777878078145E-16,0.,19.6));
#10937=CARTESIAN_POINT('Origin',(1.38777878078145E-16,0.,19.1));
#10938=CARTESIAN_POINT('Origin',(1.38777878078145E-16,0.,19.35));
#10939=CARTESIAN_POINT('Origin',(1.38777878078145E-16,0.,19.6));
#10940=CARTESIAN_POINT('Origin',(1.38777878078145E-16,0.,19.1));
#10941=CARTESIAN_POINT('Origin',(1.38777878078145E-16,0.,19.35));
#10942=CARTESIAN_POINT('Origin',(1.38777878078145E-16,0.,19.6));
#10943=CARTESIAN_POINT('Origin',(1.38777878078145E-16,0.,19.1));
#10944=CARTESIAN_POINT('Origin',(1.38777878078145E-16,0.,19.35));
#10945=CARTESIAN_POINT('Origin',(1.38777878078145E-16,0.,19.6));
#10946=CARTESIAN_POINT('Origin',(1.38777878078145E-16,0.,19.1));
#10947=CARTESIAN_POINT('Origin',(1.38777878078145E-16,0.,19.35));
#10948=CARTESIAN_POINT('Origin',(1.38777878078145E-16,0.,19.6));
#10949=CARTESIAN_POINT('Origin',(1.38777878078145E-16,0.,19.1));
#10950=CARTESIAN_POINT('Origin',(1.38777878078145E-16,0.,19.35));
#10951=CARTESIAN_POINT('Origin',(1.38777878078145E-16,0.,19.6));
#10952=CARTESIAN_POINT('Origin',(1.38777878078145E-16,0.,19.1));
#10953=CARTESIAN_POINT('Origin',(1.38777878078145E-16,0.,19.35));
#10954=CARTESIAN_POINT('Origin',(1.38777878078145E-16,0.,19.6));
#10955=CARTESIAN_POINT('Origin',(1.38777878078145E-16,0.,19.1));
#10956=CARTESIAN_POINT('Origin',(1.38777878078145E-16,0.,19.35));
#10957=CARTESIAN_POINT('Origin',(1.38777878078145E-16,0.,19.6));
#10958=CARTESIAN_POINT('Origin',(1.38777878078145E-16,0.,19.1));
#10959=CARTESIAN_POINT('Origin',(1.38777878078145E-16,0.,19.35));
#10960=CARTESIAN_POINT('Origin',(1.38777878078145E-16,0.,19.6));
#10961=CARTESIAN_POINT('Origin',(1.38777878078145E-16,0.,19.1));
#10962=CARTESIAN_POINT('Origin',(1.38777878078145E-16,0.,19.35));
#10963=CARTESIAN_POINT('Origin',(1.38777878078145E-16,0.,19.6));
#10964=CARTESIAN_POINT('Origin',(1.38777878078145E-16,0.,19.1));
#10965=CARTESIAN_POINT('Origin',(1.38777878078145E-16,0.,19.35));
#10966=CARTESIAN_POINT('Origin',(1.38777878078145E-16,0.,19.6));
#10967=CARTESIAN_POINT('Origin',(1.38777878078145E-16,0.,19.1));
#10968=CARTESIAN_POINT('Origin',(1.38777878078145E-16,0.,19.35));
#10969=CARTESIAN_POINT('',(6.40857270110745,3.89617709230732,19.1));
#10970=CARTESIAN_POINT('Origin',(1.38777878078145E-16,0.,19.1));
#10971=CARTESIAN_POINT('Ctrl Pts',(5.72574858978533,4.02688503518182,19.6));
#10972=CARTESIAN_POINT('Ctrl Pts',(5.75979388528996,3.97847669945299,19.6));
#10973=CARTESIAN_POINT('Ctrl Pts',(5.80405465212572,3.93497342894373,19.5880004679457));
#10974=CARTESIAN_POINT('Ctrl Pts',(5.90029457273965,3.86905176051089,19.5444979793532));
#10975=CARTESIAN_POINT('Ctrl Pts',(5.95222470765997,3.84641921145726,19.5132116408946));
#10976=CARTESIAN_POINT('Ctrl Pts',(6.06957176799001,3.81349277116064,19.4320509586753));
#10977=CARTESIAN_POINT('Ctrl Pts',(6.14226623525449,3.8098590402741,19.3721550478782));
#10978=CARTESIAN_POINT('Ctrl Pts',(6.27836673490659,3.83067280178724,19.2453263010449));
#10979=CARTESIAN_POINT('Ctrl Pts',(6.3417430680731,3.85522463264423,19.1783787411644));
#10980=CARTESIAN_POINT('Ctrl Pts',(6.39917833277863,3.89014024573331,19.1111633436042));
#10981=CARTESIAN_POINT('Ctrl Pts',(6.40388504442238,3.89310860814533,19.1055995395152));
#10982=CARTESIAN_POINT('Ctrl Pts',(6.40857270110745,3.89617709230732,19.1));
#10983=CARTESIAN_POINT('Origin',(1.38777878078145E-16,0.,19.6));
#10984=CARTESIAN_POINT('Origin',(1.38777878078145E-16,0.,17.));
#10985=CARTESIAN_POINT('',(6.40857270110745,3.89617709230732,17.5));
#10986=CARTESIAN_POINT('Origin',(1.38777878078145E-16,0.,17.5));
#10987=CARTESIAN_POINT('',(6.40857270110745,3.89617709230732,19.6));
#10988=CARTESIAN_POINT('Origin',(1.38777878078145E-16,0.,17.));
#10989=CARTESIAN_POINT('',(5.83362309324308,4.71368662577191,17.5));
#10990=CARTESIAN_POINT('',(5.83362309324308,4.71368662577191,19.6));
#10991=CARTESIAN_POINT('Origin',(1.38777878078145E-16,0.,17.5));
#10992=CARTESIAN_POINT('Origin',(1.38777878078145E-16,0.,17.));
#10993=CARTESIAN_POINT('Origin',(1.38777878078145E-16,0.,17.5));
#10994=CARTESIAN_POINT('Origin',(1.38777878078145E-16,0.,17.));
#10995=CARTESIAN_POINT('Origin',(1.38777878078145E-16,0.,17.5));
#10996=CARTESIAN_POINT('Origin',(1.38777878078145E-16,0.,17.));
#10997=CARTESIAN_POINT('Origin',(1.38777878078145E-16,0.,17.5));
#10998=CARTESIAN_POINT('Origin',(1.38777878078145E-16,0.,17.));
#10999=CARTESIAN_POINT('Origin',(1.38777878078145E-16,0.,17.5));
#11000=CARTESIAN_POINT('Origin',(1.38777878078145E-16,0.,17.));
#11001=CARTESIAN_POINT('Origin',(1.38777878078145E-16,0.,17.5));
#11002=CARTESIAN_POINT('Origin',(1.38777878078145E-16,0.,17.));
#11003=CARTESIAN_POINT('Origin',(1.38777878078145E-16,0.,17.5));
#11004=CARTESIAN_POINT('Origin',(1.38777878078145E-16,0.,17.));
#11005=CARTESIAN_POINT('Origin',(1.38777878078145E-16,0.,17.5));
#11006=CARTESIAN_POINT('Origin',(1.38777878078145E-16,0.,17.));
#11007=CARTESIAN_POINT('Origin',(1.38777878078145E-16,0.,17.5));
#11008=CARTESIAN_POINT('Origin',(1.38777878078145E-16,0.,17.));
#11009=CARTESIAN_POINT('Origin',(1.38777878078145E-16,0.,17.5));
#11010=CARTESIAN_POINT('Origin',(1.38777878078145E-16,0.,17.));
#11011=CARTESIAN_POINT('Origin',(1.38777878078145E-16,0.,17.5));
#11012=CARTESIAN_POINT('Origin',(1.38777878078145E-16,0.,17.));
#11013=CARTESIAN_POINT('Origin',(1.38777878078145E-16,0.,17.5));
#11014=CARTESIAN_POINT('Origin',(1.38777878078145E-16,0.,17.));
#11015=CARTESIAN_POINT('Origin',(1.38777878078145E-16,0.,17.5));
#11016=CARTESIAN_POINT('Origin',(1.38777878078145E-16,0.,17.));
#11017=CARTESIAN_POINT('Origin',(1.38777878078145E-16,0.,17.5));
#11018=CARTESIAN_POINT('Origin',(1.38777878078145E-16,0.,17.));
#11019=CARTESIAN_POINT('Origin',(1.38777878078145E-16,0.,17.5));
#11020=CARTESIAN_POINT('Origin',(1.38777878078145E-16,0.,17.));
#11021=CARTESIAN_POINT('Origin',(1.38777878078145E-16,0.,17.5));
#11022=CARTESIAN_POINT('Origin',(1.38777878078145E-16,0.,17.));
#11023=CARTESIAN_POINT('Origin',(1.38777878078145E-16,0.,17.5));
#11024=CARTESIAN_POINT('Origin',(1.38777878078145E-16,0.,17.));
#11025=CARTESIAN_POINT('Origin',(1.38777878078145E-16,0.,17.5));
#11026=CARTESIAN_POINT('Origin',(1.38777878078145E-16,0.,17.));
#11027=CARTESIAN_POINT('Origin',(1.38777878078145E-16,0.,17.5));
#11028=CARTESIAN_POINT('Origin',(1.38777878078145E-16,0.,17.));
#11029=CARTESIAN_POINT('Origin',(1.38777878078145E-16,0.,17.5));
#11030=CARTESIAN_POINT('Origin',(1.38777878078145E-16,0.,17.));
#11031=CARTESIAN_POINT('Origin',(1.38777878078145E-16,0.,17.5));
#11032=CARTESIAN_POINT('Origin',(1.38777878078145E-16,0.,17.));
#11033=CARTESIAN_POINT('Origin',(1.38777878078145E-16,0.,17.5));
#11034=CARTESIAN_POINT('Origin',(1.38777878078145E-16,0.,17.));
#11035=CARTESIAN_POINT('Origin',(1.38777878078145E-16,0.,17.5));
#11036=CARTESIAN_POINT('Origin',(1.38777878078145E-16,0.,17.));
#11037=CARTESIAN_POINT('Origin',(1.38777878078145E-16,0.,17.5));
#11038=CARTESIAN_POINT('Origin',(1.38777878078145E-16,0.,17.));
#11039=CARTESIAN_POINT('Origin',(1.38777878078145E-16,0.,17.5));
#11040=CARTESIAN_POINT('Origin',(1.38777878078145E-16,0.,17.));
#11041=CARTESIAN_POINT('Origin',(1.38777878078145E-16,0.,17.5));
#11042=CARTESIAN_POINT('Origin',(1.38777878078145E-16,0.,17.));
#11043=CARTESIAN_POINT('Origin',(1.38777878078145E-16,0.,17.5));
#11044=CARTESIAN_POINT('Origin',(1.38777878078145E-16,0.,17.));
#11045=CARTESIAN_POINT('Origin',(1.38777878078145E-16,0.,17.5));
#11046=CARTESIAN_POINT('Origin',(1.38777878078145E-16,0.,17.25));
#11047=CARTESIAN_POINT('',(5.72574858978533,4.02688503518182,17.));
#11048=CARTESIAN_POINT('Origin',(1.38777878078145E-16,0.,17.));
#11049=CARTESIAN_POINT('Ctrl Pts',(6.40857270110745,3.89617709230732,17.5));
#11050=CARTESIAN_POINT('Ctrl Pts',(6.40388504442927,3.89310860814984,17.494400460493));
#11051=CARTESIAN_POINT('Ctrl Pts',(6.39917833278639,3.89014024573802,17.4888366564049));
#11052=CARTESIAN_POINT('Ctrl Pts',(6.3417430680731,3.85522463264423,17.4216212588356));
#11053=CARTESIAN_POINT('Ctrl Pts',(6.27836673490659,3.83067280178724,17.3546736989551));
#11054=CARTESIAN_POINT('Ctrl Pts',(6.14226623525449,3.8098590402741,17.2278449521218));
#11055=CARTESIAN_POINT('Ctrl Pts',(6.06957176799001,3.81349277116064,17.1679490413247));
#11056=CARTESIAN_POINT('Ctrl Pts',(5.95222470765997,3.84641921145726,17.0867883591054));
#11057=CARTESIAN_POINT('Ctrl Pts',(5.90029457273965,3.86905176051089,17.0555020206468));
#11058=CARTESIAN_POINT('Ctrl Pts',(5.80405465212572,3.93497342894373,17.0119995320543));
#11059=CARTESIAN_POINT('Ctrl Pts',(5.75979388528996,3.97847669945299,17.));
#11060=CARTESIAN_POINT('Ctrl Pts',(5.72574858978533,4.02688503518182,17.));
#11061=CARTESIAN_POINT('Origin',(1.38777878078145E-16,0.,17.25));
#11062=CARTESIAN_POINT('Ctrl Pts',(5.72574858978533,4.02688503518182,17.));
#11063=CARTESIAN_POINT('Ctrl Pts',(5.69170329428069,4.07529337091065,17.));
#11064=CARTESIAN_POINT('Ctrl Pts',(5.66572831420121,4.13165692682901,17.0119995320543));
#11065=CARTESIAN_POINT('Ctrl Pts',(5.6362311334791,4.24451836850946,17.0555020206468));
#11066=CARTESIAN_POINT('Ctrl Pts',(5.6324908206011,4.30104253368757,17.0867883591054));
#11067=CARTESIAN_POINT('Ctrl Pts',(5.64118239132507,4.42261119592032,17.1679490413247));
#11068=CARTESIAN_POINT('Ctrl Pts',(5.66234290552428,4.49225257880325,17.2278449521218));
#11069=CARTESIAN_POINT('Ctrl Pts',(5.7279504487355,4.61329888790711,17.3546736989551));
#11070=CARTESIAN_POINT('Ctrl Pts',(5.77248562837801,4.6646405842004,17.4216212588356));
#11071=CARTESIAN_POINT('Ctrl Pts',(5.82047041696002,4.70341621858977,17.4833147735479));
#11072=CARTESIAN_POINT('Ctrl Pts',(5.82476529920603,4.70688683477123,17.4888366563958));
#11073=CARTESIAN_POINT('Ctrl Pts',(5.82915030550452,4.71031262368311,17.4944004604848));
#11074=CARTESIAN_POINT('Ctrl Pts',(5.83362309324308,4.71368662577191,17.5));
#11075=CARTESIAN_POINT('Origin',(1.38777878078145E-16,0.,17.));
#11076=CARTESIAN_POINT('Origin',(1.38777878078145E-16,0.,17.25));
#11077=CARTESIAN_POINT('Origin',(1.38777878078145E-16,0.,17.));
#11078=CARTESIAN_POINT('Origin',(1.38777878078145E-16,0.,17.25));
#11079=CARTESIAN_POINT('Origin',(1.38777878078145E-16,0.,17.));
#11080=CARTESIAN_POINT('Origin',(1.38777878078145E-16,0.,17.25));
#11081=CARTESIAN_POINT('Origin',(1.38777878078145E-16,0.,17.));
#11082=CARTESIAN_POINT('Origin',(1.38777878078145E-16,0.,17.25));
#11083=CARTESIAN_POINT('Origin',(1.38777878078145E-16,0.,17.));
#11084=CARTESIAN_POINT('Origin',(1.38777878078145E-16,0.,17.25));
#11085=CARTESIAN_POINT('Origin',(1.38777878078145E-16,0.,17.));
#11086=CARTESIAN_POINT('Origin',(1.38777878078145E-16,0.,17.25));
#11087=CARTESIAN_POINT('Origin',(1.38777878078145E-16,0.,17.));
#11088=CARTESIAN_POINT('Origin',(1.38777878078145E-16,0.,17.25));
#11089=CARTESIAN_POINT('Origin',(1.38777878078145E-16,0.,17.));
#11090=CARTESIAN_POINT('Origin',(1.38777878078145E-16,0.,17.25));
#11091=CARTESIAN_POINT('Origin',(1.38777878078145E-16,0.,17.));
#11092=CARTESIAN_POINT('Origin',(1.38777878078145E-16,0.,17.25));
#11093=CARTESIAN_POINT('Origin',(1.38777878078145E-16,0.,17.));
#11094=CARTESIAN_POINT('Origin',(1.38777878078145E-16,0.,17.25));
#11095=CARTESIAN_POINT('Origin',(1.38777878078145E-16,0.,17.));
#11096=CARTESIAN_POINT('Origin',(1.38777878078145E-16,0.,17.25));
#11097=CARTESIAN_POINT('Origin',(1.38777878078145E-16,0.,17.));
#11098=CARTESIAN_POINT('Origin',(1.38777878078145E-16,0.,17.25));
#11099=CARTESIAN_POINT('Origin',(1.38777878078145E-16,0.,17.));
#11100=CARTESIAN_POINT('Origin',(1.38777878078145E-16,0.,17.25));
#11101=CARTESIAN_POINT('Origin',(1.38777878078145E-16,0.,17.));
#11102=CARTESIAN_POINT('Origin',(1.38777878078145E-16,0.,17.25));
#11103=CARTESIAN_POINT('Origin',(1.38777878078145E-16,0.,17.));
#11104=CARTESIAN_POINT('Origin',(1.38777878078145E-16,0.,17.25));
#11105=CARTESIAN_POINT('Origin',(1.38777878078145E-16,0.,17.));
#11106=CARTESIAN_POINT('Origin',(1.38777878078145E-16,0.,17.25));
#11107=CARTESIAN_POINT('Origin',(1.38777878078145E-16,0.,17.));
#11108=CARTESIAN_POINT('Origin',(1.38777878078145E-16,0.,17.25));
#11109=CARTESIAN_POINT('Origin',(1.38777878078145E-16,0.,17.));
#11110=CARTESIAN_POINT('Origin',(1.38777878078145E-16,0.,17.25));
#11111=CARTESIAN_POINT('Origin',(1.38777878078145E-16,0.,17.));
#11112=CARTESIAN_POINT('Origin',(1.38777878078145E-16,0.,17.25));
#11113=CARTESIAN_POINT('Origin',(1.38777878078145E-16,0.,17.));
#11114=CARTESIAN_POINT('Origin',(1.38777878078145E-16,0.,17.25));
#11115=CARTESIAN_POINT('Origin',(1.38777878078145E-16,0.,17.));
#11116=CARTESIAN_POINT('Origin',(1.38777878078145E-16,0.,17.25));
#11117=CARTESIAN_POINT('Origin',(1.38777878078145E-16,0.,17.));
#11118=CARTESIAN_POINT('Origin',(1.38777878078145E-16,0.,17.25));
#11119=CARTESIAN_POINT('Origin',(1.38777878078145E-16,0.,17.));
#11120=CARTESIAN_POINT('Origin',(1.38777878078145E-16,0.,17.25));
#11121=CARTESIAN_POINT('Origin',(1.38777878078145E-16,0.,17.));
#11122=CARTESIAN_POINT('Origin',(1.38777878078145E-16,0.,17.25));
#11123=CARTESIAN_POINT('Origin',(1.38777878078145E-16,0.,17.));
#11124=CARTESIAN_POINT('Origin',(1.38777878078145E-16,0.,17.25));
#11125=CARTESIAN_POINT('Origin',(1.38777878078145E-16,0.,17.));
#11126=CARTESIAN_POINT('Origin',(1.38777878078145E-16,0.,17.25));
#11127=CARTESIAN_POINT('Origin',(1.38777878078145E-16,0.,17.));
#11128=CARTESIAN_POINT('Origin',(1.38777878078145E-16,0.,17.25));
#11129=CARTESIAN_POINT('Origin',(1.38777878078145E-16,0.,17.));
#11130=CARTESIAN_POINT('Origin',(1.38777878078145E-16,0.,19.35));
#11131=CARTESIAN_POINT('Origin',(1.38777878078145E-16,0.,19.6));
#11132=CARTESIAN_POINT('Origin',(1.38777878078145E-16,0.,19.1));
#11133=CARTESIAN_POINT('Origin',(6.13473063191285,4.31451968055195,19.6));
#11134=CARTESIAN_POINT('Origin',(1.38777878078145E-16,0.,17.25));
#11135=CARTESIAN_POINT('Origin',(1.38777878078145E-16,0.,17.5));
#11136=CARTESIAN_POINT('Origin',(1.38777878078145E-16,0.,17.));
#11137=CARTESIAN_POINT('Origin',(1.38777878078145E-16,0.,17.));
#11138=CARTESIAN_POINT('Origin',(1.38777878078145E-16,0.,19.6));
#11139=CARTESIAN_POINT('Origin',(-9.96353996458473E-17,0.,16.75));
#11140=CARTESIAN_POINT('',(1.30238032100044,4.94488448835879,16.6885190528383));
#11141=CARTESIAN_POINT('',(2.74532726361953,4.08886331584064,16.5));
#11142=CARTESIAN_POINT('Ctrl Pts',(2.74240081240256,4.0914549057002,16.5000000000011));
#11143=CARTESIAN_POINT('Ctrl Pts',(2.62794811676709,4.1907000638971,16.5172550980052));
#11144=CARTESIAN_POINT('Ctrl Pts',(2.50895742574847,4.28461562195967,16.5344327609361));
#11145=CARTESIAN_POINT('Ctrl Pts',(2.3857261893871,4.37273746425492,16.5515513372757));
#11146=CARTESIAN_POINT('Ctrl Pts',(2.30396225821701,4.43120631079705,16.5629095134889));
#11147=CARTESIAN_POINT('Ctrl Pts',(2.22033063054565,4.4871240052347,16.5742416778753));
#11148=CARTESIAN_POINT('Ctrl Pts',(2.13490916364669,4.54034562587456,16.5855531899193));
#11149=CARTESIAN_POINT('Ctrl Pts',(2.11568374679328,4.55232397136031,16.5880990199334));
#11150=CARTESIAN_POINT('Ctrl Pts',(2.09636585980761,4.56416669684021,16.5906440311742));
#11151=CARTESIAN_POINT('Ctrl Pts',(2.07697542743209,4.57586085152808,16.593185801467));
#11152=CARTESIAN_POINT('Ctrl Pts',(2.01195227475348,4.61507559367464,16.6017092791604));
#11153=CARTESIAN_POINT('Ctrl Pts',(1.94606757779942,4.65264897539183,16.6102024422313));
#11154=CARTESIAN_POINT('Ctrl Pts',(1.87936180074427,4.68853780312486,16.6186681055096));
#11155=CARTESIAN_POINT('Ctrl Pts',(1.7591484266989,4.75321461618042,16.6339244444827));
#11156=CARTESIAN_POINT('Ctrl Pts',(1.63627066730414,4.81242306294656,16.6490914718088));
#11157=CARTESIAN_POINT('Ctrl Pts',(1.5110997467942,4.86629212647724,16.6641856622882));
#11158=CARTESIAN_POINT('Ctrl Pts',(1.44366876893348,4.89531199479423,16.6723170718832));
#11159=CARTESIAN_POINT('Ctrl Pts',(1.37557162306137,4.92278167594484,16.6804273435139));
#11160=CARTESIAN_POINT('Ctrl Pts',(1.30686217235669,4.94871672671974,16.6885190528383));
#11161=CARTESIAN_POINT('',(4.91372313593004,0.333091494076134,16.5));
#11162=CARTESIAN_POINT('Ctrl Pts',(1.30238825004658,4.94452069669394,16.6885190528383));
#11163=CARTESIAN_POINT('Ctrl Pts',(1.44573940624209,4.90227963880183,16.6840982367776));
#11164=CARTESIAN_POINT('Ctrl Pts',(1.58725901016253,4.85381285760696,16.6796712482692));
#11165=CARTESIAN_POINT('Ctrl Pts',(1.72650563905911,4.79916934728176,16.6752337468014));
#11166=CARTESIAN_POINT('Ctrl Pts',(1.81082822813839,4.76607926601003,16.6725465606498));
#11167=CARTESIAN_POINT('Ctrl Pts',(1.89431687921522,4.73072324135258,16.6698555193288));
#11168=CARTESIAN_POINT('Ctrl Pts',(1.97686838904351,4.6931042032273,16.6671596589678));
#11169=CARTESIAN_POINT('Ctrl Pts',(2.01814414395766,4.67429468416467,16.6658117287873));
#11170=CARTESIAN_POINT('Ctrl Pts',(2.0591855442076,4.6549193200827,16.6644625938468));
#11171=CARTESIAN_POINT('Ctrl Pts',(2.09997923517613,4.63497793621654,16.6631121336625));
#11172=CARTESIAN_POINT('Ctrl Pts',(2.12276586933188,4.62383903194166,16.6623577904925));
#11173=CARTESIAN_POINT('Ctrl Pts',(2.14547520894667,4.61252351507918,16.6616030338276));
#11174=CARTESIAN_POINT('Ctrl Pts',(2.16810488088462,4.60103130722036,16.6608478426693));
#11175=CARTESIAN_POINT('Ctrl Pts',(2.18408382654417,4.59291659104649,16.6603145977104));
#11176=CARTESIAN_POINT('Ctrl Pts',(2.2000197483806,4.58471542335465,16.6597812458405));
#11177=CARTESIAN_POINT('Ctrl Pts',(2.21590486432894,4.57643161493568,16.6592480158606));
#11178=CARTESIAN_POINT('Ctrl Pts',(2.21779775577373,4.57544450535854,16.6591844754703));
#11179=CARTESIAN_POINT('Ctrl Pts',(2.21968995608146,4.5744562069856,16.6591209358009));
#11180=CARTESIAN_POINT('Ctrl Pts',(2.22158146407735,4.57346672017914,16.6590573968394));
#11181=CARTESIAN_POINT('Ctrl Pts',(2.35266145707022,4.50489607499069,16.6546541975709));
#11182=CARTESIAN_POINT('Ctrl Pts',(2.48041838249879,4.43062224452267,16.6502543980801));
#11183=CARTESIAN_POINT('Ctrl Pts',(2.60457311826816,4.35099347574311,16.6458536902002));
#11184=CARTESIAN_POINT('Ctrl Pts',(2.7301548648515,4.27044946910776,16.6414024014247));
#11185=CARTESIAN_POINT('Ctrl Pts',(2.85205174405116,4.18442625510791,16.6369501832585));
#11186=CARTESIAN_POINT('Ctrl Pts',(2.96994892714837,4.09323776799951,16.6324925772692));
#11187=CARTESIAN_POINT('Ctrl Pts',(3.08758171042284,4.00225378297668,16.6280449680432));
#11188=CARTESIAN_POINT('Ctrl Pts',(3.20123326675281,3.90612711441578,16.6235919951328));
#11189=CARTESIAN_POINT('Ctrl Pts',(3.31055659004077,3.80513140316469,16.6191292300343));
#11190=CARTESIAN_POINT('Ctrl Pts',(3.38309578902778,3.73811781653983,16.6161680558239));
#11191=CARTESIAN_POINT('Ctrl Pts',(3.45372867784748,3.66895976340454,16.6132025703992));
#11192=CARTESIAN_POINT('Ctrl Pts',(3.52234371169293,3.59772965335236,16.6102314800506));
#11193=CARTESIAN_POINT('Ctrl Pts',(3.57380498707702,3.54430707081324,16.6080031622891));
#11194=CARTESIAN_POINT('Ctrl Pts',(3.62413105626097,3.48971883013422,16.6057716917579));
#11195=CARTESIAN_POINT('Ctrl Pts',(3.67327142538948,3.43399366226176,16.6035365226733));
#11196=CARTESIAN_POINT('Ctrl Pts',(3.6863934483068,3.4191132911359,16.6029396622819));
#11197=CARTESIAN_POINT('Ctrl Pts',(3.69943090672892,3.40415184279948,16.6023425381622));
#11198=CARTESIAN_POINT('Ctrl Pts',(3.71238280084714,3.38910984805284,16.6017451399221));
#11199=CARTESIAN_POINT('Ctrl Pts',(3.72457672930102,3.37494813501919,16.6011827023873));
#11200=CARTESIAN_POINT('Ctrl Pts',(3.73668855862584,3.3607222880916,16.6006203103136));
#11201=CARTESIAN_POINT('Ctrl Pts',(3.748717148395,3.34643360534398,16.6000579808412));
#11202=CARTESIAN_POINT('Ctrl Pts',(3.84427627477622,3.23291954702911,16.5955906480823));
#11203=CARTESIAN_POINT('Ctrl Pts',(3.93459677054721,3.11542908515445,16.5911267207934));
#11204=CARTESIAN_POINT('Ctrl Pts',(4.01937091479275,2.99426170538337,16.5866616971347));
#11205=CARTESIAN_POINT('Ctrl Pts',(4.03992838660299,2.96487898478933,16.5855789424951));
#11206=CARTESIAN_POINT('Ctrl Pts',(4.06015953204142,2.93527987853862,16.5844961233838));
#11207=CARTESIAN_POINT('Ctrl Pts',(4.08005961320877,2.90546835468014,16.5834131756046));
#11208=CARTESIAN_POINT('Ctrl Pts',(4.16204299320094,2.78265229839966,16.5789517003699));
#11209=CARTESIAN_POINT('Ctrl Pts',(4.23841103472753,2.65623306689952,16.5744880413387));
#11210=CARTESIAN_POINT('Ctrl Pts',(4.3090403472468,2.52663801317826,16.5700177097983));
#11211=CARTESIAN_POINT('Ctrl Pts',(4.37982274481828,2.39676206948573,16.5655376890664));
#11212=CARTESIAN_POINT('Ctrl Pts',(4.44484177071393,2.26369577454442,16.5610509668694));
#11213=CARTESIAN_POINT('Ctrl Pts',(4.50392502047729,2.12784945562895,16.5565530252444));
#11214=CARTESIAN_POINT('Ctrl Pts',(4.55704860525521,2.00570581138837,16.5525087862393));
#11215=CARTESIAN_POINT('Ctrl Pts',(4.60537300031871,1.88131405895772,16.5484554770373));
#11216=CARTESIAN_POINT('Ctrl Pts',(4.64873705103829,1.75496633513842,16.544389813574));
#11217=CARTESIAN_POINT('Ctrl Pts',(4.65519973503729,1.73613632734423,16.5437838946672));
#11218=CARTESIAN_POINT('Ctrl Pts',(4.66155287665687,1.71726075960026,16.5431776336293));
#11219=CARTESIAN_POINT('Ctrl Pts',(4.66779364750012,1.69834736389923,16.5425712364772));
#11220=CARTESIAN_POINT('Ctrl Pts',(4.71389740322458,1.55862446792646,16.5380914715767));
#11221=CARTESIAN_POINT('Ctrl Pts',(4.75375791558356,1.41719076245181,16.5336155444312));
#11222=CARTESIAN_POINT('Ctrl Pts',(4.78726842376802,1.27446676473668,16.5291389154677));
#11223=CARTESIAN_POINT('Ctrl Pts',(4.82069535490235,1.13209872852018,16.524673451463));
#11224=CARTESIAN_POINT('Ctrl Pts',(4.84780411195653,0.988446076291812,16.5202072891367));
#11225=CARTESIAN_POINT('Ctrl Pts',(4.86843953949779,0.843911145160276,16.5157359227971));
#11226=CARTESIAN_POINT('Ctrl Pts',(4.8806855285762,0.758137628495954,16.5130824132805));
#11227=CARTESIAN_POINT('Ctrl Pts',(4.8906508119497,0.672053162437794,16.5104270710309));
#11228=CARTESIAN_POINT('Ctrl Pts',(4.8982942991168,0.58574095008292,16.5077689543698));
#11229=CARTESIAN_POINT('Ctrl Pts',(4.90573252572193,0.501746592501154,16.5051822195934));
#11230=CARTESIAN_POINT('Ctrl Pts',(4.91097193063744,0.417536504238101,16.5025928574145));
#11231=CARTESIAN_POINT('Ctrl Pts',(4.91402364350386,0.333194238111378,16.5));
#11232=CARTESIAN_POINT('Origin',(-9.96353996458473E-17,0.,16.5));
#11233=CARTESIAN_POINT('Origin',(1.38777878078145E-16,0.,17.));
#11234=CARTESIAN_POINT('',(-2.74532726361941,4.08886331584072,17.));
#11235=CARTESIAN_POINT('',(-4.4284374024937,2.55675952641923,17.));
#11236=CARTESIAN_POINT('Ctrl Pts',(-2.74545564865639,4.0891715087173,17.));
#11237=CARTESIAN_POINT('Ctrl Pts',(-2.87167440068718,4.01885065585454,17.));
#11238=CARTESIAN_POINT('Ctrl Pts',(-2.99473238419961,3.94290080374435,17.));
#11239=CARTESIAN_POINT('Ctrl Pts',(-3.11435166694881,3.86163928392911,17.));
#11240=CARTESIAN_POINT('Ctrl Pts',(-3.23467256230154,3.7799011343835,17.));
#11241=CARTESIAN_POINT('Ctrl Pts',(-3.35151495429493,3.69278843792891,17.));
#11242=CARTESIAN_POINT('Ctrl Pts',(-3.4645729313293,3.60057698309561,17.));
#11243=CARTESIAN_POINT('Ctrl Pts',(-3.51008331464629,3.56345816347967,17.));
#11244=CARTESIAN_POINT('Ctrl Pts',(-3.55498016174791,3.52551264912197,17.));
#11245=CARTESIAN_POINT('Ctrl Pts',(-3.59924209799571,3.48675651148864,17.));
#11246=CARTESIAN_POINT('Ctrl Pts',(-3.61241815457561,3.47521944136553,17.));
#11247=CARTESIAN_POINT('Ctrl Pts',(-3.62552962626928,3.46361782443647,17.));
#11248=CARTESIAN_POINT('Ctrl Pts',(-3.63857818605766,3.45195047735125,17.));
#11249=CARTESIAN_POINT('Ctrl Pts',(-3.74903201938511,3.35318837400616,17.));
#11250=CARTESIAN_POINT('Ctrl Pts',(-3.85493803972876,3.24975660106986,17.));
#11251=CARTESIAN_POINT('Ctrl Pts',(-3.95602844407895,3.14202033563848,17.));
#11252=CARTESIAN_POINT('Ctrl Pts',(-4.05820614125766,3.0331252968346,17.));
#11253=CARTESIAN_POINT('Ctrl Pts',(-4.15546474357845,2.91983228423977,17.));
#11254=CARTESIAN_POINT('Ctrl Pts',(-4.24750605329362,2.80246988625555,17.));
#11255=CARTESIAN_POINT('Ctrl Pts',(-4.31027785677233,2.72242920229687,17.));
#11256=CARTESIAN_POINT('Ctrl Pts',(-4.37062254867634,2.64049476286298,17.));
#11257=CARTESIAN_POINT('Ctrl Pts',(-4.42843740249368,2.55675952641927,17.));
#11258=CARTESIAN_POINT('',(-4.91372313593003,0.333091494076241,17.));
#11259=CARTESIAN_POINT('Ctrl Pts',(-4.42108298843406,2.55301185841475,17.));
#11260=CARTESIAN_POINT('Ctrl Pts',(-4.48517884404525,2.41699866855705,17.));
#11261=CARTESIAN_POINT('Ctrl Pts',(-4.54348838642616,2.27847893712723,17.));
#11262=CARTESIAN_POINT('Ctrl Pts',(-4.59582748738968,2.13787108841427,17.));
#11263=CARTESIAN_POINT('Ctrl Pts',(-4.64973702306024,1.99304430124731,17.));
#11264=CARTESIAN_POINT('Ctrl Pts',(-4.69731301091145,1.84600134825076,17.));
#11265=CARTESIAN_POINT('Ctrl Pts',(-4.73829638366908,1.69719150036865,17.));
#11266=CARTESIAN_POINT('Ctrl Pts',(-4.7690339132373,1.58558411445707,17.));
#11267=CARTESIAN_POINT('Ctrl Pts',(-4.79606192114051,1.47298259877578,17.));
#11268=CARTESIAN_POINT('Ctrl Pts',(-4.81924797273649,1.35957823470528,17.));
#11269=CARTESIAN_POINT('Ctrl Pts',(-4.82447403295657,1.33401726183333,17.));
#11270=CARTESIAN_POINT('Ctrl Pts',(-4.82950482510442,1.30841551620722,17.));
#11271=CARTESIAN_POINT('Ctrl Pts',(-4.83433868714944,1.28277521865714,17.));
#11272=CARTESIAN_POINT('Ctrl Pts',(-4.83835540605982,1.26146930072284,17.));
#11273=CARTESIAN_POINT('Ctrl Pts',(-4.84223521532601,1.24014152264333,17.));
#11274=CARTESIAN_POINT('Ctrl Pts',(-4.84597606774485,1.21880090350095,17.));
#11275=CARTESIAN_POINT('Ctrl Pts',(-4.87181437481316,1.071399881303,17.));
#11276=CARTESIAN_POINT('Ctrl Pts',(-4.89104899457996,0.923274412586901,
17.));
#11277=CARTESIAN_POINT('Ctrl Pts',(-4.90345682232617,0.774854894011355,
17.));
#11278=CARTESIAN_POINT('Ctrl Pts',(-4.91586465007239,0.626435375435809,
17.));
#11279=CARTESIAN_POINT('Ctrl Pts',(-4.92144590496575,0.477721026504447,
17.));
#11280=CARTESIAN_POINT('Ctrl Pts',(-4.91992196139206,0.329148932898591,
17.));
#11281=CARTESIAN_POINT('Ctrl Pts',(-4.91992196139206,0.329148932898626,
17.));
#11282=CARTESIAN_POINT('Ctrl Pts',(-4.91847319437089,0.187905941230248,
17.));
#11283=CARTESIAN_POINT('Ctrl Pts',(-4.91060558725774,0.0470581469232326,
17.));
#11284=CARTESIAN_POINT('Ctrl Pts',(-4.89610203691862,-0.0930311240280285,
17.));
#11285=CARTESIAN_POINT('Ctrl Pts',(-4.89530525306349,-0.100727230619911,
17.));
#11286=CARTESIAN_POINT('Ctrl Pts',(-4.89448842842045,-0.108421045387241,
17.));
#11287=CARTESIAN_POINT('Ctrl Pts',(-4.89365152246474,-0.116112507103459,
17.));
#11288=CARTESIAN_POINT('Ctrl Pts',(-4.87807171667687,-0.259296432305135,
17.));
#11289=CARTESIAN_POINT('Ctrl Pts',(-4.85553674220187,-0.401666545374565,
17.));
#11290=CARTESIAN_POINT('Ctrl Pts',(-4.82631574695499,-0.542850215147131,
17.));
#11291=CARTESIAN_POINT('Ctrl Pts',(-4.80860453852632,-0.628423392273424,
17.));
#11292=CARTESIAN_POINT('Ctrl Pts',(-4.78843609090806,-0.713560353457709,
17.));
#11293=CARTESIAN_POINT('Ctrl Pts',(-4.7658622465525,-0.798173701661387,
17.));
#11294=CARTESIAN_POINT('Ctrl Pts',(-4.75527692286557,-0.837850580125839,
17.));
#11295=CARTESIAN_POINT('Ctrl Pts',(-4.74416260531603,-0.877412268279992,
17.));
#11296=CARTESIAN_POINT('Ctrl Pts',(-4.73252422945616,-0.916849436475917,
17.));
#11297=CARTESIAN_POINT('Ctrl Pts',(-4.72558581090772,-0.940360584646685,
17.));
#11298=CARTESIAN_POINT('Ctrl Pts',(-4.71846318581199,-0.963820371901091,
17.));
#11299=CARTESIAN_POINT('Ctrl Pts',(-4.71115994943713,-0.987220015777977,
17.));
#11300=CARTESIAN_POINT('Ctrl Pts',(-4.66868991475751,-1.12329444031168,
17.));
#11301=CARTESIAN_POINT('Ctrl Pts',(-4.62009413858355,-1.25741113106325,
17.));
#11302=CARTESIAN_POINT('Ctrl Pts',(-4.56564498685712,-1.38921169509887,
17.));
#11303=CARTESIAN_POINT('Ctrl Pts',(-4.51278491503441,-1.51716570467096,
17.));
#11304=CARTESIAN_POINT('Ctrl Pts',(-4.45440744544562,-1.64293727151592,
17.));
#11305=CARTESIAN_POINT('Ctrl Pts',(-4.39072364297325,-1.76617244794614,
17.));
#11306=CARTESIAN_POINT('Ctrl Pts',(-4.36286197939159,-1.82008783763436,
17.));
#11307=CARTESIAN_POINT('Ctrl Pts',(-4.33398420977342,-1.8735173635248,17.));
#11308=CARTESIAN_POINT('Ctrl Pts',(-4.30410610756258,-1.9264294120557,17.));
#11309=CARTESIAN_POINT('Ctrl Pts',(-4.28877228833683,-1.95358454330573,
17.));
#11310=CARTESIAN_POINT('Ctrl Pts',(-4.27317497700511,-1.98060335652989,
17.));
#11311=CARTESIAN_POINT('Ctrl Pts',(-4.25731620160153,-2.0074814383245,17.));
#11312=CARTESIAN_POINT('Ctrl Pts',(-4.24658891162382,-2.02566247501351,
17.));
#11313=CARTESIAN_POINT('Ctrl Pts',(-4.23574198672391,-2.04377911771589,
17.));
#11314=CARTESIAN_POINT('Ctrl Pts',(-4.22477603747816,-2.0618299743451,17.));
#11315=CARTESIAN_POINT('Ctrl Pts',(-4.21446426284583,-2.07880400562224,
17.));
#11316=CARTESIAN_POINT('Ctrl Pts',(-4.20405192232803,-2.09571214217923,
17.));
#11317=CARTESIAN_POINT('Ctrl Pts',(-4.19354100142998,-2.11255149464189,
17.));
#11318=CARTESIAN_POINT('Ctrl Pts',(-4.11900687435718,-2.23196124460094,
17.));
#11319=CARTESIAN_POINT('Ctrl Pts',(-4.03949946097351,-2.34794729518032,
17.));
#11320=CARTESIAN_POINT('Ctrl Pts',(-3.95527347645143,-2.46016807861474,
17.));
#11321=CARTESIAN_POINT('Ctrl Pts',(-3.87145401236645,-2.57184722347773,
17.));
#11322=CARTESIAN_POINT('Ctrl Pts',(-3.78296082785906,-2.67979795569874,
17.));
#11323=CARTESIAN_POINT('Ctrl Pts',(-3.69000833695842,-2.78364771720135,
17.));
#11324=CARTESIAN_POINT('Ctrl Pts',(-3.59725685815352,-2.88727290098691,
17.));
#11325=CARTESIAN_POINT('Ctrl Pts',(-3.50006479713422,-2.98681542167395,
17.));
#11326=CARTESIAN_POINT('Ctrl Pts',(-3.39861702622794,-3.08186041490141,
17.));
#11327=CARTESIAN_POINT('Ctrl Pts',(-3.32253119804823,-3.153144159822,17.));
#11328=CARTESIAN_POINT('Ctrl Pts',(-3.24405090990991,-3.22189718438124,
17.));
#11329=CARTESIAN_POINT('Ctrl Pts',(-3.16324646071768,-3.28792489199705,
17.));
#11330=CARTESIAN_POINT('Ctrl Pts',(-3.12932180879545,-3.31564572940737,
17.));
#11331=CARTESIAN_POINT('Ctrl Pts',(-3.09498742724979,-3.34288597729726,
17.));
#11332=CARTESIAN_POINT('Ctrl Pts',(-3.06024826141026,-3.3696302497298,17.));
#11333=CARTESIAN_POINT('Ctrl Pts',(-3.04010943091087,-3.38513431715146,
17.));
#11334=CARTESIAN_POINT('Ctrl Pts',(-3.01983024054388,-3.40047479288427,
17.));
#11335=CARTESIAN_POINT('Ctrl Pts',(-2.99943701767273,-3.41563004978881,
17.));
#11336=CARTESIAN_POINT('Ctrl Pts',(-2.89210616501792,-3.49539314834584,
17.));
#11337=CARTESIAN_POINT('Ctrl Pts',(-2.78150630293318,-3.57011890688867,
17.));
#11338=CARTESIAN_POINT('Ctrl Pts',(-2.66782776353759,-3.6394753013885,17.));
#11339=CARTESIAN_POINT('Ctrl Pts',(-2.57412852267076,-3.69664212943226,
17.));
#11340=CARTESIAN_POINT('Ctrl Pts',(-2.47833702172178,-3.7501605051249,17.));
#11341=CARTESIAN_POINT('Ctrl Pts',(-2.38054849634239,-3.7998203385444,17.));
#11342=CARTESIAN_POINT('Ctrl Pts',(-2.26043669864004,-3.86081657345514,
17.));
#11343=CARTESIAN_POINT('Ctrl Pts',(-2.1373115791411,-3.91599286995648,17.));
#11344=CARTESIAN_POINT('Ctrl Pts',(-2.01164679798848,-3.96529234297155,
17.));
#11345=CARTESIAN_POINT('Ctrl Pts',(-1.88638932517287,-4.0144320251034,17.));
#11346=CARTESIAN_POINT('Ctrl Pts',(-1.75860770706472,-4.05773289279165,
17.));
#11347=CARTESIAN_POINT('Ctrl Pts',(-1.62877226202018,-4.09508717022167,
17.));
#11348=CARTESIAN_POINT('Ctrl Pts',(-1.58697587962613,-4.10711218899049,
17.));
#11349=CARTESIAN_POINT('Ctrl Pts',(-1.54496672349801,-4.11852055724791,
17.));
#11350=CARTESIAN_POINT('Ctrl Pts',(-1.50276075209569,-4.12930754589679,
17.));
#11351=CARTESIAN_POINT('Ctrl Pts',(-1.48436902507553,-4.13400809759619,
17.));
#11352=CARTESIAN_POINT('Ctrl Pts',(-1.46593792728846,-4.1385910813301,17.));
#11353=CARTESIAN_POINT('Ctrl Pts',(-1.44748612889007,-4.14305203740672,
17.));
#11354=CARTESIAN_POINT('Ctrl Pts',(-1.31917762265826,-4.17407224466236,
17.));
#11355=CARTESIAN_POINT('Ctrl Pts',(-1.18969651289198,-4.19924169607683,
17.));
#11356=CARTESIAN_POINT('Ctrl Pts',(-1.059494191686,-4.21854936326629,17.));
#11357=CARTESIAN_POINT('Ctrl Pts',(-0.92980307384524,-4.23778122424622,
17.));
#11358=CARTESIAN_POINT('Ctrl Pts',(-0.799395503571027,-4.2511971717922,
17.));
#11359=CARTESIAN_POINT('Ctrl Pts',(-0.668717107473572,-4.25873517086905,
17.));
#11360=CARTESIAN_POINT('Ctrl Pts',(-0.539129260671691,-4.26621026314699,
17.));
#11361=CARTESIAN_POINT('Ctrl Pts',(-0.409274267767774,-4.26790500877943,
17.));
#11362=CARTESIAN_POINT('Ctrl Pts',(-0.279598965362277,-4.26370979752655,
17.));
#11363=CARTESIAN_POINT('Ctrl Pts',(-0.193295373070061,-4.26091773307918,
17.));
#11364=CARTESIAN_POINT('Ctrl Pts',(-0.107071691501479,-4.25551569660017,
17.));
#11365=CARTESIAN_POINT('Ctrl Pts',(-0.0210394665705726,-4.24750298347365,
17.));
#11366=CARTESIAN_POINT('Ctrl Pts',(0.019557735578363,-4.24372191498658,
17.));
#11367=CARTESIAN_POINT('Ctrl Pts',(0.0601122341437626,-4.23935939306418,
17.));
#11368=CARTESIAN_POINT('Ctrl Pts',(0.100611883941115,-4.23441469739152,
17.));
#11369=CARTESIAN_POINT('Ctrl Pts',(0.125083404717457,-4.23142691296644,
17.));
#11370=CARTESIAN_POINT('Ctrl Pts',(0.14953489425702,-4.22822656531594,17.));
#11371=CARTESIAN_POINT('Ctrl Pts',(0.173963618209708,-4.22481342437038,
17.));
#11372=CARTESIAN_POINT('Ctrl Pts',(0.190998213511926,-4.22243337886207,
17.));
#11373=CARTESIAN_POINT('Ctrl Pts',(0.208016885786244,-4.21995050719329,
17.));
#11374=CARTESIAN_POINT('Ctrl Pts',(0.225011052941076,-4.21736615330699,
17.));
#11375=CARTESIAN_POINT('Ctrl Pts',(0.35416272321195,-4.19772567207917,17.));
#11376=CARTESIAN_POINT('Ctrl Pts',(0.482037042230148,-4.17220946454918,
17.));
#11377=CARTESIAN_POINT('Ctrl Pts',(0.608274458417873,-4.14090271518979,
17.));
#11378=CARTESIAN_POINT('Ctrl Pts',(0.731387377902247,-4.11037083779879,
17.));
#11379=CARTESIAN_POINT('Ctrl Pts',(0.852944057068955,-4.07433103959982,
17.));
#11380=CARTESIAN_POINT('Ctrl Pts',(0.972590681087842,-4.03281479869054,
17.));
#11381=CARTESIAN_POINT('Ctrl Pts',(1.09679209290495,-3.98971808972316,17.));
#11382=CARTESIAN_POINT('Ctrl Pts',(1.21893624079046,-3.94072005264342,17.));
#11383=CARTESIAN_POINT('Ctrl Pts',(1.33859253971398,-3.88580686951513,17.));
#11384=CARTESIAN_POINT('Ctrl Pts',(1.45020855050502,-3.8345835699834,17.));
#11385=CARTESIAN_POINT('Ctrl Pts',(1.55966000897791,-3.77821269009026,17.));
#11386=CARTESIAN_POINT('Ctrl Pts',(1.66656036894956,-3.71664724386765,17.));
#11387=CARTESIAN_POINT('Ctrl Pts',(1.67426096395871,-3.7122123610661,17.));
#11388=CARTESIAN_POINT('Ctrl Pts',(1.68194830345807,-3.70775050923094,17.));
#11389=CARTESIAN_POINT('Ctrl Pts',(1.68962223452172,-3.70326166434534,17.));
#11390=CARTESIAN_POINT('Ctrl Pts',(4.05225126520482,0.388439525564527,17.));
#11391=CARTESIAN_POINT('Ctrl Pts',(4.05244815072774,0.420473325552725,17.));
#11392=CARTESIAN_POINT('Ctrl Pts',(4.05225906653605,0.452496725173848,17.));
#11393=CARTESIAN_POINT('Ctrl Pts',(4.0516836443122,0.484502743676126,17.));
#11394=CARTESIAN_POINT('Ctrl Pts',(4.04943947975153,0.609327210778233,17.));
#11395=CARTESIAN_POINT('Ctrl Pts',(4.04132301284177,0.733886017909509,17.));
#11396=CARTESIAN_POINT('Ctrl Pts',(4.02753840626515,0.857807809351971,17.));
#11397=CARTESIAN_POINT('Ctrl Pts',(4.01355220407285,0.983541918737785,17.));
#11398=CARTESIAN_POINT('Ctrl Pts',(3.99373088381277,1.10862097735516,17.));
#11399=CARTESIAN_POINT('Ctrl Pts',(3.9682352621725,1.23266813010375,17.));
#11400=CARTESIAN_POINT('Ctrl Pts',(3.95627784885673,1.29084608304755,17.));
#11401=CARTESIAN_POINT('Ctrl Pts',(3.94307157197544,1.34879714559833,17.));
#11402=CARTESIAN_POINT('Ctrl Pts',(3.92862911859641,1.40648253829476,17.));
#11403=CARTESIAN_POINT('Ctrl Pts',(3.92078265995369,1.43782250777244,17.));
#11404=CARTESIAN_POINT('Ctrl Pts',(3.91256934465793,1.46909062193018,17.));
#11405=CARTESIAN_POINT('Ctrl Pts',(3.9040011186818,1.50024493148167,17.));
#11406=CARTESIAN_POINT('Ctrl Pts',(3.86969064052029,1.62499879073817,17.));
#11407=CARTESIAN_POINT('Ctrl Pts',(3.8296746766872,1.74801187948751,17.));
#11408=CARTESIAN_POINT('Ctrl Pts',(3.78414351701721,1.8688933422433,17.));
#11409=CARTESIAN_POINT('Ctrl Pts',(3.74396259326769,1.97557037118182,17.));
#11410=CARTESIAN_POINT('Ctrl Pts',(3.69948564545442,2.08058782984529,17.));
#11411=CARTESIAN_POINT('Ctrl Pts',(3.65081014880886,2.1836770394568,17.));
#11412=CARTESIAN_POINT('Ctrl Pts',(3.62647240048608,2.23522164426255,17.));
#11413=CARTESIAN_POINT('Ctrl Pts',(3.60108453427835,2.28628414131465,17.));
#11414=CARTESIAN_POINT('Ctrl Pts',(3.57465589441438,2.33683039262589,17.));
#11415=CARTESIAN_POINT('Ctrl Pts',(3.55949663325673,2.36582332711329,17.));
#11416=CARTESIAN_POINT('Ctrl Pts',(3.54399491477199,2.39464640359077,17.));
#11417=CARTESIAN_POINT('Ctrl Pts',(3.52815222685948,2.42329308853268,17.));
#11418=CARTESIAN_POINT('Ctrl Pts',(3.51814026319444,2.44139668120246,17.));
#11419=CARTESIAN_POINT('Ctrl Pts',(3.50799212088988,2.45942982608651,17.));
#11420=CARTESIAN_POINT('Ctrl Pts',(3.49770813456788,2.4773908574948,17.));
#11421=CARTESIAN_POINT('Ctrl Pts',(3.4958946933003,2.48055804136146,17.));
#11422=CARTESIAN_POINT('Ctrl Pts',(3.49407717521011,2.48372272546438,17.));
#11423=CARTESIAN_POINT('Ctrl Pts',(3.49225564081706,2.4868848038392,17.));
#11424=CARTESIAN_POINT('Ctrl Pts',(3.427991658228,2.59844336150407,17.));
#11425=CARTESIAN_POINT('Ctrl Pts',(3.35871052030717,2.70679846839544,17.));
#11426=CARTESIAN_POINT('Ctrl Pts',(3.28479527374814,2.81173686471517,17.));
#11427=CARTESIAN_POINT('Ctrl Pts',(3.2095005703286,2.91863369312399,17.));
#11428=CARTESIAN_POINT('Ctrl Pts',(3.12939689140042,3.02198569480104,17.));
#11429=CARTESIAN_POINT('Ctrl Pts',(3.04483610145321,3.12155651816357,17.));
#11430=CARTESIAN_POINT('Ctrl Pts',(2.95903737212956,3.22258502236212,17.));
#11431=CARTESIAN_POINT('Ctrl Pts',(2.86864970958236,3.31972150585928,17.));
#11432=CARTESIAN_POINT('Ctrl Pts',(2.77399157195909,3.41269816084548,17.));
#11433=CARTESIAN_POINT('Ctrl Pts',(2.71295342156936,3.47265204534264,17.));
#11434=CARTESIAN_POINT('Ctrl Pts',(2.65013861571838,3.53087581424758,17.));
#11435=CARTESIAN_POINT('Ctrl Pts',(2.58562309904962,3.5872911061029,17.));
#11436=CARTESIAN_POINT('Ctrl Pts',(2.53723646154806,3.62960257499438,17.));
#11437=CARTESIAN_POINT('Ctrl Pts',(2.48789301990601,3.67089667364252,17.));
#11438=CARTESIAN_POINT('Ctrl Pts',(2.43762241987898,3.71113799673212,17.));
#11439=CARTESIAN_POINT('Ctrl Pts',(2.42378676576826,3.72221335741861,17.));
#11440=CARTESIAN_POINT('Ctrl Pts',(2.40988087005809,3.73320895967468,17.));
#11441=CARTESIAN_POINT('Ctrl Pts',(2.3959053258993,3.74412403546519,17.));
#11442=CARTESIAN_POINT('Ctrl Pts',(2.38064687502074,3.7560410775419,17.));
#11443=CARTESIAN_POINT('Ctrl Pts',(2.36531238180505,3.76785664964698,17.));
#11444=CARTESIAN_POINT('Ctrl Pts',(2.34990713381356,3.77956681716624,17.));
#11445=CARTESIAN_POINT('Ctrl Pts',(2.24160125938142,3.86189460141354,17.));
#11446=CARTESIAN_POINT('Ctrl Pts',(2.12973639589497,3.93906570676413,17.));
#11447=CARTESIAN_POINT('Ctrl Pts',(2.01467777348511,4.01083009086222,17.));
#11448=CARTESIAN_POINT('Ctrl Pts',(1.99770027133494,4.0214193014734,17.));
#11449=CARTESIAN_POINT('Ctrl Pts',(1.98065315121058,4.03189075074105,17.));
#11450=CARTESIAN_POINT('Ctrl Pts',(1.96353750387644,4.04224358773711,17.));
#11451=CARTESIAN_POINT('Ctrl Pts',(1.84868372847312,4.11171583099608,17.));
#11452=CARTESIAN_POINT('Ctrl Pts',(1.7307473339317,4.17584992646375,17.));
#11453=CARTESIAN_POINT('Ctrl Pts',(1.61014994143418,4.23460801954763,17.));
#11454=CARTESIAN_POINT('Ctrl Pts',(1.48812897996083,4.29405971136247,17.));
#11455=CARTESIAN_POINT('Ctrl Pts',(1.36338319863976,4.34800811765811,17.));
#11456=CARTESIAN_POINT('Ctrl Pts',(1.23631496927871,4.39637328104854,17.));
#11457=CARTESIAN_POINT('Ctrl Pts',(1.11984827977939,4.4407032484645,17.));
#11458=CARTESIAN_POINT('Ctrl Pts',(1.00142970404327,4.48034247996106,17.));
#11459=CARTESIAN_POINT('Ctrl Pts',(0.881351252514525,4.51519573631757,17.));
#11460=CARTESIAN_POINT('Ctrl Pts',(0.863095598185452,4.52049451384332,17.));
#11461=CARTESIAN_POINT('Ctrl Pts',(0.844799295487634,4.52568323006797,17.));
#11462=CARTESIAN_POINT('Ctrl Pts',(0.826470639448297,4.53075946726252,17.));
#11463=CARTESIAN_POINT('Ctrl Pts',(0.692629327416586,4.56782766499854,17.));
#11464=CARTESIAN_POINT('Ctrl Pts',(0.557395207200543,4.59881173950311,17.));
#11465=CARTESIAN_POINT('Ctrl Pts',(0.421214331423338,4.62368350423082,17.));
#11466=CARTESIAN_POINT('Ctrl Pts',(0.283372487804613,4.64885862433894,17.));
#11467=CARTESIAN_POINT('Ctrl Pts',(0.14455996003859,4.66777180902909,17.));
#11468=CARTESIAN_POINT('Ctrl Pts',(0.00520876638280636,4.68035029723321,
17.));
#11469=CARTESIAN_POINT('Ctrl Pts',(-0.0709423090034022,4.68722404820977,
17.));
#11470=CARTESIAN_POINT('Ctrl Pts',(-0.147254715005129,4.69220529025119,
17.));
#11471=CARTESIAN_POINT('Ctrl Pts',(-0.223660574522713,4.69527612425138,
17.));
#11472=CARTESIAN_POINT('Ctrl Pts',(-0.36278092450928,4.7008675213452,17.));
#11473=CARTESIAN_POINT('Ctrl Pts',(-0.502210820427787,4.70012839013684,
17.));
#11474=CARTESIAN_POINT('Ctrl Pts',(-0.64155902917603,4.69318262020069,17.));
#11475=CARTESIAN_POINT('Ctrl Pts',(-0.724419653884633,4.68905245705643,
17.));
#11476=CARTESIAN_POINT('Ctrl Pts',(-0.807251580127518,4.68272672339235,
17.));
#11477=CARTESIAN_POINT('Ctrl Pts',(-0.889972967065974,4.67422278192754,
17.));
#11478=CARTESIAN_POINT('Ctrl Pts',(-0.915268477321338,4.6716223475478,17.));
#11479=CARTESIAN_POINT('Ctrl Pts',(-0.940553648844712,4.66881818672013,
17.));
#11480=CARTESIAN_POINT('Ctrl Pts',(-0.965826131217697,4.66581067615642,
17.));
#11481=CARTESIAN_POINT('Ctrl Pts',(-0.98454361818223,4.66358323213485,17.));
#11482=CARTESIAN_POINT('Ctrl Pts',(-1.00324476686543,4.66124535033677,17.));
#11483=CARTESIAN_POINT('Ctrl Pts',(-1.02192627026715,4.65879783817734,17.));
#11484=CARTESIAN_POINT('Ctrl Pts',(-1.16311756801357,4.64030000047069,17.));
#11485=CARTESIAN_POINT('Ctrl Pts',(-1.30322887285801,4.6155391065575,17.));
#11486=CARTESIAN_POINT('Ctrl Pts',(-1.44184754204859,4.58471483790376,17.));
#11487=CARTESIAN_POINT('Ctrl Pts',(-1.581839760003,4.55358513682628,17.));
#11488=CARTESIAN_POINT('Ctrl Pts',(-1.72031037905531,4.51627129112081,17.));
#11489=CARTESIAN_POINT('Ctrl Pts',(-1.856844103796,4.47292612126182,17.));
#11490=CARTESIAN_POINT('Ctrl Pts',(-1.99342951565924,4.42956454236461,17.));
#11491=CARTESIAN_POINT('Ctrl Pts',(-2.12807736969916,4.38016698074888,17.));
#11492=CARTESIAN_POINT('Ctrl Pts',(-2.26036977160611,4.32483470368491,17.));
#11493=CARTESIAN_POINT('Ctrl Pts',(-2.35967791136265,4.28329833859887,17.));
#11494=CARTESIAN_POINT('Ctrl Pts',(-2.45765877171079,4.23841664755628,17.));
#11495=CARTESIAN_POINT('Ctrl Pts',(-2.55413061973635,4.19021378111196,17.));
#11496=CARTESIAN_POINT('Ctrl Pts',(-2.61859185511438,4.15800525206067,17.));
#11497=CARTESIAN_POINT('Ctrl Pts',(-2.6823792502618,4.12431356217015,17.));
#11498=CARTESIAN_POINT('Ctrl Pts',(-2.74545564865651,4.08917150871723,17.));
#11499=CARTESIAN_POINT('Origin',(1.98470157687398E-15,0.,4.25));
#11500=CARTESIAN_POINT('',(-4.40533262115191,0.41673672386144,4.));
#11501=CARTESIAN_POINT('Ctrl Pts',(4.91350361031651,0.332963508640168,4.5));
#11502=CARTESIAN_POINT('Ctrl Pts',(4.91902671559312,0.18691435185192,4.49551106220474));
#11503=CARTESIAN_POINT('Ctrl Pts',(4.91808307346442,0.0409132849576895,
4.49102443446877));
#11504=CARTESIAN_POINT('Ctrl Pts',(4.91063506948302,-0.104610643365269,
4.48653555134054));
#11505=CARTESIAN_POINT('Ctrl Pts',(4.90447907229867,-0.224890505627445,
4.48282535570058));
#11506=CARTESIAN_POINT('Ctrl Pts',(4.89387869944893,-0.344844796154347,
4.47911361928602));
#11507=CARTESIAN_POINT('Ctrl Pts',(4.87878582097057,-0.464230733576721,
4.47539776423717));
#11508=CARTESIAN_POINT('Ctrl Pts',(4.86049682731994,-0.608898210666856,
4.47089502809626));
#11509=CARTESIAN_POINT('Ctrl Pts',(4.83561233057986,-0.752732011649479,
4.46638624427682));
#11510=CARTESIAN_POINT('Ctrl Pts',(4.80428849739474,-0.895316993456822,
4.46186682595062));
#11511=CARTESIAN_POINT('Ctrl Pts',(4.78646922293564,-0.976429701137114,
4.45929585211501));
#11512=CARTESIAN_POINT('Ctrl Pts',(4.76656515579152,-1.05713800708449,4.45672143678093));
#11513=CARTESIAN_POINT('Ctrl Pts',(4.74459814355839,-1.13736247988746,4.45414273552972));
#11514=CARTESIAN_POINT('Ctrl Pts',(4.73423200390698,-1.17522006742419,4.45292585737599));
#11515=CARTESIAN_POINT('Ctrl Pts',(4.7234064064655,-1.21296987455062,4.45170802481025));
#11516=CARTESIAN_POINT('Ctrl Pts',(4.71212328211763,-1.2506033307317,4.45048914909728));
#11517=CARTESIAN_POINT('Ctrl Pts',(4.70636720900801,-1.26980199578824,4.4498673410325));
#11518=CARTESIAN_POINT('Ctrl Pts',(4.70049334075588,-1.28896599153227,4.44924540319091));
#11519=CARTESIAN_POINT('Ctrl Pts',(4.69450457372826,-1.30808655391686,4.44862357411038));
#11520=CARTESIAN_POINT('Ctrl Pts',(4.65111385835115,-1.44662172759336,4.444118204554));
#11521=CARTESIAN_POINT('Ctrl Pts',(4.60165901475934,-1.58300086595016,4.4396145647008));
#11522=CARTESIAN_POINT('Ctrl Pts',(4.54633280936937,-1.71682901158735,4.4351080351498));
#11523=CARTESIAN_POINT('Ctrl Pts',(4.49107998693442,-1.85047965174185,4.43060748291919));
#11524=CARTESIAN_POINT('Ctrl Pts',(4.42997103219443,-1.98158677946873,4.4261040486513));
#11525=CARTESIAN_POINT('Ctrl Pts',(4.36314993523141,-2.10973748925767,4.42159313130188));
#11526=CARTESIAN_POINT('Ctrl Pts',(4.30942119395687,-2.21277944222366,4.4179660446153));
#11527=CARTESIAN_POINT('Ctrl Pts',(4.25199842827422,-2.31390977058554,4.41433411992042));
#11528=CARTESIAN_POINT('Ctrl Pts',(4.19093608517308,-2.41289990749763,4.41069496535808));
#11529=CARTESIAN_POINT('Ctrl Pts',(4.16040491362251,-2.46239497595367,4.4088753880769));
#11530=CARTESIAN_POINT('Ctrl Pts',(4.1289635749732,-2.51135477586145,4.40705400332886));
#11531=CARTESIAN_POINT('Ctrl Pts',(4.09661730194375,-2.5597492574622,4.40523051213156));
#11532=CARTESIAN_POINT('Ctrl Pts',(4.07763211493147,-2.58815371329289,4.40416023978938));
#11533=CARTESIAN_POINT('Ctrl Pts',(4.05833516450667,-2.61636340076464,4.40308924178873));
#11534=CARTESIAN_POINT('Ctrl Pts',(4.03872734922005,-2.64437206404459,4.40201745767667));
#11535=CARTESIAN_POINT('Ctrl Pts',(4.02825999872639,-2.65932408654808,4.40144530112631));
#11536=CARTESIAN_POINT('Ctrl Pts',(4.01770350557968,-2.67421958515295,4.40087289096228));
#11537=CARTESIAN_POINT('Ctrl Pts',(4.00705969318837,-2.68905522367703,4.40030030940089));
#11538=CARTESIAN_POINT('Ctrl Pts',(4.00367160393121,-2.69377763569056,4.40011804787977));
#11539=CARTESIAN_POINT('Ctrl Pts',(4.00027510520671,-2.69849337349564,4.39993579251564));
#11540=CARTESIAN_POINT('Ctrl Pts',(3.99687020896025,-2.70320241228506,4.39975354300233));
#11541=CARTESIAN_POINT('Ctrl Pts',(3.91360087582605,-2.8183655454073,4.39529649223222));
#11542=CARTESIAN_POINT('Ctrl Pts',(3.82531295735752,-2.92952434001862,4.3908429407414));
#11543=CARTESIAN_POINT('Ctrl Pts',(3.73238624396486,-3.03645758534485,4.38638841007459));
#11544=CARTESIAN_POINT('Ctrl Pts',(3.63834894001586,-3.14466881681825,4.38188064218985));
#11545=CARTESIAN_POINT('Ctrl Pts',(3.53956074736152,-3.24855343136146,4.37737187158452));
#11546=CARTESIAN_POINT('Ctrl Pts',(3.43637291769251,-3.34784987803238,4.3728574573072));
#11547=CARTESIAN_POINT('Ctrl Pts',(3.33338113039893,-3.44695767540871,4.3683516197826));
#11548=CARTESIAN_POINT('Ctrl Pts',(3.22600577452298,-3.54149519343119,4.36384016001002));
#11549=CARTESIAN_POINT('Ctrl Pts',(3.11456325860214,-3.63116289510736,4.35931846343932));
#11550=CARTESIAN_POINT('Ctrl Pts',(3.00437234192361,-3.71982354820291,4.35484754956996));
#11551=CARTESIAN_POINT('Ctrl Pts',(2.89020447890303,-3.80372354529558,4.3503666275481));
#11552=CARTESIAN_POINT('Ctrl Pts',(2.77234283267438,-3.88252840632794,4.3458712365606));
#11553=CARTESIAN_POINT('Ctrl Pts',(2.73788367749285,-3.9055685472242,4.34455692116966));
#11554=CARTESIAN_POINT('Ctrl Pts',(2.70310866204206,-3.92817283971626,4.3432413689723));
#11555=CARTESIAN_POINT('Ctrl Pts',(2.66802460858211,-3.95033211272685,4.34192446848506));
#11556=CARTESIAN_POINT('Ctrl Pts',(2.65259151484446,-3.96007973604299,4.34134517827603));
#11557=CARTESIAN_POINT('Ctrl Pts',(2.63710016849168,-3.9697402116379,4.34076568610307));
#11558=CARTESIAN_POINT('Ctrl Pts',(2.62156110183682,-3.97930683653362,4.34018635005824));
#11559=CARTESIAN_POINT('Ctrl Pts',(2.50019325845065,-4.05402693767398,4.33566144724915));
#11560=CARTESIAN_POINT('Ctrl Pts',(2.37575142649762,-4.1231302257964,4.3311398506144));
#11561=CARTESIAN_POINT('Ctrl Pts',(2.24857037507386,-4.18635917879598,4.32661686997774));
#11562=CARTESIAN_POINT('Ctrl Pts',(2.22506885042908,-4.19804312684129,4.32578107769807));
#11563=CARTESIAN_POINT('Ctrl Pts',(2.20147370936621,-4.20952636856188,4.32494523815946));
#11564=CARTESIAN_POINT('Ctrl Pts',(2.17778695960506,-4.2208071142623,4.32410932176748));
#11565=CARTESIAN_POINT('Ctrl Pts',(2.04974827310038,-4.28178516641551,4.3195907770986));
#11566=CARTESIAN_POINT('Ctrl Pts',(1.91903441116455,-4.33685035179551,4.31506998681938));
#11567=CARTESIAN_POINT('Ctrl Pts',(1.78608008431475,-4.38594407080149,4.31054227662255));
#11568=CARTESIAN_POINT('Ctrl Pts',(1.65279258805908,-4.43516081344709,4.30600322046541));
#11569=CARTESIAN_POINT('Ctrl Pts',(1.51725259633358,-4.47837627810763,4.30145720966606));
#11570=CARTESIAN_POINT('Ctrl Pts',(1.37988532823306,-4.51548086711013,4.29689953468913));
#11571=CARTESIAN_POINT('Ctrl Pts',(1.25890720152968,-4.54815854740247,4.29288563102448));
#11572=CARTESIAN_POINT('Ctrl Pts',(1.13651127854416,-4.57609586217267,4.28886268042814));
#11573=CARTESIAN_POINT('Ctrl Pts',(1.01298717279556,-4.59918412856993,4.28482746591654));
#11574=CARTESIAN_POINT('Ctrl Pts',(0.992558769915404,-4.60300246350066,
4.28416012258909));
#11575=CARTESIAN_POINT('Ctrl Pts',(0.972099517676716,-4.60668810260365,
4.28349244383733));
#11576=CARTESIAN_POINT('Ctrl Pts',(0.951610737115378,-4.61024046826337,
4.28282441511013));
#11577=CARTESIAN_POINT('Ctrl Pts',(0.933341871483237,-4.61340794280972,
4.28222876584642));
#11578=CARTESIAN_POINT('Ctrl Pts',(0.915054841849963,-4.61646850761108,
4.28163301165126));
#11579=CARTESIAN_POINT('Ctrl Pts',(0.896758150246785,-4.6194207985663,4.28103738724306));
#11580=CARTESIAN_POINT('Ctrl Pts',(0.75731002006836,-4.64192166715922,4.27649783923004));
#11581=CARTESIAN_POINT('Ctrl Pts',(0.617167679135373,-4.65816074790137,
4.27196145915708));
#11582=CARTESIAN_POINT('Ctrl Pts',(0.476754728206185,-4.66808650036169,
4.26742350767714));
#11583=CARTESIAN_POINT('Ctrl Pts',(0.336842435352595,-4.67797686144185,
4.26290173677056));
#11584=CARTESIAN_POINT('Ctrl Pts',(0.196660679372867,-4.68159891298738,
4.25837840564308));
#11585=CARTESIAN_POINT('Ctrl Pts',(0.0566225780638766,-4.67885065934018,
4.25384882546309));
#11586=CARTESIAN_POINT('Ctrl Pts',(0.00117415281821345,-4.67776248165504,
4.25205532722471));
#11587=CARTESIAN_POINT('Ctrl Pts',(-0.0542517528451866,-4.67567500842908,
4.25026084927038));
#11588=CARTESIAN_POINT('Ctrl Pts',(-0.109629343230142,-4.67257964215008,
4.24846510053264));
#11589=CARTESIAN_POINT('Ctrl Pts',(-0.250119547180057,-4.66472685121403,
4.24390937492859));
#11590=CARTESIAN_POINT('Ctrl Pts',(-0.39029991300883,-4.65039060607624,
4.23934547041302));
#11591=CARTESIAN_POINT('Ctrl Pts',(-0.529747403450135,-4.62968091342589,
4.23476863440404));
#11592=CARTESIAN_POINT('Ctrl Pts',(-0.607900088844291,-4.61807426429085,
4.23220356834528));
#11593=CARTESIAN_POINT('Ctrl Pts',(-0.685822331144719,-4.60446481990236,
4.22963444051877));
#11594=CARTESIAN_POINT('Ctrl Pts',(-0.763436883560357,-4.58886532573211,
4.22706041430263));
#11595=CARTESIAN_POINT('Ctrl Pts',(-0.793294194743892,-4.58286440274472,
4.22607021981798));
#11596=CARTESIAN_POINT('Ctrl Pts',(-0.823105946769173,-4.57656893565226,
4.22507930044953));
#11597=CARTESIAN_POINT('Ctrl Pts',(-0.852867636896515,-4.56997947105384,
4.22408760857042));
#11598=CARTESIAN_POINT('Ctrl Pts',(-0.86881418396411,-4.56644878422391,
4.2235562522812));
#11599=CARTESIAN_POINT('Ctrl Pts',(-0.884745049669482,-4.56283394679827,
4.22302471750382));
#11600=CARTESIAN_POINT('Ctrl Pts',(-0.900650087251888,-4.55913737437786,
4.22249331375514));
#11601=CARTESIAN_POINT('Ctrl Pts',(-1.03688766799168,-4.527473690405,4.21794147533658));
#11602=CARTESIAN_POINT('Ctrl Pts',(-1.17142237044955,-4.48977539902244,
4.21339287056194));
#11603=CARTESIAN_POINT('Ctrl Pts',(-1.30385832180369,-4.44621757064726,
4.20884271877493));
#11604=CARTESIAN_POINT('Ctrl Pts',(-1.43643775793091,-4.40261255051594,
4.20428763722761));
#11605=CARTESIAN_POINT('Ctrl Pts',(-1.56691464860073,-4.35313501381125,
4.19973100531395));
#11606=CARTESIAN_POINT('Ctrl Pts',(-1.69487806741007,-4.29791024553547,
4.19516802682232));
#11607=CARTESIAN_POINT('Ctrl Pts',(-1.82112080990546,-4.24342806409895,
4.19066640499875));
#11608=CARTESIAN_POINT('Ctrl Pts',(-1.94491788366188,-4.1833518193562,4.1861586061298));
#11609=CARTESIAN_POINT('Ctrl Pts',(-2.06585086838836,-4.11775768489214,
4.18164002489247));
#11610=CARTESIAN_POINT('Ctrl Pts',(-2.14439490931931,-4.07515534282784,
4.17870527859098));
#11611=CARTESIAN_POINT('Ctrl Pts',(-2.22173028601557,-4.03022451200383,
4.17576598396852));
#11612=CARTESIAN_POINT('Ctrl Pts',(-2.29773486651492,-3.98297689856373,
4.1728208792978));
#11613=CARTESIAN_POINT('Ctrl Pts',(-2.33809925303901,-3.95788471439921,
4.17125679799504));
#11614=CARTESIAN_POINT('Ctrl Pts',(-2.37808818133287,-3.93213896916061,
4.16969107800184));
#11615=CARTESIAN_POINT('Ctrl Pts',(-2.41768826483268,-3.90575059521434,
4.16812353032713));
#11616=CARTESIAN_POINT('Ctrl Pts',(-2.44281789559971,-3.88900492108426,
4.16712878761969));
#11617=CARTESIAN_POINT('Ctrl Pts',(-2.46779092830322,-3.87200045239504,
4.16613330890766));
#11618=CARTESIAN_POINT('Ctrl Pts',(-2.49260382303096,-3.85473989585705,
4.16513704589501));
#11619=CARTESIAN_POINT('Ctrl Pts',(-2.50594627215658,-3.84545850809414,
4.16460133296398));
#11620=CARTESIAN_POINT('Ctrl Pts',(-2.51924078683938,-3.83610416706259,
4.16406545790492));
#11621=CARTESIAN_POINT('Ctrl Pts',(-2.53247955757643,-3.82668263980315,
4.16352971040664));
#11622=CARTESIAN_POINT('Ctrl Pts',(-2.64434634688505,-3.747071320457,4.15900267736844));
#11623=CARTESIAN_POINT('Ctrl Pts',(-2.75238498209294,-3.6625627415532,4.15447874363781));
#11624=CARTESIAN_POINT('Ctrl Pts',(-2.85634499574588,-3.57350753982168,
4.14995320290559));
#11625=CARTESIAN_POINT('Ctrl Pts',(-2.96138284107007,-3.48352903581707,
4.145380742488));
#11626=CARTESIAN_POINT('Ctrl Pts',(-3.06225763536328,-3.38890860153468,
4.14080664157411));
#11627=CARTESIAN_POINT('Ctrl Pts',(-3.15867877885309,-3.28996603456733,
4.1362260459503));
#11628=CARTESIAN_POINT('Ctrl Pts',(-3.25457156533022,-3.1915656412065,4.13167055052477));
#11629=CARTESIAN_POINT('Ctrl Pts',(-3.34605986875377,-3.08888973177171,
4.12710863137218));
#11630=CARTESIAN_POINT('Ctrl Pts',(-3.43281817917797,-2.98222057535815,
4.12253551364107));
#11631=CARTESIAN_POINT('Ctrl Pts',(-3.51262349026983,-2.88410011669699,
4.11832889549225));
#11632=CARTESIAN_POINT('Ctrl Pts',(-3.58842646018567,-2.78260013014561,
4.11411280179583));
#11633=CARTESIAN_POINT('Ctrl Pts',(-3.65993838212152,-2.67792261265741,
4.10988351615573));
#11634=CARTESIAN_POINT('Ctrl Pts',(-3.6761156583103,-2.65424268537645,4.10892677607619));
#11635=CARTESIAN_POINT('Ctrl Pts',(-3.69207319212177,-2.63040009457711,
4.10796936090507));
#11636=CARTESIAN_POINT('Ctrl Pts',(-3.70780737073765,-2.60639709028566,
4.10701122761917));
#11637=CARTESIAN_POINT('Ctrl Pts',(-3.72102080923216,-2.58623955752645,
4.1062065948797));
#11638=CARTESIAN_POINT('Ctrl Pts',(-3.73407892315231,-2.56596526292727,
4.10540131387353));
#11639=CARTESIAN_POINT('Ctrl Pts',(-3.74696469954195,-2.54559940469562,
4.10459629807675));
#11640=CARTESIAN_POINT('Ctrl Pts',(-3.78656336137119,-2.48301406186555,
4.10212244261473));
#11641=CARTESIAN_POINT('Ctrl Pts',(-3.82456171905412,-2.41952433289313,
4.09964948546491));
#11642=CARTESIAN_POINT('Ctrl Pts',(-3.86091692642462,-2.35517929127563,
4.09717665806295));
#11643=CARTESIAN_POINT('Ctrl Pts',(-3.92785235428696,-2.23671035097791,
4.0926238093199));
#11644=CARTESIAN_POINT('Ctrl Pts',(-3.98922059976172,-2.11534350457425,
4.08807140040094));
#11645=CARTESIAN_POINT('Ctrl Pts',(-4.04495689454691,-1.99150531796902,
4.08351463454063));
#11646=CARTESIAN_POINT('Ctrl Pts',(-4.10110645248017,-1.86674891893068,
4.07892408201739));
#11647=CARTESIAN_POINT('Ctrl Pts',(-4.1515404700929,-1.73948362840603,4.07432910770318));
#11648=CARTESIAN_POINT('Ctrl Pts',(-4.19614417928452,-1.61012513583032,
4.06972480734096));
#11649=CARTESIAN_POINT('Ctrl Pts',(-4.23478044956597,-1.49807325106703,
4.0657365068952));
#11650=CARTESIAN_POINT('Ctrl Pts',(-4.26904141916508,-1.38445016434546,
4.06174120889821));
#11651=CARTESIAN_POINT('Ctrl Pts',(-4.29882131785018,-1.26952053672576,
4.05773572588162));
#11652=CARTESIAN_POINT('Ctrl Pts',(-4.32115624186401,-1.18332331601098,
4.05473161361917));
#11653=CARTESIAN_POINT('Ctrl Pts',(-4.34096997892524,-1.09639103108794,
4.05172177228321));
#11654=CARTESIAN_POINT('Ctrl Pts',(-4.35820669722865,-1.00883551727873,
4.0487048571605));
#11655=CARTESIAN_POINT('Ctrl Pts',(-4.36201756077141,-0.989477881464857,
4.0480378478348));
#11656=CARTESIAN_POINT('Ctrl Pts',(-4.36570285446576,-0.970087400684338,
4.04737041072427));
#11657=CARTESIAN_POINT('Ctrl Pts',(-4.36926051503265,-0.950672938119196,
4.04670279418132));
#11658=CARTESIAN_POINT('Ctrl Pts',(-4.39375583914913,-0.816999827899668,
4.04210609831962));
#11659=CARTESIAN_POINT('Ctrl Pts',(-4.41214290038925,-0.682536829154051,
4.03751277875684));
#11660=CARTESIAN_POINT('Ctrl Pts',(-4.42433825970024,-0.547692243434581,
4.03291790297842));
#11661=CARTESIAN_POINT('Ctrl Pts',(-4.43440579398012,-0.436375105942427,
4.02912473311509));
#11662=CARTESIAN_POINT('Ctrl Pts',(-4.44025292059026,-0.324797371832185,
4.02533050271235));
#11663=CARTESIAN_POINT('Ctrl Pts',(-4.44180624027819,-0.21318464127945,
4.02153243682811));
#11664=CARTESIAN_POINT('Ctrl Pts',(-4.44369011033554,-0.0778204385710753,
4.01692613289029));
#11665=CARTESIAN_POINT('Ctrl Pts',(-4.43925958791294,0.0575959206513022,
4.01231418738112));
#11666=CARTESIAN_POINT('Ctrl Pts',(-4.42861700121188,0.192642739880755,
4.00769165008381));
#11667=CARTESIAN_POINT('Ctrl Pts',(-4.42272223331423,0.267443131649539,
4.0051312965503));
#11668=CARTESIAN_POINT('Ctrl Pts',(-4.41492075006572,0.342130043165911,
4.00256769357837));
#11669=CARTESIAN_POINT('Ctrl Pts',(-4.40522326753886,0.416630145871995,
4.));
#11670=CARTESIAN_POINT('',(4.40533262114103,0.416736723938123,4.));
#11671=CARTESIAN_POINT('Origin',(2.01939604639351E-15,0.,4.));
#11672=CARTESIAN_POINT('Ctrl Pts',(4.40533262114014,0.416736723937957,4.00000000000157));
#11673=CARTESIAN_POINT('Ctrl Pts',(4.40962531549307,0.548186851994212,4.01665329767071));
#11674=CARTESIAN_POINT('Ctrl Pts',(4.40786017165151,0.679827220298292,4.03323277421479));
#11675=CARTESIAN_POINT('Ctrl Pts',(4.40016874129893,0.811352064255034,4.04975899249949));
#11676=CARTESIAN_POINT('Ctrl Pts',(4.39810136509514,0.846704569594087,4.05420106749132));
#11677=CARTESIAN_POINT('Ctrl Pts',(4.39560553813036,0.882048766299677,4.05863929468952));
#11678=CARTESIAN_POINT('Ctrl Pts',(4.39268317780343,0.917378771431266,4.06307407341389));
#11679=CARTESIAN_POINT('Ctrl Pts',(4.38168109239371,1.05038897226195,4.07977010293812));
#11680=CARTESIAN_POINT('Ctrl Pts',(4.36468615812908,1.18260414215266,4.09634292756418));
#11681=CARTESIAN_POINT('Ctrl Pts',(4.34193358897426,1.31369235230673,4.11281084514558));
#11682=CARTESIAN_POINT('Ctrl Pts',(4.31866932180257,1.4477286944592,4.12964912093626));
#11683=CARTESIAN_POINT('Ctrl Pts',(4.28938565931632,1.58058743277826,4.14637771796989));
#11684=CARTESIAN_POINT('Ctrl Pts',(4.25428225194468,1.71193032977809,4.16301619661116));
#11685=CARTESIAN_POINT('Ctrl Pts',(4.21893095460473,1.84420073179847,4.17977217130914));
#11686=CARTESIAN_POINT('Ctrl Pts',(4.17767741429234,1.97493453183717,4.19643675034145));
#11687=CARTESIAN_POINT('Ctrl Pts',(4.13067292871739,2.10379266593804,4.2130299113946));
#11688=CARTESIAN_POINT('Ctrl Pts',(4.08371316645666,2.23252819550975,4.22960728456821));
#11689=CARTESIAN_POINT('Ctrl Pts',(4.03101330909137,2.35939238450816,4.24611337560202));
#11690=CARTESIAN_POINT('Ctrl Pts',(3.9726727659174,2.48404234851559,4.26256810521233));
#11691=CARTESIAN_POINT('Ctrl Pts',(3.95329079625547,2.52545371853914,4.26803471647015));
#11692=CARTESIAN_POINT('Ctrl Pts',(3.93328584303924,2.56662061332474,4.27349565891754));
#11693=CARTESIAN_POINT('Ctrl Pts',(3.91266031897427,2.60753011825468,4.27895166299909));
#11694=CARTESIAN_POINT('Ctrl Pts',(3.90403905141217,2.62462989165792,4.2812322194038));
#11695=CARTESIAN_POINT('Ctrl Pts',(3.89530894120486,2.64168536173518,4.28351200528183));
#11696=CARTESIAN_POINT('Ctrl Pts',(3.8864782503677,2.65868117572561,4.28578913809471));
#11697=CARTESIAN_POINT('Ctrl Pts',(3.8226252795859,2.78157452961559,4.30225463299745));
#11698=CARTESIAN_POINT('Ctrl Pts',(3.75342873634975,2.90152736418967,4.31860523090468));
#11699=CARTESIAN_POINT('Ctrl Pts',(3.67924612538507,3.01821308004288,4.33485837076777));
#11700=CARTESIAN_POINT('Ctrl Pts',(3.60311307919677,3.13796673765946,4.35153884388418));
#11701=CARTESIAN_POINT('Ctrl Pts',(3.52172821411543,3.25427996074097,4.36811666678275));
#11702=CARTESIAN_POINT('Ctrl Pts',(3.43542331598462,3.36679774481899,4.38461069043091));
#11703=CARTESIAN_POINT('Ctrl Pts',(3.34859884825798,3.47999290435153,4.40120401079786));
#11704=CARTESIAN_POINT('Ctrl Pts',(3.25679460253244,3.58934759779211,4.41771251990694));
#11705=CARTESIAN_POINT('Ctrl Pts',(3.16029741077293,3.69448660647025,4.434155411237));
#11706=CARTESIAN_POINT('Ctrl Pts',(3.06454719104225,3.79881174795505,4.45047102031488));
#11707=CARTESIAN_POINT('Ctrl Pts',(2.96417595831648,3.89898699004319,4.466722023559));
#11708=CARTESIAN_POINT('Ctrl Pts',(2.85941981012913,3.99462049317155,4.48292717216703));
#11709=CARTESIAN_POINT('Ctrl Pts',(2.82259655473944,4.02823701086947,4.48862350919495));
#11710=CARTESIAN_POINT('Ctrl Pts',(2.78523112038068,4.06129205766868,4.49431418032725));
#11711=CARTESIAN_POINT('Ctrl Pts',(2.74733260803011,4.09376758886884,4.5));
#11712=CARTESIAN_POINT('Origin',(1.68846418328409E-15,0.,4.));
#11713=CARTESIAN_POINT('',(-2.36230756092323,3.31488661006752,4.));
#11714=CARTESIAN_POINT('Ctrl Pts',(-4.40522326753885,0.416630145871994,
4.));
#11715=CARTESIAN_POINT('Ctrl Pts',(-4.38032828643054,0.547196985814584,
4.));
#11716=CARTESIAN_POINT('Ctrl Pts',(-4.34960234601252,0.676425990638309,
4.));
#11717=CARTESIAN_POINT('Ctrl Pts',(-4.31316444729934,0.803924685502714,
4.));
#11718=CARTESIAN_POINT('Ctrl Pts',(-4.27696446921519,0.930590879845599,
4.));
#11719=CARTESIAN_POINT('Ctrl Pts',(-4.23512650389607,1.05555000146537,4.));
#11720=CARTESIAN_POINT('Ctrl Pts',(-4.18772207308194,1.17839361463076,4.));
#11721=CARTESIAN_POINT('Ctrl Pts',(-4.14162917096575,1.29783853865978,4.));
#11722=CARTESIAN_POINT('Ctrl Pts',(-4.09027309822043,1.41528389929039,4.));
#11723=CARTESIAN_POINT('Ctrl Pts',(-4.03368309879265,1.53032309053727,4.));
#11724=CARTESIAN_POINT('Ctrl Pts',(-4.00538809907876,1.58784268616071,4.));
#11725=CARTESIAN_POINT('Ctrl Pts',(-3.97578408137072,1.64476019971342,4.));
#11726=CARTESIAN_POINT('Ctrl Pts',(-3.94487165198198,1.70102117373203,4.));
#11727=CARTESIAN_POINT('Ctrl Pts',(-3.93253796470952,1.72346862522358,4.));
#11728=CARTESIAN_POINT('Ctrl Pts',(-3.91999596798681,1.74581153168539,4.));
#11729=CARTESIAN_POINT('Ctrl Pts',(-3.90724561620896,1.76804631217717,4.));
#11730=CARTESIAN_POINT('Ctrl Pts',(-3.89598146956452,1.78768936457523,4.));
#11731=CARTESIAN_POINT('Ctrl Pts',(-3.88455398075046,1.80724907700376,4.));
#11732=CARTESIAN_POINT('Ctrl Pts',(-3.87297367221935,1.82670567210052,4.));
#11733=CARTESIAN_POINT('Ctrl Pts',(-3.86480851530083,1.84042431799311,4.));
#11734=CARTESIAN_POINT('Ctrl Pts',(-3.85656623513636,1.85409373388981,4.));
#11735=CARTESIAN_POINT('Ctrl Pts',(-3.84824698494744,1.86771319435841,4.));
#11736=CARTESIAN_POINT('Ctrl Pts',(-3.78048433122187,1.97864756496935,4.));
#11737=CARTESIAN_POINT('Ctrl Pts',(-3.70761814958182,2.0862706090206,4.));
#11738=CARTESIAN_POINT('Ctrl Pts',(-3.62994859134879,2.19029298232996,4.));
#11739=CARTESIAN_POINT('Ctrl Pts',(-3.55238442110151,2.29417421014234,4.));
#11740=CARTESIAN_POINT('Ctrl Pts',(-3.47002921803793,2.39446504016297,4.));
#11741=CARTESIAN_POINT('Ctrl Pts',(-3.38315039073811,2.49083632473684,4.));
#11742=CARTESIAN_POINT('Ctrl Pts',(-3.34549851898439,2.53260207319699,4.));
#11743=CARTESIAN_POINT('Ctrl Pts',(-3.30699667302373,2.5736310802583,4.));
#11744=CARTESIAN_POINT('Ctrl Pts',(-3.26766526687047,2.61389379120515,4.));
#11745=CARTESIAN_POINT('Ctrl Pts',(-3.25161365724274,2.63032547727695,4.));
#11746=CARTESIAN_POINT('Ctrl Pts',(-3.23542387211608,2.6466295122195,4.));
#11747=CARTESIAN_POINT('Ctrl Pts',(-3.21909726872215,2.66280380035629,4.));
#11748=CARTESIAN_POINT('Ctrl Pts',(-3.20466910436963,2.67709736049811,4.));
#11749=CARTESIAN_POINT('Ctrl Pts',(-3.19014086387247,2.69128287974895,4.));
#11750=CARTESIAN_POINT('Ctrl Pts',(-3.17551394066786,2.70535900999261,4.));
#11751=CARTESIAN_POINT('Ctrl Pts',(-3.08383720940016,2.79358355261075,4.));
#11752=CARTESIAN_POINT('Ctrl Pts',(-2.98828292158,2.87751757114654,4.));
#11753=CARTESIAN_POINT('Ctrl Pts',(-2.88911908650385,2.95686220117531,4.));
#11754=CARTESIAN_POINT('Ctrl Pts',(-2.7916863150167,3.03482174358701,4.));
#11755=CARTESIAN_POINT('Ctrl Pts',(-2.69076824590974,3.10835104004128,4.));
#11756=CARTESIAN_POINT('Ctrl Pts',(-2.58659931861368,3.17712102371527,4.));
#11757=CARTESIAN_POINT('Ctrl Pts',(-2.51341443901319,3.22543603574379,4.));
#11758=CARTESIAN_POINT('Ctrl Pts',(-2.43862455098178,3.27140096461681,4.));
#11759=CARTESIAN_POINT('Ctrl Pts',(-2.36230756092323,3.31488661006752,4.));
#11760=CARTESIAN_POINT('',(2.36230756092326,3.3148866100675,4.));
#11761=CARTESIAN_POINT('Origin',(2.03540887847945E-15,0.,4.));
#11762=CARTESIAN_POINT('Ctrl Pts',(2.36375118659728,3.31862599438357,4.));
#11763=CARTESIAN_POINT('Ctrl Pts',(2.47347490993668,3.25557715600271,4.));
#11764=CARTESIAN_POINT('Ctrl Pts',(2.58000559427214,3.18734639152937,4.));
#11765=CARTESIAN_POINT('Ctrl Pts',(2.68309349222678,3.1143766347477,4.));
#11766=CARTESIAN_POINT('Ctrl Pts',(2.78589644155197,3.04160857605668,4.));
#11767=CARTESIAN_POINT('Ctrl Pts',(2.88527624202346,2.9641271532758,4.));
#11768=CARTESIAN_POINT('Ctrl Pts',(2.98097591952901,2.8823163629606,4.));
#11769=CARTESIAN_POINT('Ctrl Pts',(3.07814080778184,2.79925300782661,4.));
#11770=CARTESIAN_POINT('Ctrl Pts',(3.1715127508459,2.71172628668706,4.));
#11771=CARTESIAN_POINT('Ctrl Pts',(3.26080285569903,2.62008798522429,4.));
#11772=CARTESIAN_POINT('Ctrl Pts',(3.34813132179328,2.5304629106946,4.));
#11773=CARTESIAN_POINT('Ctrl Pts',(3.43155588705215,2.43690426112211,4.));
#11774=CARTESIAN_POINT('Ctrl Pts',(3.5107780202325,2.33970206456939,4.));
#11775=CARTESIAN_POINT('Ctrl Pts',(3.52947370443697,2.316763253182,4.));
#11776=CARTESIAN_POINT('Ctrl Pts',(3.54793520104007,2.29362137671304,4.));
#11777=CARTESIAN_POINT('Ctrl Pts',(3.56616037076539,2.27027995116713,4.));
#11778=CARTESIAN_POINT('Ctrl Pts',(3.57785013566802,2.25530858018752,4.));
#11779=CARTESIAN_POINT('Ctrl Pts',(3.58943730071243,2.24026194988309,4.));
#11780=CARTESIAN_POINT('Ctrl Pts',(3.60091809312676,2.22514586366427,4.));
#11781=CARTESIAN_POINT('Ctrl Pts',(3.67938967504025,2.12182693278181,4.));
#11782=CARTESIAN_POINT('Ctrl Pts',(3.75294631905589,2.01519989364535,4.));
#11783=CARTESIAN_POINT('Ctrl Pts',(3.82149499256017,1.90565035690401,4.));
#11784=CARTESIAN_POINT('Ctrl Pts',(3.892567403119,1.79206756596459,4.));
#11785=CARTESIAN_POINT('Ctrl Pts',(3.95825697256627,1.67534276692715,4.));
#11786=CARTESIAN_POINT('Ctrl Pts',(4.01842649849886,1.55585878233212,4.));
#11787=CARTESIAN_POINT('Ctrl Pts',(4.07746488879946,1.43862099446763,4.));
#11788=CARTESIAN_POINT('Ctrl Pts',(4.13118918361609,1.31872604096648,4.));
#11789=CARTESIAN_POINT('Ctrl Pts',(4.17943087403968,1.19650008836549,4.));
#11790=CARTESIAN_POINT('Ctrl Pts',(4.22905898170909,1.0707614858742,4.));
#11791=CARTESIAN_POINT('Ctrl Pts',(4.27288559803241,0.942555416668494,4.));
#11792=CARTESIAN_POINT('Ctrl Pts',(4.31067674131204,0.812208614300515,4.));
#11793=CARTESIAN_POINT('Ctrl Pts',(4.31559466786815,0.795246015521053,4.));
#11794=CARTESIAN_POINT('Ctrl Pts',(4.32041061683211,0.778245829430301,4.));
#11795=CARTESIAN_POINT('Ctrl Pts',(4.32511995114814,0.761223927349056,4.));
#11796=CARTESIAN_POINT('Ctrl Pts',(4.35659886117823,0.647443318838732,4.));
#11797=CARTESIAN_POINT('Ctrl Pts',(4.38336398581239,0.532531209958119,4.));
#11798=CARTESIAN_POINT('Ctrl Pts',(4.40533262113749,0.416736723937454,4.));
#11799=CARTESIAN_POINT('Ctrl Pts',(-2.96762184533716,4.16428837700013,3.39781266907388));
#11800=CARTESIAN_POINT('Ctrl Pts',(-3.66138631106622,3.66988683761889,3.43758514664969));
#11801=CARTESIAN_POINT('Ctrl Pts',(-4.79631609624749,2.32812011867077,3.5171301018013));
#11802=CARTESIAN_POINT('Ctrl Pts',(-5.32520571584602,-0.255699406350108,
3.63644753452872));
#11803=CARTESIAN_POINT('Ctrl Pts',(-4.55136455815366,-2.77629845997099,
3.75576496725615));
#11804=CARTESIAN_POINT('Ctrl Pts',(-2.66407423740458,-4.61803250932921,
3.87508239998357));
#11805=CARTESIAN_POINT('Ctrl Pts',(-0.125051088142934,-5.32985124761312,
3.99439983271099));
#11806=CARTESIAN_POINT('Ctrl Pts',(2.44456626950514,-4.73786381784125,4.11371726543841));
#11807=CARTESIAN_POINT('Ctrl Pts',(4.41614641829949,-2.98676772586134,4.23303469816584));
#11808=CARTESIAN_POINT('Ctrl Pts',(5.30736533604928,-0.505013219925691,
4.35235213089326));
#11809=CARTESIAN_POINT('Ctrl Pts',(4.90019539534242,2.10029813706337,4.47166956362068));
#11810=CARTESIAN_POINT('Ctrl Pts',(3.29424660960767,4.19178908745775,4.59098699634811));
#11811=CARTESIAN_POINT('Ctrl Pts',(0.882396521968344,5.25780770601159,4.71030442907552));
#11812=CARTESIAN_POINT('Ctrl Pts',(-1.7453221488187,5.03756000596428,4.82962186180295));
#11813=CARTESIAN_POINT('Ctrl Pts',(-3.94606694711642,3.5849293222871,4.94893929453036));
#11814=CARTESIAN_POINT('Ctrl Pts',(-5.18144981291785,1.25528469787609,5.06825672725779));
#11815=CARTESIAN_POINT('Ctrl Pts',(-5.14924791305184,-1.38145134931606,
5.18757415998521));
#11816=CARTESIAN_POINT('Ctrl Pts',(-3.8573390823416,-3.68023059649628,5.30689159271263));
#11817=CARTESIAN_POINT('Ctrl Pts',(-1.62177462556568,-5.07868181352554,
5.42620902544006));
#11818=CARTESIAN_POINT('Ctrl Pts',(1.01053917596382,-5.23468934725955,5.54552645816748));
#11819=CARTESIAN_POINT('Ctrl Pts',(3.39563567029818,-4.11008763162795,5.6648438908949));
#11820=CARTESIAN_POINT('Ctrl Pts',(4.95002720481163,-1.97999813948032,5.78416132362233));
#11821=CARTESIAN_POINT('Ctrl Pts',(5.29344896799416,0.634476147089144,5.90347875634974));
#11822=CARTESIAN_POINT('Ctrl Pts',(4.34188659864297,3.09373281342119,6.02279618907718));
#11823=CARTESIAN_POINT('Ctrl Pts',(2.32812937587545,4.79614173767165,6.14211362180458));
#11824=CARTESIAN_POINT('Ctrl Pts',(-0.255179120299434,5.32522727903205,
6.26143105453201));
#11825=CARTESIAN_POINT('Ctrl Pts',(-2.77606084820367,4.55155447348552,6.38074848725943));
#11826=CARTESIAN_POINT('Ctrl Pts',(-4.61780978943158,2.66439387219789,6.50006591998686));
#11827=CARTESIAN_POINT('Ctrl Pts',(-5.32986229984104,0.125418583367985,
6.61938335271427));
#11828=CARTESIAN_POINT('Ctrl Pts',(-4.73802255662494,-2.44423898472145,
6.7387007854417));
#11829=CARTESIAN_POINT('Ctrl Pts',(-2.98707764908981,-4.41594033780221,
6.85801821816911));
#11830=CARTESIAN_POINT('Ctrl Pts',(-0.50537701476619,-5.3073304066844,6.97733565089655));
#11831=CARTESIAN_POINT('Ctrl Pts',(2.09995855769835,-4.90034039584674,7.09665308362396));
#11832=CARTESIAN_POINT('Ctrl Pts',(4.19156233293235,-3.29453595687303,7.21597051635139));
#11833=CARTESIAN_POINT('Ctrl Pts',(5.25774644990389,-0.882759470009546,
7.33528794907881));
#11834=CARTESIAN_POINT('Ctrl Pts',(5.03768063335248,1.74497437912751,7.45460538180623));
#11835=CARTESIAN_POINT('Ctrl Pts',(3.58520165587208,3.94581950348802,7.57392281453365));
#11836=CARTESIAN_POINT('Ctrl Pts',(1.25564236734899,5.1813630692414,7.69324024726108));
#11837=CARTESIAN_POINT('Ctrl Pts',(-1.38109580370787,5.1493434180505,7.81255767998849));
#11838=CARTESIAN_POINT('Ctrl Pts',(-3.67996450765634,3.85759282016189,7.93187511271592));
#11839=CARTESIAN_POINT('Ctrl Pts',(-5.0785694439527,1.62212580828998,8.05119254544333));
#11840=CARTESIAN_POINT('Ctrl Pts',(-5.2347598983061,-1.01017899589723,8.17050997817077));
#11841=CARTESIAN_POINT('Ctrl Pts',(-4.11032043773691,-3.39534961487155,
8.28982741089817));
#11842=CARTESIAN_POINT('Ctrl Pts',(-1.98034297286109,-4.94989508572405,
8.40914484362561));
#11843=CARTESIAN_POINT('Ctrl Pts',(0.634116900240946,-5.29348374556024,
8.52846227635303));
#11844=CARTESIAN_POINT('Ctrl Pts',(3.09342093286438,-4.3421178930166,8.64777970908045));
#11845=CARTESIAN_POINT('Ctrl Pts',(4.79600493462341,-2.32842551760287,8.76709714180788));
#11846=CARTESIAN_POINT('Ctrl Pts',(5.32519777176775,0.254742712301563,8.88641457453529));
#11847=CARTESIAN_POINT('Ctrl Pts',(4.55183887125605,2.77588213065425,9.00573200726272));
#11848=CARTESIAN_POINT('Ctrl Pts',(2.66452994041011,4.61735903473309,9.12504943999014));
#11849=CARTESIAN_POINT('Ctrl Pts',(0.126146289264791,5.33037906517075,9.24436687271756));
#11850=CARTESIAN_POINT('Ctrl Pts',(-2.44462030995704,4.73715662469365,9.36368430544498));
#11851=CARTESIAN_POINT('Ctrl Pts',(-4.41434033936197,2.98941895861282,9.48300173817241));
#11852=CARTESIAN_POINT('Ctrl Pts',(-5.31002573472264,0.501745058069687,
9.60231917089983));
#11853=CARTESIAN_POINT('Ctrl Pts',(-4.89527437954767,-2.09188402258815,
9.72163660362724));
#11854=CARTESIAN_POINT('Ctrl Pts',(-2.77235834742273,-4.90921119276525,
9.88072651393048));
#11855=CARTESIAN_POINT('Ctrl Pts',(1.97061456366655,-5.7219291330258,10.0795889018095));
#11856=CARTESIAN_POINT('Ctrl Pts',(5.8838453948302,-1.41568292058625,10.3182237672644));
#11857=CARTESIAN_POINT('Ctrl Pts',(4.62229806668468,3.22810872252149,10.5170861551434));
#11858=CARTESIAN_POINT('Ctrl Pts',(1.61527201741286,5.0725325356057,10.6761760654466));
#11859=CARTESIAN_POINT('Ctrl Pts',(-1.00609686364052,5.23792807393217,10.7954934981741));
#11860=CARTESIAN_POINT('Ctrl Pts',(-3.39696239242631,4.10897467092137,10.9148109309015));
#11861=CARTESIAN_POINT('Ctrl Pts',(-4.94879145531351,1.98148542223993,11.0341283636289));
#11862=CARTESIAN_POINT('Ctrl Pts',(-5.2940252261986,-0.634153584771679,
11.1534457963563));
#11863=CARTESIAN_POINT('Ctrl Pts',(-4.34206551747225,-3.09292600961478,
11.2727632290837));
#11864=CARTESIAN_POINT('Ctrl Pts',(-2.32891753965212,-4.79592554223519,
11.3920806618112));
#11865=CARTESIAN_POINT('Ctrl Pts',(0.254507895222347,-5.32520899957744,
11.5113980945386));
#11866=CARTESIAN_POINT('Ctrl Pts',(2.77539992827662,-4.551964846314,11.630715527266));
#11867=CARTESIAN_POINT('Ctrl Pts',(4.6174583930116,-2.66501760848689,11.7500329599934));
#11868=CARTESIAN_POINT('Ctrl Pts',(5.32983655469567,-0.126161435912412,
11.8693503927209));
#11869=CARTESIAN_POINT('Ctrl Pts',(4.73836422370682,2.4435883723186,11.9886678254483));
#11870=CARTESIAN_POINT('Ctrl Pts',(2.98768513630904,4.41552608806291,12.1079852581757));
#11871=CARTESIAN_POINT('Ctrl Pts',(0.506110849422288,5.30726149768057,12.2273026909031));
#11872=CARTESIAN_POINT('Ctrl Pts',(-2.09928253974168,4.90062981190236,12.3466201236305));
#11873=CARTESIAN_POINT('Ctrl Pts',(-4.19110716180066,3.29511485415581,12.465937556358));
#11874=CARTESIAN_POINT('Ctrl Pts',(-5.25762466043608,0.883485249460303,
12.5852549890854));
#11875=CARTESIAN_POINT('Ctrl Pts',(-5.03792144176513,-1.74427880700984,
12.7045724218128));
#11876=CARTESIAN_POINT('Ctrl Pts',(-3.58574640116329,-3.94532447511212,
12.8238898545402));
#11877=CARTESIAN_POINT('Ctrl Pts',(-1.25635774220929,-5.18118972544499,
12.9432072872676));
#11878=CARTESIAN_POINT('Ctrl Pts',(1.38038495555893,-5.14953390005689,13.0625247199951));
#11879=CARTESIAN_POINT('Ctrl Pts',(3.67943168023082,-3.85810114855745,13.1818421527225));
#11880=CARTESIAN_POINT('Ctrl Pts',(5.07834584856431,-1.62282635595665,13.3011595854499));
#11881=CARTESIAN_POINT('Ctrl Pts',(5.23489850966102,1.00945508385452,13.4204770181774));
#11882=CARTESIAN_POINT('Ctrl Pts',(4.11079075925591,3.39478442354397,13.5397944509047));
#11883=CARTESIAN_POINT('Ctrl Pts',(1.98102321625915,4.94961705368822,13.6591118836322));
#11884=CARTESIAN_POINT('Ctrl Pts',(-0.633379893095372,5.2935802503923,13.7784293163596));
#11885=CARTESIAN_POINT('Ctrl Pts',(-3.09283356962885,4.34252719832042,13.897746749087));
#11886=CARTESIAN_POINT('Ctrl Pts',(-4.79565949374921,2.32912257686203,14.0170641818144));
#11887=CARTESIAN_POINT('Ctrl Pts',(-5.32528001083975,-0.254076293531103,
14.1363816145419));
#11888=CARTESIAN_POINT('Ctrl Pts',(-4.55212928075861,-2.7751181902597,14.2556990472693));
#11889=CARTESIAN_POINT('Ctrl Pts',(-2.66535013448756,-4.61725791102268,
14.3750164799967));
#11890=CARTESIAN_POINT('Ctrl Pts',(-0.126522362026457,-5.32983621229496,
14.4943339127241));
#11891=CARTESIAN_POINT('Ctrl Pts',(2.44325771788005,-4.73852864133375,14.6136513454516));
#11892=CARTESIAN_POINT('Ctrl Pts',(4.4153216372049,-2.98799209923532,14.732968778179));
#11893=CARTESIAN_POINT('Ctrl Pts',(5.3072256340435,-0.506476117721,14.8522862109064));
#11894=CARTESIAN_POINT('Ctrl Pts',(4.90077517591903,2.09894368058306,14.9716036436338));
#11895=CARTESIAN_POINT('Ctrl Pts',(3.29540393872488,4.19087996967031,15.0909210763613));
#11896=CARTESIAN_POINT('Ctrl Pts',(0.883848285353312,5.25756351450688,15.2102385090887));
#11897=CARTESIAN_POINT('Ctrl Pts',(-1.74393104567483,5.03804191570891,15.3295559418161));
#11898=CARTESIAN_POINT('Ctrl Pts',(-3.94507699307438,3.58601869984441,15.4488733745435));
#11899=CARTESIAN_POINT('Ctrl Pts',(-5.18110282982145,1.25671543464069,15.5681908072709));
#11900=CARTESIAN_POINT('Ctrl Pts',(-5.14962950634925,-1.38002950791416,
15.6875082399983));
#11901=CARTESIAN_POINT('Ctrl Pts',(-3.85835447583359,-3.67916528814028,
15.8068256727258));
#11902=CARTESIAN_POINT('Ctrl Pts',(-1.62317822091811,-5.07823390956187,
15.9261431054532));
#11903=CARTESIAN_POINT('Ctrl Pts',(1.00909628138317,-5.23496799011186,16.0454605381806));
#11904=CARTESIAN_POINT('Ctrl Pts',(3.39449557680783,-4.1110254700182,16.1647779709081));
#11905=CARTESIAN_POINT('Ctrl Pts',(4.94949026603024,-1.98136415352741,16.2840954036355));
#11906=CARTESIAN_POINT('Ctrl Pts',(5.29360431208654,0.633013019919654,16.4034128363629));
#11907=CARTESIAN_POINT('Ctrl Pts',(4.34277939917276,3.09253664323399,16.5227302690903));
#11908=CARTESIAN_POINT('Ctrl Pts',(2.32937722483573,4.79549311588194,16.6420477018177));
#11909=CARTESIAN_POINT('Ctrl Pts',(-0.253556323710616,5.32530818762569,
16.7613651345451));
#11910=CARTESIAN_POINT('Ctrl Pts',(-2.77512561120996,4.5523037271352,16.8806825672726));
#11911=CARTESIAN_POINT('Ctrl Pts',(-4.00248493564705,3.29453084060689,16.9602275224242));
#11912=CARTESIAN_POINT('Ctrl Pts',(-4.42843740249368,2.55675952641927,17.));
#11913=CARTESIAN_POINT('Ctrl Pts',(-2.76585041719917,3.88115445468924,3.5985417793826));
#11914=CARTESIAN_POINT('Ctrl Pts',(-3.41244517791292,3.42036774559082,3.63831425695841));
#11915=CARTESIAN_POINT('Ctrl Pts',(-4.47021000895687,2.16982902037632,3.71785921211002));
#11916=CARTESIAN_POINT('Ctrl Pts',(-4.96313992093919,-0.238314160829575,
3.83717664483744));
#11917=CARTESIAN_POINT('Ctrl Pts',(-4.24191295861167,-2.58753529053759,
3.95649407756486));
#11918=CARTESIAN_POINT('Ctrl Pts',(-2.48294129946259,-4.3040480924605,4.07581151029229));
#11919=CARTESIAN_POINT('Ctrl Pts',(-0.11654874587703,-4.96746959858877,
4.19512894301971));
#11920=CARTESIAN_POINT('Ctrl Pts',(2.27835788680605,-4.41573195648188,4.31444637574713));
#11921=CARTESIAN_POINT('Ctrl Pts',(4.1158884285267,-2.78369455112028,4.43376380847456));
#11922=CARTESIAN_POINT('Ctrl Pts',(4.94651252551098,-0.470676891402871,
4.55308124120198));
#11923=CARTESIAN_POINT('Ctrl Pts',(4.56702645583385,1.95749687170111,4.6723986739294));
#11924=CARTESIAN_POINT('Ctrl Pts',(3.07026765349381,3.90678536572058,4.79171610665682));
#11925=CARTESIAN_POINT('Ctrl Pts',(0.822401544272207,4.90032436581318,4.91103353938424));
#11926=CARTESIAN_POINT('Ctrl Pts',(-1.62665603808045,4.69505151610014,5.03035097211166));
#11927=CARTESIAN_POINT('Ctrl Pts',(-3.67777010710669,3.34118657242556,5.14966840483909));
#11928=CARTESIAN_POINT('Ctrl Pts',(-4.82915811840143,1.16993669890236,5.2689858375665));
#11929=CARTESIAN_POINT('Ctrl Pts',(-4.79914565629513,-1.28752515986823,
5.38830327029393));
#11930=CARTESIAN_POINT('Ctrl Pts',(-3.59507493413839,-3.43000822247685,
5.50762070302135));
#11931=CARTESIAN_POINT('Ctrl Pts',(-1.51150862828825,-4.73337741290469,
5.62693813574878));
#11932=CARTESIAN_POINT('Ctrl Pts',(0.941831657502876,-4.87877784623226,
5.74625556847619));
#11933=CARTESIAN_POINT('Ctrl Pts',(3.16476317564093,-3.83063886947892,5.86557300120363));
#11934=CARTESIAN_POINT('Ctrl Pts',(4.61347015324319,-1.84537618522383,5.98489043393104));
#11935=CARTESIAN_POINT('Ctrl Pts',(4.93354234453876,0.591337511174732,6.10420786665846));
#11936=CARTESIAN_POINT('Ctrl Pts',(4.04667760454625,2.88338698077335,6.22352529938589));
#11937=CARTESIAN_POINT('Ctrl Pts',(2.16983764817486,4.47004750518621,6.3428427321133));
#11938=CARTESIAN_POINT('Ctrl Pts',(-0.237829249521691,4.96316001802372,
6.46216016484073));
#11939=CARTESIAN_POINT('Ctrl Pts',(-2.58731383422004,4.24208996141973,6.58147759756815));
#11940=CARTESIAN_POINT('Ctrl Pts',(-4.30384051550026,2.48323920198268,6.70079503029557));
#11941=CARTESIAN_POINT('Ctrl Pts',(-4.96747989936522,0.116891254752654,
6.820112463023));
#11942=CARTESIAN_POINT('Ctrl Pts',(-4.41587990246489,-2.27805285442568,
6.93942989575041));
#11943=CARTESIAN_POINT('Ctrl Pts',(-2.78398340237406,-4.11569635963818,
7.05874732847784));
#11944=CARTESIAN_POINT('Ctrl Pts',(-0.471015951486604,-4.9464799710268,
7.17806476120526));
#11945=CARTESIAN_POINT('Ctrl Pts',(1.95718038065968,-4.56716159761614,7.29738219393269));
#11946=CARTESIAN_POINT('Ctrl Pts',(3.90657402845075,-3.07053732776376,7.41669962666011));
#11947=CARTESIAN_POINT('Ctrl Pts',(4.90026727456643,-0.822739815131331,
7.53601705938753));
#11948=CARTESIAN_POINT('Ctrl Pts',(4.69516394191763,1.62633191358091,7.65533449211496));
#11949=CARTESIAN_POINT('Ctrl Pts',(3.34144038979141,3.67753948740563,7.77465192484237));
#11950=CARTESIAN_POINT('Ctrl Pts',(1.17027005008806,4.82907727250994,7.8939693575698));
#11951=CARTESIAN_POINT('Ctrl Pts',(-1.28719378814367,4.79923466781821,8.01328679029722));
#11952=CARTESIAN_POINT('Ctrl Pts',(-3.4297602252699,3.59531142008326,8.13260422302463));
#11953=CARTESIAN_POINT('Ctrl Pts',(-4.73327268344583,1.51183593376555,8.25192165575206));
#11954=CARTESIAN_POINT('Ctrl Pts',(-4.87884360044615,-0.94149596642114,
8.37123908847949));
#11955=CARTESIAN_POINT('Ctrl Pts',(-3.83085584687939,-3.16449656939447,
8.4905565212069));
#11956=CARTESIAN_POINT('Ctrl Pts',(-1.8456975730555,-4.61334701705787,8.60987395393432));
#11957=CARTESIAN_POINT('Ctrl Pts',(0.591002689860986,-4.9335747575451,8.72919138666175));
#11958=CARTESIAN_POINT('Ctrl Pts',(2.88309630527185,-4.04689317299572,8.84850881938917));
#11959=CARTESIAN_POINT('Ctrl Pts',(4.46992000350717,-2.17011365494494,8.9678262521166));
#11960=CARTESIAN_POINT('Ctrl Pts',(4.96313251698635,0.237422513318132,9.08714368484402));
#11961=CARTESIAN_POINT('Ctrl Pts',(4.2423550227157,2.58714726784656,9.20646111757144));
#11962=CARTESIAN_POINT('Ctrl Pts',(2.4833660187879,4.30342040804189,9.32577855029885));
#11963=CARTESIAN_POINT('Ctrl Pts',(0.117569483234308,4.96796152932929,9.44509598302629));
#11964=CARTESIAN_POINT('Ctrl Pts',(-2.27840825299629,4.41507284606813,9.56441341575369));
#11965=CARTESIAN_POINT('Ctrl Pts',(-4.11420514661169,2.78616552403865,9.68373084848114));
#11966=CARTESIAN_POINT('Ctrl Pts',(-4.9489920411515,0.467630934975805,9.80304828120853));
#11967=CARTESIAN_POINT('Ctrl Pts',(-4.56244002457733,-1.94965484086143,
9.92236571393598));
#11968=CARTESIAN_POINT('Ctrl Pts',(-2.5838630699841,-4.57542926062601,10.0814556242392));
#11969=CARTESIAN_POINT('Ctrl Pts',(1.83663060764289,-5.33288973614676,10.2803180121183));
#11970=CARTESIAN_POINT('Ctrl Pts',(5.48379715751068,-1.319429294092,10.5189528775731));
#11971=CARTESIAN_POINT('Ctrl Pts',(4.30802363051961,3.00862654417344,10.7178152654521));
#11972=CARTESIAN_POINT('Ctrl Pts',(1.50544813864042,4.72764623023167,10.8769051757553));
#11973=CARTESIAN_POINT('Ctrl Pts',(-0.937691382214092,4.88179636880202,
10.9962226084828));
#11974=CARTESIAN_POINT('Ctrl Pts',(-3.16599969267133,3.82960158002796,11.1155400412102));
#11975=CARTESIAN_POINT('Ctrl Pts',(-4.61231842352726,1.84676234621588,11.2348574739376));
#11976=CARTESIAN_POINT('Ctrl Pts',(-4.9340794224005,-0.591036880175624,
11.354174906665));
#11977=CARTESIAN_POINT('Ctrl Pts',(-4.04684435851439,-2.88263503232411,
11.4734923393925));
#11978=CARTESIAN_POINT('Ctrl Pts',(-2.1705722239477,-4.46984600908283,11.5928097721199));
#11979=CARTESIAN_POINT('Ctrl Pts',(0.23720366167518,-4.96314298140659,11.7121272048473));
#11980=CARTESIAN_POINT('Ctrl Pts',(2.58669785086661,-4.2424724326098,11.8314446375747));
#11981=CARTESIAN_POINT('Ctrl Pts',(4.30351301085666,-2.48382052984892,11.9507620703022));
#11982=CARTESIAN_POINT('Ctrl Pts',(4.96745590465673,-0.11758360004697,12.0700795030296));
#11983=CARTESIAN_POINT('Ctrl Pts',(4.41619833927733,2.2774464777781,12.189396935757));
#11984=CARTESIAN_POINT('Ctrl Pts',(2.78454958596022,4.11531027513213,12.3087143684844));
#11985=CARTESIAN_POINT('Ctrl Pts',(0.47169989202738,4.94641574721161,12.4280318012118));
#11986=CARTESIAN_POINT('Ctrl Pts',(-1.95655032580601,4.56743133599923,12.5473492339392));
#11987=CARTESIAN_POINT('Ctrl Pts',(-3.90614980483667,3.0710768652704,12.6666666666667));
#11988=CARTESIAN_POINT('Ctrl Pts',(-4.90015376568021,0.823416248147829,
12.7859840993941));
#11989=CARTESIAN_POINT('Ctrl Pts',(-4.69538837753758,-1.62568363407222,
12.9053015321215));
#11990=CARTESIAN_POINT('Ctrl Pts',(-3.34194809733284,-3.67707811647922,
13.0246189648489));
#11991=CARTESIAN_POINT('Ctrl Pts',(-1.17093678593208,-4.8289157145229,13.1439363975764));
#11992=CARTESIAN_POINT('Ctrl Pts',(1.28653127123559,-4.79941219877205,13.2632538303038));
#11993=CARTESIAN_POINT('Ctrl Pts',(3.42926362528715,-3.59578518674835,13.3825712630312));
#11994=CARTESIAN_POINT('Ctrl Pts',(4.7330642905203,-1.51248885053093,13.5018886957586));
#11995=CARTESIAN_POINT('Ctrl Pts',(4.87897278748337,0.94082127384585,13.6212061284861));
#11996=CARTESIAN_POINT('Ctrl Pts',(3.83129419079158,3.16396980596211,13.7405235612135));
#11997=CARTESIAN_POINT('Ctrl Pts',(1.84633156605877,4.61308788868426,13.8598409939409));
#11998=CARTESIAN_POINT('Ctrl Pts',(-0.590315792531303,4.93366470092194,
13.9791584266683));
#11999=CARTESIAN_POINT('Ctrl Pts',(-2.88254887742063,4.04727464924315,14.0984758593958));
#12000=CARTESIAN_POINT('Ctrl Pts',(-4.46959804948613,2.17076332048295,14.2177932921231));
#12001=CARTESIAN_POINT('Ctrl Pts',(-4.96320916454572,-0.236801404992888,
14.3371107248506));
#12002=CARTESIAN_POINT('Ctrl Pts',(-4.24262568700032,-2.58643526848508,
14.456428157578));
#12003=CARTESIAN_POINT('Ctrl Pts',(-2.48413044709095,-4.3033261598286,14.5757455903055));
#12004=CARTESIAN_POINT('Ctrl Pts',(-0.117919986451687,-4.96745558553618,
14.6950630230328));
#12005=CARTESIAN_POINT('Ctrl Pts',(2.27713830484891,-4.41635157799363,14.8143804557603));
#12006=CARTESIAN_POINT('Ctrl Pts',(4.11511972508217,-2.78483567818556,14.9336978884877));
#12007=CARTESIAN_POINT('Ctrl Pts',(4.94638232197728,-0.472040325387504,
15.0530153212151));
#12008=CARTESIAN_POINT('Ctrl Pts',(4.56756681657832,1.95623450600346,15.1723327539426));
#12009=CARTESIAN_POINT('Ctrl Pts',(3.07134629470503,3.90593805971507,15.29165018667));
#12010=CARTESIAN_POINT('Ctrl Pts',(0.823754600885635,4.90009677712082,15.4109676193974));
#12011=CARTESIAN_POINT('Ctrl Pts',(-1.62535951736071,4.69550066034348,15.5302850521248));
#12012=CARTESIAN_POINT('Ctrl Pts',(-3.6768474609803,3.34220188216797,15.6496024848522));
#12013=CARTESIAN_POINT('Ctrl Pts',(-4.82883472701535,1.17127015851532,15.7689199175796));
#12014=CARTESIAN_POINT('Ctrl Pts',(-4.79950130470178,-1.28619999081382,
15.8882373503071));
#12015=CARTESIAN_POINT('Ctrl Pts',(-3.59602129006237,-3.42901534544788,
16.0075547830345));
#12016=CARTESIAN_POINT('Ctrl Pts',(-1.51281679185943,-4.73295996235695,
16.1268722157619));
#12017=CARTESIAN_POINT('Ctrl Pts',(0.940486866695341,-4.87903754389238,
16.2461896484893));
#12018=CARTESIAN_POINT('Ctrl Pts',(3.16370059818993,-3.83151294334618,16.3655070812168));
#12019=CARTESIAN_POINT('Ctrl Pts',(4.61296972143957,-1.84664932267832,16.4848245139442));
#12020=CARTESIAN_POINT('Ctrl Pts',(4.93368712663874,0.589973863411288,16.6041419466716));
#12021=CARTESIAN_POINT('Ctrl Pts',(4.04750970271997,2.88227213933339,16.723459379399));
#12022=CARTESIAN_POINT('Ctrl Pts',(2.17100065469903,4.4694429838081,16.8427768121265));
#12023=CARTESIAN_POINT('Ctrl Pts',(-0.236316788414408,4.96323542556523,
16.9620942448539));
#12024=CARTESIAN_POINT('Ctrl Pts',(-2.58644218487788,4.24278827260206,17.0814116775813));
#12025=CARTESIAN_POINT('Ctrl Pts',(-3.73035218300701,3.07053255935741,17.1609566327329));
#12026=CARTESIAN_POINT('Ctrl Pts',(-4.12734373703061,2.38292301761286,17.2007291103087));
#12027=CARTESIAN_POINT('Ctrl Pts',(-2.56407898906118,3.59802053237836,3.79927088969132));
#12028=CARTESIAN_POINT('Ctrl Pts',(-3.16350404475962,3.17084865356275,3.83904336726713));
#12029=CARTESIAN_POINT('Ctrl Pts',(-4.14410392166624,2.01153792208188,3.91858832241874));
#12030=CARTESIAN_POINT('Ctrl Pts',(-4.60107412603236,-0.220928915309045,
4.03790575514616));
#12031=CARTESIAN_POINT('Ctrl Pts',(-3.93246135906968,-2.39877212110418,
4.15722318787359));
#12032=CARTESIAN_POINT('Ctrl Pts',(-2.30180836152059,-3.99006367559179,
4.27654062060101));
#12033=CARTESIAN_POINT('Ctrl Pts',(-0.108046403611127,-4.60508794956442,
4.39585805332843));
#12034=CARTESIAN_POINT('Ctrl Pts',(2.11214950410695,-4.09360009512253,4.51517548605585));
#12035=CARTESIAN_POINT('Ctrl Pts',(3.81563043875391,-2.58062137637923,4.63449291878328));
#12036=CARTESIAN_POINT('Ctrl Pts',(4.58565971497269,-0.436340562880051,
4.75381035151069));
#12037=CARTESIAN_POINT('Ctrl Pts',(4.23385751632527,1.81469560633885,4.87312778423812));
#12038=CARTESIAN_POINT('Ctrl Pts',(2.84628869737995,3.62178164398343,4.99244521696554));
#12039=CARTESIAN_POINT('Ctrl Pts',(0.762406566576071,4.54284102561476,5.11176264969296));
#12040=CARTESIAN_POINT('Ctrl Pts',(-1.50798992734221,4.352543026236,5.23108008242038));
#12041=CARTESIAN_POINT('Ctrl Pts',(-3.40947326709696,3.09744382256402,5.35039751514781));
#12042=CARTESIAN_POINT('Ctrl Pts',(-4.47686642388501,1.08458869992864,5.46971494787522));
#12043=CARTESIAN_POINT('Ctrl Pts',(-4.44904339953841,-1.19359897042041,
5.58903238060265));
#12044=CARTESIAN_POINT('Ctrl Pts',(-3.33281078593519,-3.17978584845742,
5.70834981333006));
#12045=CARTESIAN_POINT('Ctrl Pts',(-1.40124263101083,-4.38807301228384,
5.8276672460575));
#12046=CARTESIAN_POINT('Ctrl Pts',(0.873124139041935,-4.52286634520497,
5.94698467878492));
#12047=CARTESIAN_POINT('Ctrl Pts',(2.93389068098367,-3.55119010732989,6.06630211151234));
#12048=CARTESIAN_POINT('Ctrl Pts',(4.27691310167476,-1.71075423096735,6.18561954423976));
#12049=CARTESIAN_POINT('Ctrl Pts',(4.57363572108336,0.548198875260322,6.30493697696718));
#12050=CARTESIAN_POINT('Ctrl Pts',(3.75146861044954,2.67304114812551,6.4242544096946));
#12051=CARTESIAN_POINT('Ctrl Pts',(2.01154592047427,4.14395327270077,6.54357184242203));
#12052=CARTESIAN_POINT('Ctrl Pts',(-0.220479378743955,4.60109275701539,
6.66288927514945));
#12053=CARTESIAN_POINT('Ctrl Pts',(-2.39856682023639,3.93262544935394,6.78220670787687));
#12054=CARTESIAN_POINT('Ctrl Pts',(-3.98987124156895,2.30208453176747,6.9015241406043));
#12055=CARTESIAN_POINT('Ctrl Pts',(-4.60509749888939,0.108363926137324,
7.02084157333171));
#12056=CARTESIAN_POINT('Ctrl Pts',(-4.09373724830484,-2.1118667241299,7.14015900605915));
#12057=CARTESIAN_POINT('Ctrl Pts',(-2.58088915565831,-3.81545238147414,
7.25947643878655));
#12058=CARTESIAN_POINT('Ctrl Pts',(-0.436654888207019,-4.58562953536921,
7.37879387151399));
#12059=CARTESIAN_POINT('Ctrl Pts',(1.814402203621,-4.23398279938554,7.49811130424139));
#12060=CARTESIAN_POINT('Ctrl Pts',(3.62158572396916,-2.84653869865449,7.61742873696884));
#12061=CARTESIAN_POINT('Ctrl Pts',(4.54278809922896,-0.762720160253118,
7.73674616969624));
#12062=CARTESIAN_POINT('Ctrl Pts',(4.35264725048279,1.50768944803431,7.85606360242367));
#12063=CARTESIAN_POINT('Ctrl Pts',(3.09767912371074,3.40925947132323,7.9753810351511));
#12064=CARTESIAN_POINT('Ctrl Pts',(1.08489773282713,4.47679147577848,8.09469846787851));
#12065=CARTESIAN_POINT('Ctrl Pts',(-1.19329177257947,4.44912591758592,8.21401590060594));
#12066=CARTESIAN_POINT('Ctrl Pts',(-3.17955594288344,3.33303002000464,8.33333333333336));
#12067=CARTESIAN_POINT('Ctrl Pts',(-4.38797592293898,1.40154605924113,8.45265076606077));
#12068=CARTESIAN_POINT('Ctrl Pts',(-4.52292730258619,-0.872812936945055,
8.57196819878821));
#12069=CARTESIAN_POINT('Ctrl Pts',(-3.55139125602188,-2.93364352391738,
8.69128563151562));
#12070=CARTESIAN_POINT('Ctrl Pts',(-1.7110521732499,-4.27679894839169,8.81060306424305));
#12071=CARTESIAN_POINT('Ctrl Pts',(0.547888479481024,-4.57366576952995,
8.92992049697046));
#12072=CARTESIAN_POINT('Ctrl Pts',(2.67277167767932,-3.75166845297484,9.0492379296979));
#12073=CARTESIAN_POINT('Ctrl Pts',(4.14383507239092,-2.01180179228701,9.16855536242531));
#12074=CARTESIAN_POINT('Ctrl Pts',(4.60106726220496,0.220102314334701,9.28787279515274));
#12075=CARTESIAN_POINT('Ctrl Pts',(3.93287117417534,2.39841240503886,9.40719022788015));
#12076=CARTESIAN_POINT('Ctrl Pts',(2.3022020971657,3.98948178135069,9.52650766060758));
#12077=CARTESIAN_POINT('Ctrl Pts',(0.108992677203821,4.60554399348783,9.645825093335));
#12078=CARTESIAN_POINT('Ctrl Pts',(-2.11219619603553,4.09298906744263,9.76514252606242));
#12079=CARTESIAN_POINT('Ctrl Pts',(-3.81406995386141,2.58291208946448,9.88445995878984));
#12080=CARTESIAN_POINT('Ctrl Pts',(-4.58795834758035,0.433516811881927,
10.0037773915173));
#12081=CARTESIAN_POINT('Ctrl Pts',(-4.229605669607,-1.80742565913471,10.1230948242447));
#12082=CARTESIAN_POINT('Ctrl Pts',(-2.39536779254545,-4.24164732848676,
10.2821847345479));
#12083=CARTESIAN_POINT('Ctrl Pts',(1.70264665161923,-4.94385033926772,10.481047122427));
#12084=CARTESIAN_POINT('Ctrl Pts',(5.08374892019115,-1.22317566759774,10.7196819878818));
#12085=CARTESIAN_POINT('Ctrl Pts',(3.99374919435455,2.7891443658254,10.9185443757608));
#12086=CARTESIAN_POINT('Ctrl Pts',(1.39562425986798,4.38275992485764,11.0776342860641));
#12087=CARTESIAN_POINT('Ctrl Pts',(-0.869285900787659,4.52566466367188,
11.1969517187915));
#12088=CARTESIAN_POINT('Ctrl Pts',(-2.93503699291636,3.55022848913454,11.3162691515189));
#12089=CARTESIAN_POINT('Ctrl Pts',(-4.27584539174101,1.71203927019183,11.4355865842463));
#12090=CARTESIAN_POINT('Ctrl Pts',(-4.57413361860241,-0.547920175579575,
11.5549040169737));
#12091=CARTESIAN_POINT('Ctrl Pts',(-3.75162319955651,-2.67234405503343,
11.6742214497012));
#12092=CARTESIAN_POINT('Ctrl Pts',(-2.01222690824328,-4.14376647593048,
11.7935388824286));
#12093=CARTESIAN_POINT('Ctrl Pts',(0.219899428128014,-4.60107696323575,
11.912856315156));
#12094=CARTESIAN_POINT('Ctrl Pts',(2.3979957734566,-3.93298001890559,12.0321737478834));
#12095=CARTESIAN_POINT('Ctrl Pts',(3.98956762870173,-2.30262345121095,12.1514911806109));
#12096=CARTESIAN_POINT('Ctrl Pts',(4.6050752546178,-0.109005764181525,12.2708086133383));
#12097=CARTESIAN_POINT('Ctrl Pts',(4.09403245484785,2.11130458323759,12.3901260460657));
#12098=CARTESIAN_POINT('Ctrl Pts',(2.5814140356114,3.81509446220136,12.5094434787931));
#12099=CARTESIAN_POINT('Ctrl Pts',(0.437288934632476,4.58556999674264,12.6287609115206));
#12100=CARTESIAN_POINT('Ctrl Pts',(-1.81381811187035,4.23423286009609,12.748078344248));
#12101=CARTESIAN_POINT('Ctrl Pts',(-3.62119244787268,2.84703887638499,12.8673957769754));
#12102=CARTESIAN_POINT('Ctrl Pts',(-4.54268287092434,0.763347246835357,
12.9867132097028));
#12103=CARTESIAN_POINT('Ctrl Pts',(-4.35285531331002,-1.50708846113461,
13.1060306424302));
#12104=CARTESIAN_POINT('Ctrl Pts',(-3.09814979350238,-3.40883175784632,
13.2253480751577));
#12105=CARTESIAN_POINT('Ctrl Pts',(-1.08551582965489,-4.47664170360081,
13.3446655078851));
#12106=CARTESIAN_POINT('Ctrl Pts',(1.19267758691226,-4.44929049748721,13.4639829406125));
#12107=CARTESIAN_POINT('Ctrl Pts',(3.17909557034348,-3.33346922493927,13.5833003733399));
#12108=CARTESIAN_POINT('Ctrl Pts',(4.38778273247628,-1.40215134510521,13.7026178060673));
#12109=CARTESIAN_POINT('Ctrl Pts',(4.52304706530574,0.87218746383717,13.8219352387948));
#12110=CARTESIAN_POINT('Ctrl Pts',(3.55179762232724,2.93315518838025,13.9412526715222));
#12111=CARTESIAN_POINT('Ctrl Pts',(1.71163991585839,4.27655872368029,14.0605701042496));
#12112=CARTESIAN_POINT('Ctrl Pts',(-0.547251691967234,4.5737491514516,14.179887536977));
#12113=CARTESIAN_POINT('Ctrl Pts',(-2.6722641852124,3.75202210016587,14.2992049697045));
#12114=CARTESIAN_POINT('Ctrl Pts',(-4.14353660522305,2.01240406410387,14.4185224024319));
#12115=CARTESIAN_POINT('Ctrl Pts',(-4.6011383182517,-0.219526516454679,
14.5378398351593));
#12116=CARTESIAN_POINT('Ctrl Pts',(-3.93312209324203,-2.39775234671046,
14.6571572678867));
#12117=CARTESIAN_POINT('Ctrl Pts',(-2.30291075969433,-3.98939440863452,
14.7764747006142));
#12118=CARTESIAN_POINT('Ctrl Pts',(-0.109317610876916,-4.60507495877739,
14.8957921333416));
#12119=CARTESIAN_POINT('Ctrl Pts',(2.11101889181776,-4.09417451465351,15.015109566069));
#12120=CARTESIAN_POINT('Ctrl Pts',(3.81491781295943,-2.58167925713581,15.1344269987964));
#12121=CARTESIAN_POINT('Ctrl Pts',(4.58553900991107,-0.43760453305401,15.2537444315238));
#12122=CARTESIAN_POINT('Ctrl Pts',(4.23435845723762,1.81352533142387,15.3730618642513));
#12123=CARTESIAN_POINT('Ctrl Pts',(2.84728865068517,3.62099614975982,15.4923792969787));
#12124=CARTESIAN_POINT('Ctrl Pts',(0.76366091641796,4.54263003973477,15.6116967297061));
#12125=CARTESIAN_POINT('Ctrl Pts',(-1.5067879890466,4.35295940497804,15.7310141624335));
#12126=CARTESIAN_POINT('Ctrl Pts',(-3.40861792888622,3.09838506449154,15.8503315951609));
#12127=CARTESIAN_POINT('Ctrl Pts',(-4.47656662420924,1.08582488238994,15.9696490278884));
#12128=CARTESIAN_POINT('Ctrl Pts',(-4.44937310305431,-1.19237047371348,
16.0889664606158));
#12129=CARTESIAN_POINT('Ctrl Pts',(-3.33368810429115,-3.17886540275549,
16.2082838933432));
#12130=CARTESIAN_POINT('Ctrl Pts',(-1.40245536280076,-4.38768601515204,
16.3276013260706));
#12131=CARTESIAN_POINT('Ctrl Pts',(0.871877452007511,-4.52310709767289,
16.4469187587981));
#12132=CARTESIAN_POINT('Ctrl Pts',(2.93290561957203,-3.55200041667417,16.5662361915255));
#12133=CARTESIAN_POINT('Ctrl Pts',(4.27644917684891,-1.71193449182923,16.6855536242529));
#12134=CARTESIAN_POINT('Ctrl Pts',(4.57376994119094,0.546934706902923,16.8048710569803));
#12135=CARTESIAN_POINT('Ctrl Pts',(3.75224000626719,2.6720076354328,16.9241884897077));
#12136=CARTESIAN_POINT('Ctrl Pts',(2.01262408456233,4.14339285173425,17.0435059224352));
#12137=CARTESIAN_POINT('Ctrl Pts',(-0.219077253118197,4.60116266350477,
17.1628233551626));
#12138=CARTESIAN_POINT('Ctrl Pts',(-2.3977587585458,3.93327281806893,17.28214078789));
#12139=CARTESIAN_POINT('Ctrl Pts',(-3.45821943036698,2.84653427810793,17.3616857430416));
#12140=CARTESIAN_POINT('Ctrl Pts',(-3.82625007156753,2.20908650880645,17.4014582206174));
#12141=CARTESIAN_POINT('Ctrl Pts',(-2.36230756092319,3.31488661006747,4.00000000000004));
#12142=CARTESIAN_POINT('Ctrl Pts',(-2.91456291160632,2.92132956153467,4.03977247757584));
#12143=CARTESIAN_POINT('Ctrl Pts',(-3.81799783437561,1.85324682378743,4.11931743272746));
#12144=CARTESIAN_POINT('Ctrl Pts',(-4.23900833112554,-0.203543669788513,
4.23863486545488));
#12145=CARTESIAN_POINT('Ctrl Pts',(-3.6230097595277,-2.21000895167078,4.3579522981823));
#12146=CARTESIAN_POINT('Ctrl Pts',(-2.12067542357859,-3.67607925872308,
4.47726973090973));
#12147=CARTESIAN_POINT('Ctrl Pts',(-0.0995440613452242,-4.24270630054007,
4.59658716363715));
#12148=CARTESIAN_POINT('Ctrl Pts',(1.94594112140785,-3.77146823376316,4.71590459636457));
#12149=CARTESIAN_POINT('Ctrl Pts',(3.51537244898111,-2.37754820163817,4.835222029092));
#12150=CARTESIAN_POINT('Ctrl Pts',(4.2248069044344,-0.402004234357233,4.95453946181941));
#12151=CARTESIAN_POINT('Ctrl Pts',(3.90068857681669,1.67189434097659,5.07385689454684));
#12152=CARTESIAN_POINT('Ctrl Pts',(2.62230974126609,3.33677792224626,5.19317432727426));
#12153=CARTESIAN_POINT('Ctrl Pts',(0.702411588879935,4.18535768541635,5.31249176000168));
#12154=CARTESIAN_POINT('Ctrl Pts',(-1.38932381660397,4.01003453637186,5.43180919272911));
#12155=CARTESIAN_POINT('Ctrl Pts',(-3.14117642708723,2.85370107270248,5.55112662545651));
#12156=CARTESIAN_POINT('Ctrl Pts',(-4.12457472936859,0.999240700954909,
5.67044405818396));
#12157=CARTESIAN_POINT('Ctrl Pts',(-4.0989411427817,-1.09967278097258,5.78976149091136));
#12158=CARTESIAN_POINT('Ctrl Pts',(-3.07054663773199,-2.92956347443799,
5.9090789236388));
#12159=CARTESIAN_POINT('Ctrl Pts',(-1.29097663373341,-4.04276861166298,
6.02839635636621));
#12160=CARTESIAN_POINT('Ctrl Pts',(0.804416620580994,-4.16695484417768,
6.14771378909364));
#12161=CARTESIAN_POINT('Ctrl Pts',(2.70301818632641,-3.27174134518086,6.26703122182105));
#12162=CARTESIAN_POINT('Ctrl Pts',(3.94035605010631,-1.57613227671086,6.38634865454848));
#12163=CARTESIAN_POINT('Ctrl Pts',(4.21372909762796,0.505060239345911,6.5056660872759));
#12164=CARTESIAN_POINT('Ctrl Pts',(3.45625961635282,2.46269531547768,6.62498352000332));
#12165=CARTESIAN_POINT('Ctrl Pts',(1.85325419277368,3.81785904021533,6.74430095273075));
#12166=CARTESIAN_POINT('Ctrl Pts',(-0.203129507966213,4.23902549600707,
6.86361838545816));
#12167=CARTESIAN_POINT('Ctrl Pts',(-2.20981980625275,3.62316093728814,6.98293581818559));
#12168=CARTESIAN_POINT('Ctrl Pts',(-3.67590196763763,2.12092986155226,7.10225325091301));
#12169=CARTESIAN_POINT('Ctrl Pts',(-4.24271509841357,0.0998365975219962,
7.22157068364044));
#12170=CARTESIAN_POINT('Ctrl Pts',(-3.77159459414479,-1.94568059383413,
7.34088811636785));
#12171=CARTESIAN_POINT('Ctrl Pts',(-2.37779490894257,-3.51520840331011,
7.46020554909528));
#12172=CARTESIAN_POINT('Ctrl Pts',(-0.402293824927432,-4.22477909971161,
7.5795229818227));
#12173=CARTESIAN_POINT('Ctrl Pts',(1.67162402658233,-3.90080400115494,7.69884041455012));
#12174=CARTESIAN_POINT('Ctrl Pts',(3.33659741948757,-2.62254006954521,7.81815784727755));
#12175=CARTESIAN_POINT('Ctrl Pts',(4.18530892389149,-0.702700505374906,
7.93747528000497));
#12176=CARTESIAN_POINT('Ctrl Pts',(4.01013055904795,1.38904698248771,8.05679271273239));
#12177=CARTESIAN_POINT('Ctrl Pts',(2.85391785763008,3.14097945524083,8.17611014545982));
#12178=CARTESIAN_POINT('Ctrl Pts',(0.999525415566195,4.12450567904702,8.29542757818723));
#12179=CARTESIAN_POINT('Ctrl Pts',(-1.09938975701527,4.09901716735363,8.41474501091466));
#12180=CARTESIAN_POINT('Ctrl Pts',(-2.92935166049699,3.07074861992601,8.53406244364208));
#12181=CARTESIAN_POINT('Ctrl Pts',(-4.04267916243212,1.2912561847167,8.6533798763695));
#12182=CARTESIAN_POINT('Ctrl Pts',(-4.16701100472623,-0.80412990746897,
8.77269730909692));
#12183=CARTESIAN_POINT('Ctrl Pts',(-3.27192666516436,-2.7027904784403,8.89201474182435));
#12184=CARTESIAN_POINT('Ctrl Pts',(-1.57640677344431,-3.94025087972552,
9.01133217455176));
#12185=CARTESIAN_POINT('Ctrl Pts',(0.504774269101062,-4.2137567815148,9.1306496072792));
#12186=CARTESIAN_POINT('Ctrl Pts',(2.46244705008679,-3.45644373295396,9.24996704000661));
#12187=CARTESIAN_POINT('Ctrl Pts',(3.81775014127468,-1.85348992962908,9.36928447273404));
#12188=CARTESIAN_POINT('Ctrl Pts',(4.23900200742356,0.202782115351273,9.48860190546146));
#12189=CARTESIAN_POINT('Ctrl Pts',(3.62338732563499,2.20967754223116,9.60791933818888));
#12190=CARTESIAN_POINT('Ctrl Pts',(2.12103817554349,3.67554315465949,9.7272367709163));
#12191=CARTESIAN_POINT('Ctrl Pts',(0.100415871173341,4.24312645764638,9.84655420364372));
#12192=CARTESIAN_POINT('Ctrl Pts',(-1.94598413907478,3.77090528881711,9.96587163637114));
#12193=CARTESIAN_POINT('Ctrl Pts',(-3.51393476111112,2.37965865489031,10.0851890690986));
#12194=CARTESIAN_POINT('Ctrl Pts',(-4.22692465400921,0.399402688788046,
10.204506501826));
#12195=CARTESIAN_POINT('Ctrl Pts',(-3.89677131463665,-1.66519647740799,
10.3238239345534));
#12196=CARTESIAN_POINT('Ctrl Pts',(-2.20687251510682,-3.90786539634752,
10.4829138448566));
#12197=CARTESIAN_POINT('Ctrl Pts',(1.56866269559557,-4.55481094238869,10.6817762327357));
#12198=CARTESIAN_POINT('Ctrl Pts',(4.68370068287162,-1.12692204110349,10.9204110981905));
#12199=CARTESIAN_POINT('Ctrl Pts',(3.67947475818949,2.56966218747735,11.1192734860695));
#12200=CARTESIAN_POINT('Ctrl Pts',(1.28580038109554,4.0378736194836,11.2783633963728));
#12201=CARTESIAN_POINT('Ctrl Pts',(-0.800880419361225,4.16953295854173,
11.3976808291002));
#12202=CARTESIAN_POINT('Ctrl Pts',(-2.70407429316139,3.27085539824112,11.5169982618276));
#12203=CARTESIAN_POINT('Ctrl Pts',(-3.93937235995476,1.57731619416779,11.636315694555));
#12204=CARTESIAN_POINT('Ctrl Pts',(-4.21418781480432,-0.504803470983524,
11.7556331272825));
#12205=CARTESIAN_POINT('Ctrl Pts',(-3.45640204059864,-2.46205307774275,
11.8749505600099));
#12206=CARTESIAN_POINT('Ctrl Pts',(-1.85388159253886,-3.81768694277812,
11.9942679927373));
#12207=CARTESIAN_POINT('Ctrl Pts',(0.202595194580846,-4.23901094506491,
12.1135854254647));
#12208=CARTESIAN_POINT('Ctrl Pts',(2.20929369604659,-3.62348760520138,12.2329028581922));
#12209=CARTESIAN_POINT('Ctrl Pts',(3.67562224654679,-2.12142637257298,12.3522202909196));
#12210=CARTESIAN_POINT('Ctrl Pts',(4.24269460457886,-0.100427928316082,
12.471537723647));
#12211=CARTESIAN_POINT('Ctrl Pts',(3.77186657041836,1.94516268869709,12.5908551563744));
#12212=CARTESIAN_POINT('Ctrl Pts',(2.37827848526258,3.51487864927059,12.7101725891018));
#12213=CARTESIAN_POINT('Ctrl Pts',(0.402877977237571,4.22472424627367,12.8294900218293));
#12214=CARTESIAN_POINT('Ctrl Pts',(-1.67108589793468,3.90103438419297,12.9488074545567));
#12215=CARTESIAN_POINT('Ctrl Pts',(-3.33623509090868,2.62300088749958,13.0681248872841));
#12216=CARTESIAN_POINT('Ctrl Pts',(-4.18521197616849,0.703278245522887,
13.1874423200115));
#12217=CARTESIAN_POINT('Ctrl Pts',(-4.01032224908245,-1.388493288197,13.306759752739));
#12218=CARTESIAN_POINT('Ctrl Pts',(-2.85435148967193,-3.14058539921342,
13.4260771854664));
#12219=CARTESIAN_POINT('Ctrl Pts',(-1.00009487337768,-4.12436769267872,
13.5453946181938));
#12220=CARTESIAN_POINT('Ctrl Pts',(1.09882390258892,-4.09916879620237,13.6647120509212));
#12221=CARTESIAN_POINT('Ctrl Pts',(2.92892751539982,-3.07115326313018,13.7840294836486));
#12222=CARTESIAN_POINT('Ctrl Pts',(4.04250117443227,-1.2918138396795,13.9033469163761));
#12223=CARTESIAN_POINT('Ctrl Pts',(4.1671213431281,0.803553653828494,14.0226643491035));
#12224=CARTESIAN_POINT('Ctrl Pts',(3.27230105386289,2.70234057079839,14.1419817818309));
#12225=CARTESIAN_POINT('Ctrl Pts',(1.57694826565802,3.94002955867632,14.2612992145583));
#12226=CARTESIAN_POINT('Ctrl Pts',(-0.504187591403168,4.21383360198125,
14.3806166472857));
#12227=CARTESIAN_POINT('Ctrl Pts',(-2.46197949300418,3.45676955108859,14.4999340800132));
#12228=CARTESIAN_POINT('Ctrl Pts',(-3.81747516095997,1.85404480772479,14.6192515127406));
#12229=CARTESIAN_POINT('Ctrl Pts',(-4.23906747195768,-0.20225162791647,
14.738568945468));
#12230=CARTESIAN_POINT('Ctrl Pts',(-3.62361849948375,-2.20906942493583,
14.8578863781954));
#12231=CARTESIAN_POINT('Ctrl Pts',(-2.12169107229771,-3.67546265744045,
14.9772038109229));
#12232=CARTESIAN_POINT('Ctrl Pts',(-0.100715235302142,-4.2426943320186,
15.0965212436503));
#12233=CARTESIAN_POINT('Ctrl Pts',(1.94489947878661,-3.77199745131339,15.2158386763777));
#12234=CARTESIAN_POINT('Ctrl Pts',(3.5147159008367,-2.37852283608605,15.3351561091051));
#12235=CARTESIAN_POINT('Ctrl Pts',(4.22469569784484,-0.403168740720514,
15.4544735418326));
#12236=CARTESIAN_POINT('Ctrl Pts',(3.90115009789692,1.67081615684427,15.57379097456));
#12237=CARTESIAN_POINT('Ctrl Pts',(2.62323100666531,3.33605423980458,15.6931084072874));
#12238=CARTESIAN_POINT('Ctrl Pts',(0.703567231950283,4.18516330234871,15.8124258400148));
#12239=CARTESIAN_POINT('Ctrl Pts',(-1.38821646073249,4.01041814961261,15.9317432727423));
#12240=CARTESIAN_POINT('Ctrl Pts',(-3.14038839679215,2.85456824681511,16.0510607054697));
#12241=CARTESIAN_POINT('Ctrl Pts',(-4.12429852140314,1.00037960626456,16.1703781381971));
#12242=CARTESIAN_POINT('Ctrl Pts',(-4.09924490140684,-1.09854095661314,
16.2896955709245));
#12243=CARTESIAN_POINT('Ctrl Pts',(-3.07135491851992,-2.9287154600631,16.409013003652));
#12244=CARTESIAN_POINT('Ctrl Pts',(-1.29209393374208,-4.04241206794713,
16.5283304363793));
#12245=CARTESIAN_POINT('Ctrl Pts',(0.803268037319681,-4.16717665145339,
16.6476478691068));
#12246=CARTESIAN_POINT('Ctrl Pts',(2.70211064095412,-3.27248789000216,16.7669653018342));
#12247=CARTESIAN_POINT('Ctrl Pts',(3.93992863225825,-1.57721966098013,16.8862827345616));
#12248=CARTESIAN_POINT('Ctrl Pts',(4.21385275574315,0.503895550394554,17.0056001672891));
#12249=CARTESIAN_POINT('Ctrl Pts',(3.4569703098144,2.4617431315322,17.1249176000165));
#12250=CARTESIAN_POINT('Ctrl Pts',(1.85424751442564,3.81734271966041,17.2442350327439));
#12251=CARTESIAN_POINT('Ctrl Pts',(-0.201837717821989,4.2390899014443,17.3635524654713));
#12252=CARTESIAN_POINT('Ctrl Pts',(-2.20907533221372,3.62375736353579,17.4828698981987));
#12253=CARTESIAN_POINT('Ctrl Pts',(-3.18608667772694,2.62253599685845,17.5624148533503));
#12254=CARTESIAN_POINT('Ctrl Pts',(-3.52515640610446,2.03525000000004,17.6021873309262));
#12255=CARTESIAN_POINT('Ctrl Pts',(4.91402364350387,0.333194238111308,16.5));
#12256=CARTESIAN_POINT('Ctrl Pts',(4.92144970180882,0.222349932900216,16.4946138419679));
#12257=CARTESIAN_POINT('Ctrl Pts',(4.92508896122586,0.111243125097879,16.4892276839357));
#12258=CARTESIAN_POINT('Ctrl Pts',(4.92497493412391,0.00012879823222185,
16.4838415259036));
#12259=CARTESIAN_POINT('Ctrl Pts',(1.30238825004651,4.94452069669396,16.6885190528383));
#12260=CARTESIAN_POINT('Ctrl Pts',(0.799289292671438,5.07672730476122,16.7128010800739));
#12261=CARTESIAN_POINT('Ctrl Pts',(0.276074102860399,5.13291706664408,16.7370831073095));
#12262=CARTESIAN_POINT('Ctrl Pts',(-0.243328946869375,5.10817159891999,
16.7613651345451));
#12263=CARTESIAN_POINT('Ctrl Pts',(-1.09407941954368,5.06764003412887,16.801137612121));
#12264=CARTESIAN_POINT('Ctrl Pts',(-1.93460251537682,4.80997188063204,16.8409100896968));
#12265=CARTESIAN_POINT('Ctrl Pts',(-2.66170389440267,4.36669458225153,16.8806825672726));
#12266=CARTESIAN_POINT('Ctrl Pts',(-3.38880527342781,3.92341728387146,16.9204550448484));
#12267=CARTESIAN_POINT('Ctrl Pts',(-4.00248493564589,3.29453084060807,16.9602275224241));
#12268=CARTESIAN_POINT('Ctrl Pts',(-4.42843740249247,2.55675952642135,16.9999999999999));
#12269=CARTESIAN_POINT('Ctrl Pts',(-2.36230756092319,3.31488661006747,4.00000000000004));
#12270=CARTESIAN_POINT('Ctrl Pts',(-2.91456291160632,2.92132956153467,4.03977247757584));
#12271=CARTESIAN_POINT('Ctrl Pts',(-3.81799783437561,1.85324682378743,4.11931743272746));
#12272=CARTESIAN_POINT('Ctrl Pts',(-4.23900833112554,-0.203543669788513,
4.23863486545488));
#12273=CARTESIAN_POINT('Ctrl Pts',(-3.6230097595277,-2.21000895167078,4.3579522981823));
#12274=CARTESIAN_POINT('Ctrl Pts',(-2.12067542357859,-3.67607925872308,
4.47726973090973));
#12275=CARTESIAN_POINT('Ctrl Pts',(-0.0995440613452242,-4.24270630054007,
4.59658716363715));
#12276=CARTESIAN_POINT('Ctrl Pts',(1.94594112140785,-3.77146823376316,4.71590459636457));
#12277=CARTESIAN_POINT('Ctrl Pts',(3.51537244898111,-2.37754820163817,4.835222029092));
#12278=CARTESIAN_POINT('Ctrl Pts',(4.03321512090792,-0.935524969383429,
4.92231627394585));
#12279=CARTESIAN_POINT('Ctrl Pts',(4.07072106700191,-0.128810403934744,
4.96963804122391));
#12280=CARTESIAN_POINT('Ctrl Pts',(4.07058856787259,-0.000102099498278385,
4.97718733092615));
#12281=CARTESIAN_POINT('Ctrl Pts',(4.052408233756,0.383350697125381,3.7953293295763));
#12282=CARTESIAN_POINT('Ctrl Pts',(3.98930186898113,1.0504493984809,3.83462894466685));
#12283=CARTESIAN_POINT('Ctrl Pts',(3.52443525086349,2.34491185975433,3.91322817484794));
#12284=CARTESIAN_POINT('Ctrl Pts',(1.48535518833646,4.22566505647778,4.07042663521012));
#12285=CARTESIAN_POINT('Ctrl Pts',(-2.28942647497015,4.21326774954789,4.26692471066286));
#12286=CARTESIAN_POINT('Ctrl Pts',(-4.78077826261406,0.401733500970514,
4.50272240120614));
#12287=CARTESIAN_POINT('Ctrl Pts',(-2.96609114522641,-3.76610825388265,
4.73852009174942));
#12288=CARTESIAN_POINT('Ctrl Pts',(1.50985538985369,-4.55144494575396,4.9743177822927));
#12289=CARTESIAN_POINT('Ctrl Pts',(4.63114667362524,-1.2447369373008,5.21011547283598));
#12290=CARTESIAN_POINT('Ctrl Pts',(3.58877954902916,3.18007843257453,5.44591316337926));
#12291=CARTESIAN_POINT('Ctrl Pts',(-0.678506020284488,4.74700909325155,
5.68171085392254));
#12292=CARTESIAN_POINT('Ctrl Pts',(-4.33628770705673,2.04720543627931,5.91750854446583));
#12293=CARTESIAN_POINT('Ctrl Pts',(-4.09648991280099,-2.49251465419511,
6.1533062350091));
#12294=CARTESIAN_POINT('Ctrl Pts',(-0.174899349919428,-4.79203582869058,
6.38910392555239));
#12295=CARTESIAN_POINT('Ctrl Pts',(3.90393455095344,-2.78450270392239,6.62490161609566));
#12296=CARTESIAN_POINT('Ctrl Pts',(4.47393042795649,1.7256990774045,6.86069930663895));
#12297=CARTESIAN_POINT('Ctrl Pts',(1.0228179721655,4.68486751555384,7.09649699718222));
#12298=CARTESIAN_POINT('Ctrl Pts',(-3.34759860138883,3.43332408453805,7.33229468772551));
#12299=CARTESIAN_POINT('Ctrl Pts',(-4.70922628017503,-0.904052391979268,
7.56809237826878));
#12300=CARTESIAN_POINT('Ctrl Pts',(-1.83825371230542,-4.42887719057056,
7.80389006881207));
#12301=CARTESIAN_POINT('Ctrl Pts',(2.6849223993648,-3.973074336931,8.03968775935534));
#12302=CARTESIAN_POINT('Ctrl Pts',(4.79491867869244,0.0536847671167154,
8.27548544989863));
#12303=CARTESIAN_POINT('Ctrl Pts',(2.59529384721105,4.03219270298969,8.5112831404419));
#12304=CARTESIAN_POINT('Ctrl Pts',(-1.93695330615328,4.38660913489843,8.7470808309852));
#12305=CARTESIAN_POINT('Ctrl Pts',(-4.72828759479075,0.798388481836188,
8.98287852152846));
#12306=CARTESIAN_POINT('Ctrl Pts',(-3.26988787249445,-3.50741517006688,
9.21867621207176));
#12307=CARTESIAN_POINT('Ctrl Pts',(1.12745192280202,-4.66079177619862,9.45447390261502));
#12308=CARTESIAN_POINT('Ctrl Pts',(4.51145004554722,-1.62509885940482,9.69027159315831));
#12309=CARTESIAN_POINT('Ctrl Pts',(3.8406053868706,2.87121543857193,9.92606928370159));
#12310=CARTESIAN_POINT('Ctrl Pts',(-0.28213409492801,4.78691217567167,10.1618669742449));
#12311=CARTESIAN_POINT('Ctrl Pts',(-4.15129448499127,2.40018372682304,10.3976646647881));
#12312=CARTESIAN_POINT('Ctrl Pts',(-4.28931603459249,-2.14380404433388,
10.6334623553314));
#12313=CARTESIAN_POINT('Ctrl Pts',(-0.572146458178828,-4.76096379557194,
10.8692600458747));
#12314=CARTESIAN_POINT('Ctrl Pts',(3.65926220185739,-3.09902048305019,11.105057736418));
#12315=CARTESIAN_POINT('Ctrl Pts',(4.60176534594946,1.34828910851093,11.3408554269613));
#12316=CARTESIAN_POINT('Ctrl Pts',(1.40825128293694,4.58377095828403,11.5766531175046));
#12317=CARTESIAN_POINT('Ctrl Pts',(-3.05098388844575,3.69940874457327,11.8124508080478));
#12318=CARTESIAN_POINT('Ctrl Pts',(-4.76802755183257,-0.509942229627936,
12.0482484985911));
#12319=CARTESIAN_POINT('Ctrl Pts',(-2.19961932312193,-4.26096268239507,
12.2840461891344));
#12320=CARTESIAN_POINT('Ctrl Pts',(2.34578309382251,-4.18227556077198,12.5198438796777));
#12321=CARTESIAN_POINT('Ctrl Pts',(4.78282090210591,-0.344604404744551,
12.755641570221));
#12322=CARTESIAN_POINT('Ctrl Pts',(2.92111069734937,3.80279399570788,12.9914392607642));
#12323=CARTESIAN_POINT('Ctrl Pts',(-1.56606235156964,4.53228105884121,13.2272369513075));
#12324=CARTESIAN_POINT('Ctrl Pts',(-4.64567547284381,1.18820455583495,13.4630346418508));
#12325=CARTESIAN_POINT('Ctrl Pts',(-3.5498052966581,-3.22382111760168,13.6988323323941));
#12326=CARTESIAN_POINT('Ctrl Pts',(0.736591434012018,-4.73830389900119,
13.9346300229374));
#12327=CARTESIAN_POINT('Ctrl Pts',(4.36094823154141,-1.9940638926812,14.1704277134806));
#12328=CARTESIAN_POINT('Ctrl Pts',(4.06573063707869,2.54244597833979,14.4062254040239));
#12329=CARTESIAN_POINT('Ctrl Pts',(0.116280035917169,4.79378116524991,14.6420230945672));
#12330=CARTESIAN_POINT('Ctrl Pts',(-3.93768561560147,2.73661710317466,14.8778207851105));
#12331=CARTESIAN_POINT('Ctrl Pts',(-4.45249442596937,-1.78038173931519,
15.1136184756537));
#12332=CARTESIAN_POINT('Ctrl Pts',(-0.96546334551028,-4.6968199898795,15.3494161661971));
#12333=CARTESIAN_POINT('Ctrl Pts',(3.38934329698464,-3.39252731321303,15.5852138567403));
#12334=CARTESIAN_POINT('Ctrl Pts',(4.69779145692133,0.962325215182728,15.8210115472836));
#12335=CARTESIAN_POINT('Ctrl Pts',(1.7840183020603,4.44955579352226,16.0568092378269));
#12336=CARTESIAN_POINT('Ctrl Pts',(-2.73341390206847,3.94280091331834,16.2926069283702));
#12337=CARTESIAN_POINT('Ctrl Pts',(-4.79366012271194,-0.117988735038113,
16.5284046189134));
#12338=CARTESIAN_POINT('Ctrl Pts',(-2.92106816290753,-3.39556858165218,
16.7249026943662));
#12339=CARTESIAN_POINT('Ctrl Pts',(-0.273773695659789,-4.22437018159044,
16.8821011547284));
#12340=CARTESIAN_POINT('Ctrl Pts',(1.07999928822374,-3.98140363164318,16.9607003849095));
#12341=CARTESIAN_POINT('Ctrl Pts',(1.68962223452171,-3.70326166434533,17.));
#12342=CARTESIAN_POINT('Ctrl Pts',(4.3985359820004,0.416093773817069,3.99605843988501));
#12343=CARTESIAN_POINT('Ctrl Pts',(4.33003952257577,1.14017127840213,4.03535805497556));
#12344=CARTESIAN_POINT('Ctrl Pts',(3.82546732040005,2.54519747142778,4.11395728515665));
#12345=CARTESIAN_POINT('Ctrl Pts',(1.61222361249952,4.58659116423026,4.27115574551884));
#12346=CARTESIAN_POINT('Ctrl Pts',(-2.48497292163651,4.57313496794758,4.46765382097157));
#12347=CARTESIAN_POINT('Ctrl Pts',(-5.18911817296921,0.436046705382405,
4.70345151151485));
#12348=CARTESIAN_POINT('Ctrl Pts',(-3.21943345181662,-4.08778230406906,
4.93924920205813));
#12349=CARTESIAN_POINT('Ctrl Pts',(1.63881644612425,-4.94019684325763,5.17504689260141));
#12350=CARTESIAN_POINT('Ctrl Pts',(5.02670612308518,-1.35105347019,5.4108445831447));
#12351=CARTESIAN_POINT('Ctrl Pts',(3.89530744863806,3.45169800385533,5.64664227368797));
#12352=CARTESIAN_POINT('Ctrl Pts',(-0.736459155167357,5.15246468251235,
5.88243996423125));
#12353=CARTESIAN_POINT('Ctrl Pts',(-4.70666241098735,2.22206309300564,6.11823765477453));
#12354=CARTESIAN_POINT('Ctrl Pts',(-4.44638280301199,-2.70540744163352,
6.35403534531781));
#12355=CARTESIAN_POINT('Ctrl Pts',(-0.189838002361395,-5.20133727988071,
6.58983303586109));
#12356=CARTESIAN_POINT('Ctrl Pts',(4.23738073837335,-3.02233502369236,6.82563072640438));
#12357=CARTESIAN_POINT('Ctrl Pts',(4.85606158935615,1.87309595880305,7.06142841694765));
#12358=CARTESIAN_POINT('Ctrl Pts',(1.11017977313624,5.08501541538155,7.29722610749094));
#12359=CARTESIAN_POINT('Ctrl Pts',(-3.63352654820154,3.72657408943032,7.53302379803421));
#12360=CARTESIAN_POINT('Ctrl Pts',(-5.11145473158146,-0.98127008592336,
7.7688214885775));
#12361=CARTESIAN_POINT('Ctrl Pts',(-1.99526420617476,-4.80716022643399,
8.00461917912078));
#12362=CARTESIAN_POINT('Ctrl Pts',(2.91424928123269,-4.31242595071818,8.24041686966405));
#12363=CARTESIAN_POINT('Ctrl Pts',(5.20446636232563,0.058270136231879,8.47621456020735));
#12364=CARTESIAN_POINT('Ctrl Pts',(2.81696529874079,4.37659378507902,8.71201225075061));
#12365=CARTESIAN_POINT('Ctrl Pts',(-2.10239401391039,4.76128193554158,8.9478099412939));
#12366=CARTESIAN_POINT('Ctrl Pts',(-5.13214412745798,0.866581119769444,
9.18360763183717));
#12367=CARTESIAN_POINT('Ctrl Pts',(-3.54917832425359,-3.8069935059465,9.41940532238046));
#12368=CARTESIAN_POINT('Ctrl Pts',(1.2237508080038,-5.05888329844301,9.65520301292374));
#12369=CARTESIAN_POINT('Ctrl Pts',(4.89678586452393,-1.76390318918456,9.89100070346702));
#12370=CARTESIAN_POINT('Ctrl Pts',(4.16864244971625,3.11645414038858,10.1267983940103));
#12371=CARTESIAN_POINT('Ctrl Pts',(-0.306231972868071,5.19577600104033,
10.3625960845536));
#12372=CARTESIAN_POINT('Ctrl Pts',(-4.50586839006342,2.60519026634637,10.5983937750969));
#12373=CARTESIAN_POINT('Ctrl Pts',(-4.65567875397381,-2.32691246375754,
10.8341914656401));
#12374=CARTESIAN_POINT('Ctrl Pts',(-0.621015119432124,-5.16761129576888,
11.0699891561834));
#12375=CARTESIAN_POINT('Ctrl Pts',(3.97181022592228,-3.36371666361423,11.3057868467267));
#12376=CARTESIAN_POINT('Ctrl Pts',(4.99481525239146,1.4634503277642,11.54158453727));
#12377=CARTESIAN_POINT('Ctrl Pts',(1.52853404257232,4.97528391273985,11.7773822278133));
#12378=CARTESIAN_POINT('Ctrl Pts',(-3.31157712642239,4.01538579938446,12.0131799183565));
#12379=CARTESIAN_POINT('Ctrl Pts',(-5.17527838760373,-0.553497850260022,
12.2489776088998));
#12380=CARTESIAN_POINT('Ctrl Pts',(-2.38749508474071,-4.62490366107674,
12.4847752994431));
#12381=CARTESIAN_POINT('Ctrl Pts',(2.54614312008323,-4.53949564791159,12.7205729899864));
#12382=CARTESIAN_POINT('Ctrl Pts',(5.19133528012745,-0.374038050065822,
12.9563706805296));
#12383=CARTESIAN_POINT('Ctrl Pts',(3.17061109556297,4.12760147976329,13.192168371073));
#12384=CARTESIAN_POINT('Ctrl Pts',(-1.69982420479159,4.91939611409156,13.4279660616162));
#12385=CARTESIAN_POINT('Ctrl Pts',(-5.0424758684938,1.28969249674355,13.6637637521595));
#12386=CARTESIAN_POINT('Ctrl Pts',(-3.85300429418345,-3.4991768764029,13.8995614427028));
#12387=CARTESIAN_POINT('Ctrl Pts',(0.799505809791565,-5.14301595278626,
14.1353591332461));
#12388=CARTESIAN_POINT('Ctrl Pts',(4.73342926122158,-2.16438257856284,14.3711568237893));
#12389=CARTESIAN_POINT('Ctrl Pts',(4.41299628979799,2.75960354262104,14.6069545143326));
#12390=CARTESIAN_POINT('Ctrl Pts',(0.126211845516848,5.20323169061478,14.8427522048759));
#12391=CARTESIAN_POINT('Ctrl Pts',(-4.27401457774042,2.97035937717331,15.0785498954192));
#12392=CARTESIAN_POINT('Ctrl Pts',(-4.83279467728514,-1.93244922287013,
15.3143475859625));
#12393=CARTESIAN_POINT('Ctrl Pts',(-1.04792632419303,-5.09798878463824,
15.5501452765057));
#12394=CARTESIAN_POINT('Ctrl Pts',(3.67883677734044,-3.6822927494785,15.785942967049));
#12395=CARTESIAN_POINT('Ctrl Pts',(5.09904322745158,1.0445201572015,16.0217406575923));
#12396=CARTESIAN_POINT('Ctrl Pts',(1.93639639481397,4.82960504785718,16.2575383481356));
#12397=CARTESIAN_POINT('Ctrl Pts',(-2.96688258152231,4.27956678762858,16.4933360386789));
#12398=CARTESIAN_POINT('Ctrl Pts',(-5.20310030948833,-0.128066489504392,
16.7291337292222));
#12399=CARTESIAN_POINT('Ctrl Pts',(-3.17056492813311,-3.68559378133137,
16.9256318046749));
#12400=CARTESIAN_POINT('Ctrl Pts',(-0.297157488047228,-4.58518569038469,
17.0828302650371));
#12401=CARTESIAN_POINT('Ctrl Pts',(1.17224510852994,-4.32146667425413,17.1614294952182));
#12402=CARTESIAN_POINT('Ctrl Pts',(1.83393768984705,-4.01956780802613,17.2007291103087));
#12403=CARTESIAN_POINT('Ctrl Pts',(4.7446637302448,0.448836850508756,4.19678755019372));
#12404=CARTESIAN_POINT('Ctrl Pts',(4.67077717617042,1.22989315832336,4.23608716528426));
#12405=CARTESIAN_POINT('Ctrl Pts',(4.12649938993662,2.74548308310122,4.31468639546536));
#12406=CARTESIAN_POINT('Ctrl Pts',(1.73909203666259,4.94751727198276,4.47188485582754));
#12407=CARTESIAN_POINT('Ctrl Pts',(-2.68051936830288,4.93300218634727,4.66838293128028));
#12408=CARTESIAN_POINT('Ctrl Pts',(-5.59745808332435,0.470359909794297,
4.90418062182355));
#12409=CARTESIAN_POINT('Ctrl Pts',(-3.47277575840683,-4.40945635425546,
5.13997831236684));
#12410=CARTESIAN_POINT('Ctrl Pts',(1.76777750239481,-5.32894874076132,5.37577600291012));
#12411=CARTESIAN_POINT('Ctrl Pts',(5.42226557254512,-1.4573700030792,5.6115736934534));
#12412=CARTESIAN_POINT('Ctrl Pts',(4.20183534824696,3.72331757513612,5.84737138399667));
#12413=CARTESIAN_POINT('Ctrl Pts',(-0.794412290050224,5.55792027177315,
6.08316907453996));
#12414=CARTESIAN_POINT('Ctrl Pts',(-5.07703711491797,2.39692074973197,6.31896676508323));
#12415=CARTESIAN_POINT('Ctrl Pts',(-4.79627569322299,-2.91830022907194,
6.55476445562652));
#12416=CARTESIAN_POINT('Ctrl Pts',(-0.204776654803368,-5.61063873107084,
6.79056214616979));
#12417=CARTESIAN_POINT('Ctrl Pts',(4.57082692579327,-3.26016734346234,7.02635983671309));
#12418=CARTESIAN_POINT('Ctrl Pts',(5.2381927507558,2.0204928402016,7.26215752725635));
#12419=CARTESIAN_POINT('Ctrl Pts',(1.19754157410698,5.48516331520925,7.49795521779965));
#12420=CARTESIAN_POINT('Ctrl Pts',(-3.91945449501426,4.0198240943226,7.73375290834292));
#12421=CARTESIAN_POINT('Ctrl Pts',(-5.51368318298789,-1.05848777986746,
7.96955059888621));
#12422=CARTESIAN_POINT('Ctrl Pts',(-2.1522747000441,-5.18544326229741,8.20534828942947));
#12423=CARTESIAN_POINT('Ctrl Pts',(3.1435761631006,-4.65177756450537,8.44114597997278));
#12424=CARTESIAN_POINT('Ctrl Pts',(5.61401404595882,0.0628555053470435,
8.67694367051604));
#12425=CARTESIAN_POINT('Ctrl Pts',(3.03863675027052,4.72099486716836,8.91274136105932));
#12426=CARTESIAN_POINT('Ctrl Pts',(-2.26783472166751,5.13595473618473,9.14853905160261));
#12427=CARTESIAN_POINT('Ctrl Pts',(-5.53600066012521,0.934773757702699,
9.38433674214587));
#12428=CARTESIAN_POINT('Ctrl Pts',(-3.82846877601274,-4.10657184182612,
9.62013443268917));
#12429=CARTESIAN_POINT('Ctrl Pts',(1.32004969320559,-5.4569748206874,9.85593212323245));
#12430=CARTESIAN_POINT('Ctrl Pts',(5.28212168350064,-1.90270751896429,10.0917298137757));
#12431=CARTESIAN_POINT('Ctrl Pts',(4.4966795125619,3.36169284220523,10.327527504319));
#12432=CARTESIAN_POINT('Ctrl Pts',(-0.33032985080814,5.60463982640899,10.5633251948623));
#12433=CARTESIAN_POINT('Ctrl Pts',(-4.86044229513557,2.81019680586969,10.7991228854056));
#12434=CARTESIAN_POINT('Ctrl Pts',(-5.02204147335514,-2.5100208831812,11.0349205759488));
#12435=CARTESIAN_POINT('Ctrl Pts',(-0.669883780685415,-5.57425879596584,
11.2707182664921));
#12436=CARTESIAN_POINT('Ctrl Pts',(4.28435824998716,-3.62841284417826,11.5065159570354));
#12437=CARTESIAN_POINT('Ctrl Pts',(5.38786515883347,1.57861154701746,11.7423136475787));
#12438=CARTESIAN_POINT('Ctrl Pts',(1.64881680220769,5.36679686719567,11.978111338122));
#12439=CARTESIAN_POINT('Ctrl Pts',(-3.57217036439901,4.33136285419564,12.2139090286653));
#12440=CARTESIAN_POINT('Ctrl Pts',(-5.5825292233749,-0.597053470892102,
12.4497067192085));
#12441=CARTESIAN_POINT('Ctrl Pts',(-2.57537084635948,-4.98884463975841,
12.6855044097518));
#12442=CARTESIAN_POINT('Ctrl Pts',(2.74650314634396,-4.8967157350512,12.9213021002951));
#12443=CARTESIAN_POINT('Ctrl Pts',(5.59984965814898,-0.403471695387094,
13.1570997908384));
#12444=CARTESIAN_POINT('Ctrl Pts',(3.42011149377657,4.45240896381869,13.3928974813816));
#12445=CARTESIAN_POINT('Ctrl Pts',(-1.83358605801355,5.30651116934192,13.6286951719249));
#12446=CARTESIAN_POINT('Ctrl Pts',(-5.43927626414379,1.39118043765215,13.8644928624682));
#12447=CARTESIAN_POINT('Ctrl Pts',(-4.15620329170881,-3.77453263520412,
14.1002905530115));
#12448=CARTESIAN_POINT('Ctrl Pts',(0.862420185571112,-5.54772800657133,
14.3360882435548));
#12449=CARTESIAN_POINT('Ctrl Pts',(5.10591029090174,-2.33470126444447,14.571885934098));
#12450=CARTESIAN_POINT('Ctrl Pts',(4.76026194251729,2.9767611069023,14.8076836246413));
#12451=CARTESIAN_POINT('Ctrl Pts',(0.136143655116524,5.61268221597967,15.0434813151846));
#12452=CARTESIAN_POINT('Ctrl Pts',(-4.61034353987937,3.20410165117197,15.2792790057279));
#12453=CARTESIAN_POINT('Ctrl Pts',(-5.21309492860091,-2.08451670642507,
15.5150766962712));
#12454=CARTESIAN_POINT('Ctrl Pts',(-1.13038930287578,-5.49915757939697,
15.7508743868145));
#12455=CARTESIAN_POINT('Ctrl Pts',(3.96833025769624,-3.97205818574397,15.9866720773577));
#12456=CARTESIAN_POINT('Ctrl Pts',(5.50029499798183,1.12671509922028,16.222469767901));
#12457=CARTESIAN_POINT('Ctrl Pts',(2.08877448756763,5.2096543021921,16.4582674584443));
#12458=CARTESIAN_POINT('Ctrl Pts',(-3.20035126097615,4.61633266193883,16.6940651489876));
#12459=CARTESIAN_POINT('Ctrl Pts',(-5.61254049626472,-0.13814424397067,
16.9298628395308));
#12460=CARTESIAN_POINT('Ctrl Pts',(-3.42006169335868,-3.97561898101056,
17.1263609149836));
#12461=CARTESIAN_POINT('Ctrl Pts',(-0.320541280434667,-4.94600119917894,
17.2835593753458));
#12462=CARTESIAN_POINT('Ctrl Pts',(1.26449092883613,-4.66152971686508,17.3621586055269));
#12463=CARTESIAN_POINT('Ctrl Pts',(1.97825314517239,-4.33587395170693,17.4014582206174));
#12464=CARTESIAN_POINT('Ctrl Pts',(5.0907914784892,0.481579927200444,4.39751666050243));
#12465=CARTESIAN_POINT('Ctrl Pts',(5.01151482976506,1.31961503824458,4.43681627559297));
#12466=CARTESIAN_POINT('Ctrl Pts',(4.42753145947318,2.94576869477466,4.51541550577406));
#12467=CARTESIAN_POINT('Ctrl Pts',(1.86596046082566,5.30844337973525,4.67261396613625));
#12468=CARTESIAN_POINT('Ctrl Pts',(-2.87606581496924,5.29286940474696,4.86911204158899));
#12469=CARTESIAN_POINT('Ctrl Pts',(-6.0057979936795,0.504673114206187,5.10490973213226));
#12470=CARTESIAN_POINT('Ctrl Pts',(-3.72611806499704,-4.73113040444187,
5.34070742267554));
#12471=CARTESIAN_POINT('Ctrl Pts',(1.89673855866537,-5.717700638265,5.57650511321883));
#12472=CARTESIAN_POINT('Ctrl Pts',(5.81782502200506,-1.5636865359684,5.8123028037621));
#12473=CARTESIAN_POINT('Ctrl Pts',(4.50836324785586,3.99493714641692,6.04810049430539));
#12474=CARTESIAN_POINT('Ctrl Pts',(-0.852365424933086,5.96337586103395,
6.28389818484867));
#12475=CARTESIAN_POINT('Ctrl Pts',(-5.4474118188486,2.57177840645831,6.51969587539195));
#12476=CARTESIAN_POINT('Ctrl Pts',(-5.14616858343397,-3.13119301651035,
6.75549356593522));
#12477=CARTESIAN_POINT('Ctrl Pts',(-0.219715307245341,-6.01994018226097,
6.99129125647851));
#12478=CARTESIAN_POINT('Ctrl Pts',(4.90427311321318,-3.49799966323231,7.22708894702178));
#12479=CARTESIAN_POINT('Ctrl Pts',(5.62032391215546,2.16788972160014,7.46288663756507));
#12480=CARTESIAN_POINT('Ctrl Pts',(1.28490337507772,5.88531121503697,7.69868432810836));
#12481=CARTESIAN_POINT('Ctrl Pts',(-4.20538244182697,4.31307409921488,7.93448201865163));
#12482=CARTESIAN_POINT('Ctrl Pts',(-5.91591163439432,-1.13570547381156,
8.17027970919492));
#12483=CARTESIAN_POINT('Ctrl Pts',(-2.30928519391344,-5.56372629816084,
8.40607739973819));
#12484=CARTESIAN_POINT('Ctrl Pts',(3.37290304496849,-4.99112917829255,8.64187509028147));
#12485=CARTESIAN_POINT('Ctrl Pts',(6.02356172959201,0.0674408744622055,
8.87767278082476));
#12486=CARTESIAN_POINT('Ctrl Pts',(3.26030820180025,5.0653959492577,9.11347047136803));
#12487=CARTESIAN_POINT('Ctrl Pts',(-2.43327542942462,5.51062753682788,9.34926816191131));
#12488=CARTESIAN_POINT('Ctrl Pts',(-5.93985719279245,1.00296639563595,9.58506585245459));
#12489=CARTESIAN_POINT('Ctrl Pts',(-4.10775922777188,-4.40615017770573,
9.82086354299787));
#12490=CARTESIAN_POINT('Ctrl Pts',(1.41634857840737,-5.8550663429318,10.0566612335412));
#12491=CARTESIAN_POINT('Ctrl Pts',(5.66745750247736,-2.04151184874402,10.2924589240844));
#12492=CARTESIAN_POINT('Ctrl Pts',(4.82471657540755,3.60693154402188,10.5282566146277));
#12493=CARTESIAN_POINT('Ctrl Pts',(-0.354427728748206,6.01350365177765,
10.764054305171));
#12494=CARTESIAN_POINT('Ctrl Pts',(-5.21501620020772,3.01520334539301,10.9998519957143));
#12495=CARTESIAN_POINT('Ctrl Pts',(-5.38840419273646,-2.69312930260486,
11.2356496862575));
#12496=CARTESIAN_POINT('Ctrl Pts',(-0.71875244193871,-5.98090629616279,
11.4714473768009));
#12497=CARTESIAN_POINT('Ctrl Pts',(4.59690627405206,-3.8931090247423,11.7072450673441));
#12498=CARTESIAN_POINT('Ctrl Pts',(5.78091506527547,1.69377276627073,11.9430427578874));
#12499=CARTESIAN_POINT('Ctrl Pts',(1.76909956184306,5.75830982165149,12.1788404484307));
#12500=CARTESIAN_POINT('Ctrl Pts',(-3.83276360237565,4.64733990900683,12.414638138974));
#12501=CARTESIAN_POINT('Ctrl Pts',(-5.98978005914606,-0.640609091524189,
12.6504358295172));
#12502=CARTESIAN_POINT('Ctrl Pts',(-2.76324660797825,-5.35278561844008,
12.8862335200605));
#12503=CARTESIAN_POINT('Ctrl Pts',(2.94686317260468,-5.25393582219082,13.1220312106038));
#12504=CARTESIAN_POINT('Ctrl Pts',(6.00836403617051,-0.432905340708366,
13.3578289011471));
#12505=CARTESIAN_POINT('Ctrl Pts',(3.66961189199017,4.77721644787409,13.5936265916903));
#12506=CARTESIAN_POINT('Ctrl Pts',(-1.9673479112355,5.69362622459227,13.8294242822337));
#12507=CARTESIAN_POINT('Ctrl Pts',(-5.83607665979378,1.49266837856074,14.0652219727769));
#12508=CARTESIAN_POINT('Ctrl Pts',(-4.45940228923418,-4.04988839400534,
14.3010196633202));
#12509=CARTESIAN_POINT('Ctrl Pts',(0.925334561350662,-5.95244006035641,
14.5368173538635));
#12510=CARTESIAN_POINT('Ctrl Pts',(5.4783913205819,-2.50501995032611,14.7726150444068));
#12511=CARTESIAN_POINT('Ctrl Pts',(5.10752759523659,3.19391867118355,15.00841273495));
#12512=CARTESIAN_POINT('Ctrl Pts',(0.146075464716197,6.02213274134454,15.2442104254933));
#12513=CARTESIAN_POINT('Ctrl Pts',(-4.94667250201831,3.43784392517062,15.4800081160366));
#12514=CARTESIAN_POINT('Ctrl Pts',(-5.59339517991669,-2.23658418998001,
15.7158058065799));
#12515=CARTESIAN_POINT('Ctrl Pts',(-1.21285228155853,-5.90032637415571,
15.9516034971232));
#12516=CARTESIAN_POINT('Ctrl Pts',(4.25782373805204,-4.26182362200943,16.1874011876664));
#12517=CARTESIAN_POINT('Ctrl Pts',(5.90154676851208,1.20891004123905,16.4231988782097));
#12518=CARTESIAN_POINT('Ctrl Pts',(2.24115258032129,5.58970355652702,16.658996568753));
#12519=CARTESIAN_POINT('Ctrl Pts',(-3.43381994042998,4.95309853624907,16.8947942592963));
#12520=CARTESIAN_POINT('Ctrl Pts',(-6.02198068304112,-0.148221998436949,
17.1305919498396));
#12521=CARTESIAN_POINT('Ctrl Pts',(-3.66955845858426,-4.26564418068975,
17.3270900252923));
#12522=CARTESIAN_POINT('Ctrl Pts',(-0.343925072822108,-5.30681670797319,
17.4842884856545));
#12523=CARTESIAN_POINT('Ctrl Pts',(1.35673674914233,-5.00159275947603,17.5628877158356));
#12524=CARTESIAN_POINT('Ctrl Pts',(2.12256860049773,-4.65218009538773,17.6021873309261));
#12525=CARTESIAN_POINT('Ctrl Pts',(2.36375118659728,3.31862599438356,4.));
#12526=CARTESIAN_POINT('Ctrl Pts',(2.22002830011212,3.4218595582193,4.01037567337319));
#12527=CARTESIAN_POINT('Ctrl Pts',(0.929718373198926,4.22384020917449,4.09935057692748));
#12528=CARTESIAN_POINT('Ctrl Pts',(-2.28942647497015,4.21326774954789,4.26692471066286));
#12529=CARTESIAN_POINT('Ctrl Pts',(-4.78077826261406,0.401733500970514,
4.50272240120614));
#12530=CARTESIAN_POINT('Ctrl Pts',(-2.96609114522641,-3.76610825388265,
4.73852009174942));
#12531=CARTESIAN_POINT('Ctrl Pts',(1.50985538985369,-4.55144494575396,4.9743177822927));
#12532=CARTESIAN_POINT('Ctrl Pts',(3.86736047644481,-2.05389497650525,5.15241530806752));
#12533=CARTESIAN_POINT('Ctrl Pts',(4.07239992202546,-0.359955465910015,
5.25191360366125));
#12534=CARTESIAN_POINT('Ctrl Pts',(4.06934696985053,-0.00343508608795787,
5.27281266907388));
#12535=CARTESIAN_POINT('Ctrl Pts',(4.9263606515041,0.00445473322903216,
16.2661584740964));
#12536=CARTESIAN_POINT('Ctrl Pts',(4.92931421038645,0.335575255862073,16.282224766833));
#12537=CARTESIAN_POINT('Ctrl Pts',(4.89871807138533,0.666133661606883,16.2982910595696));
#12538=CARTESIAN_POINT('Ctrl Pts',(4.83254708990078,0.989381812415451,16.3143573523061));
#12539=CARTESIAN_POINT('Ctrl Pts',(4.57768314576824,2.23440337323148,16.3762382348708));
#12540=CARTESIAN_POINT('Ctrl Pts',(3.79507358783898,3.3709787763411,16.4381191174354));
#12541=CARTESIAN_POINT('Ctrl Pts',(2.74240081241017,4.0914549056936,16.5));
#12542=CARTESIAN_POINT('Origin',(2.50901510435302E-15,0.,1.22718733092612));
#12543=CARTESIAN_POINT('Origin',(9.25185853854298E-16,0.,10.5));
#12544=CARTESIAN_POINT('',(0.,0.,0.));
#12545=CARTESIAN_POINT('',(0.,0.,0.));
#12546=UNCERTAINTY_MEASURE_WITH_UNIT(LENGTH_MEASURE(0.01),#12554,
'DISTANCE_ACCURACY_VALUE',
'Maximum model space distance between geometric entities at asserted c
onnectivities');
#12547=UNCERTAINTY_MEASURE_WITH_UNIT(LENGTH_MEASURE(0.01),#12554,
'DISTANCE_ACCURACY_VALUE',
'Maximum model space distance between geometric entities at asserted c
onnectivities');
#12548=UNCERTAINTY_MEASURE_WITH_UNIT(LENGTH_MEASURE(0.01),#12554,
'DISTANCE_ACCURACY_VALUE',
'Maximum model space distance between geometric entities at asserted c
onnectivities');
#12549=UNCERTAINTY_MEASURE_WITH_UNIT(LENGTH_MEASURE(0.01),#12554,
'DISTANCE_ACCURACY_VALUE',
'Maximum model space distance between geometric entities at asserted c
onnectivities');
#12550=(
GEOMETRIC_REPRESENTATION_CONTEXT(3)
GLOBAL_UNCERTAINTY_ASSIGNED_CONTEXT((#12546))
GLOBAL_UNIT_ASSIGNED_CONTEXT((#12554,#12556,#12557))
REPRESENTATION_CONTEXT('','3D')
);
#12551=(
GEOMETRIC_REPRESENTATION_CONTEXT(3)
GLOBAL_UNCERTAINTY_ASSIGNED_CONTEXT((#12547))
GLOBAL_UNIT_ASSIGNED_CONTEXT((#12554,#12556,#12557))
REPRESENTATION_CONTEXT('','3D')
);
#12552=(
GEOMETRIC_REPRESENTATION_CONTEXT(3)
GLOBAL_UNCERTAINTY_ASSIGNED_CONTEXT((#12548))
GLOBAL_UNIT_ASSIGNED_CONTEXT((#12554,#12556,#12557))
REPRESENTATION_CONTEXT('','3D')
);
#12553=(
GEOMETRIC_REPRESENTATION_CONTEXT(3)
GLOBAL_UNCERTAINTY_ASSIGNED_CONTEXT((#12549))
GLOBAL_UNIT_ASSIGNED_CONTEXT((#12554,#12556,#12557))
REPRESENTATION_CONTEXT('','3D')
);
#12554=(
LENGTH_UNIT()
NAMED_UNIT(*)
SI_UNIT(.MILLI.,.METRE.)
);
#12555=(
LENGTH_UNIT()
NAMED_UNIT(*)
SI_UNIT($,.METRE.)
);
#12556=(
NAMED_UNIT(*)
PLANE_ANGLE_UNIT()
SI_UNIT($,.RADIAN.)
);
#12557=(
NAMED_UNIT(*)
SI_UNIT($,.STERADIAN.)
SOLID_ANGLE_UNIT()
);
#12558=SHAPE_DEFINITION_REPRESENTATION(#12561,#12566);
#12559=SHAPE_DEFINITION_REPRESENTATION(#12562,#12567);
#12560=SHAPE_DEFINITION_REPRESENTATION(#12563,#12568);
#12561=PRODUCT_DEFINITION_SHAPE('',$,#12570);
#12562=PRODUCT_DEFINITION_SHAPE('',$,#12571);
#12563=PRODUCT_DEFINITION_SHAPE('',$,#12572);
#12564=PRODUCT_DEFINITION_SHAPE($,$,#17);
#12565=PRODUCT_DEFINITION_SHAPE($,$,#18);
#12566=SHAPE_REPRESENTATION('',(#4669,#5184,#5185),#12550);
#12567=SHAPE_REPRESENTATION('',(#4670),#12551);
#12568=SHAPE_REPRESENTATION('',(#4913),#12552);
#12569=PRODUCT_DEFINITION_CONTEXT('part definition',#12580,'design');
#12570=PRODUCT_DEFINITION('2026-09-22-10-42-13-119','pen-clamp',#12573,
#12569);
#12571=PRODUCT_DEFINITION('2026-09-22-10-42-50-378','pen-clamp-body',#12574,
#12569);
#12572=PRODUCT_DEFINITION('2026-09-22-12-17-13-089','pen-clamp-screw',#12575,
#12569);
#12573=PRODUCT_DEFINITION_FORMATION('',$,#12582);
#12574=PRODUCT_DEFINITION_FORMATION('',$,#12583);
#12575=PRODUCT_DEFINITION_FORMATION('',$,#12584);
#12576=PRODUCT_RELATED_PRODUCT_CATEGORY('pen-clamp','pen-clamp',(#12582));
#12577=PRODUCT_RELATED_PRODUCT_CATEGORY('pen-clamp-body',
'pen-clamp-body',(#12583));
#12578=PRODUCT_RELATED_PRODUCT_CATEGORY('pen-clamp-screw',
'pen-clamp-screw',(#12584));
#12579=APPLICATION_PROTOCOL_DEFINITION('international standard',
'automotive_design',2009,#12580);
#12580=APPLICATION_CONTEXT(
'Core Data for Automotive Mechanical Design Process');
#12581=PRODUCT_CONTEXT('part definition',#12580,'mechanical');
#12582=PRODUCT('2026-09-22-10-42-13-119','pen-clamp',$,(#12581));
#12583=PRODUCT('2026-09-22-10-42-50-378','pen-clamp-body',$,(#12581));
#12584=PRODUCT('2026-09-22-12-17-13-089','pen-clamp-screw',$,(#12581));
#12585=PRESENTATION_STYLE_ASSIGNMENT((#12586));
#12586=SURFACE_STYLE_USAGE(.BOTH.,#12587);
#12587=SURFACE_SIDE_STYLE('',(#12588));
#12588=SURFACE_STYLE_FILL_AREA(#12589);
#12589=FILL_AREA_STYLE('Steel - Satin',(#12590));
#12590=FILL_AREA_STYLE_COLOUR('Steel - Satin',#12591);
#12591=COLOUR_RGB('Steel - Satin',0.627450980392157,0.627450980392157,0.627450980392157);
ENDSEC;
END-ISO-10303-21;
