ISO-10303-21;
HEADER;
/* Generated by software containing ST-Developer
 * from STEP Tools, Inc. (www.steptools.com) 
 */

FILE_DESCRIPTION(
/* description */ (''),
/* implementation_level */ '2;1');

FILE_NAME(
/* name */ 'roversa_flag.step',
/* time_stamp */ '2026-09-15T13:15:33-04:00',
/* author */ (''),
/* organization */ (''),
/* preprocessor_version */ 'ST-DEVELOPER v20.2',
/* originating_system */ 'Autodesk Translation Framework v15.15.0.0',
/* authorisation */ '');

FILE_SCHEMA (('AUTOMOTIVE_DESIGN { 1 0 10303 214 3 1 1 }'));
ENDSEC;

DATA;
#10=MECHANICAL_DESIGN_GEOMETRIC_PRESENTATION_REPRESENTATION('',(#13),#5776);
#11=SHAPE_REPRESENTATION_RELATIONSHIP('SRR','None',#5783,#12);
#12=ADVANCED_BREP_SHAPE_REPRESENTATION('',(#14),#5775);
#13=STYLED_ITEM('',(#5793),#14);
#14=MANIFOLD_SOLID_BREP('base-with-flag',#3035);
#15=B_SPLINE_SURFACE_WITH_KNOTS('',3,3,((#5535,#5536,#5537,#5538,#5539,
#5540,#5541,#5542),(#5543,#5544,#5545,#5546,#5547,#5548,#5549,#5550),(#5551,
#5552,#5553,#5554,#5555,#5556,#5557,#5558),(#5559,#5560,#5561,#5562,#5563,
#5564,#5565,#5566),(#5567,#5568,#5569,#5570,#5571,#5572,#5573,#5574)),
 .UNSPECIFIED.,.F.,.F.,.F.,(4,1,4),(4,2,1,1,4),(0.,0.571428571428571,1.),
(-0.55338941938952,-0.55300212062456,-0.491650608553041,-0.460974852517281,
-0.399623340445762),.UNSPECIFIED.);
#16=B_SPLINE_SURFACE_WITH_KNOTS('',3,3,((#5583,#5584,#5585,#5586,#5587,
#5588,#5589,#5590),(#5591,#5592,#5593,#5594,#5595,#5596,#5597,#5598),(#5599,
#5600,#5601,#5602,#5603,#5604,#5605,#5606),(#5607,#5608,#5609,#5610,#5611,
#5612,#5613,#5614),(#5615,#5616,#5617,#5618,#5619,#5620,#5621,#5622)),
 .UNSPECIFIED.,.F.,.F.,.F.,(4,1,4),(4,1,1,2,4),(0.,0.571428571428571,1.),
(-0.153378780178798,-0.0920272681072787,-0.0613515120715191,0.,0.000387298764959789),
 .UNSPECIFIED.);
#17=CONICAL_SURFACE('',#3127,2.425,0.785398163397448);
#18=CONICAL_SURFACE('',#3136,2.425,0.785398163397448);
#19=CONICAL_SURFACE('',#3138,2.425,0.785398163397447);
#20=CONICAL_SURFACE('',#3147,2.425,0.785398163397447);
#21=CONICAL_SURFACE('',#3219,2.5,0.785398163397448);
#22=CONICAL_SURFACE('',#3221,1.85,0.785398163397448);
#23=CONICAL_SURFACE('',#3223,1.85,0.785398163397448);
#24=CONICAL_SURFACE('',#3235,2.5,0.785398163397448);
#25=CONICAL_SURFACE('',#3237,1.85,0.785398163397448);
#26=CONICAL_SURFACE('',#3239,1.85,0.785398163397448);
#27=CONICAL_SURFACE('',#3242,2.5,0.785398163397448);
#28=CONICAL_SURFACE('',#3243,2.5,0.785398163397448);
#29=ELLIPSE('',#3085,1.73205080756887,1.5);
#30=ELLIPSE('',#3097,1.73205080756887,1.5);
#31=ELLIPSE('',#3100,1.06066017177982,0.75);
#32=ELLIPSE('',#3101,1.06066017177982,0.75);
#33=ELLIPSE('',#3102,1.06066017177982,0.75);
#34=ELLIPSE('',#3106,1.06066017177982,0.75);
#35=ELLIPSE('',#3107,1.06066017177982,0.75);
#36=ELLIPSE('',#3108,1.06066017177982,0.75);
#37=B_SPLINE_CURVE_WITH_KNOTS('',3,(#5097,#5098,#5099,#5100,#5101,#5102,
#5103,#5104),.UNSPECIFIED.,.F.,.F.,(4,2,2,4),(0.,0.0357789340445442,0.0824468032112014,
0.105033950293078),.UNSPECIFIED.);
#38=B_SPLINE_CURVE_WITH_KNOTS('',3,(#5105,#5106,#5107,#5108,#5109,#5110),
 .UNSPECIFIED.,.F.,.F.,(4,2,4),(0.,0.0397528827604801,0.0505477276018164),
 .UNSPECIFIED.);
#39=B_SPLINE_CURVE_WITH_KNOTS('',3,(#5119,#5120,#5121,#5122,#5123,#5124),
 .UNSPECIFIED.,.F.,.F.,(4,2,4),(0.567650349301578,0.578445194142915,0.618198076903395),
 .UNSPECIFIED.);
#40=B_SPLINE_CURVE_WITH_KNOTS('',3,(#5125,#5126,#5127,#5128,#5129,#5130,
#5131,#5132,#5133,#5134),.UNSPECIFIED.,.F.,.F.,(4,2,2,2,4),(0.715669532691532,
0.726966155602159,0.808284847103879,0.864066780555445,0.877237656656536),
 .UNSPECIFIED.);
#41=B_SPLINE_CURVE_WITH_KNOTS('',3,(#5195,#5196,#5197,#5198,#5199,#5200,
#5201,#5202,#5203,#5204),.UNSPECIFIED.,.F.,.F.,(4,2,2,2,4),(0.,0.0411098287791995,
0.082219657558399,0.116783718409017,0.151347779259636),.UNSPECIFIED.);
#42=B_SPLINE_CURVE_WITH_KNOTS('',3,(#5211,#5212,#5213,#5214,#5215,#5216,
#5217,#5218,#5219,#5220),.UNSPECIFIED.,.F.,.F.,(4,2,2,2,4),(0.466977558399227,
0.501541619249846,0.536105680100465,0.577215508879664,0.618325337658863),
 .UNSPECIFIED.);
#43=B_SPLINE_CURVE_WITH_KNOTS('',3,(#5230,#5231,#5232,#5233,#5234,#5235,
#5236,#5237,#5238,#5239),.UNSPECIFIED.,.F.,.F.,(4,2,2,2,4),(0.430694310299599,
0.455554046933051,0.480413783566503,0.499456789190795,0.509529707064703),
 .UNSPECIFIED.);
#44=B_SPLINE_CURVE_WITH_KNOTS('',3,(#5241,#5242,#5243,#5244,#5245,#5246,
#5247,#5248,#5249,#5250),.UNSPECIFIED.,.F.,.F.,(4,2,2,2,4),(0.351858913534494,
0.361931831408402,0.380974837032694,0.405834573666147,0.430694310299599),
 .UNSPECIFIED.);
#45=B_SPLINE_CURVE_WITH_KNOTS('',3,(#5271,#5272,#5273,#5274,#5275,#5276,
#5277,#5278),.UNSPECIFIED.,.F.,.F.,(4,2,2,4),(0.429380682659932,0.454050867489333,
0.485758041604834,0.507216771365973),.UNSPECIFIED.);
#46=B_SPLINE_CURVE_WITH_KNOTS('',3,(#5280,#5281,#5282,#5283,#5284,#5285,
#5286,#5287),.UNSPECIFIED.,.F.,.F.,(4,2,2,4),(0.0468239846058333,0.0703228589107456,
0.100788276873687,0.124714736380883),.UNSPECIFIED.);
#47=B_SPLINE_CURVE_WITH_KNOTS('',3,(#5575,#5576,#5577,#5578,#5579,#5580,
#5581,#5582),.UNSPECIFIED.,.F.,.F.,(4,1,1,2,4),(0.399623340445762,0.460974852517281,
0.491650608553041,0.55300212062456,0.55338941938952),.UNSPECIFIED.);
#48=B_SPLINE_CURVE_WITH_KNOTS('',3,(#5623,#5624,#5625,#5626,#5627,#5628,
#5629,#5630),.UNSPECIFIED.,.F.,.F.,(4,2,1,1,4),(-0.000387298764959789,0.,
0.0613515120715191,0.0920272681072787,0.153378780178798),.UNSPECIFIED.);
#49=FACE_BOUND('',#494,.T.);
#50=FACE_BOUND('',#495,.T.);
#51=FACE_BOUND('',#496,.T.);
#52=FACE_BOUND('',#497,.T.);
#53=FACE_BOUND('',#498,.T.);
#54=FACE_BOUND('',#499,.T.);
#55=FACE_BOUND('',#543,.T.);
#56=FACE_BOUND('',#544,.T.);
#57=FACE_BOUND('',#545,.T.);
#58=FACE_BOUND('',#561,.T.);
#59=FACE_BOUND('',#562,.T.);
#60=FACE_BOUND('',#563,.T.);
#61=FACE_BOUND('',#564,.T.);
#62=FACE_BOUND('',#565,.T.);
#63=FACE_BOUND('',#566,.T.);
#64=CYLINDRICAL_SURFACE('',#3081,2.);
#65=CYLINDRICAL_SURFACE('',#3083,0.75);
#66=CYLINDRICAL_SURFACE('',#3086,0.75);
#67=CYLINDRICAL_SURFACE('',#3093,1.5);
#68=CYLINDRICAL_SURFACE('',#3095,0.75);
#69=CYLINDRICAL_SURFACE('',#3098,0.75);
#70=CYLINDRICAL_SURFACE('',#3099,0.75);
#71=CYLINDRICAL_SURFACE('',#3105,0.75);
#72=CYLINDRICAL_SURFACE('',#3111,1.5);
#73=CYLINDRICAL_SURFACE('',#3123,0.65);
#74=CYLINDRICAL_SURFACE('',#3130,2.35);
#75=CYLINDRICAL_SURFACE('',#3141,2.35);
#76=CYLINDRICAL_SURFACE('',#3154,0.75);
#77=CYLINDRICAL_SURFACE('',#3160,0.75);
#78=CYLINDRICAL_SURFACE('',#3166,0.75);
#79=CYLINDRICAL_SURFACE('',#3172,0.75);
#80=CYLINDRICAL_SURFACE('',#3174,3.);
#81=CYLINDRICAL_SURFACE('',#3177,3.);
#82=CYLINDRICAL_SURFACE('',#3185,0.75);
#83=CYLINDRICAL_SURFACE('',#3187,0.75);
#84=CYLINDRICAL_SURFACE('',#3193,0.75);
#85=CYLINDRICAL_SURFACE('',#3198,0.75);
#86=CYLINDRICAL_SURFACE('',#3203,0.75);
#87=CYLINDRICAL_SURFACE('',#3205,3.);
#88=CYLINDRICAL_SURFACE('',#3207,3.);
#89=CYLINDRICAL_SURFACE('',#3244,1.85);
#90=CYLINDRICAL_SURFACE('',#3246,1.85);
#91=CIRCLE('',#3072,0.750000000000003);
#92=CIRCLE('',#3073,1.25);
#93=CIRCLE('',#3074,0.75);
#94=CIRCLE('',#3075,2.);
#95=CIRCLE('',#3077,0.75);
#96=CIRCLE('',#3078,2.);
#97=CIRCLE('',#3079,0.749999999999995);
#98=CIRCLE('',#3080,1.25);
#99=CIRCLE('',#3087,0.75);
#100=CIRCLE('',#3088,0.75);
#101=CIRCLE('',#3089,1.5);
#102=CIRCLE('',#3090,1.5);
#103=CIRCLE('',#3091,1.5);
#104=CIRCLE('',#3092,1.5);
#105=CIRCLE('',#3112,1.5);
#106=CIRCLE('',#3113,1.5);
#107=CIRCLE('',#3114,1.5);
#108=CIRCLE('',#3115,1.5);
#109=CIRCLE('',#3116,1.5);
#110=CIRCLE('',#3124,0.65);
#111=CIRCLE('',#3125,0.65);
#112=CIRCLE('',#3128,2.35);
#113=CIRCLE('',#3129,2.5);
#114=CIRCLE('',#3131,2.35);
#115=CIRCLE('',#3132,2.35);
#116=CIRCLE('',#3133,2.35);
#117=CIRCLE('',#3134,2.35);
#118=CIRCLE('',#3135,2.35);
#119=CIRCLE('',#3137,2.5);
#120=CIRCLE('',#3139,2.35);
#121=CIRCLE('',#3140,2.5);
#122=CIRCLE('',#3142,2.35);
#123=CIRCLE('',#3143,2.35);
#124=CIRCLE('',#3144,2.35);
#125=CIRCLE('',#3145,2.35);
#126=CIRCLE('',#3146,2.35);
#127=CIRCLE('',#3148,2.5);
#128=CIRCLE('',#3150,0.75);
#129=CIRCLE('',#3151,2.25);
#130=CIRCLE('',#3152,0.75);
#131=CIRCLE('',#3153,3.);
#132=CIRCLE('',#3155,0.75);
#133=CIRCLE('',#3157,0.75);
#134=CIRCLE('',#3158,3.);
#135=CIRCLE('',#3159,2.25);
#136=CIRCLE('',#3161,0.75);
#137=CIRCLE('',#3163,0.75);
#138=CIRCLE('',#3164,3.);
#139=CIRCLE('',#3165,2.25);
#140=CIRCLE('',#3167,0.75);
#141=CIRCLE('',#3169,0.75);
#142=CIRCLE('',#3170,3.);
#143=CIRCLE('',#3171,2.25);
#144=CIRCLE('',#3175,3.);
#145=CIRCLE('',#3178,3.);
#146=CIRCLE('',#3181,0.75);
#147=CIRCLE('',#3182,2.25);
#148=CIRCLE('',#3183,0.75);
#149=CIRCLE('',#3184,3.);
#150=CIRCLE('',#3186,0.75);
#151=CIRCLE('',#3188,0.75);
#152=CIRCLE('',#3190,0.75);
#153=CIRCLE('',#3191,2.25);
#154=CIRCLE('',#3192,3.);
#155=CIRCLE('',#3194,0.75);
#156=CIRCLE('',#3196,0.750000000000001);
#157=CIRCLE('',#3197,2.25);
#158=CIRCLE('',#3199,0.75);
#159=CIRCLE('',#3201,0.75);
#160=CIRCLE('',#3202,2.25);
#161=CIRCLE('',#3204,0.75);
#162=CIRCLE('',#3212,1.85);
#163=CIRCLE('',#3214,1.85);
#164=CIRCLE('',#3215,1.85);
#165=CIRCLE('',#3220,2.175);
#166=CIRCLE('',#3222,1.85);
#167=CIRCLE('',#3224,2.175);
#168=CIRCLE('',#3225,1.85);
#169=CIRCLE('',#3228,1.85);
#170=CIRCLE('',#3230,1.85);
#171=CIRCLE('',#3231,1.85);
#172=CIRCLE('',#3236,2.175);
#173=CIRCLE('',#3238,1.85);
#174=CIRCLE('',#3240,2.175);
#175=CIRCLE('',#3241,1.85);
#176=CIRCLE('',#3245,1.85);
#177=CIRCLE('',#3247,1.85);
#178=TOROIDAL_SURFACE('',#3071,1.25,0.75);
#179=TOROIDAL_SURFACE('',#3076,1.25,0.75);
#180=TOROIDAL_SURFACE('',#3149,2.25,0.75);
#181=TOROIDAL_SURFACE('',#3156,2.25,0.75);
#182=TOROIDAL_SURFACE('',#3162,2.25,0.75);
#183=TOROIDAL_SURFACE('',#3168,2.25,0.75);
#184=TOROIDAL_SURFACE('',#3180,2.25,0.75);
#185=TOROIDAL_SURFACE('',#3189,2.25,0.75);
#186=TOROIDAL_SURFACE('',#3195,2.25,0.75);
#187=TOROIDAL_SURFACE('',#3200,2.25,0.75);
#188=PLANE('',#3049);
#189=PLANE('',#3050);
#190=PLANE('',#3051);
#191=PLANE('',#3052);
#192=PLANE('',#3053);
#193=PLANE('',#3054);
#194=PLANE('',#3055);
#195=PLANE('',#3056);
#196=PLANE('',#3057);
#197=PLANE('',#3058);
#198=PLANE('',#3059);
#199=PLANE('',#3060);
#200=PLANE('',#3061);
#201=PLANE('',#3062);
#202=PLANE('',#3063);
#203=PLANE('',#3064);
#204=PLANE('',#3065);
#205=PLANE('',#3066);
#206=PLANE('',#3067);
#207=PLANE('',#3068);
#208=PLANE('',#3069);
#209=PLANE('',#3070);
#210=PLANE('',#3082);
#211=PLANE('',#3084);
#212=PLANE('',#3094);
#213=PLANE('',#3096);
#214=PLANE('',#3103);
#215=PLANE('',#3104);
#216=PLANE('',#3109);
#217=PLANE('',#3110);
#218=PLANE('',#3117);
#219=PLANE('',#3118);
#220=PLANE('',#3119);
#221=PLANE('',#3120);
#222=PLANE('',#3121);
#223=PLANE('',#3122);
#224=PLANE('',#3126);
#225=PLANE('',#3173);
#226=PLANE('',#3176);
#227=PLANE('',#3179);
#228=PLANE('',#3206);
#229=PLANE('',#3208);
#230=PLANE('',#3209);
#231=PLANE('',#3210);
#232=PLANE('',#3211);
#233=PLANE('',#3213);
#234=PLANE('',#3216);
#235=PLANE('',#3217);
#236=PLANE('',#3218);
#237=PLANE('',#3226);
#238=PLANE('',#3227);
#239=PLANE('',#3229);
#240=PLANE('',#3232);
#241=PLANE('',#3233);
#242=PLANE('',#3234);
#243=PLANE('',#3248);
#244=PLANE('',#3249);
#245=PLANE('',#3250);
#246=FACE_OUTER_BOUND('',#412,.T.);
#247=FACE_OUTER_BOUND('',#413,.T.);
#248=FACE_OUTER_BOUND('',#414,.T.);
#249=FACE_OUTER_BOUND('',#415,.T.);
#250=FACE_OUTER_BOUND('',#416,.T.);
#251=FACE_OUTER_BOUND('',#417,.T.);
#252=FACE_OUTER_BOUND('',#418,.T.);
#253=FACE_OUTER_BOUND('',#419,.T.);
#254=FACE_OUTER_BOUND('',#420,.T.);
#255=FACE_OUTER_BOUND('',#421,.T.);
#256=FACE_OUTER_BOUND('',#422,.T.);
#257=FACE_OUTER_BOUND('',#423,.T.);
#258=FACE_OUTER_BOUND('',#424,.T.);
#259=FACE_OUTER_BOUND('',#425,.T.);
#260=FACE_OUTER_BOUND('',#426,.T.);
#261=FACE_OUTER_BOUND('',#427,.T.);
#262=FACE_OUTER_BOUND('',#428,.T.);
#263=FACE_OUTER_BOUND('',#429,.T.);
#264=FACE_OUTER_BOUND('',#430,.T.);
#265=FACE_OUTER_BOUND('',#431,.T.);
#266=FACE_OUTER_BOUND('',#432,.T.);
#267=FACE_OUTER_BOUND('',#433,.T.);
#268=FACE_OUTER_BOUND('',#434,.T.);
#269=FACE_OUTER_BOUND('',#435,.T.);
#270=FACE_OUTER_BOUND('',#436,.T.);
#271=FACE_OUTER_BOUND('',#437,.T.);
#272=FACE_OUTER_BOUND('',#438,.T.);
#273=FACE_OUTER_BOUND('',#439,.T.);
#274=FACE_OUTER_BOUND('',#440,.T.);
#275=FACE_OUTER_BOUND('',#441,.T.);
#276=FACE_OUTER_BOUND('',#442,.T.);
#277=FACE_OUTER_BOUND('',#443,.T.);
#278=FACE_OUTER_BOUND('',#444,.T.);
#279=FACE_OUTER_BOUND('',#445,.T.);
#280=FACE_OUTER_BOUND('',#446,.T.);
#281=FACE_OUTER_BOUND('',#447,.T.);
#282=FACE_OUTER_BOUND('',#448,.T.);
#283=FACE_OUTER_BOUND('',#449,.T.);
#284=FACE_OUTER_BOUND('',#450,.T.);
#285=FACE_OUTER_BOUND('',#451,.T.);
#286=FACE_OUTER_BOUND('',#452,.T.);
#287=FACE_OUTER_BOUND('',#453,.T.);
#288=FACE_OUTER_BOUND('',#454,.T.);
#289=FACE_OUTER_BOUND('',#455,.T.);
#290=FACE_OUTER_BOUND('',#456,.T.);
#291=FACE_OUTER_BOUND('',#457,.T.);
#292=FACE_OUTER_BOUND('',#458,.T.);
#293=FACE_OUTER_BOUND('',#459,.T.);
#294=FACE_OUTER_BOUND('',#460,.T.);
#295=FACE_OUTER_BOUND('',#461,.T.);
#296=FACE_OUTER_BOUND('',#462,.T.);
#297=FACE_OUTER_BOUND('',#463,.T.);
#298=FACE_OUTER_BOUND('',#464,.T.);
#299=FACE_OUTER_BOUND('',#465,.T.);
#300=FACE_OUTER_BOUND('',#466,.T.);
#301=FACE_OUTER_BOUND('',#467,.T.);
#302=FACE_OUTER_BOUND('',#468,.T.);
#303=FACE_OUTER_BOUND('',#469,.T.);
#304=FACE_OUTER_BOUND('',#470,.T.);
#305=FACE_OUTER_BOUND('',#471,.T.);
#306=FACE_OUTER_BOUND('',#472,.T.);
#307=FACE_OUTER_BOUND('',#473,.T.);
#308=FACE_OUTER_BOUND('',#474,.T.);
#309=FACE_OUTER_BOUND('',#475,.T.);
#310=FACE_OUTER_BOUND('',#476,.T.);
#311=FACE_OUTER_BOUND('',#477,.T.);
#312=FACE_OUTER_BOUND('',#478,.T.);
#313=FACE_OUTER_BOUND('',#479,.T.);
#314=FACE_OUTER_BOUND('',#480,.T.);
#315=FACE_OUTER_BOUND('',#481,.T.);
#316=FACE_OUTER_BOUND('',#482,.T.);
#317=FACE_OUTER_BOUND('',#483,.T.);
#318=FACE_OUTER_BOUND('',#484,.T.);
#319=FACE_OUTER_BOUND('',#485,.T.);
#320=FACE_OUTER_BOUND('',#486,.T.);
#321=FACE_OUTER_BOUND('',#487,.T.);
#322=FACE_OUTER_BOUND('',#488,.T.);
#323=FACE_OUTER_BOUND('',#489,.T.);
#324=FACE_OUTER_BOUND('',#490,.T.);
#325=FACE_OUTER_BOUND('',#491,.T.);
#326=FACE_OUTER_BOUND('',#492,.T.);
#327=FACE_OUTER_BOUND('',#493,.T.);
#328=FACE_OUTER_BOUND('',#500,.T.);
#329=FACE_OUTER_BOUND('',#501,.T.);
#330=FACE_OUTER_BOUND('',#502,.T.);
#331=FACE_OUTER_BOUND('',#503,.T.);
#332=FACE_OUTER_BOUND('',#504,.T.);
#333=FACE_OUTER_BOUND('',#505,.T.);
#334=FACE_OUTER_BOUND('',#506,.T.);
#335=FACE_OUTER_BOUND('',#507,.T.);
#336=FACE_OUTER_BOUND('',#508,.T.);
#337=FACE_OUTER_BOUND('',#509,.T.);
#338=FACE_OUTER_BOUND('',#510,.T.);
#339=FACE_OUTER_BOUND('',#511,.T.);
#340=FACE_OUTER_BOUND('',#512,.T.);
#341=FACE_OUTER_BOUND('',#513,.T.);
#342=FACE_OUTER_BOUND('',#514,.T.);
#343=FACE_OUTER_BOUND('',#515,.T.);
#344=FACE_OUTER_BOUND('',#516,.T.);
#345=FACE_OUTER_BOUND('',#517,.T.);
#346=FACE_OUTER_BOUND('',#518,.T.);
#347=FACE_OUTER_BOUND('',#519,.T.);
#348=FACE_OUTER_BOUND('',#520,.T.);
#349=FACE_OUTER_BOUND('',#521,.T.);
#350=FACE_OUTER_BOUND('',#522,.T.);
#351=FACE_OUTER_BOUND('',#523,.T.);
#352=FACE_OUTER_BOUND('',#524,.T.);
#353=FACE_OUTER_BOUND('',#525,.T.);
#354=FACE_OUTER_BOUND('',#526,.T.);
#355=FACE_OUTER_BOUND('',#527,.T.);
#356=FACE_OUTER_BOUND('',#528,.T.);
#357=FACE_OUTER_BOUND('',#529,.T.);
#358=FACE_OUTER_BOUND('',#530,.T.);
#359=FACE_OUTER_BOUND('',#531,.T.);
#360=FACE_OUTER_BOUND('',#532,.T.);
#361=FACE_OUTER_BOUND('',#533,.T.);
#362=FACE_OUTER_BOUND('',#534,.T.);
#363=FACE_OUTER_BOUND('',#535,.T.);
#364=FACE_OUTER_BOUND('',#536,.T.);
#365=FACE_OUTER_BOUND('',#537,.T.);
#366=FACE_OUTER_BOUND('',#538,.T.);
#367=FACE_OUTER_BOUND('',#539,.T.);
#368=FACE_OUTER_BOUND('',#540,.T.);
#369=FACE_OUTER_BOUND('',#541,.T.);
#370=FACE_OUTER_BOUND('',#542,.T.);
#371=FACE_OUTER_BOUND('',#546,.T.);
#372=FACE_OUTER_BOUND('',#547,.T.);
#373=FACE_OUTER_BOUND('',#548,.T.);
#374=FACE_OUTER_BOUND('',#549,.T.);
#375=FACE_OUTER_BOUND('',#550,.T.);
#376=FACE_OUTER_BOUND('',#551,.T.);
#377=FACE_OUTER_BOUND('',#552,.T.);
#378=FACE_OUTER_BOUND('',#553,.T.);
#379=FACE_OUTER_BOUND('',#554,.T.);
#380=FACE_OUTER_BOUND('',#555,.T.);
#381=FACE_OUTER_BOUND('',#556,.T.);
#382=FACE_OUTER_BOUND('',#557,.T.);
#383=FACE_OUTER_BOUND('',#558,.T.);
#384=FACE_OUTER_BOUND('',#559,.T.);
#385=FACE_OUTER_BOUND('',#560,.T.);
#386=FACE_OUTER_BOUND('',#567,.T.);
#387=FACE_OUTER_BOUND('',#568,.T.);
#388=FACE_OUTER_BOUND('',#569,.T.);
#389=FACE_OUTER_BOUND('',#570,.T.);
#390=FACE_OUTER_BOUND('',#571,.T.);
#391=FACE_OUTER_BOUND('',#572,.T.);
#392=FACE_OUTER_BOUND('',#573,.T.);
#393=FACE_OUTER_BOUND('',#574,.T.);
#394=FACE_OUTER_BOUND('',#575,.T.);
#395=FACE_OUTER_BOUND('',#576,.T.);
#396=FACE_OUTER_BOUND('',#577,.T.);
#397=FACE_OUTER_BOUND('',#578,.T.);
#398=FACE_OUTER_BOUND('',#579,.T.);
#399=FACE_OUTER_BOUND('',#580,.T.);
#400=FACE_OUTER_BOUND('',#581,.T.);
#401=FACE_OUTER_BOUND('',#582,.T.);
#402=FACE_OUTER_BOUND('',#583,.T.);
#403=FACE_OUTER_BOUND('',#584,.T.);
#404=FACE_OUTER_BOUND('',#585,.T.);
#405=FACE_OUTER_BOUND('',#586,.T.);
#406=FACE_OUTER_BOUND('',#587,.T.);
#407=FACE_OUTER_BOUND('',#588,.T.);
#408=FACE_OUTER_BOUND('',#589,.T.);
#409=FACE_OUTER_BOUND('',#590,.T.);
#410=FACE_OUTER_BOUND('',#591,.T.);
#411=FACE_OUTER_BOUND('',#592,.T.);
#412=EDGE_LOOP('',(#1902,#1903,#1904,#1905));
#413=EDGE_LOOP('',(#1906,#1907,#1908,#1909));
#414=EDGE_LOOP('',(#1910,#1911,#1912,#1913));
#415=EDGE_LOOP('',(#1914,#1915,#1916,#1917));
#416=EDGE_LOOP('',(#1918,#1919,#1920,#1921));
#417=EDGE_LOOP('',(#1922,#1923,#1924,#1925));
#418=EDGE_LOOP('',(#1926,#1927,#1928,#1929));
#419=EDGE_LOOP('',(#1930,#1931,#1932,#1933));
#420=EDGE_LOOP('',(#1934,#1935,#1936,#1937));
#421=EDGE_LOOP('',(#1938,#1939,#1940,#1941));
#422=EDGE_LOOP('',(#1942,#1943,#1944,#1945));
#423=EDGE_LOOP('',(#1946,#1947,#1948,#1949));
#424=EDGE_LOOP('',(#1950,#1951,#1952,#1953));
#425=EDGE_LOOP('',(#1954,#1955,#1956,#1957));
#426=EDGE_LOOP('',(#1958,#1959,#1960,#1961));
#427=EDGE_LOOP('',(#1962,#1963,#1964,#1965));
#428=EDGE_LOOP('',(#1966,#1967,#1968,#1969));
#429=EDGE_LOOP('',(#1970,#1971,#1972,#1973));
#430=EDGE_LOOP('',(#1974,#1975,#1976,#1977));
#431=EDGE_LOOP('',(#1978,#1979,#1980,#1981));
#432=EDGE_LOOP('',(#1982,#1983,#1984,#1985));
#433=EDGE_LOOP('',(#1986,#1987,#1988,#1989));
#434=EDGE_LOOP('',(#1990,#1991,#1992,#1993));
#435=EDGE_LOOP('',(#1994,#1995,#1996,#1997));
#436=EDGE_LOOP('',(#1998,#1999,#2000,#2001));
#437=EDGE_LOOP('',(#2002,#2003,#2004,#2005));
#438=EDGE_LOOP('',(#2006,#2007,#2008,#2009));
#439=EDGE_LOOP('',(#2010,#2011,#2012,#2013));
#440=EDGE_LOOP('',(#2014,#2015,#2016,#2017));
#441=EDGE_LOOP('',(#2018,#2019,#2020,#2021));
#442=EDGE_LOOP('',(#2022,#2023,#2024,#2025));
#443=EDGE_LOOP('',(#2026,#2027,#2028,#2029));
#444=EDGE_LOOP('',(#2030,#2031,#2032,#2033));
#445=EDGE_LOOP('',(#2034,#2035,#2036,#2037));
#446=EDGE_LOOP('',(#2038,#2039,#2040,#2041));
#447=EDGE_LOOP('',(#2042,#2043,#2044,#2045));
#448=EDGE_LOOP('',(#2046,#2047,#2048,#2049));
#449=EDGE_LOOP('',(#2050,#2051,#2052,#2053));
#450=EDGE_LOOP('',(#2054,#2055,#2056,#2057));
#451=EDGE_LOOP('',(#2058,#2059,#2060,#2061));
#452=EDGE_LOOP('',(#2062,#2063,#2064,#2065));
#453=EDGE_LOOP('',(#2066,#2067,#2068,#2069));
#454=EDGE_LOOP('',(#2070,#2071,#2072,#2073));
#455=EDGE_LOOP('',(#2074,#2075,#2076,#2077));
#456=EDGE_LOOP('',(#2078,#2079,#2080,#2081));
#457=EDGE_LOOP('',(#2082,#2083,#2084,#2085));
#458=EDGE_LOOP('',(#2086,#2087,#2088,#2089));
#459=EDGE_LOOP('',(#2090,#2091,#2092,#2093));
#460=EDGE_LOOP('',(#2094,#2095,#2096,#2097));
#461=EDGE_LOOP('',(#2098,#2099,#2100,#2101));
#462=EDGE_LOOP('',(#2102,#2103,#2104,#2105));
#463=EDGE_LOOP('',(#2106,#2107,#2108,#2109));
#464=EDGE_LOOP('',(#2110,#2111,#2112,#2113));
#465=EDGE_LOOP('',(#2114,#2115,#2116,#2117));
#466=EDGE_LOOP('',(#2118,#2119,#2120,#2121));
#467=EDGE_LOOP('',(#2122,#2123,#2124,#2125));
#468=EDGE_LOOP('',(#2126,#2127,#2128,#2129));
#469=EDGE_LOOP('',(#2130,#2131,#2132,#2133));
#470=EDGE_LOOP('',(#2134,#2135,#2136,#2137));
#471=EDGE_LOOP('',(#2138,#2139,#2140,#2141));
#472=EDGE_LOOP('',(#2142,#2143,#2144,#2145));
#473=EDGE_LOOP('',(#2146,#2147,#2148,#2149));
#474=EDGE_LOOP('',(#2150,#2151,#2152,#2153));
#475=EDGE_LOOP('',(#2154,#2155,#2156,#2157));
#476=EDGE_LOOP('',(#2158,#2159,#2160,#2161));
#477=EDGE_LOOP('',(#2162,#2163,#2164,#2165));
#478=EDGE_LOOP('',(#2166,#2167,#2168,#2169));
#479=EDGE_LOOP('',(#2170,#2171,#2172,#2173));
#480=EDGE_LOOP('',(#2174,#2175,#2176,#2177));
#481=EDGE_LOOP('',(#2178,#2179,#2180,#2181));
#482=EDGE_LOOP('',(#2182,#2183,#2184,#2185));
#483=EDGE_LOOP('',(#2186,#2187,#2188,#2189));
#484=EDGE_LOOP('',(#2190,#2191,#2192,#2193));
#485=EDGE_LOOP('',(#2194,#2195,#2196,#2197));
#486=EDGE_LOOP('',(#2198,#2199,#2200,#2201));
#487=EDGE_LOOP('',(#2202,#2203,#2204,#2205));
#488=EDGE_LOOP('',(#2206,#2207,#2208,#2209));
#489=EDGE_LOOP('',(#2210,#2211,#2212,#2213));
#490=EDGE_LOOP('',(#2214,#2215,#2216,#2217));
#491=EDGE_LOOP('',(#2218,#2219,#2220,#2221));
#492=EDGE_LOOP('',(#2222,#2223,#2224,#2225));
#493=EDGE_LOOP('',(#2226,#2227,#2228,#2229));
#494=EDGE_LOOP('',(#2230,#2231,#2232,#2233,#2234,#2235,#2236,#2237,#2238,
#2239,#2240));
#495=EDGE_LOOP('',(#2241,#2242,#2243,#2244,#2245,#2246,#2247,#2248,#2249,
#2250,#2251,#2252,#2253));
#496=EDGE_LOOP('',(#2254,#2255,#2256,#2257,#2258,#2259,#2260,#2261,#2262,
#2263,#2264,#2265,#2266,#2267));
#497=EDGE_LOOP('',(#2268,#2269,#2270,#2271,#2272,#2273,#2274,#2275,#2276,
#2277,#2278,#2279));
#498=EDGE_LOOP('',(#2280,#2281,#2282,#2283,#2284,#2285,#2286,#2287,#2288,
#2289,#2290,#2291,#2292,#2293,#2294,#2295));
#499=EDGE_LOOP('',(#2296,#2297,#2298,#2299,#2300,#2301,#2302,#2303,#2304,
#2305,#2306,#2307));
#500=EDGE_LOOP('',(#2308,#2309,#2310,#2311,#2312));
#501=EDGE_LOOP('',(#2313,#2314,#2315,#2316));
#502=EDGE_LOOP('',(#2317,#2318,#2319,#2320,#2321));
#503=EDGE_LOOP('',(#2322,#2323,#2324,#2325,#2326,#2327,#2328,#2329,#2330));
#504=EDGE_LOOP('',(#2331,#2332,#2333));
#505=EDGE_LOOP('',(#2334));
#506=EDGE_LOOP('',(#2335,#2336,#2337,#2338));
#507=EDGE_LOOP('',(#2339,#2340,#2341,#2342));
#508=EDGE_LOOP('',(#2343,#2344,#2345,#2346));
#509=EDGE_LOOP('',(#2347,#2348,#2349,#2350,#2351,#2352,#2353));
#510=EDGE_LOOP('',(#2354,#2355,#2356));
#511=EDGE_LOOP('',(#2357,#2358,#2359,#2360));
#512=EDGE_LOOP('',(#2361,#2362,#2363,#2364,#2365,#2366,#2367));
#513=EDGE_LOOP('',(#2368,#2369,#2370,#2371));
#514=EDGE_LOOP('',(#2372,#2373,#2374));
#515=EDGE_LOOP('',(#2375,#2376,#2377,#2378,#2379,#2380,#2381,#2382,#2383,
#2384,#2385,#2386,#2387,#2388,#2389,#2390,#2391,#2392,#2393,#2394,#2395,
#2396,#2397,#2398));
#516=EDGE_LOOP('',(#2399,#2400,#2401,#2402,#2403,#2404,#2405,#2406,#2407,
#2408,#2409,#2410));
#517=EDGE_LOOP('',(#2411,#2412,#2413,#2414));
#518=EDGE_LOOP('',(#2415,#2416,#2417,#2418));
#519=EDGE_LOOP('',(#2419,#2420,#2421));
#520=EDGE_LOOP('',(#2422,#2423,#2424));
#521=EDGE_LOOP('',(#2425,#2426,#2427));
#522=EDGE_LOOP('',(#2428,#2429,#2430,#2431));
#523=EDGE_LOOP('',(#2432));
#524=EDGE_LOOP('',(#2433,#2434,#2435,#2436));
#525=EDGE_LOOP('',(#2437,#2438,#2439,#2440,#2441,#2442,#2443,#2444,#2445,
#2446,#2447,#2448));
#526=EDGE_LOOP('',(#2449,#2450,#2451,#2452));
#527=EDGE_LOOP('',(#2453,#2454,#2455,#2456));
#528=EDGE_LOOP('',(#2457,#2458,#2459,#2460,#2461,#2462,#2463,#2464,#2465,
#2466,#2467,#2468));
#529=EDGE_LOOP('',(#2469,#2470,#2471,#2472));
#530=EDGE_LOOP('',(#2473,#2474,#2475,#2476));
#531=EDGE_LOOP('',(#2477,#2478,#2479,#2480));
#532=EDGE_LOOP('',(#2481,#2482,#2483,#2484));
#533=EDGE_LOOP('',(#2485,#2486,#2487,#2488));
#534=EDGE_LOOP('',(#2489,#2490,#2491,#2492));
#535=EDGE_LOOP('',(#2493,#2494,#2495,#2496));
#536=EDGE_LOOP('',(#2497,#2498,#2499,#2500));
#537=EDGE_LOOP('',(#2501,#2502,#2503,#2504));
#538=EDGE_LOOP('',(#2505,#2506,#2507,#2508));
#539=EDGE_LOOP('',(#2509,#2510,#2511,#2512));
#540=EDGE_LOOP('',(#2513,#2514,#2515,#2516));
#541=EDGE_LOOP('',(#2517,#2518,#2519,#2520));
#542=EDGE_LOOP('',(#2521,#2522,#2523,#2524,#2525,#2526,#2527,#2528));
#543=EDGE_LOOP('',(#2529));
#544=EDGE_LOOP('',(#2530));
#545=EDGE_LOOP('',(#2531));
#546=EDGE_LOOP('',(#2532,#2533,#2534,#2535));
#547=EDGE_LOOP('',(#2536,#2537,#2538,#2539,#2540,#2541));
#548=EDGE_LOOP('',(#2542,#2543,#2544,#2545));
#549=EDGE_LOOP('',(#2546,#2547,#2548,#2549));
#550=EDGE_LOOP('',(#2550,#2551,#2552,#2553));
#551=EDGE_LOOP('',(#2554,#2555,#2556,#2557));
#552=EDGE_LOOP('',(#2558,#2559,#2560,#2561));
#553=EDGE_LOOP('',(#2562,#2563,#2564,#2565));
#554=EDGE_LOOP('',(#2566,#2567,#2568,#2569,#2570,#2571));
#555=EDGE_LOOP('',(#2572,#2573,#2574));
#556=EDGE_LOOP('',(#2575,#2576,#2577));
#557=EDGE_LOOP('',(#2578,#2579,#2580,#2581));
#558=EDGE_LOOP('',(#2582,#2583,#2584,#2585));
#559=EDGE_LOOP('',(#2586,#2587,#2588,#2589));
#560=EDGE_LOOP('',(#2590,#2591,#2592,#2593));
#561=EDGE_LOOP('',(#2594,#2595,#2596,#2597,#2598,#2599,#2600,#2601,#2602,
#2603,#2604));
#562=EDGE_LOOP('',(#2605,#2606,#2607,#2608,#2609,#2610,#2611,#2612,#2613,
#2614,#2615,#2616,#2617));
#563=EDGE_LOOP('',(#2618,#2619,#2620,#2621,#2622,#2623,#2624,#2625,#2626,
#2627,#2628,#2629,#2630,#2631));
#564=EDGE_LOOP('',(#2632,#2633,#2634,#2635,#2636,#2637,#2638,#2639,#2640,
#2641,#2642,#2643));
#565=EDGE_LOOP('',(#2644,#2645,#2646,#2647,#2648,#2649,#2650,#2651,#2652,
#2653,#2654,#2655,#2656,#2657,#2658,#2659));
#566=EDGE_LOOP('',(#2660,#2661,#2662,#2663,#2664,#2665,#2666,#2667,#2668,
#2669,#2670,#2671));
#567=EDGE_LOOP('',(#2672,#2673,#2674));
#568=EDGE_LOOP('',(#2675,#2676,#2677,#2678,#2679,#2680));
#569=EDGE_LOOP('',(#2681,#2682,#2683,#2684));
#570=EDGE_LOOP('',(#2685,#2686,#2687,#2688,#2689,#2690));
#571=EDGE_LOOP('',(#2691,#2692,#2693,#2694,#2695,#2696));
#572=EDGE_LOOP('',(#2697,#2698,#2699,#2700,#2701,#2702));
#573=EDGE_LOOP('',(#2703,#2704,#2705,#2706,#2707,#2708));
#574=EDGE_LOOP('',(#2709,#2710,#2711,#2712));
#575=EDGE_LOOP('',(#2713,#2714,#2715,#2716));
#576=EDGE_LOOP('',(#2717,#2718,#2719,#2720));
#577=EDGE_LOOP('',(#2721,#2722,#2723,#2724,#2725,#2726));
#578=EDGE_LOOP('',(#2727,#2728,#2729,#2730));
#579=EDGE_LOOP('',(#2731,#2732,#2733,#2734,#2735,#2736));
#580=EDGE_LOOP('',(#2737,#2738,#2739,#2740,#2741,#2742));
#581=EDGE_LOOP('',(#2743,#2744,#2745,#2746,#2747,#2748));
#582=EDGE_LOOP('',(#2749,#2750,#2751,#2752,#2753,#2754));
#583=EDGE_LOOP('',(#2755,#2756,#2757,#2758));
#584=EDGE_LOOP('',(#2759,#2760,#2761,#2762));
#585=EDGE_LOOP('',(#2763,#2764,#2765,#2766));
#586=EDGE_LOOP('',(#2767,#2768,#2769,#2770));
#587=EDGE_LOOP('',(#2771,#2772,#2773,#2774));
#588=EDGE_LOOP('',(#2775,#2776,#2777,#2778,#2779,#2780,#2781,#2782,#2783,
#2784,#2785,#2786));
#589=EDGE_LOOP('',(#2787,#2788,#2789,#2790,#2791,#2792,#2793,#2794,#2795,
#2796,#2797,#2798));
#590=EDGE_LOOP('',(#2799));
#591=EDGE_LOOP('',(#2800,#2801,#2802,#2803,#2804,#2805,#2806,#2807,#2808,
#2809,#2810));
#592=EDGE_LOOP('',(#2811));
#593=LINE('',#3885,#805);
#594=LINE('',#3891,#806);
#595=LINE('',#3910,#807);
#596=LINE('',#3929,#808);
#597=LINE('',#3948,#809);
#598=LINE('',#3967,#810);
#599=LINE('',#3986,#811);
#600=LINE('',#4005,#812);
#601=LINE('',#4024,#813);
#602=LINE('',#4027,#814);
#603=LINE('',#4029,#815);
#604=LINE('',#4030,#816);
#605=LINE('',#4033,#817);
#606=LINE('',#4035,#818);
#607=LINE('',#4036,#819);
#608=LINE('',#4055,#820);
#609=LINE('',#4075,#821);
#610=LINE('',#4077,#822);
#611=LINE('',#4079,#823);
#612=LINE('',#4080,#824);
#613=LINE('',#4099,#825);
#614=LINE('',#4102,#826);
#615=LINE('',#4104,#827);
#616=LINE('',#4105,#828);
#617=LINE('',#4108,#829);
#618=LINE('',#4110,#830);
#619=LINE('',#4111,#831);
#620=LINE('',#4130,#832);
#621=LINE('',#4149,#833);
#622=LINE('',#4168,#834);
#623=LINE('',#4171,#835);
#624=LINE('',#4173,#836);
#625=LINE('',#4174,#837);
#626=LINE('',#4177,#838);
#627=LINE('',#4179,#839);
#628=LINE('',#4180,#840);
#629=LINE('',#4199,#841);
#630=LINE('',#4202,#842);
#631=LINE('',#4204,#843);
#632=LINE('',#4205,#844);
#633=LINE('',#4208,#845);
#634=LINE('',#4210,#846);
#635=LINE('',#4211,#847);
#636=LINE('',#4230,#848);
#637=LINE('',#4249,#849);
#638=LINE('',#4252,#850);
#639=LINE('',#4254,#851);
#640=LINE('',#4255,#852);
#641=LINE('',#4257,#853);
#642=LINE('',#4258,#854);
#643=LINE('',#4274,#855);
#644=LINE('',#4280,#856);
#645=LINE('',#4299,#857);
#646=LINE('',#4318,#858);
#647=LINE('',#4337,#859);
#648=LINE('',#4356,#860);
#649=LINE('',#4375,#861);
#650=LINE('',#4394,#862);
#651=LINE('',#4397,#863);
#652=LINE('',#4399,#864);
#653=LINE('',#4400,#865);
#654=LINE('',#4403,#866);
#655=LINE('',#4405,#867);
#656=LINE('',#4406,#868);
#657=LINE('',#4425,#869);
#658=LINE('',#4444,#870);
#659=LINE('',#4476,#871);
#660=LINE('',#4482,#872);
#661=LINE('',#4501,#873);
#662=LINE('',#4504,#874);
#663=LINE('',#4506,#875);
#664=LINE('',#4507,#876);
#665=LINE('',#4510,#877);
#666=LINE('',#4512,#878);
#667=LINE('',#4513,#879);
#668=LINE('',#4532,#880);
#669=LINE('',#4551,#881);
#670=LINE('',#4570,#882);
#671=LINE('',#4589,#883);
#672=LINE('',#4608,#884);
#673=LINE('',#4627,#885);
#674=LINE('',#4646,#886);
#675=LINE('',#4649,#887);
#676=LINE('',#4651,#888);
#677=LINE('',#4652,#889);
#678=LINE('',#4655,#890);
#679=LINE('',#4657,#891);
#680=LINE('',#4658,#892);
#681=LINE('',#4660,#893);
#682=LINE('',#4661,#894);
#683=LINE('',#4677,#895);
#684=LINE('',#4683,#896);
#685=LINE('',#4702,#897);
#686=LINE('',#4721,#898);
#687=LINE('',#4740,#899);
#688=LINE('',#4759,#900);
#689=LINE('',#4762,#901);
#690=LINE('',#4764,#902);
#691=LINE('',#4765,#903);
#692=LINE('',#4768,#904);
#693=LINE('',#4770,#905);
#694=LINE('',#4771,#906);
#695=LINE('',#4790,#907);
#696=LINE('',#4809,#908);
#697=LINE('',#4812,#909);
#698=LINE('',#4814,#910);
#699=LINE('',#4815,#911);
#700=LINE('',#4818,#912);
#701=LINE('',#4820,#913);
#702=LINE('',#4821,#914);
#703=LINE('',#4840,#915);
#704=LINE('',#4872,#916);
#705=LINE('',#4878,#917);
#706=LINE('',#4897,#918);
#707=LINE('',#4916,#919);
#708=LINE('',#4935,#920);
#709=LINE('',#4954,#921);
#710=LINE('',#4973,#922);
#711=LINE('',#4992,#923);
#712=LINE('',#5011,#924);
#713=LINE('',#5030,#925);
#714=LINE('',#5049,#926);
#715=LINE('',#5085,#927);
#716=LINE('',#5086,#928);
#717=LINE('',#5089,#929);
#718=LINE('',#5091,#930);
#719=LINE('',#5092,#931);
#720=LINE('',#5095,#932);
#721=LINE('',#5113,#933);
#722=LINE('',#5117,#934);
#723=LINE('',#5193,#935);
#724=LINE('',#5205,#936);
#725=LINE('',#5208,#937);
#726=LINE('',#5226,#938);
#727=LINE('',#5253,#939);
#728=LINE('',#5256,#940);
#729=LINE('',#5257,#941);
#730=LINE('',#5260,#942);
#731=LINE('',#5261,#943);
#732=LINE('',#5267,#944);
#733=LINE('',#5290,#945);
#734=LINE('',#5293,#946);
#735=LINE('',#5295,#947);
#736=LINE('',#5296,#948);
#737=LINE('',#5298,#949);
#738=LINE('',#5300,#950);
#739=LINE('',#5301,#951);
#740=LINE('',#5303,#952);
#741=LINE('',#5313,#953);
#742=LINE('',#5316,#954);
#743=LINE('',#5318,#955);
#744=LINE('',#5320,#956);
#745=LINE('',#5322,#957);
#746=LINE('',#5323,#958);
#747=LINE('',#5325,#959);
#748=LINE('',#5326,#960);
#749=LINE('',#5329,#961);
#750=LINE('',#5330,#962);
#751=LINE('',#5332,#963);
#752=LINE('',#5335,#964);
#753=LINE('',#5337,#965);
#754=LINE('',#5342,#966);
#755=LINE('',#5360,#967);
#756=LINE('',#5364,#968);
#757=LINE('',#5368,#969);
#758=LINE('',#5372,#970);
#759=LINE('',#5376,#971);
#760=LINE('',#5402,#972);
#761=LINE('',#5406,#973);
#762=LINE('',#5411,#974);
#763=LINE('',#5415,#975);
#764=LINE('',#5418,#976);
#765=LINE('',#5440,#977);
#766=LINE('',#5451,#978);
#767=LINE('',#5452,#979);
#768=LINE('',#5463,#980);
#769=LINE('',#5464,#981);
#770=LINE('',#5472,#982);
#771=LINE('',#5473,#983);
#772=LINE('',#5476,#984);
#773=LINE('',#5478,#985);
#774=LINE('',#5479,#986);
#775=LINE('',#5482,#987);
#776=LINE('',#5486,#988);
#777=LINE('',#5487,#989);
#778=LINE('',#5502,#990);
#779=LINE('',#5507,#991);
#780=LINE('',#5508,#992);
#781=LINE('',#5517,#993);
#782=LINE('',#5525,#994);
#783=LINE('',#5533,#995);
#784=LINE('',#5534,#996);
#785=LINE('',#5632,#997);
#786=LINE('',#5634,#998);
#787=LINE('',#5640,#999);
#788=LINE('',#5642,#1000);
#789=LINE('',#5652,#1001);
#790=LINE('',#5656,#1002);
#791=LINE('',#5661,#1003);
#792=LINE('',#5671,#1004);
#793=LINE('',#5674,#1005);
#794=LINE('',#5691,#1006);
#795=LINE('',#5701,#1007);
#796=LINE('',#5703,#1008);
#797=LINE('',#5713,#1009);
#798=LINE('',#5717,#1010);
#799=LINE('',#5722,#1011);
#800=LINE('',#5732,#1012);
#801=LINE('',#5735,#1013);
#802=LINE('',#5752,#1014);
#803=LINE('',#5764,#1015);
#804=LINE('',#5768,#1016);
#805=VECTOR('',#3253,10.);
#806=VECTOR('',#3254,10.);
#807=VECTOR('',#3255,10.);
#808=VECTOR('',#3256,10.);
#809=VECTOR('',#3257,10.);
#810=VECTOR('',#3258,10.);
#811=VECTOR('',#3259,10.);
#812=VECTOR('',#3260,10.);
#813=VECTOR('',#3261,10.);
#814=VECTOR('',#3264,10.);
#815=VECTOR('',#3265,10.);
#816=VECTOR('',#3266,10.);
#817=VECTOR('',#3269,10.);
#818=VECTOR('',#3270,10.);
#819=VECTOR('',#3271,10.);
#820=VECTOR('',#3272,10.);
#821=VECTOR('',#3275,10.);
#822=VECTOR('',#3276,10.);
#823=VECTOR('',#3277,10.);
#824=VECTOR('',#3278,10.);
#825=VECTOR('',#3279,10.);
#826=VECTOR('',#3282,10.);
#827=VECTOR('',#3283,10.);
#828=VECTOR('',#3284,10.);
#829=VECTOR('',#3287,10.);
#830=VECTOR('',#3288,10.);
#831=VECTOR('',#3289,10.);
#832=VECTOR('',#3290,10.);
#833=VECTOR('',#3291,10.);
#834=VECTOR('',#3292,10.);
#835=VECTOR('',#3295,10.);
#836=VECTOR('',#3296,10.);
#837=VECTOR('',#3297,10.);
#838=VECTOR('',#3300,10.);
#839=VECTOR('',#3301,10.);
#840=VECTOR('',#3302,10.);
#841=VECTOR('',#3303,10.);
#842=VECTOR('',#3306,10.);
#843=VECTOR('',#3307,10.);
#844=VECTOR('',#3308,10.);
#845=VECTOR('',#3311,10.);
#846=VECTOR('',#3312,10.);
#847=VECTOR('',#3313,10.);
#848=VECTOR('',#3314,10.);
#849=VECTOR('',#3315,10.);
#850=VECTOR('',#3318,10.);
#851=VECTOR('',#3319,10.);
#852=VECTOR('',#3320,10.);
#853=VECTOR('',#3323,10.);
#854=VECTOR('',#3324,10.);
#855=VECTOR('',#3325,10.);
#856=VECTOR('',#3326,10.);
#857=VECTOR('',#3327,10.);
#858=VECTOR('',#3328,10.);
#859=VECTOR('',#3329,10.);
#860=VECTOR('',#3330,10.);
#861=VECTOR('',#3331,10.);
#862=VECTOR('',#3332,10.);
#863=VECTOR('',#3335,10.);
#864=VECTOR('',#3336,10.);
#865=VECTOR('',#3337,10.);
#866=VECTOR('',#3340,10.);
#867=VECTOR('',#3341,10.);
#868=VECTOR('',#3342,10.);
#869=VECTOR('',#3343,10.);
#870=VECTOR('',#3344,10.);
#871=VECTOR('',#3345,10.);
#872=VECTOR('',#3346,10.);
#873=VECTOR('',#3347,10.);
#874=VECTOR('',#3350,10.);
#875=VECTOR('',#3351,10.);
#876=VECTOR('',#3352,10.);
#877=VECTOR('',#3355,10.);
#878=VECTOR('',#3356,10.);
#879=VECTOR('',#3357,10.);
#880=VECTOR('',#3358,10.);
#881=VECTOR('',#3359,10.);
#882=VECTOR('',#3360,10.);
#883=VECTOR('',#3361,10.);
#884=VECTOR('',#3362,10.);
#885=VECTOR('',#3363,10.);
#886=VECTOR('',#3364,10.);
#887=VECTOR('',#3367,10.);
#888=VECTOR('',#3368,10.);
#889=VECTOR('',#3369,10.);
#890=VECTOR('',#3372,10.);
#891=VECTOR('',#3373,10.);
#892=VECTOR('',#3374,10.);
#893=VECTOR('',#3377,10.);
#894=VECTOR('',#3378,10.);
#895=VECTOR('',#3379,10.);
#896=VECTOR('',#3380,10.);
#897=VECTOR('',#3381,10.);
#898=VECTOR('',#3382,10.);
#899=VECTOR('',#3383,10.);
#900=VECTOR('',#3384,10.);
#901=VECTOR('',#3387,10.);
#902=VECTOR('',#3388,10.);
#903=VECTOR('',#3389,10.);
#904=VECTOR('',#3392,10.);
#905=VECTOR('',#3393,10.);
#906=VECTOR('',#3394,10.);
#907=VECTOR('',#3395,10.);
#908=VECTOR('',#3396,10.);
#909=VECTOR('',#3399,10.);
#910=VECTOR('',#3400,10.);
#911=VECTOR('',#3401,10.);
#912=VECTOR('',#3404,10.);
#913=VECTOR('',#3405,10.);
#914=VECTOR('',#3406,10.);
#915=VECTOR('',#3407,10.);
#916=VECTOR('',#3408,10.);
#917=VECTOR('',#3409,10.);
#918=VECTOR('',#3410,10.);
#919=VECTOR('',#3411,10.);
#920=VECTOR('',#3412,10.);
#921=VECTOR('',#3413,10.);
#922=VECTOR('',#3414,10.);
#923=VECTOR('',#3415,10.);
#924=VECTOR('',#3416,10.);
#925=VECTOR('',#3417,10.);
#926=VECTOR('',#3418,10.);
#927=VECTOR('',#3441,10.);
#928=VECTOR('',#3442,10.);
#929=VECTOR('',#3445,10.);
#930=VECTOR('',#3446,10.);
#931=VECTOR('',#3447,10.);
#932=VECTOR('',#3450,10.);
#933=VECTOR('',#3453,10.);
#934=VECTOR('',#3458,10.);
#935=VECTOR('',#3477,10.);
#936=VECTOR('',#3478,10.);
#937=VECTOR('',#3481,10.);
#938=VECTOR('',#3490,10.);
#939=VECTOR('',#3495,10.);
#940=VECTOR('',#3498,10.);
#941=VECTOR('',#3499,10.);
#942=VECTOR('',#3502,10.);
#943=VECTOR('',#3503,10.);
#944=VECTOR('',#3508,10.);
#945=VECTOR('',#3513,10.);
#946=VECTOR('',#3516,10.);
#947=VECTOR('',#3517,10.);
#948=VECTOR('',#3518,10.);
#949=VECTOR('',#3521,10.);
#950=VECTOR('',#3524,10.);
#951=VECTOR('',#3525,1.5);
#952=VECTOR('',#3526,10.);
#953=VECTOR('',#3537,10.);
#954=VECTOR('',#3540,10.);
#955=VECTOR('',#3541,10.);
#956=VECTOR('',#3542,10.);
#957=VECTOR('',#3543,10.);
#958=VECTOR('',#3544,10.);
#959=VECTOR('',#3545,10.);
#960=VECTOR('',#3546,10.);
#961=VECTOR('',#3549,10.);
#962=VECTOR('',#3550,10.);
#963=VECTOR('',#3553,10.);
#964=VECTOR('',#3558,10.);
#965=VECTOR('',#3561,10.);
#966=VECTOR('',#3566,0.65);
#967=VECTOR('',#3579,10.);
#968=VECTOR('',#3582,10.);
#969=VECTOR('',#3585,10.);
#970=VECTOR('',#3588,2.35);
#971=VECTOR('',#3593,10.);
#972=VECTOR('',#3606,10.);
#973=VECTOR('',#3609,2.35);
#974=VECTOR('',#3614,10.);
#975=VECTOR('',#3617,10.);
#976=VECTOR('',#3620,10.);
#977=VECTOR('',#3639,10.);
#978=VECTOR('',#3652,10.);
#979=VECTOR('',#3653,10.);
#980=VECTOR('',#3666,10.);
#981=VECTOR('',#3667,10.);
#982=VECTOR('',#3678,10.);
#983=VECTOR('',#3679,10.);
#984=VECTOR('',#3682,10.);
#985=VECTOR('',#3683,10.);
#986=VECTOR('',#3684,10.);
#987=VECTOR('',#3687,10.);
#988=VECTOR('',#3692,10.);
#989=VECTOR('',#3693,10.);
#990=VECTOR('',#3714,10.);
#991=VECTOR('',#3719,10.);
#992=VECTOR('',#3720,10.);
#993=VECTOR('',#3733,10.);
#994=VECTOR('',#3744,10.);
#995=VECTOR('',#3755,10.);
#996=VECTOR('',#3756,10.);
#997=VECTOR('',#3759,10.);
#998=VECTOR('',#3762,10.);
#999=VECTOR('',#3771,10.);
#1000=VECTOR('',#3772,10.);
#1001=VECTOR('',#3775,10.);
#1002=VECTOR('',#3780,10.);
#1003=VECTOR('',#3785,10.);
#1004=VECTOR('',#3788,10.);
#1005=VECTOR('',#3791,10.);
#1006=VECTOR('',#3794,10.);
#1007=VECTOR('',#3811,10.);
#1008=VECTOR('',#3812,10.);
#1009=VECTOR('',#3815,10.);
#1010=VECTOR('',#3820,10.);
#1011=VECTOR('',#3825,10.);
#1012=VECTOR('',#3828,10.);
#1013=VECTOR('',#3831,10.);
#1014=VECTOR('',#3834,10.);
#1015=VECTOR('',#3855,1.85);
#1016=VECTOR('',#3860,1.85);
#1017=(
BOUNDED_CURVE()
B_SPLINE_CURVE(3,(#3880,#3881,#3882,#3883),.UNSPECIFIED.,.F.,.F.)
B_SPLINE_CURVE_WITH_KNOTS((4,4),(-1.,0.),.UNSPECIFIED.)
CURVE()
GEOMETRIC_REPRESENTATION_ITEM()
RATIONAL_B_SPLINE_CURVE((1.,1.,1.,1.))
REPRESENTATION_ITEM('')
);
#1018=(
BOUNDED_CURVE()
B_SPLINE_CURVE(3,(#3887,#3888,#3889,#3890),.UNSPECIFIED.,.F.,.F.)
B_SPLINE_CURVE_WITH_KNOTS((4,4),(0.,1.),.UNSPECIFIED.)
CURVE()
GEOMETRIC_REPRESENTATION_ITEM()
RATIONAL_B_SPLINE_CURVE((1.,1.,1.,1.))
REPRESENTATION_ITEM('')
);
#1019=(
BOUNDED_CURVE()
B_SPLINE_CURVE(3,(#3901,#3902,#3903,#3904),.UNSPECIFIED.,.F.,.F.)
B_SPLINE_CURVE_WITH_KNOTS((4,4),(-1.,0.),.UNSPECIFIED.)
CURVE()
GEOMETRIC_REPRESENTATION_ITEM()
RATIONAL_B_SPLINE_CURVE((1.,1.,1.,1.))
REPRESENTATION_ITEM('')
);
#1020=(
BOUNDED_CURVE()
B_SPLINE_CURVE(3,(#3906,#3907,#3908,#3909),.UNSPECIFIED.,.F.,.F.)
B_SPLINE_CURVE_WITH_KNOTS((4,4),(0.,1.),.UNSPECIFIED.)
CURVE()
GEOMETRIC_REPRESENTATION_ITEM()
RATIONAL_B_SPLINE_CURVE((1.,1.,1.,1.))
REPRESENTATION_ITEM('')
);
#1021=(
BOUNDED_CURVE()
B_SPLINE_CURVE(3,(#3920,#3921,#3922,#3923),.UNSPECIFIED.,.F.,.F.)
B_SPLINE_CURVE_WITH_KNOTS((4,4),(-1.,0.),.UNSPECIFIED.)
CURVE()
GEOMETRIC_REPRESENTATION_ITEM()
RATIONAL_B_SPLINE_CURVE((1.,1.,1.,1.))
REPRESENTATION_ITEM('')
);
#1022=(
BOUNDED_CURVE()
B_SPLINE_CURVE(3,(#3925,#3926,#3927,#3928),.UNSPECIFIED.,.F.,.F.)
B_SPLINE_CURVE_WITH_KNOTS((4,4),(0.,1.),.UNSPECIFIED.)
CURVE()
GEOMETRIC_REPRESENTATION_ITEM()
RATIONAL_B_SPLINE_CURVE((1.,1.,1.,1.))
REPRESENTATION_ITEM('')
);
#1023=(
BOUNDED_CURVE()
B_SPLINE_CURVE(3,(#3939,#3940,#3941,#3942),.UNSPECIFIED.,.F.,.F.)
B_SPLINE_CURVE_WITH_KNOTS((4,4),(-1.,0.),.UNSPECIFIED.)
CURVE()
GEOMETRIC_REPRESENTATION_ITEM()
RATIONAL_B_SPLINE_CURVE((1.,1.,1.,1.))
REPRESENTATION_ITEM('')
);
#1024=(
BOUNDED_CURVE()
B_SPLINE_CURVE(3,(#3944,#3945,#3946,#3947),.UNSPECIFIED.,.F.,.F.)
B_SPLINE_CURVE_WITH_KNOTS((4,4),(0.,1.),.UNSPECIFIED.)
CURVE()
GEOMETRIC_REPRESENTATION_ITEM()
RATIONAL_B_SPLINE_CURVE((1.,1.,1.,1.))
REPRESENTATION_ITEM('')
);
#1025=(
BOUNDED_CURVE()
B_SPLINE_CURVE(3,(#3958,#3959,#3960,#3961),.UNSPECIFIED.,.F.,.F.)
B_SPLINE_CURVE_WITH_KNOTS((4,4),(-1.,0.),.UNSPECIFIED.)
CURVE()
GEOMETRIC_REPRESENTATION_ITEM()
RATIONAL_B_SPLINE_CURVE((1.,1.,1.,1.))
REPRESENTATION_ITEM('')
);
#1026=(
BOUNDED_CURVE()
B_SPLINE_CURVE(3,(#3963,#3964,#3965,#3966),.UNSPECIFIED.,.F.,.F.)
B_SPLINE_CURVE_WITH_KNOTS((4,4),(0.,1.),.UNSPECIFIED.)
CURVE()
GEOMETRIC_REPRESENTATION_ITEM()
RATIONAL_B_SPLINE_CURVE((1.,1.,1.,1.))
REPRESENTATION_ITEM('')
);
#1027=(
BOUNDED_CURVE()
B_SPLINE_CURVE(3,(#3977,#3978,#3979,#3980),.UNSPECIFIED.,.F.,.F.)
B_SPLINE_CURVE_WITH_KNOTS((4,4),(-1.,0.),.UNSPECIFIED.)
CURVE()
GEOMETRIC_REPRESENTATION_ITEM()
RATIONAL_B_SPLINE_CURVE((1.,1.,1.,1.))
REPRESENTATION_ITEM('')
);
#1028=(
BOUNDED_CURVE()
B_SPLINE_CURVE(3,(#3982,#3983,#3984,#3985),.UNSPECIFIED.,.F.,.F.)
B_SPLINE_CURVE_WITH_KNOTS((4,4),(0.,1.),.UNSPECIFIED.)
CURVE()
GEOMETRIC_REPRESENTATION_ITEM()
RATIONAL_B_SPLINE_CURVE((1.,1.,1.,1.))
REPRESENTATION_ITEM('')
);
#1029=(
BOUNDED_CURVE()
B_SPLINE_CURVE(3,(#3996,#3997,#3998,#3999),.UNSPECIFIED.,.F.,.F.)
B_SPLINE_CURVE_WITH_KNOTS((4,4),(-1.,0.),.UNSPECIFIED.)
CURVE()
GEOMETRIC_REPRESENTATION_ITEM()
RATIONAL_B_SPLINE_CURVE((1.,1.,1.,1.))
REPRESENTATION_ITEM('')
);
#1030=(
BOUNDED_CURVE()
B_SPLINE_CURVE(3,(#4001,#4002,#4003,#4004),.UNSPECIFIED.,.F.,.F.)
B_SPLINE_CURVE_WITH_KNOTS((4,4),(0.,1.),.UNSPECIFIED.)
CURVE()
GEOMETRIC_REPRESENTATION_ITEM()
RATIONAL_B_SPLINE_CURVE((1.,1.,1.,1.))
REPRESENTATION_ITEM('')
);
#1031=(
BOUNDED_CURVE()
B_SPLINE_CURVE(3,(#4015,#4016,#4017,#4018),.UNSPECIFIED.,.F.,.F.)
B_SPLINE_CURVE_WITH_KNOTS((4,4),(-1.,0.),.UNSPECIFIED.)
CURVE()
GEOMETRIC_REPRESENTATION_ITEM()
RATIONAL_B_SPLINE_CURVE((1.,1.,1.,1.))
REPRESENTATION_ITEM('')
);
#1032=(
BOUNDED_CURVE()
B_SPLINE_CURVE(3,(#4020,#4021,#4022,#4023),.UNSPECIFIED.,.F.,.F.)
B_SPLINE_CURVE_WITH_KNOTS((4,4),(0.,1.),.UNSPECIFIED.)
CURVE()
GEOMETRIC_REPRESENTATION_ITEM()
RATIONAL_B_SPLINE_CURVE((1.,1.,1.,1.))
REPRESENTATION_ITEM('')
);
#1033=(
BOUNDED_CURVE()
B_SPLINE_CURVE(3,(#4046,#4047,#4048,#4049),.UNSPECIFIED.,.F.,.F.)
B_SPLINE_CURVE_WITH_KNOTS((4,4),(-1.,0.),.UNSPECIFIED.)
CURVE()
GEOMETRIC_REPRESENTATION_ITEM()
RATIONAL_B_SPLINE_CURVE((1.,1.,1.,1.))
REPRESENTATION_ITEM('')
);
#1034=(
BOUNDED_CURVE()
B_SPLINE_CURVE(3,(#4051,#4052,#4053,#4054),.UNSPECIFIED.,.F.,.F.)
B_SPLINE_CURVE_WITH_KNOTS((4,4),(0.,1.),.UNSPECIFIED.)
CURVE()
GEOMETRIC_REPRESENTATION_ITEM()
RATIONAL_B_SPLINE_CURVE((1.,1.,1.,1.))
REPRESENTATION_ITEM('')
);
#1035=(
BOUNDED_CURVE()
B_SPLINE_CURVE(3,(#4064,#4065,#4066,#4067),.UNSPECIFIED.,.F.,.F.)
B_SPLINE_CURVE_WITH_KNOTS((4,4),(-1.,0.),.UNSPECIFIED.)
CURVE()
GEOMETRIC_REPRESENTATION_ITEM()
RATIONAL_B_SPLINE_CURVE((1.,1.,1.,1.))
REPRESENTATION_ITEM('')
);
#1036=(
BOUNDED_CURVE()
B_SPLINE_CURVE(3,(#4068,#4069,#4070,#4071),.UNSPECIFIED.,.F.,.F.)
B_SPLINE_CURVE_WITH_KNOTS((4,4),(0.,1.),.UNSPECIFIED.)
CURVE()
GEOMETRIC_REPRESENTATION_ITEM()
RATIONAL_B_SPLINE_CURVE((1.,1.,1.,1.))
REPRESENTATION_ITEM('')
);
#1037=(
BOUNDED_CURVE()
B_SPLINE_CURVE(3,(#4090,#4091,#4092,#4093),.UNSPECIFIED.,.F.,.F.)
B_SPLINE_CURVE_WITH_KNOTS((4,4),(-1.,0.),.UNSPECIFIED.)
CURVE()
GEOMETRIC_REPRESENTATION_ITEM()
RATIONAL_B_SPLINE_CURVE((1.,1.,1.,1.))
REPRESENTATION_ITEM('')
);
#1038=(
BOUNDED_CURVE()
B_SPLINE_CURVE(3,(#4095,#4096,#4097,#4098),.UNSPECIFIED.,.F.,.F.)
B_SPLINE_CURVE_WITH_KNOTS((4,4),(0.,1.),.UNSPECIFIED.)
CURVE()
GEOMETRIC_REPRESENTATION_ITEM()
RATIONAL_B_SPLINE_CURVE((1.,1.,1.,1.))
REPRESENTATION_ITEM('')
);
#1039=(
BOUNDED_CURVE()
B_SPLINE_CURVE(3,(#4121,#4122,#4123,#4124),.UNSPECIFIED.,.F.,.F.)
B_SPLINE_CURVE_WITH_KNOTS((4,4),(-1.,0.),.UNSPECIFIED.)
CURVE()
GEOMETRIC_REPRESENTATION_ITEM()
RATIONAL_B_SPLINE_CURVE((1.,1.,1.,1.))
REPRESENTATION_ITEM('')
);
#1040=(
BOUNDED_CURVE()
B_SPLINE_CURVE(3,(#4126,#4127,#4128,#4129),.UNSPECIFIED.,.F.,.F.)
B_SPLINE_CURVE_WITH_KNOTS((4,4),(0.,1.),.UNSPECIFIED.)
CURVE()
GEOMETRIC_REPRESENTATION_ITEM()
RATIONAL_B_SPLINE_CURVE((1.,1.,1.,1.))
REPRESENTATION_ITEM('')
);
#1041=(
BOUNDED_CURVE()
B_SPLINE_CURVE(3,(#4140,#4141,#4142,#4143),.UNSPECIFIED.,.F.,.F.)
B_SPLINE_CURVE_WITH_KNOTS((4,4),(-1.,0.),.UNSPECIFIED.)
CURVE()
GEOMETRIC_REPRESENTATION_ITEM()
RATIONAL_B_SPLINE_CURVE((1.,1.,1.,1.))
REPRESENTATION_ITEM('')
);
#1042=(
BOUNDED_CURVE()
B_SPLINE_CURVE(3,(#4145,#4146,#4147,#4148),.UNSPECIFIED.,.F.,.F.)
B_SPLINE_CURVE_WITH_KNOTS((4,4),(0.,1.),.UNSPECIFIED.)
CURVE()
GEOMETRIC_REPRESENTATION_ITEM()
RATIONAL_B_SPLINE_CURVE((1.,1.,1.,1.))
REPRESENTATION_ITEM('')
);
#1043=(
BOUNDED_CURVE()
B_SPLINE_CURVE(3,(#4159,#4160,#4161,#4162),.UNSPECIFIED.,.F.,.F.)
B_SPLINE_CURVE_WITH_KNOTS((4,4),(-1.,0.),.UNSPECIFIED.)
CURVE()
GEOMETRIC_REPRESENTATION_ITEM()
RATIONAL_B_SPLINE_CURVE((1.,1.,1.,1.))
REPRESENTATION_ITEM('')
);
#1044=(
BOUNDED_CURVE()
B_SPLINE_CURVE(3,(#4164,#4165,#4166,#4167),.UNSPECIFIED.,.F.,.F.)
B_SPLINE_CURVE_WITH_KNOTS((4,4),(0.,1.),.UNSPECIFIED.)
CURVE()
GEOMETRIC_REPRESENTATION_ITEM()
RATIONAL_B_SPLINE_CURVE((1.,1.,1.,1.))
REPRESENTATION_ITEM('')
);
#1045=(
BOUNDED_CURVE()
B_SPLINE_CURVE(3,(#4190,#4191,#4192,#4193),.UNSPECIFIED.,.F.,.F.)
B_SPLINE_CURVE_WITH_KNOTS((4,4),(-1.,0.),.UNSPECIFIED.)
CURVE()
GEOMETRIC_REPRESENTATION_ITEM()
RATIONAL_B_SPLINE_CURVE((1.,1.,1.,1.))
REPRESENTATION_ITEM('')
);
#1046=(
BOUNDED_CURVE()
B_SPLINE_CURVE(3,(#4195,#4196,#4197,#4198),.UNSPECIFIED.,.F.,.F.)
B_SPLINE_CURVE_WITH_KNOTS((4,4),(0.,1.),.UNSPECIFIED.)
CURVE()
GEOMETRIC_REPRESENTATION_ITEM()
RATIONAL_B_SPLINE_CURVE((1.,1.,1.,1.))
REPRESENTATION_ITEM('')
);
#1047=(
BOUNDED_CURVE()
B_SPLINE_CURVE(3,(#4221,#4222,#4223,#4224),.UNSPECIFIED.,.F.,.F.)
B_SPLINE_CURVE_WITH_KNOTS((4,4),(-1.,0.),.UNSPECIFIED.)
CURVE()
GEOMETRIC_REPRESENTATION_ITEM()
RATIONAL_B_SPLINE_CURVE((1.,1.,1.,1.))
REPRESENTATION_ITEM('')
);
#1048=(
BOUNDED_CURVE()
B_SPLINE_CURVE(3,(#4226,#4227,#4228,#4229),.UNSPECIFIED.,.F.,.F.)
B_SPLINE_CURVE_WITH_KNOTS((4,4),(0.,1.),.UNSPECIFIED.)
CURVE()
GEOMETRIC_REPRESENTATION_ITEM()
RATIONAL_B_SPLINE_CURVE((1.,1.,1.,1.))
REPRESENTATION_ITEM('')
);
#1049=(
BOUNDED_CURVE()
B_SPLINE_CURVE(3,(#4240,#4241,#4242,#4243),.UNSPECIFIED.,.F.,.F.)
B_SPLINE_CURVE_WITH_KNOTS((4,4),(-1.,0.),.UNSPECIFIED.)
CURVE()
GEOMETRIC_REPRESENTATION_ITEM()
RATIONAL_B_SPLINE_CURVE((1.,1.,1.,1.))
REPRESENTATION_ITEM('')
);
#1050=(
BOUNDED_CURVE()
B_SPLINE_CURVE(3,(#4245,#4246,#4247,#4248),.UNSPECIFIED.,.F.,.F.)
B_SPLINE_CURVE_WITH_KNOTS((4,4),(0.,1.),.UNSPECIFIED.)
CURVE()
GEOMETRIC_REPRESENTATION_ITEM()
RATIONAL_B_SPLINE_CURVE((1.,1.,1.,1.))
REPRESENTATION_ITEM('')
);
#1051=(
BOUNDED_CURVE()
B_SPLINE_CURVE(3,(#4269,#4270,#4271,#4272),.UNSPECIFIED.,.F.,.F.)
B_SPLINE_CURVE_WITH_KNOTS((4,4),(-1.,0.),.UNSPECIFIED.)
CURVE()
GEOMETRIC_REPRESENTATION_ITEM()
RATIONAL_B_SPLINE_CURVE((1.,1.,1.,1.))
REPRESENTATION_ITEM('')
);
#1052=(
BOUNDED_CURVE()
B_SPLINE_CURVE(3,(#4276,#4277,#4278,#4279),.UNSPECIFIED.,.F.,.F.)
B_SPLINE_CURVE_WITH_KNOTS((4,4),(0.,1.),.UNSPECIFIED.)
CURVE()
GEOMETRIC_REPRESENTATION_ITEM()
RATIONAL_B_SPLINE_CURVE((1.,1.,1.,1.))
REPRESENTATION_ITEM('')
);
#1053=(
BOUNDED_CURVE()
B_SPLINE_CURVE(3,(#4290,#4291,#4292,#4293),.UNSPECIFIED.,.F.,.F.)
B_SPLINE_CURVE_WITH_KNOTS((4,4),(-1.,0.),.UNSPECIFIED.)
CURVE()
GEOMETRIC_REPRESENTATION_ITEM()
RATIONAL_B_SPLINE_CURVE((1.,1.,1.,1.))
REPRESENTATION_ITEM('')
);
#1054=(
BOUNDED_CURVE()
B_SPLINE_CURVE(3,(#4295,#4296,#4297,#4298),.UNSPECIFIED.,.F.,.F.)
B_SPLINE_CURVE_WITH_KNOTS((4,4),(0.,1.),.UNSPECIFIED.)
CURVE()
GEOMETRIC_REPRESENTATION_ITEM()
RATIONAL_B_SPLINE_CURVE((1.,1.,1.,1.))
REPRESENTATION_ITEM('')
);
#1055=(
BOUNDED_CURVE()
B_SPLINE_CURVE(3,(#4309,#4310,#4311,#4312),.UNSPECIFIED.,.F.,.F.)
B_SPLINE_CURVE_WITH_KNOTS((4,4),(-1.,0.),.UNSPECIFIED.)
CURVE()
GEOMETRIC_REPRESENTATION_ITEM()
RATIONAL_B_SPLINE_CURVE((1.,1.,1.,1.))
REPRESENTATION_ITEM('')
);
#1056=(
BOUNDED_CURVE()
B_SPLINE_CURVE(3,(#4314,#4315,#4316,#4317),.UNSPECIFIED.,.F.,.F.)
B_SPLINE_CURVE_WITH_KNOTS((4,4),(0.,1.),.UNSPECIFIED.)
CURVE()
GEOMETRIC_REPRESENTATION_ITEM()
RATIONAL_B_SPLINE_CURVE((1.,1.,1.,1.))
REPRESENTATION_ITEM('')
);
#1057=(
BOUNDED_CURVE()
B_SPLINE_CURVE(3,(#4328,#4329,#4330,#4331),.UNSPECIFIED.,.F.,.F.)
B_SPLINE_CURVE_WITH_KNOTS((4,4),(-1.,0.),.UNSPECIFIED.)
CURVE()
GEOMETRIC_REPRESENTATION_ITEM()
RATIONAL_B_SPLINE_CURVE((1.,1.,1.,1.))
REPRESENTATION_ITEM('')
);
#1058=(
BOUNDED_CURVE()
B_SPLINE_CURVE(3,(#4333,#4334,#4335,#4336),.UNSPECIFIED.,.F.,.F.)
B_SPLINE_CURVE_WITH_KNOTS((4,4),(0.,1.),.UNSPECIFIED.)
CURVE()
GEOMETRIC_REPRESENTATION_ITEM()
RATIONAL_B_SPLINE_CURVE((1.,1.,1.,1.))
REPRESENTATION_ITEM('')
);
#1059=(
BOUNDED_CURVE()
B_SPLINE_CURVE(3,(#4347,#4348,#4349,#4350),.UNSPECIFIED.,.F.,.F.)
B_SPLINE_CURVE_WITH_KNOTS((4,4),(-1.,0.),.UNSPECIFIED.)
CURVE()
GEOMETRIC_REPRESENTATION_ITEM()
RATIONAL_B_SPLINE_CURVE((1.,1.,1.,1.))
REPRESENTATION_ITEM('')
);
#1060=(
BOUNDED_CURVE()
B_SPLINE_CURVE(3,(#4352,#4353,#4354,#4355),.UNSPECIFIED.,.F.,.F.)
B_SPLINE_CURVE_WITH_KNOTS((4,4),(0.,1.),.UNSPECIFIED.)
CURVE()
GEOMETRIC_REPRESENTATION_ITEM()
RATIONAL_B_SPLINE_CURVE((1.,1.,1.,1.))
REPRESENTATION_ITEM('')
);
#1061=(
BOUNDED_CURVE()
B_SPLINE_CURVE(3,(#4366,#4367,#4368,#4369),.UNSPECIFIED.,.F.,.F.)
B_SPLINE_CURVE_WITH_KNOTS((4,4),(-1.,0.),.UNSPECIFIED.)
CURVE()
GEOMETRIC_REPRESENTATION_ITEM()
RATIONAL_B_SPLINE_CURVE((1.,1.,1.,1.))
REPRESENTATION_ITEM('')
);
#1062=(
BOUNDED_CURVE()
B_SPLINE_CURVE(3,(#4371,#4372,#4373,#4374),.UNSPECIFIED.,.F.,.F.)
B_SPLINE_CURVE_WITH_KNOTS((4,4),(0.,1.),.UNSPECIFIED.)
CURVE()
GEOMETRIC_REPRESENTATION_ITEM()
RATIONAL_B_SPLINE_CURVE((1.,1.,1.,1.))
REPRESENTATION_ITEM('')
);
#1063=(
BOUNDED_CURVE()
B_SPLINE_CURVE(3,(#4385,#4386,#4387,#4388),.UNSPECIFIED.,.F.,.F.)
B_SPLINE_CURVE_WITH_KNOTS((4,4),(-1.,0.),.UNSPECIFIED.)
CURVE()
GEOMETRIC_REPRESENTATION_ITEM()
RATIONAL_B_SPLINE_CURVE((1.,1.,1.,1.))
REPRESENTATION_ITEM('')
);
#1064=(
BOUNDED_CURVE()
B_SPLINE_CURVE(3,(#4390,#4391,#4392,#4393),.UNSPECIFIED.,.F.,.F.)
B_SPLINE_CURVE_WITH_KNOTS((4,4),(0.,1.),.UNSPECIFIED.)
CURVE()
GEOMETRIC_REPRESENTATION_ITEM()
RATIONAL_B_SPLINE_CURVE((1.,1.,1.,1.))
REPRESENTATION_ITEM('')
);
#1065=(
BOUNDED_CURVE()
B_SPLINE_CURVE(3,(#4416,#4417,#4418,#4419),.UNSPECIFIED.,.F.,.F.)
B_SPLINE_CURVE_WITH_KNOTS((4,4),(-1.,0.),.UNSPECIFIED.)
CURVE()
GEOMETRIC_REPRESENTATION_ITEM()
RATIONAL_B_SPLINE_CURVE((1.,1.,1.,1.))
REPRESENTATION_ITEM('')
);
#1066=(
BOUNDED_CURVE()
B_SPLINE_CURVE(3,(#4421,#4422,#4423,#4424),.UNSPECIFIED.,.F.,.F.)
B_SPLINE_CURVE_WITH_KNOTS((4,4),(0.,1.),.UNSPECIFIED.)
CURVE()
GEOMETRIC_REPRESENTATION_ITEM()
RATIONAL_B_SPLINE_CURVE((1.,1.,1.,1.))
REPRESENTATION_ITEM('')
);
#1067=(
BOUNDED_CURVE()
B_SPLINE_CURVE(3,(#4435,#4436,#4437,#4438),.UNSPECIFIED.,.F.,.F.)
B_SPLINE_CURVE_WITH_KNOTS((4,4),(-1.,0.),.UNSPECIFIED.)
CURVE()
GEOMETRIC_REPRESENTATION_ITEM()
RATIONAL_B_SPLINE_CURVE((1.,1.,1.,1.))
REPRESENTATION_ITEM('')
);
#1068=(
BOUNDED_CURVE()
B_SPLINE_CURVE(3,(#4440,#4441,#4442,#4443),.UNSPECIFIED.,.F.,.F.)
B_SPLINE_CURVE_WITH_KNOTS((4,4),(0.,1.),.UNSPECIFIED.)
CURVE()
GEOMETRIC_REPRESENTATION_ITEM()
RATIONAL_B_SPLINE_CURVE((1.,1.,1.,1.))
REPRESENTATION_ITEM('')
);
#1069=(
BOUNDED_CURVE()
B_SPLINE_CURVE(3,(#4453,#4454,#4455,#4456),.UNSPECIFIED.,.F.,.F.)
B_SPLINE_CURVE_WITH_KNOTS((4,4),(-1.,0.),.UNSPECIFIED.)
CURVE()
GEOMETRIC_REPRESENTATION_ITEM()
RATIONAL_B_SPLINE_CURVE((1.,1.,1.,1.))
REPRESENTATION_ITEM('')
);
#1070=(
BOUNDED_CURVE()
B_SPLINE_CURVE(3,(#4457,#4458,#4459,#4460),.UNSPECIFIED.,.F.,.F.)
B_SPLINE_CURVE_WITH_KNOTS((4,4),(0.,1.),.UNSPECIFIED.)
CURVE()
GEOMETRIC_REPRESENTATION_ITEM()
RATIONAL_B_SPLINE_CURVE((1.,1.,1.,1.))
REPRESENTATION_ITEM('')
);
#1071=(
BOUNDED_CURVE()
B_SPLINE_CURVE(3,(#4471,#4472,#4473,#4474),.UNSPECIFIED.,.F.,.F.)
B_SPLINE_CURVE_WITH_KNOTS((4,4),(-1.,0.),.UNSPECIFIED.)
CURVE()
GEOMETRIC_REPRESENTATION_ITEM()
RATIONAL_B_SPLINE_CURVE((1.,1.,1.,1.))
REPRESENTATION_ITEM('')
);
#1072=(
BOUNDED_CURVE()
B_SPLINE_CURVE(3,(#4478,#4479,#4480,#4481),.UNSPECIFIED.,.F.,.F.)
B_SPLINE_CURVE_WITH_KNOTS((4,4),(0.,1.),.UNSPECIFIED.)
CURVE()
GEOMETRIC_REPRESENTATION_ITEM()
RATIONAL_B_SPLINE_CURVE((1.,1.,1.,1.))
REPRESENTATION_ITEM('')
);
#1073=(
BOUNDED_CURVE()
B_SPLINE_CURVE(3,(#4492,#4493,#4494,#4495),.UNSPECIFIED.,.F.,.F.)
B_SPLINE_CURVE_WITH_KNOTS((4,4),(-1.,0.),.UNSPECIFIED.)
CURVE()
GEOMETRIC_REPRESENTATION_ITEM()
RATIONAL_B_SPLINE_CURVE((1.,1.,1.,1.))
REPRESENTATION_ITEM('')
);
#1074=(
BOUNDED_CURVE()
B_SPLINE_CURVE(3,(#4497,#4498,#4499,#4500),.UNSPECIFIED.,.F.,.F.)
B_SPLINE_CURVE_WITH_KNOTS((4,4),(0.,1.),.UNSPECIFIED.)
CURVE()
GEOMETRIC_REPRESENTATION_ITEM()
RATIONAL_B_SPLINE_CURVE((1.,1.,1.,1.))
REPRESENTATION_ITEM('')
);
#1075=(
BOUNDED_CURVE()
B_SPLINE_CURVE(3,(#4523,#4524,#4525,#4526),.UNSPECIFIED.,.F.,.F.)
B_SPLINE_CURVE_WITH_KNOTS((4,4),(-1.,0.),.UNSPECIFIED.)
CURVE()
GEOMETRIC_REPRESENTATION_ITEM()
RATIONAL_B_SPLINE_CURVE((1.,1.,1.,1.))
REPRESENTATION_ITEM('')
);
#1076=(
BOUNDED_CURVE()
B_SPLINE_CURVE(3,(#4528,#4529,#4530,#4531),.UNSPECIFIED.,.F.,.F.)
B_SPLINE_CURVE_WITH_KNOTS((4,4),(0.,1.),.UNSPECIFIED.)
CURVE()
GEOMETRIC_REPRESENTATION_ITEM()
RATIONAL_B_SPLINE_CURVE((1.,1.,1.,1.))
REPRESENTATION_ITEM('')
);
#1077=(
BOUNDED_CURVE()
B_SPLINE_CURVE(3,(#4542,#4543,#4544,#4545),.UNSPECIFIED.,.F.,.F.)
B_SPLINE_CURVE_WITH_KNOTS((4,4),(-1.,0.),.UNSPECIFIED.)
CURVE()
GEOMETRIC_REPRESENTATION_ITEM()
RATIONAL_B_SPLINE_CURVE((1.,1.,1.,1.))
REPRESENTATION_ITEM('')
);
#1078=(
BOUNDED_CURVE()
B_SPLINE_CURVE(3,(#4547,#4548,#4549,#4550),.UNSPECIFIED.,.F.,.F.)
B_SPLINE_CURVE_WITH_KNOTS((4,4),(0.,1.),.UNSPECIFIED.)
CURVE()
GEOMETRIC_REPRESENTATION_ITEM()
RATIONAL_B_SPLINE_CURVE((1.,1.,1.,1.))
REPRESENTATION_ITEM('')
);
#1079=(
BOUNDED_CURVE()
B_SPLINE_CURVE(3,(#4561,#4562,#4563,#4564),.UNSPECIFIED.,.F.,.F.)
B_SPLINE_CURVE_WITH_KNOTS((4,4),(-1.,0.),.UNSPECIFIED.)
CURVE()
GEOMETRIC_REPRESENTATION_ITEM()
RATIONAL_B_SPLINE_CURVE((1.,1.,1.,1.))
REPRESENTATION_ITEM('')
);
#1080=(
BOUNDED_CURVE()
B_SPLINE_CURVE(3,(#4566,#4567,#4568,#4569),.UNSPECIFIED.,.F.,.F.)
B_SPLINE_CURVE_WITH_KNOTS((4,4),(0.,1.),.UNSPECIFIED.)
CURVE()
GEOMETRIC_REPRESENTATION_ITEM()
RATIONAL_B_SPLINE_CURVE((1.,1.,1.,1.))
REPRESENTATION_ITEM('')
);
#1081=(
BOUNDED_CURVE()
B_SPLINE_CURVE(3,(#4580,#4581,#4582,#4583),.UNSPECIFIED.,.F.,.F.)
B_SPLINE_CURVE_WITH_KNOTS((4,4),(-1.,0.),.UNSPECIFIED.)
CURVE()
GEOMETRIC_REPRESENTATION_ITEM()
RATIONAL_B_SPLINE_CURVE((1.,1.,1.,1.))
REPRESENTATION_ITEM('')
);
#1082=(
BOUNDED_CURVE()
B_SPLINE_CURVE(3,(#4585,#4586,#4587,#4588),.UNSPECIFIED.,.F.,.F.)
B_SPLINE_CURVE_WITH_KNOTS((4,4),(0.,1.),.UNSPECIFIED.)
CURVE()
GEOMETRIC_REPRESENTATION_ITEM()
RATIONAL_B_SPLINE_CURVE((1.,1.,1.,1.))
REPRESENTATION_ITEM('')
);
#1083=(
BOUNDED_CURVE()
B_SPLINE_CURVE(3,(#4599,#4600,#4601,#4602),.UNSPECIFIED.,.F.,.F.)
B_SPLINE_CURVE_WITH_KNOTS((4,4),(-1.,0.),.UNSPECIFIED.)
CURVE()
GEOMETRIC_REPRESENTATION_ITEM()
RATIONAL_B_SPLINE_CURVE((1.,1.,1.,1.))
REPRESENTATION_ITEM('')
);
#1084=(
BOUNDED_CURVE()
B_SPLINE_CURVE(3,(#4604,#4605,#4606,#4607),.UNSPECIFIED.,.F.,.F.)
B_SPLINE_CURVE_WITH_KNOTS((4,4),(0.,1.),.UNSPECIFIED.)
CURVE()
GEOMETRIC_REPRESENTATION_ITEM()
RATIONAL_B_SPLINE_CURVE((1.,1.,1.,1.))
REPRESENTATION_ITEM('')
);
#1085=(
BOUNDED_CURVE()
B_SPLINE_CURVE(3,(#4618,#4619,#4620,#4621),.UNSPECIFIED.,.F.,.F.)
B_SPLINE_CURVE_WITH_KNOTS((4,4),(-1.,0.),.UNSPECIFIED.)
CURVE()
GEOMETRIC_REPRESENTATION_ITEM()
RATIONAL_B_SPLINE_CURVE((1.,1.,1.,1.))
REPRESENTATION_ITEM('')
);
#1086=(
BOUNDED_CURVE()
B_SPLINE_CURVE(3,(#4623,#4624,#4625,#4626),.UNSPECIFIED.,.F.,.F.)
B_SPLINE_CURVE_WITH_KNOTS((4,4),(0.,1.),.UNSPECIFIED.)
CURVE()
GEOMETRIC_REPRESENTATION_ITEM()
RATIONAL_B_SPLINE_CURVE((1.,1.,1.,1.))
REPRESENTATION_ITEM('')
);
#1087=(
BOUNDED_CURVE()
B_SPLINE_CURVE(3,(#4637,#4638,#4639,#4640),.UNSPECIFIED.,.F.,.F.)
B_SPLINE_CURVE_WITH_KNOTS((4,4),(-1.,0.),.UNSPECIFIED.)
CURVE()
GEOMETRIC_REPRESENTATION_ITEM()
RATIONAL_B_SPLINE_CURVE((1.,1.,1.,1.))
REPRESENTATION_ITEM('')
);
#1088=(
BOUNDED_CURVE()
B_SPLINE_CURVE(3,(#4642,#4643,#4644,#4645),.UNSPECIFIED.,.F.,.F.)
B_SPLINE_CURVE_WITH_KNOTS((4,4),(0.,1.),.UNSPECIFIED.)
CURVE()
GEOMETRIC_REPRESENTATION_ITEM()
RATIONAL_B_SPLINE_CURVE((1.,1.,1.,1.))
REPRESENTATION_ITEM('')
);
#1089=(
BOUNDED_CURVE()
B_SPLINE_CURVE(3,(#4672,#4673,#4674,#4675),.UNSPECIFIED.,.F.,.F.)
B_SPLINE_CURVE_WITH_KNOTS((4,4),(-1.,0.),.UNSPECIFIED.)
CURVE()
GEOMETRIC_REPRESENTATION_ITEM()
RATIONAL_B_SPLINE_CURVE((1.,1.,1.,1.))
REPRESENTATION_ITEM('')
);
#1090=(
BOUNDED_CURVE()
B_SPLINE_CURVE(3,(#4679,#4680,#4681,#4682),.UNSPECIFIED.,.F.,.F.)
B_SPLINE_CURVE_WITH_KNOTS((4,4),(0.,1.),.UNSPECIFIED.)
CURVE()
GEOMETRIC_REPRESENTATION_ITEM()
RATIONAL_B_SPLINE_CURVE((1.,1.,1.,1.))
REPRESENTATION_ITEM('')
);
#1091=(
BOUNDED_CURVE()
B_SPLINE_CURVE(3,(#4693,#4694,#4695,#4696),.UNSPECIFIED.,.F.,.F.)
B_SPLINE_CURVE_WITH_KNOTS((4,4),(-1.,0.),.UNSPECIFIED.)
CURVE()
GEOMETRIC_REPRESENTATION_ITEM()
RATIONAL_B_SPLINE_CURVE((1.,1.,1.,1.))
REPRESENTATION_ITEM('')
);
#1092=(
BOUNDED_CURVE()
B_SPLINE_CURVE(3,(#4698,#4699,#4700,#4701),.UNSPECIFIED.,.F.,.F.)
B_SPLINE_CURVE_WITH_KNOTS((4,4),(0.,1.),.UNSPECIFIED.)
CURVE()
GEOMETRIC_REPRESENTATION_ITEM()
RATIONAL_B_SPLINE_CURVE((1.,1.,1.,1.))
REPRESENTATION_ITEM('')
);
#1093=(
BOUNDED_CURVE()
B_SPLINE_CURVE(3,(#4712,#4713,#4714,#4715),.UNSPECIFIED.,.F.,.F.)
B_SPLINE_CURVE_WITH_KNOTS((4,4),(-1.,0.),.UNSPECIFIED.)
CURVE()
GEOMETRIC_REPRESENTATION_ITEM()
RATIONAL_B_SPLINE_CURVE((1.,1.,1.,1.))
REPRESENTATION_ITEM('')
);
#1094=(
BOUNDED_CURVE()
B_SPLINE_CURVE(3,(#4717,#4718,#4719,#4720),.UNSPECIFIED.,.F.,.F.)
B_SPLINE_CURVE_WITH_KNOTS((4,4),(0.,1.),.UNSPECIFIED.)
CURVE()
GEOMETRIC_REPRESENTATION_ITEM()
RATIONAL_B_SPLINE_CURVE((1.,1.,1.,1.))
REPRESENTATION_ITEM('')
);
#1095=(
BOUNDED_CURVE()
B_SPLINE_CURVE(3,(#4731,#4732,#4733,#4734),.UNSPECIFIED.,.F.,.F.)
B_SPLINE_CURVE_WITH_KNOTS((4,4),(-1.,0.),.UNSPECIFIED.)
CURVE()
GEOMETRIC_REPRESENTATION_ITEM()
RATIONAL_B_SPLINE_CURVE((1.,1.,1.,1.))
REPRESENTATION_ITEM('')
);
#1096=(
BOUNDED_CURVE()
B_SPLINE_CURVE(3,(#4736,#4737,#4738,#4739),.UNSPECIFIED.,.F.,.F.)
B_SPLINE_CURVE_WITH_KNOTS((4,4),(0.,1.),.UNSPECIFIED.)
CURVE()
GEOMETRIC_REPRESENTATION_ITEM()
RATIONAL_B_SPLINE_CURVE((1.,1.,1.,1.))
REPRESENTATION_ITEM('')
);
#1097=(
BOUNDED_CURVE()
B_SPLINE_CURVE(3,(#4750,#4751,#4752,#4753),.UNSPECIFIED.,.F.,.F.)
B_SPLINE_CURVE_WITH_KNOTS((4,4),(-1.,0.),.UNSPECIFIED.)
CURVE()
GEOMETRIC_REPRESENTATION_ITEM()
RATIONAL_B_SPLINE_CURVE((1.,1.,1.,1.))
REPRESENTATION_ITEM('')
);
#1098=(
BOUNDED_CURVE()
B_SPLINE_CURVE(3,(#4755,#4756,#4757,#4758),.UNSPECIFIED.,.F.,.F.)
B_SPLINE_CURVE_WITH_KNOTS((4,4),(0.,1.),.UNSPECIFIED.)
CURVE()
GEOMETRIC_REPRESENTATION_ITEM()
RATIONAL_B_SPLINE_CURVE((1.,1.,1.,1.))
REPRESENTATION_ITEM('')
);
#1099=(
BOUNDED_CURVE()
B_SPLINE_CURVE(3,(#4781,#4782,#4783,#4784),.UNSPECIFIED.,.F.,.F.)
B_SPLINE_CURVE_WITH_KNOTS((4,4),(-1.,0.),.UNSPECIFIED.)
CURVE()
GEOMETRIC_REPRESENTATION_ITEM()
RATIONAL_B_SPLINE_CURVE((1.,1.,1.,1.))
REPRESENTATION_ITEM('')
);
#1100=(
BOUNDED_CURVE()
B_SPLINE_CURVE(3,(#4786,#4787,#4788,#4789),.UNSPECIFIED.,.F.,.F.)
B_SPLINE_CURVE_WITH_KNOTS((4,4),(0.,1.),.UNSPECIFIED.)
CURVE()
GEOMETRIC_REPRESENTATION_ITEM()
RATIONAL_B_SPLINE_CURVE((1.,1.,1.,1.))
REPRESENTATION_ITEM('')
);
#1101=(
BOUNDED_CURVE()
B_SPLINE_CURVE(3,(#4800,#4801,#4802,#4803),.UNSPECIFIED.,.F.,.F.)
B_SPLINE_CURVE_WITH_KNOTS((4,4),(-1.,0.),.UNSPECIFIED.)
CURVE()
GEOMETRIC_REPRESENTATION_ITEM()
RATIONAL_B_SPLINE_CURVE((1.,1.,1.,1.))
REPRESENTATION_ITEM('')
);
#1102=(
BOUNDED_CURVE()
B_SPLINE_CURVE(3,(#4805,#4806,#4807,#4808),.UNSPECIFIED.,.F.,.F.)
B_SPLINE_CURVE_WITH_KNOTS((4,4),(0.,1.),.UNSPECIFIED.)
CURVE()
GEOMETRIC_REPRESENTATION_ITEM()
RATIONAL_B_SPLINE_CURVE((1.,1.,1.,1.))
REPRESENTATION_ITEM('')
);
#1103=(
BOUNDED_CURVE()
B_SPLINE_CURVE(3,(#4831,#4832,#4833,#4834),.UNSPECIFIED.,.F.,.F.)
B_SPLINE_CURVE_WITH_KNOTS((4,4),(-1.,0.),.UNSPECIFIED.)
CURVE()
GEOMETRIC_REPRESENTATION_ITEM()
RATIONAL_B_SPLINE_CURVE((1.,1.,1.,1.))
REPRESENTATION_ITEM('')
);
#1104=(
BOUNDED_CURVE()
B_SPLINE_CURVE(3,(#4836,#4837,#4838,#4839),.UNSPECIFIED.,.F.,.F.)
B_SPLINE_CURVE_WITH_KNOTS((4,4),(0.,1.),.UNSPECIFIED.)
CURVE()
GEOMETRIC_REPRESENTATION_ITEM()
RATIONAL_B_SPLINE_CURVE((1.,1.,1.,1.))
REPRESENTATION_ITEM('')
);
#1105=(
BOUNDED_CURVE()
B_SPLINE_CURVE(3,(#4849,#4850,#4851,#4852),.UNSPECIFIED.,.F.,.F.)
B_SPLINE_CURVE_WITH_KNOTS((4,4),(-1.,0.),.UNSPECIFIED.)
CURVE()
GEOMETRIC_REPRESENTATION_ITEM()
RATIONAL_B_SPLINE_CURVE((1.,1.,1.,1.))
REPRESENTATION_ITEM('')
);
#1106=(
BOUNDED_CURVE()
B_SPLINE_CURVE(3,(#4853,#4854,#4855,#4856),.UNSPECIFIED.,.F.,.F.)
B_SPLINE_CURVE_WITH_KNOTS((4,4),(0.,1.),.UNSPECIFIED.)
CURVE()
GEOMETRIC_REPRESENTATION_ITEM()
RATIONAL_B_SPLINE_CURVE((1.,1.,1.,1.))
REPRESENTATION_ITEM('')
);
#1107=(
BOUNDED_CURVE()
B_SPLINE_CURVE(3,(#4867,#4868,#4869,#4870),.UNSPECIFIED.,.F.,.F.)
B_SPLINE_CURVE_WITH_KNOTS((4,4),(-1.,0.),.UNSPECIFIED.)
CURVE()
GEOMETRIC_REPRESENTATION_ITEM()
RATIONAL_B_SPLINE_CURVE((1.,1.,1.,1.))
REPRESENTATION_ITEM('')
);
#1108=(
BOUNDED_CURVE()
B_SPLINE_CURVE(3,(#4874,#4875,#4876,#4877),.UNSPECIFIED.,.F.,.F.)
B_SPLINE_CURVE_WITH_KNOTS((4,4),(0.,1.),.UNSPECIFIED.)
CURVE()
GEOMETRIC_REPRESENTATION_ITEM()
RATIONAL_B_SPLINE_CURVE((1.,1.,1.,1.))
REPRESENTATION_ITEM('')
);
#1109=(
BOUNDED_CURVE()
B_SPLINE_CURVE(3,(#4888,#4889,#4890,#4891),.UNSPECIFIED.,.F.,.F.)
B_SPLINE_CURVE_WITH_KNOTS((4,4),(-1.,0.),.UNSPECIFIED.)
CURVE()
GEOMETRIC_REPRESENTATION_ITEM()
RATIONAL_B_SPLINE_CURVE((1.,1.,1.,1.))
REPRESENTATION_ITEM('')
);
#1110=(
BOUNDED_CURVE()
B_SPLINE_CURVE(3,(#4893,#4894,#4895,#4896),.UNSPECIFIED.,.F.,.F.)
B_SPLINE_CURVE_WITH_KNOTS((4,4),(0.,1.),.UNSPECIFIED.)
CURVE()
GEOMETRIC_REPRESENTATION_ITEM()
RATIONAL_B_SPLINE_CURVE((1.,1.,1.,1.))
REPRESENTATION_ITEM('')
);
#1111=(
BOUNDED_CURVE()
B_SPLINE_CURVE(3,(#4907,#4908,#4909,#4910),.UNSPECIFIED.,.F.,.F.)
B_SPLINE_CURVE_WITH_KNOTS((4,4),(-1.,0.),.UNSPECIFIED.)
CURVE()
GEOMETRIC_REPRESENTATION_ITEM()
RATIONAL_B_SPLINE_CURVE((1.,1.,1.,1.))
REPRESENTATION_ITEM('')
);
#1112=(
BOUNDED_CURVE()
B_SPLINE_CURVE(3,(#4912,#4913,#4914,#4915),.UNSPECIFIED.,.F.,.F.)
B_SPLINE_CURVE_WITH_KNOTS((4,4),(0.,1.),.UNSPECIFIED.)
CURVE()
GEOMETRIC_REPRESENTATION_ITEM()
RATIONAL_B_SPLINE_CURVE((1.,1.,1.,1.))
REPRESENTATION_ITEM('')
);
#1113=(
BOUNDED_CURVE()
B_SPLINE_CURVE(3,(#4926,#4927,#4928,#4929),.UNSPECIFIED.,.F.,.F.)
B_SPLINE_CURVE_WITH_KNOTS((4,4),(-1.,0.),.UNSPECIFIED.)
CURVE()
GEOMETRIC_REPRESENTATION_ITEM()
RATIONAL_B_SPLINE_CURVE((1.,1.,1.,1.))
REPRESENTATION_ITEM('')
);
#1114=(
BOUNDED_CURVE()
B_SPLINE_CURVE(3,(#4931,#4932,#4933,#4934),.UNSPECIFIED.,.F.,.F.)
B_SPLINE_CURVE_WITH_KNOTS((4,4),(0.,1.),.UNSPECIFIED.)
CURVE()
GEOMETRIC_REPRESENTATION_ITEM()
RATIONAL_B_SPLINE_CURVE((1.,1.,1.,1.))
REPRESENTATION_ITEM('')
);
#1115=(
BOUNDED_CURVE()
B_SPLINE_CURVE(3,(#4945,#4946,#4947,#4948),.UNSPECIFIED.,.F.,.F.)
B_SPLINE_CURVE_WITH_KNOTS((4,4),(-1.,0.),.UNSPECIFIED.)
CURVE()
GEOMETRIC_REPRESENTATION_ITEM()
RATIONAL_B_SPLINE_CURVE((1.,1.,1.,1.))
REPRESENTATION_ITEM('')
);
#1116=(
BOUNDED_CURVE()
B_SPLINE_CURVE(3,(#4950,#4951,#4952,#4953),.UNSPECIFIED.,.F.,.F.)
B_SPLINE_CURVE_WITH_KNOTS((4,4),(0.,1.),.UNSPECIFIED.)
CURVE()
GEOMETRIC_REPRESENTATION_ITEM()
RATIONAL_B_SPLINE_CURVE((1.,1.,1.,1.))
REPRESENTATION_ITEM('')
);
#1117=(
BOUNDED_CURVE()
B_SPLINE_CURVE(3,(#4964,#4965,#4966,#4967),.UNSPECIFIED.,.F.,.F.)
B_SPLINE_CURVE_WITH_KNOTS((4,4),(-1.,0.),.UNSPECIFIED.)
CURVE()
GEOMETRIC_REPRESENTATION_ITEM()
RATIONAL_B_SPLINE_CURVE((1.,1.,1.,1.))
REPRESENTATION_ITEM('')
);
#1118=(
BOUNDED_CURVE()
B_SPLINE_CURVE(3,(#4969,#4970,#4971,#4972),.UNSPECIFIED.,.F.,.F.)
B_SPLINE_CURVE_WITH_KNOTS((4,4),(0.,1.),.UNSPECIFIED.)
CURVE()
GEOMETRIC_REPRESENTATION_ITEM()
RATIONAL_B_SPLINE_CURVE((1.,1.,1.,1.))
REPRESENTATION_ITEM('')
);
#1119=(
BOUNDED_CURVE()
B_SPLINE_CURVE(3,(#4983,#4984,#4985,#4986),.UNSPECIFIED.,.F.,.F.)
B_SPLINE_CURVE_WITH_KNOTS((4,4),(-1.,0.),.UNSPECIFIED.)
CURVE()
GEOMETRIC_REPRESENTATION_ITEM()
RATIONAL_B_SPLINE_CURVE((1.,1.,1.,1.))
REPRESENTATION_ITEM('')
);
#1120=(
BOUNDED_CURVE()
B_SPLINE_CURVE(3,(#4988,#4989,#4990,#4991),.UNSPECIFIED.,.F.,.F.)
B_SPLINE_CURVE_WITH_KNOTS((4,4),(0.,1.),.UNSPECIFIED.)
CURVE()
GEOMETRIC_REPRESENTATION_ITEM()
RATIONAL_B_SPLINE_CURVE((1.,1.,1.,1.))
REPRESENTATION_ITEM('')
);
#1121=(
BOUNDED_CURVE()
B_SPLINE_CURVE(3,(#5002,#5003,#5004,#5005),.UNSPECIFIED.,.F.,.F.)
B_SPLINE_CURVE_WITH_KNOTS((4,4),(-1.,0.),.UNSPECIFIED.)
CURVE()
GEOMETRIC_REPRESENTATION_ITEM()
RATIONAL_B_SPLINE_CURVE((1.,1.,1.,1.))
REPRESENTATION_ITEM('')
);
#1122=(
BOUNDED_CURVE()
B_SPLINE_CURVE(3,(#5007,#5008,#5009,#5010),.UNSPECIFIED.,.F.,.F.)
B_SPLINE_CURVE_WITH_KNOTS((4,4),(0.,1.),.UNSPECIFIED.)
CURVE()
GEOMETRIC_REPRESENTATION_ITEM()
RATIONAL_B_SPLINE_CURVE((1.,1.,1.,1.))
REPRESENTATION_ITEM('')
);
#1123=(
BOUNDED_CURVE()
B_SPLINE_CURVE(3,(#5021,#5022,#5023,#5024),.UNSPECIFIED.,.F.,.F.)
B_SPLINE_CURVE_WITH_KNOTS((4,4),(-1.,0.),.UNSPECIFIED.)
CURVE()
GEOMETRIC_REPRESENTATION_ITEM()
RATIONAL_B_SPLINE_CURVE((1.,1.,1.,1.))
REPRESENTATION_ITEM('')
);
#1124=(
BOUNDED_CURVE()
B_SPLINE_CURVE(3,(#5026,#5027,#5028,#5029),.UNSPECIFIED.,.F.,.F.)
B_SPLINE_CURVE_WITH_KNOTS((4,4),(0.,1.),.UNSPECIFIED.)
CURVE()
GEOMETRIC_REPRESENTATION_ITEM()
RATIONAL_B_SPLINE_CURVE((1.,1.,1.,1.))
REPRESENTATION_ITEM('')
);
#1125=(
BOUNDED_CURVE()
B_SPLINE_CURVE(3,(#5040,#5041,#5042,#5043),.UNSPECIFIED.,.F.,.F.)
B_SPLINE_CURVE_WITH_KNOTS((4,4),(-1.,0.),.UNSPECIFIED.)
CURVE()
GEOMETRIC_REPRESENTATION_ITEM()
RATIONAL_B_SPLINE_CURVE((1.,1.,1.,1.))
REPRESENTATION_ITEM('')
);
#1126=(
BOUNDED_CURVE()
B_SPLINE_CURVE(3,(#5045,#5046,#5047,#5048),.UNSPECIFIED.,.F.,.F.)
B_SPLINE_CURVE_WITH_KNOTS((4,4),(0.,1.),.UNSPECIFIED.)
CURVE()
GEOMETRIC_REPRESENTATION_ITEM()
RATIONAL_B_SPLINE_CURVE((1.,1.,1.,1.))
REPRESENTATION_ITEM('')
);
#1127=(
BOUNDED_CURVE()
B_SPLINE_CURVE(3,(#5058,#5059,#5060,#5061),.UNSPECIFIED.,.F.,.F.)
B_SPLINE_CURVE_WITH_KNOTS((4,4),(-1.,0.),.UNSPECIFIED.)
CURVE()
GEOMETRIC_REPRESENTATION_ITEM()
RATIONAL_B_SPLINE_CURVE((1.,1.,1.,1.))
REPRESENTATION_ITEM('')
);
#1128=(
BOUNDED_CURVE()
B_SPLINE_CURVE(3,(#5062,#5063,#5064,#5065),.UNSPECIFIED.,.F.,.F.)
B_SPLINE_CURVE_WITH_KNOTS((4,4),(0.,1.),.UNSPECIFIED.)
CURVE()
GEOMETRIC_REPRESENTATION_ITEM()
RATIONAL_B_SPLINE_CURVE((1.,1.,1.,1.))
REPRESENTATION_ITEM('')
);
#1129=(
BOUNDED_CURVE()
B_SPLINE_CURVE(2,(#5348,#5349,#5350),.UNSPECIFIED.,.F.,.F.)
B_SPLINE_CURVE_WITH_KNOTS((3,3),(0.,0.0214476222184503),.UNSPECIFIED.)
CURVE()
GEOMETRIC_REPRESENTATION_ITEM()
RATIONAL_B_SPLINE_CURVE((1.,1.00049989726555,1.))
REPRESENTATION_ITEM('')
);
#1130=(
BOUNDED_CURVE()
B_SPLINE_CURVE(2,(#5354,#5355,#5356),.UNSPECIFIED.,.F.,.F.)
B_SPLINE_CURVE_WITH_KNOTS((3,3),(0.,0.0214476222184503),.UNSPECIFIED.)
CURVE()
GEOMETRIC_REPRESENTATION_ITEM()
RATIONAL_B_SPLINE_CURVE((1.,1.00049989727549,1.))
REPRESENTATION_ITEM('')
);
#1131=(
BOUNDED_CURVE()
B_SPLINE_CURVE(2,(#5379,#5380,#5381),.UNSPECIFIED.,.F.,.F.)
B_SPLINE_CURVE_WITH_KNOTS((3,3),(0.,0.0214476222184516),.UNSPECIFIED.)
CURVE()
GEOMETRIC_REPRESENTATION_ITEM()
RATIONAL_B_SPLINE_CURVE((1.,1.00049989725022,1.))
REPRESENTATION_ITEM('')
);
#1132=(
BOUNDED_CURVE()
B_SPLINE_CURVE(2,(#5383,#5384,#5385),.UNSPECIFIED.,.F.,.F.)
B_SPLINE_CURVE_WITH_KNOTS((3,3),(0.,0.0214476222184515),.UNSPECIFIED.)
CURVE()
GEOMETRIC_REPRESENTATION_ITEM()
RATIONAL_B_SPLINE_CURVE((1.,1.00049989726172,1.))
REPRESENTATION_ITEM('')
);
#1133=(
BOUNDED_CURVE()
B_SPLINE_CURVE(2,(#5390,#5391,#5392),.UNSPECIFIED.,.F.,.F.)
B_SPLINE_CURVE_WITH_KNOTS((3,3),(0.,0.021447622218451),.UNSPECIFIED.)
CURVE()
GEOMETRIC_REPRESENTATION_ITEM()
RATIONAL_B_SPLINE_CURVE((1.,1.00049989722802,1.))
REPRESENTATION_ITEM('')
);
#1134=(
BOUNDED_CURVE()
B_SPLINE_CURVE(2,(#5396,#5397,#5398),.UNSPECIFIED.,.F.,.F.)
B_SPLINE_CURVE_WITH_KNOTS((3,3),(0.,0.021447622218451),.UNSPECIFIED.)
CURVE()
GEOMETRIC_REPRESENTATION_ITEM()
RATIONAL_B_SPLINE_CURVE((1.,1.00049989729759,1.))
REPRESENTATION_ITEM('')
);
#1135=(
BOUNDED_CURVE()
B_SPLINE_CURVE(2,(#5421,#5422,#5423),.UNSPECIFIED.,.F.,.F.)
B_SPLINE_CURVE_WITH_KNOTS((3,3),(0.,0.0214476222184509),.UNSPECIFIED.)
CURVE()
GEOMETRIC_REPRESENTATION_ITEM()
RATIONAL_B_SPLINE_CURVE((1.,1.00049989728871,1.))
REPRESENTATION_ITEM('')
);
#1136=(
BOUNDED_CURVE()
B_SPLINE_CURVE(2,(#5425,#5426,#5427),.UNSPECIFIED.,.F.,.F.)
B_SPLINE_CURVE_WITH_KNOTS((3,3),(0.,0.0214476222184508),.UNSPECIFIED.)
CURVE()
GEOMETRIC_REPRESENTATION_ITEM()
RATIONAL_B_SPLINE_CURVE((1.,1.00049989725715,1.))
REPRESENTATION_ITEM('')
);
#1137=(
BOUNDED_CURVE()
B_SPLINE_CURVE(2,(#5644,#5645,#5646),.UNSPECIFIED.,.F.,.F.)
B_SPLINE_CURVE_WITH_KNOTS((3,3),(0.,0.0467173403661645),.UNSPECIFIED.)
CURVE()
GEOMETRIC_REPRESENTATION_ITEM()
RATIONAL_B_SPLINE_CURVE((1.,1.00349419369359,1.))
REPRESENTATION_ITEM('')
);
#1138=(
BOUNDED_CURVE()
B_SPLINE_CURVE(2,(#5647,#5648,#5649),.UNSPECIFIED.,.F.,.F.)
B_SPLINE_CURVE_WITH_KNOTS((3,3),(0.,0.0465125534838887),.UNSPECIFIED.)
CURVE()
GEOMETRIC_REPRESENTATION_ITEM()
RATIONAL_B_SPLINE_CURVE((1.,1.0025425730666,1.))
REPRESENTATION_ITEM('')
);
#1139=(
BOUNDED_CURVE()
B_SPLINE_CURVE(2,(#5664,#5665,#5666),.UNSPECIFIED.,.F.,.F.)
B_SPLINE_CURVE_WITH_KNOTS((3,3),(0.,0.0465125534838857),.UNSPECIFIED.)
CURVE()
GEOMETRIC_REPRESENTATION_ITEM()
RATIONAL_B_SPLINE_CURVE((1.,1.00254257307202,1.))
REPRESENTATION_ITEM('')
);
#1140=(
BOUNDED_CURVE()
B_SPLINE_CURVE(2,(#5668,#5669,#5670),.UNSPECIFIED.,.F.,.F.)
B_SPLINE_CURVE_WITH_KNOTS((3,3),(0.,0.0467173403661602),.UNSPECIFIED.)
CURVE()
GEOMETRIC_REPRESENTATION_ITEM()
RATIONAL_B_SPLINE_CURVE((1.,1.00349419369317,1.))
REPRESENTATION_ITEM('')
);
#1141=(
BOUNDED_CURVE()
B_SPLINE_CURVE(2,(#5676,#5677,#5678),.UNSPECIFIED.,.F.,.F.)
B_SPLINE_CURVE_WITH_KNOTS((3,3),(0.,0.0467173403661602),.UNSPECIFIED.)
CURVE()
GEOMETRIC_REPRESENTATION_ITEM()
RATIONAL_B_SPLINE_CURVE((1.,1.00349419369668,1.))
REPRESENTATION_ITEM('')
);
#1142=(
BOUNDED_CURVE()
B_SPLINE_CURVE(2,(#5679,#5680,#5681),.UNSPECIFIED.,.F.,.F.)
B_SPLINE_CURVE_WITH_KNOTS((3,3),(0.,0.0465125534838857),.UNSPECIFIED.)
CURVE()
GEOMETRIC_REPRESENTATION_ITEM()
RATIONAL_B_SPLINE_CURVE((1.,1.00254257307031,1.))
REPRESENTATION_ITEM('')
);
#1143=(
BOUNDED_CURVE()
B_SPLINE_CURVE(2,(#5684,#5685,#5686),.UNSPECIFIED.,.F.,.F.)
B_SPLINE_CURVE_WITH_KNOTS((3,3),(0.,0.0465125534838888),.UNSPECIFIED.)
CURVE()
GEOMETRIC_REPRESENTATION_ITEM()
RATIONAL_B_SPLINE_CURVE((1.,1.00254257306512,1.))
REPRESENTATION_ITEM('')
);
#1144=(
BOUNDED_CURVE()
B_SPLINE_CURVE(2,(#5688,#5689,#5690),.UNSPECIFIED.,.F.,.F.)
B_SPLINE_CURVE_WITH_KNOTS((3,3),(0.,0.0467173403661645),.UNSPECIFIED.)
CURVE()
GEOMETRIC_REPRESENTATION_ITEM()
RATIONAL_B_SPLINE_CURVE((1.,1.00349419369787,1.))
REPRESENTATION_ITEM('')
);
#1145=(
BOUNDED_CURVE()
B_SPLINE_CURVE(2,(#5705,#5706,#5707),.UNSPECIFIED.,.F.,.F.)
B_SPLINE_CURVE_WITH_KNOTS((3,3),(0.,0.0467173403661627),.UNSPECIFIED.)
CURVE()
GEOMETRIC_REPRESENTATION_ITEM()
RATIONAL_B_SPLINE_CURVE((1.,1.00349419369395,1.))
REPRESENTATION_ITEM('')
);
#1146=(
BOUNDED_CURVE()
B_SPLINE_CURVE(2,(#5708,#5709,#5710),.UNSPECIFIED.,.F.,.F.)
B_SPLINE_CURVE_WITH_KNOTS((3,3),(0.,0.0465125534838876),.UNSPECIFIED.)
CURVE()
GEOMETRIC_REPRESENTATION_ITEM()
RATIONAL_B_SPLINE_CURVE((1.,1.00254257307056,1.))
REPRESENTATION_ITEM('')
);
#1147=(
BOUNDED_CURVE()
B_SPLINE_CURVE(2,(#5725,#5726,#5727),.UNSPECIFIED.,.F.,.F.)
B_SPLINE_CURVE_WITH_KNOTS((3,3),(0.,0.0465125534838871),.UNSPECIFIED.)
CURVE()
GEOMETRIC_REPRESENTATION_ITEM()
RATIONAL_B_SPLINE_CURVE((1.,1.00254257306665,1.))
REPRESENTATION_ITEM('')
);
#1148=(
BOUNDED_CURVE()
B_SPLINE_CURVE(2,(#5729,#5730,#5731),.UNSPECIFIED.,.F.,.F.)
B_SPLINE_CURVE_WITH_KNOTS((3,3),(0.,0.046717340366162),.UNSPECIFIED.)
CURVE()
GEOMETRIC_REPRESENTATION_ITEM()
RATIONAL_B_SPLINE_CURVE((1.,1.00349419369559,1.))
REPRESENTATION_ITEM('')
);
#1149=(
BOUNDED_CURVE()
B_SPLINE_CURVE(2,(#5737,#5738,#5739),.UNSPECIFIED.,.F.,.F.)
B_SPLINE_CURVE_WITH_KNOTS((3,3),(0.,0.0467173403661621),.UNSPECIFIED.)
CURVE()
GEOMETRIC_REPRESENTATION_ITEM()
RATIONAL_B_SPLINE_CURVE((1.,1.00349419369476,1.))
REPRESENTATION_ITEM('')
);
#1150=(
BOUNDED_CURVE()
B_SPLINE_CURVE(2,(#5740,#5741,#5742),.UNSPECIFIED.,.F.,.F.)
B_SPLINE_CURVE_WITH_KNOTS((3,3),(0.,0.0465125534838871),.UNSPECIFIED.)
CURVE()
GEOMETRIC_REPRESENTATION_ITEM()
RATIONAL_B_SPLINE_CURVE((1.,1.00254257306652,1.))
REPRESENTATION_ITEM('')
);
#1151=(
BOUNDED_CURVE()
B_SPLINE_CURVE(2,(#5745,#5746,#5747),.UNSPECIFIED.,.F.,.F.)
B_SPLINE_CURVE_WITH_KNOTS((3,3),(0.,0.0465125534838876),.UNSPECIFIED.)
CURVE()
GEOMETRIC_REPRESENTATION_ITEM()
RATIONAL_B_SPLINE_CURVE((1.,1.00254257306558,1.))
REPRESENTATION_ITEM('')
);
#1152=(
BOUNDED_CURVE()
B_SPLINE_CURVE(2,(#5749,#5750,#5751),.UNSPECIFIED.,.F.,.F.)
B_SPLINE_CURVE_WITH_KNOTS((3,3),(0.,0.0467173403661628),.UNSPECIFIED.)
CURVE()
GEOMETRIC_REPRESENTATION_ITEM()
RATIONAL_B_SPLINE_CURVE((1.,1.00349419369085,1.))
REPRESENTATION_ITEM('')
);
#1153=VERTEX_POINT('',#3878);
#1154=VERTEX_POINT('',#3879);
#1155=VERTEX_POINT('',#3884);
#1156=VERTEX_POINT('',#3886);
#1157=VERTEX_POINT('',#3900);
#1158=VERTEX_POINT('',#3905);
#1159=VERTEX_POINT('',#3919);
#1160=VERTEX_POINT('',#3924);
#1161=VERTEX_POINT('',#3938);
#1162=VERTEX_POINT('',#3943);
#1163=VERTEX_POINT('',#3957);
#1164=VERTEX_POINT('',#3962);
#1165=VERTEX_POINT('',#3976);
#1166=VERTEX_POINT('',#3981);
#1167=VERTEX_POINT('',#3995);
#1168=VERTEX_POINT('',#4000);
#1169=VERTEX_POINT('',#4014);
#1170=VERTEX_POINT('',#4019);
#1171=VERTEX_POINT('',#4026);
#1172=VERTEX_POINT('',#4028);
#1173=VERTEX_POINT('',#4032);
#1174=VERTEX_POINT('',#4034);
#1175=VERTEX_POINT('',#4045);
#1176=VERTEX_POINT('',#4050);
#1177=VERTEX_POINT('',#4073);
#1178=VERTEX_POINT('',#4074);
#1179=VERTEX_POINT('',#4076);
#1180=VERTEX_POINT('',#4078);
#1181=VERTEX_POINT('',#4089);
#1182=VERTEX_POINT('',#4094);
#1183=VERTEX_POINT('',#4101);
#1184=VERTEX_POINT('',#4103);
#1185=VERTEX_POINT('',#4107);
#1186=VERTEX_POINT('',#4109);
#1187=VERTEX_POINT('',#4120);
#1188=VERTEX_POINT('',#4125);
#1189=VERTEX_POINT('',#4139);
#1190=VERTEX_POINT('',#4144);
#1191=VERTEX_POINT('',#4158);
#1192=VERTEX_POINT('',#4163);
#1193=VERTEX_POINT('',#4170);
#1194=VERTEX_POINT('',#4172);
#1195=VERTEX_POINT('',#4176);
#1196=VERTEX_POINT('',#4178);
#1197=VERTEX_POINT('',#4189);
#1198=VERTEX_POINT('',#4194);
#1199=VERTEX_POINT('',#4201);
#1200=VERTEX_POINT('',#4203);
#1201=VERTEX_POINT('',#4207);
#1202=VERTEX_POINT('',#4209);
#1203=VERTEX_POINT('',#4220);
#1204=VERTEX_POINT('',#4225);
#1205=VERTEX_POINT('',#4239);
#1206=VERTEX_POINT('',#4244);
#1207=VERTEX_POINT('',#4251);
#1208=VERTEX_POINT('',#4253);
#1209=VERTEX_POINT('',#4267);
#1210=VERTEX_POINT('',#4268);
#1211=VERTEX_POINT('',#4273);
#1212=VERTEX_POINT('',#4275);
#1213=VERTEX_POINT('',#4289);
#1214=VERTEX_POINT('',#4294);
#1215=VERTEX_POINT('',#4308);
#1216=VERTEX_POINT('',#4313);
#1217=VERTEX_POINT('',#4327);
#1218=VERTEX_POINT('',#4332);
#1219=VERTEX_POINT('',#4346);
#1220=VERTEX_POINT('',#4351);
#1221=VERTEX_POINT('',#4365);
#1222=VERTEX_POINT('',#4370);
#1223=VERTEX_POINT('',#4384);
#1224=VERTEX_POINT('',#4389);
#1225=VERTEX_POINT('',#4396);
#1226=VERTEX_POINT('',#4398);
#1227=VERTEX_POINT('',#4402);
#1228=VERTEX_POINT('',#4404);
#1229=VERTEX_POINT('',#4415);
#1230=VERTEX_POINT('',#4420);
#1231=VERTEX_POINT('',#4434);
#1232=VERTEX_POINT('',#4439);
#1233=VERTEX_POINT('',#4469);
#1234=VERTEX_POINT('',#4470);
#1235=VERTEX_POINT('',#4475);
#1236=VERTEX_POINT('',#4477);
#1237=VERTEX_POINT('',#4491);
#1238=VERTEX_POINT('',#4496);
#1239=VERTEX_POINT('',#4503);
#1240=VERTEX_POINT('',#4505);
#1241=VERTEX_POINT('',#4509);
#1242=VERTEX_POINT('',#4511);
#1243=VERTEX_POINT('',#4522);
#1244=VERTEX_POINT('',#4527);
#1245=VERTEX_POINT('',#4541);
#1246=VERTEX_POINT('',#4546);
#1247=VERTEX_POINT('',#4560);
#1248=VERTEX_POINT('',#4565);
#1249=VERTEX_POINT('',#4579);
#1250=VERTEX_POINT('',#4584);
#1251=VERTEX_POINT('',#4598);
#1252=VERTEX_POINT('',#4603);
#1253=VERTEX_POINT('',#4617);
#1254=VERTEX_POINT('',#4622);
#1255=VERTEX_POINT('',#4636);
#1256=VERTEX_POINT('',#4641);
#1257=VERTEX_POINT('',#4648);
#1258=VERTEX_POINT('',#4650);
#1259=VERTEX_POINT('',#4654);
#1260=VERTEX_POINT('',#4656);
#1261=VERTEX_POINT('',#4670);
#1262=VERTEX_POINT('',#4671);
#1263=VERTEX_POINT('',#4676);
#1264=VERTEX_POINT('',#4678);
#1265=VERTEX_POINT('',#4692);
#1266=VERTEX_POINT('',#4697);
#1267=VERTEX_POINT('',#4711);
#1268=VERTEX_POINT('',#4716);
#1269=VERTEX_POINT('',#4730);
#1270=VERTEX_POINT('',#4735);
#1271=VERTEX_POINT('',#4749);
#1272=VERTEX_POINT('',#4754);
#1273=VERTEX_POINT('',#4761);
#1274=VERTEX_POINT('',#4763);
#1275=VERTEX_POINT('',#4767);
#1276=VERTEX_POINT('',#4769);
#1277=VERTEX_POINT('',#4780);
#1278=VERTEX_POINT('',#4785);
#1279=VERTEX_POINT('',#4799);
#1280=VERTEX_POINT('',#4804);
#1281=VERTEX_POINT('',#4811);
#1282=VERTEX_POINT('',#4813);
#1283=VERTEX_POINT('',#4817);
#1284=VERTEX_POINT('',#4819);
#1285=VERTEX_POINT('',#4830);
#1286=VERTEX_POINT('',#4835);
#1287=VERTEX_POINT('',#4865);
#1288=VERTEX_POINT('',#4866);
#1289=VERTEX_POINT('',#4871);
#1290=VERTEX_POINT('',#4873);
#1291=VERTEX_POINT('',#4887);
#1292=VERTEX_POINT('',#4892);
#1293=VERTEX_POINT('',#4906);
#1294=VERTEX_POINT('',#4911);
#1295=VERTEX_POINT('',#4925);
#1296=VERTEX_POINT('',#4930);
#1297=VERTEX_POINT('',#4944);
#1298=VERTEX_POINT('',#4949);
#1299=VERTEX_POINT('',#4963);
#1300=VERTEX_POINT('',#4968);
#1301=VERTEX_POINT('',#4982);
#1302=VERTEX_POINT('',#4987);
#1303=VERTEX_POINT('',#5001);
#1304=VERTEX_POINT('',#5006);
#1305=VERTEX_POINT('',#5020);
#1306=VERTEX_POINT('',#5025);
#1307=VERTEX_POINT('',#5039);
#1308=VERTEX_POINT('',#5044);
#1309=VERTEX_POINT('',#5067);
#1310=VERTEX_POINT('',#5068);
#1311=VERTEX_POINT('',#5070);
#1312=VERTEX_POINT('',#5072);
#1313=VERTEX_POINT('',#5076);
#1314=VERTEX_POINT('',#5077);
#1315=VERTEX_POINT('',#5079);
#1316=VERTEX_POINT('',#5081);
#1317=VERTEX_POINT('',#5088);
#1318=VERTEX_POINT('',#5090);
#1319=VERTEX_POINT('',#5094);
#1320=VERTEX_POINT('',#5096);
#1321=VERTEX_POINT('',#5112);
#1322=VERTEX_POINT('',#5116);
#1323=VERTEX_POINT('',#5118);
#1324=VERTEX_POINT('',#5180);
#1325=VERTEX_POINT('',#5182);
#1326=VERTEX_POINT('',#5185);
#1327=VERTEX_POINT('',#5192);
#1328=VERTEX_POINT('',#5194);
#1329=VERTEX_POINT('',#5207);
#1330=VERTEX_POINT('',#5222);
#1331=VERTEX_POINT('',#5223);
#1332=VERTEX_POINT('',#5225);
#1333=VERTEX_POINT('',#5227);
#1334=VERTEX_POINT('',#5229);
#1335=VERTEX_POINT('',#5240);
#1336=VERTEX_POINT('',#5251);
#1337=VERTEX_POINT('',#5255);
#1338=VERTEX_POINT('',#5259);
#1339=VERTEX_POINT('',#5263);
#1340=VERTEX_POINT('',#5264);
#1341=VERTEX_POINT('',#5266);
#1342=VERTEX_POINT('',#5268);
#1343=VERTEX_POINT('',#5270);
#1344=VERTEX_POINT('',#5279);
#1345=VERTEX_POINT('',#5288);
#1346=VERTEX_POINT('',#5292);
#1347=VERTEX_POINT('',#5294);
#1348=VERTEX_POINT('',#5302);
#1349=VERTEX_POINT('',#5304);
#1350=VERTEX_POINT('',#5306);
#1351=VERTEX_POINT('',#5308);
#1352=VERTEX_POINT('',#5311);
#1353=VERTEX_POINT('',#5315);
#1354=VERTEX_POINT('',#5317);
#1355=VERTEX_POINT('',#5319);
#1356=VERTEX_POINT('',#5321);
#1357=VERTEX_POINT('',#5324);
#1358=VERTEX_POINT('',#5328);
#1359=VERTEX_POINT('',#5339);
#1360=VERTEX_POINT('',#5341);
#1361=VERTEX_POINT('',#5346);
#1362=VERTEX_POINT('',#5347);
#1363=VERTEX_POINT('',#5351);
#1364=VERTEX_POINT('',#5353);
#1365=VERTEX_POINT('',#5359);
#1366=VERTEX_POINT('',#5361);
#1367=VERTEX_POINT('',#5363);
#1368=VERTEX_POINT('',#5365);
#1369=VERTEX_POINT('',#5367);
#1370=VERTEX_POINT('',#5369);
#1371=VERTEX_POINT('',#5371);
#1372=VERTEX_POINT('',#5374);
#1373=VERTEX_POINT('',#5378);
#1374=VERTEX_POINT('',#5382);
#1375=VERTEX_POINT('',#5388);
#1376=VERTEX_POINT('',#5389);
#1377=VERTEX_POINT('',#5393);
#1378=VERTEX_POINT('',#5395);
#1379=VERTEX_POINT('',#5401);
#1380=VERTEX_POINT('',#5403);
#1381=VERTEX_POINT('',#5405);
#1382=VERTEX_POINT('',#5408);
#1383=VERTEX_POINT('',#5410);
#1384=VERTEX_POINT('',#5412);
#1385=VERTEX_POINT('',#5414);
#1386=VERTEX_POINT('',#5416);
#1387=VERTEX_POINT('',#5420);
#1388=VERTEX_POINT('',#5424);
#1389=VERTEX_POINT('',#5430);
#1390=VERTEX_POINT('',#5431);
#1391=VERTEX_POINT('',#5433);
#1392=VERTEX_POINT('',#5438);
#1393=VERTEX_POINT('',#5442);
#1394=VERTEX_POINT('',#5443);
#1395=VERTEX_POINT('',#5448);
#1396=VERTEX_POINT('',#5449);
#1397=VERTEX_POINT('',#5454);
#1398=VERTEX_POINT('',#5455);
#1399=VERTEX_POINT('',#5460);
#1400=VERTEX_POINT('',#5461);
#1401=VERTEX_POINT('',#5466);
#1402=VERTEX_POINT('',#5467);
#1403=VERTEX_POINT('',#5475);
#1404=VERTEX_POINT('',#5477);
#1405=VERTEX_POINT('',#5481);
#1406=VERTEX_POINT('',#5485);
#1407=VERTEX_POINT('',#5492);
#1408=VERTEX_POINT('',#5493);
#1409=VERTEX_POINT('',#5495);
#1410=VERTEX_POINT('',#5500);
#1411=VERTEX_POINT('',#5504);
#1412=VERTEX_POINT('',#5505);
#1413=VERTEX_POINT('',#5510);
#1414=VERTEX_POINT('',#5515);
#1415=VERTEX_POINT('',#5519);
#1416=VERTEX_POINT('',#5523);
#1417=VERTEX_POINT('',#5527);
#1418=VERTEX_POINT('',#5531);
#1419=VERTEX_POINT('',#5639);
#1420=VERTEX_POINT('',#5641);
#1421=VERTEX_POINT('',#5643);
#1422=VERTEX_POINT('',#5651);
#1423=VERTEX_POINT('',#5655);
#1424=VERTEX_POINT('',#5657);
#1425=VERTEX_POINT('',#5659);
#1426=VERTEX_POINT('',#5663);
#1427=VERTEX_POINT('',#5667);
#1428=VERTEX_POINT('',#5673);
#1429=VERTEX_POINT('',#5675);
#1430=VERTEX_POINT('',#5683);
#1431=VERTEX_POINT('',#5687);
#1432=VERTEX_POINT('',#5700);
#1433=VERTEX_POINT('',#5702);
#1434=VERTEX_POINT('',#5704);
#1435=VERTEX_POINT('',#5712);
#1436=VERTEX_POINT('',#5716);
#1437=VERTEX_POINT('',#5718);
#1438=VERTEX_POINT('',#5720);
#1439=VERTEX_POINT('',#5724);
#1440=VERTEX_POINT('',#5728);
#1441=VERTEX_POINT('',#5734);
#1442=VERTEX_POINT('',#5736);
#1443=VERTEX_POINT('',#5744);
#1444=VERTEX_POINT('',#5748);
#1445=VERTEX_POINT('',#5763);
#1446=VERTEX_POINT('',#5767);
#1447=EDGE_CURVE('',#1153,#1154,#1017,.T.);
#1448=EDGE_CURVE('',#1155,#1153,#593,.T.);
#1449=EDGE_CURVE('',#1156,#1155,#1018,.T.);
#1450=EDGE_CURVE('',#1156,#1154,#594,.T.);
#1451=EDGE_CURVE('',#1154,#1157,#1019,.T.);
#1452=EDGE_CURVE('',#1158,#1156,#1020,.T.);
#1453=EDGE_CURVE('',#1158,#1157,#595,.T.);
#1454=EDGE_CURVE('',#1157,#1159,#1021,.T.);
#1455=EDGE_CURVE('',#1160,#1158,#1022,.T.);
#1456=EDGE_CURVE('',#1160,#1159,#596,.T.);
#1457=EDGE_CURVE('',#1159,#1161,#1023,.T.);
#1458=EDGE_CURVE('',#1162,#1160,#1024,.T.);
#1459=EDGE_CURVE('',#1162,#1161,#597,.T.);
#1460=EDGE_CURVE('',#1161,#1163,#1025,.T.);
#1461=EDGE_CURVE('',#1164,#1162,#1026,.T.);
#1462=EDGE_CURVE('',#1164,#1163,#598,.T.);
#1463=EDGE_CURVE('',#1163,#1165,#1027,.T.);
#1464=EDGE_CURVE('',#1166,#1164,#1028,.T.);
#1465=EDGE_CURVE('',#1166,#1165,#599,.T.);
#1466=EDGE_CURVE('',#1165,#1167,#1029,.T.);
#1467=EDGE_CURVE('',#1168,#1166,#1030,.T.);
#1468=EDGE_CURVE('',#1168,#1167,#600,.T.);
#1469=EDGE_CURVE('',#1167,#1169,#1031,.T.);
#1470=EDGE_CURVE('',#1170,#1168,#1032,.T.);
#1471=EDGE_CURVE('',#1170,#1169,#601,.T.);
#1472=EDGE_CURVE('',#1169,#1171,#602,.T.);
#1473=EDGE_CURVE('',#1172,#1170,#603,.T.);
#1474=EDGE_CURVE('',#1172,#1171,#604,.T.);
#1475=EDGE_CURVE('',#1171,#1173,#605,.T.);
#1476=EDGE_CURVE('',#1174,#1172,#606,.T.);
#1477=EDGE_CURVE('',#1174,#1173,#607,.T.);
#1478=EDGE_CURVE('',#1173,#1175,#1033,.T.);
#1479=EDGE_CURVE('',#1176,#1174,#1034,.T.);
#1480=EDGE_CURVE('',#1176,#1175,#608,.T.);
#1481=EDGE_CURVE('',#1175,#1153,#1035,.T.);
#1482=EDGE_CURVE('',#1155,#1176,#1036,.T.);
#1483=EDGE_CURVE('',#1177,#1178,#609,.T.);
#1484=EDGE_CURVE('',#1179,#1177,#610,.T.);
#1485=EDGE_CURVE('',#1180,#1179,#611,.T.);
#1486=EDGE_CURVE('',#1180,#1178,#612,.T.);
#1487=EDGE_CURVE('',#1178,#1181,#1037,.T.);
#1488=EDGE_CURVE('',#1182,#1180,#1038,.T.);
#1489=EDGE_CURVE('',#1182,#1181,#613,.T.);
#1490=EDGE_CURVE('',#1181,#1183,#614,.T.);
#1491=EDGE_CURVE('',#1184,#1182,#615,.T.);
#1492=EDGE_CURVE('',#1184,#1183,#616,.T.);
#1493=EDGE_CURVE('',#1183,#1185,#617,.T.);
#1494=EDGE_CURVE('',#1186,#1184,#618,.T.);
#1495=EDGE_CURVE('',#1186,#1185,#619,.T.);
#1496=EDGE_CURVE('',#1185,#1187,#1039,.T.);
#1497=EDGE_CURVE('',#1188,#1186,#1040,.T.);
#1498=EDGE_CURVE('',#1188,#1187,#620,.T.);
#1499=EDGE_CURVE('',#1187,#1189,#1041,.T.);
#1500=EDGE_CURVE('',#1190,#1188,#1042,.T.);
#1501=EDGE_CURVE('',#1190,#1189,#621,.T.);
#1502=EDGE_CURVE('',#1189,#1191,#1043,.T.);
#1503=EDGE_CURVE('',#1192,#1190,#1044,.T.);
#1504=EDGE_CURVE('',#1192,#1191,#622,.T.);
#1505=EDGE_CURVE('',#1191,#1193,#623,.T.);
#1506=EDGE_CURVE('',#1194,#1192,#624,.T.);
#1507=EDGE_CURVE('',#1194,#1193,#625,.T.);
#1508=EDGE_CURVE('',#1193,#1195,#626,.T.);
#1509=EDGE_CURVE('',#1196,#1194,#627,.T.);
#1510=EDGE_CURVE('',#1196,#1195,#628,.T.);
#1511=EDGE_CURVE('',#1195,#1197,#1045,.T.);
#1512=EDGE_CURVE('',#1198,#1196,#1046,.T.);
#1513=EDGE_CURVE('',#1198,#1197,#629,.T.);
#1514=EDGE_CURVE('',#1197,#1199,#630,.T.);
#1515=EDGE_CURVE('',#1200,#1198,#631,.T.);
#1516=EDGE_CURVE('',#1200,#1199,#632,.T.);
#1517=EDGE_CURVE('',#1199,#1201,#633,.T.);
#1518=EDGE_CURVE('',#1202,#1200,#634,.T.);
#1519=EDGE_CURVE('',#1202,#1201,#635,.T.);
#1520=EDGE_CURVE('',#1201,#1203,#1047,.T.);
#1521=EDGE_CURVE('',#1204,#1202,#1048,.T.);
#1522=EDGE_CURVE('',#1204,#1203,#636,.T.);
#1523=EDGE_CURVE('',#1203,#1205,#1049,.T.);
#1524=EDGE_CURVE('',#1206,#1204,#1050,.T.);
#1525=EDGE_CURVE('',#1206,#1205,#637,.T.);
#1526=EDGE_CURVE('',#1205,#1207,#638,.T.);
#1527=EDGE_CURVE('',#1208,#1206,#639,.T.);
#1528=EDGE_CURVE('',#1208,#1207,#640,.T.);
#1529=EDGE_CURVE('',#1207,#1177,#641,.T.);
#1530=EDGE_CURVE('',#1179,#1208,#642,.T.);
#1531=EDGE_CURVE('',#1209,#1210,#1051,.T.);
#1532=EDGE_CURVE('',#1211,#1209,#643,.T.);
#1533=EDGE_CURVE('',#1212,#1211,#1052,.T.);
#1534=EDGE_CURVE('',#1212,#1210,#644,.T.);
#1535=EDGE_CURVE('',#1210,#1213,#1053,.T.);
#1536=EDGE_CURVE('',#1214,#1212,#1054,.T.);
#1537=EDGE_CURVE('',#1214,#1213,#645,.T.);
#1538=EDGE_CURVE('',#1213,#1215,#1055,.T.);
#1539=EDGE_CURVE('',#1216,#1214,#1056,.T.);
#1540=EDGE_CURVE('',#1216,#1215,#646,.T.);
#1541=EDGE_CURVE('',#1215,#1217,#1057,.T.);
#1542=EDGE_CURVE('',#1218,#1216,#1058,.T.);
#1543=EDGE_CURVE('',#1218,#1217,#647,.T.);
#1544=EDGE_CURVE('',#1217,#1219,#1059,.T.);
#1545=EDGE_CURVE('',#1220,#1218,#1060,.T.);
#1546=EDGE_CURVE('',#1220,#1219,#648,.T.);
#1547=EDGE_CURVE('',#1219,#1221,#1061,.T.);
#1548=EDGE_CURVE('',#1222,#1220,#1062,.T.);
#1549=EDGE_CURVE('',#1222,#1221,#649,.T.);
#1550=EDGE_CURVE('',#1221,#1223,#1063,.T.);
#1551=EDGE_CURVE('',#1224,#1222,#1064,.T.);
#1552=EDGE_CURVE('',#1224,#1223,#650,.T.);
#1553=EDGE_CURVE('',#1223,#1225,#651,.T.);
#1554=EDGE_CURVE('',#1226,#1224,#652,.T.);
#1555=EDGE_CURVE('',#1226,#1225,#653,.T.);
#1556=EDGE_CURVE('',#1225,#1227,#654,.T.);
#1557=EDGE_CURVE('',#1228,#1226,#655,.T.);
#1558=EDGE_CURVE('',#1228,#1227,#656,.T.);
#1559=EDGE_CURVE('',#1227,#1229,#1065,.T.);
#1560=EDGE_CURVE('',#1230,#1228,#1066,.T.);
#1561=EDGE_CURVE('',#1230,#1229,#657,.T.);
#1562=EDGE_CURVE('',#1229,#1231,#1067,.T.);
#1563=EDGE_CURVE('',#1232,#1230,#1068,.T.);
#1564=EDGE_CURVE('',#1232,#1231,#658,.T.);
#1565=EDGE_CURVE('',#1231,#1209,#1069,.T.);
#1566=EDGE_CURVE('',#1211,#1232,#1070,.T.);
#1567=EDGE_CURVE('',#1233,#1234,#1071,.T.);
#1568=EDGE_CURVE('',#1235,#1233,#659,.T.);
#1569=EDGE_CURVE('',#1236,#1235,#1072,.T.);
#1570=EDGE_CURVE('',#1236,#1234,#660,.T.);
#1571=EDGE_CURVE('',#1234,#1237,#1073,.T.);
#1572=EDGE_CURVE('',#1238,#1236,#1074,.T.);
#1573=EDGE_CURVE('',#1238,#1237,#661,.T.);
#1574=EDGE_CURVE('',#1237,#1239,#662,.T.);
#1575=EDGE_CURVE('',#1240,#1238,#663,.T.);
#1576=EDGE_CURVE('',#1240,#1239,#664,.T.);
#1577=EDGE_CURVE('',#1239,#1241,#665,.T.);
#1578=EDGE_CURVE('',#1242,#1240,#666,.T.);
#1579=EDGE_CURVE('',#1242,#1241,#667,.T.);
#1580=EDGE_CURVE('',#1241,#1243,#1075,.T.);
#1581=EDGE_CURVE('',#1244,#1242,#1076,.T.);
#1582=EDGE_CURVE('',#1244,#1243,#668,.T.);
#1583=EDGE_CURVE('',#1243,#1245,#1077,.T.);
#1584=EDGE_CURVE('',#1246,#1244,#1078,.T.);
#1585=EDGE_CURVE('',#1246,#1245,#669,.T.);
#1586=EDGE_CURVE('',#1245,#1247,#1079,.T.);
#1587=EDGE_CURVE('',#1248,#1246,#1080,.T.);
#1588=EDGE_CURVE('',#1248,#1247,#670,.T.);
#1589=EDGE_CURVE('',#1247,#1249,#1081,.T.);
#1590=EDGE_CURVE('',#1250,#1248,#1082,.T.);
#1591=EDGE_CURVE('',#1250,#1249,#671,.T.);
#1592=EDGE_CURVE('',#1249,#1251,#1083,.T.);
#1593=EDGE_CURVE('',#1252,#1250,#1084,.T.);
#1594=EDGE_CURVE('',#1252,#1251,#672,.T.);
#1595=EDGE_CURVE('',#1251,#1253,#1085,.T.);
#1596=EDGE_CURVE('',#1254,#1252,#1086,.T.);
#1597=EDGE_CURVE('',#1254,#1253,#673,.T.);
#1598=EDGE_CURVE('',#1253,#1255,#1087,.T.);
#1599=EDGE_CURVE('',#1256,#1254,#1088,.T.);
#1600=EDGE_CURVE('',#1256,#1255,#674,.T.);
#1601=EDGE_CURVE('',#1255,#1257,#675,.T.);
#1602=EDGE_CURVE('',#1258,#1256,#676,.T.);
#1603=EDGE_CURVE('',#1258,#1257,#677,.T.);
#1604=EDGE_CURVE('',#1257,#1259,#678,.T.);
#1605=EDGE_CURVE('',#1260,#1258,#679,.T.);
#1606=EDGE_CURVE('',#1260,#1259,#680,.T.);
#1607=EDGE_CURVE('',#1259,#1233,#681,.T.);
#1608=EDGE_CURVE('',#1235,#1260,#682,.T.);
#1609=EDGE_CURVE('',#1261,#1262,#1089,.T.);
#1610=EDGE_CURVE('',#1263,#1261,#683,.T.);
#1611=EDGE_CURVE('',#1264,#1263,#1090,.T.);
#1612=EDGE_CURVE('',#1264,#1262,#684,.T.);
#1613=EDGE_CURVE('',#1262,#1265,#1091,.T.);
#1614=EDGE_CURVE('',#1266,#1264,#1092,.T.);
#1615=EDGE_CURVE('',#1266,#1265,#685,.T.);
#1616=EDGE_CURVE('',#1265,#1267,#1093,.T.);
#1617=EDGE_CURVE('',#1268,#1266,#1094,.T.);
#1618=EDGE_CURVE('',#1268,#1267,#686,.T.);
#1619=EDGE_CURVE('',#1267,#1269,#1095,.T.);
#1620=EDGE_CURVE('',#1270,#1268,#1096,.T.);
#1621=EDGE_CURVE('',#1270,#1269,#687,.T.);
#1622=EDGE_CURVE('',#1269,#1271,#1097,.T.);
#1623=EDGE_CURVE('',#1272,#1270,#1098,.T.);
#1624=EDGE_CURVE('',#1272,#1271,#688,.T.);
#1625=EDGE_CURVE('',#1271,#1273,#689,.T.);
#1626=EDGE_CURVE('',#1274,#1272,#690,.T.);
#1627=EDGE_CURVE('',#1274,#1273,#691,.T.);
#1628=EDGE_CURVE('',#1273,#1275,#692,.T.);
#1629=EDGE_CURVE('',#1276,#1274,#693,.T.);
#1630=EDGE_CURVE('',#1276,#1275,#694,.T.);
#1631=EDGE_CURVE('',#1275,#1277,#1099,.T.);
#1632=EDGE_CURVE('',#1278,#1276,#1100,.T.);
#1633=EDGE_CURVE('',#1278,#1277,#695,.T.);
#1634=EDGE_CURVE('',#1277,#1279,#1101,.T.);
#1635=EDGE_CURVE('',#1280,#1278,#1102,.T.);
#1636=EDGE_CURVE('',#1280,#1279,#696,.T.);
#1637=EDGE_CURVE('',#1279,#1281,#697,.T.);
#1638=EDGE_CURVE('',#1282,#1280,#698,.T.);
#1639=EDGE_CURVE('',#1282,#1281,#699,.T.);
#1640=EDGE_CURVE('',#1281,#1283,#700,.T.);
#1641=EDGE_CURVE('',#1284,#1282,#701,.T.);
#1642=EDGE_CURVE('',#1284,#1283,#702,.T.);
#1643=EDGE_CURVE('',#1283,#1285,#1103,.T.);
#1644=EDGE_CURVE('',#1286,#1284,#1104,.T.);
#1645=EDGE_CURVE('',#1286,#1285,#703,.T.);
#1646=EDGE_CURVE('',#1285,#1261,#1105,.T.);
#1647=EDGE_CURVE('',#1263,#1286,#1106,.T.);
#1648=EDGE_CURVE('',#1287,#1288,#1107,.T.);
#1649=EDGE_CURVE('',#1289,#1287,#704,.T.);
#1650=EDGE_CURVE('',#1290,#1289,#1108,.T.);
#1651=EDGE_CURVE('',#1290,#1288,#705,.T.);
#1652=EDGE_CURVE('',#1288,#1291,#1109,.T.);
#1653=EDGE_CURVE('',#1292,#1290,#1110,.T.);
#1654=EDGE_CURVE('',#1292,#1291,#706,.T.);
#1655=EDGE_CURVE('',#1291,#1293,#1111,.T.);
#1656=EDGE_CURVE('',#1294,#1292,#1112,.T.);
#1657=EDGE_CURVE('',#1294,#1293,#707,.T.);
#1658=EDGE_CURVE('',#1293,#1295,#1113,.T.);
#1659=EDGE_CURVE('',#1296,#1294,#1114,.T.);
#1660=EDGE_CURVE('',#1296,#1295,#708,.T.);
#1661=EDGE_CURVE('',#1295,#1297,#1115,.T.);
#1662=EDGE_CURVE('',#1298,#1296,#1116,.T.);
#1663=EDGE_CURVE('',#1298,#1297,#709,.T.);
#1664=EDGE_CURVE('',#1297,#1299,#1117,.T.);
#1665=EDGE_CURVE('',#1300,#1298,#1118,.T.);
#1666=EDGE_CURVE('',#1300,#1299,#710,.T.);
#1667=EDGE_CURVE('',#1299,#1301,#1119,.T.);
#1668=EDGE_CURVE('',#1302,#1300,#1120,.T.);
#1669=EDGE_CURVE('',#1302,#1301,#711,.T.);
#1670=EDGE_CURVE('',#1301,#1303,#1121,.T.);
#1671=EDGE_CURVE('',#1304,#1302,#1122,.T.);
#1672=EDGE_CURVE('',#1304,#1303,#712,.T.);
#1673=EDGE_CURVE('',#1303,#1305,#1123,.T.);
#1674=EDGE_CURVE('',#1306,#1304,#1124,.T.);
#1675=EDGE_CURVE('',#1306,#1305,#713,.T.);
#1676=EDGE_CURVE('',#1305,#1307,#1125,.T.);
#1677=EDGE_CURVE('',#1308,#1306,#1126,.T.);
#1678=EDGE_CURVE('',#1308,#1307,#714,.T.);
#1679=EDGE_CURVE('',#1307,#1287,#1127,.T.);
#1680=EDGE_CURVE('',#1289,#1308,#1128,.T.);
#1681=EDGE_CURVE('',#1309,#1310,#91,.T.);
#1682=EDGE_CURVE('',#1310,#1311,#92,.T.);
#1683=EDGE_CURVE('',#1311,#1312,#93,.T.);
#1684=EDGE_CURVE('',#1312,#1309,#94,.T.);
#1685=EDGE_CURVE('',#1313,#1314,#95,.T.);
#1686=EDGE_CURVE('',#1314,#1315,#96,.T.);
#1687=EDGE_CURVE('',#1315,#1316,#97,.T.);
#1688=EDGE_CURVE('',#1316,#1313,#98,.T.);
#1689=EDGE_CURVE('',#1312,#1315,#715,.T.);
#1690=EDGE_CURVE('',#1314,#1309,#716,.T.);
#1691=EDGE_CURVE('',#1317,#1310,#717,.T.);
#1692=EDGE_CURVE('',#1318,#1317,#718,.T.);
#1693=EDGE_CURVE('',#1311,#1318,#719,.T.);
#1694=EDGE_CURVE('',#1309,#1319,#720,.T.);
#1695=EDGE_CURVE('',#1319,#1320,#37,.T.);
#1696=EDGE_CURVE('',#1317,#1320,#38,.T.);
#1697=EDGE_CURVE('',#1321,#1314,#721,.T.);
#1698=EDGE_CURVE('',#1319,#1321,#29,.T.);
#1699=EDGE_CURVE('',#1313,#1322,#722,.T.);
#1700=EDGE_CURVE('',#1322,#1323,#39,.F.);
#1701=EDGE_CURVE('',#1323,#1321,#40,.T.);
#1702=EDGE_CURVE('',#1324,#1324,#99,.T.);
#1703=EDGE_CURVE('',#1324,#1325,#100,.T.);
#1704=EDGE_CURVE('',#1325,#1321,#101,.T.);
#1705=EDGE_CURVE('',#1323,#1326,#102,.T.);
#1706=EDGE_CURVE('',#1326,#1320,#103,.T.);
#1707=EDGE_CURVE('',#1319,#1325,#104,.T.);
#1708=EDGE_CURVE('',#1315,#1327,#723,.T.);
#1709=EDGE_CURVE('',#1327,#1328,#41,.F.);
#1710=EDGE_CURVE('',#1328,#1316,#724,.T.);
#1711=EDGE_CURVE('',#1329,#1312,#725,.T.);
#1712=EDGE_CURVE('',#1327,#1329,#30,.T.);
#1713=EDGE_CURVE('',#1318,#1329,#42,.F.);
#1714=EDGE_CURVE('',#1330,#1331,#31,.T.);
#1715=EDGE_CURVE('',#1330,#1332,#726,.T.);
#1716=EDGE_CURVE('',#1332,#1333,#32,.T.);
#1717=EDGE_CURVE('',#1334,#1333,#43,.T.);
#1718=EDGE_CURVE('',#1334,#1335,#44,.F.);
#1719=EDGE_CURVE('',#1335,#1336,#33,.T.);
#1720=EDGE_CURVE('',#1336,#1331,#727,.T.);
#1721=EDGE_CURVE('',#1337,#1336,#728,.T.);
#1722=EDGE_CURVE('',#1331,#1337,#729,.T.);
#1723=EDGE_CURVE('',#1338,#1335,#730,.T.);
#1724=EDGE_CURVE('',#1337,#1338,#731,.T.);
#1725=EDGE_CURVE('',#1339,#1340,#34,.F.);
#1726=EDGE_CURVE('',#1340,#1341,#732,.T.);
#1727=EDGE_CURVE('',#1341,#1342,#35,.T.);
#1728=EDGE_CURVE('',#1343,#1342,#45,.T.);
#1729=EDGE_CURVE('',#1343,#1344,#46,.F.);
#1730=EDGE_CURVE('',#1344,#1345,#36,.T.);
#1731=EDGE_CURVE('',#1345,#1339,#733,.T.);
#1732=EDGE_CURVE('',#1346,#1332,#734,.T.);
#1733=EDGE_CURVE('',#1347,#1346,#735,.T.);
#1734=EDGE_CURVE('',#1333,#1347,#736,.T.);
#1735=EDGE_CURVE('',#1346,#1330,#737,.T.);
#1736=EDGE_CURVE('',#1322,#1328,#738,.T.);
#1737=EDGE_CURVE('',#1326,#1343,#739,.T.);
#1738=EDGE_CURVE('',#1342,#1348,#740,.T.);
#1739=EDGE_CURVE('',#1349,#1348,#105,.T.);
#1740=EDGE_CURVE('',#1350,#1349,#106,.T.);
#1741=EDGE_CURVE('',#1351,#1350,#107,.T.);
#1742=EDGE_CURVE('',#1338,#1351,#108,.T.);
#1743=EDGE_CURVE('',#1352,#1347,#109,.T.);
#1744=EDGE_CURVE('',#1352,#1344,#741,.T.);
#1745=EDGE_CURVE('',#1353,#1331,#742,.T.);
#1746=EDGE_CURVE('',#1354,#1353,#743,.T.);
#1747=EDGE_CURVE('',#1355,#1354,#744,.T.);
#1748=EDGE_CURVE('',#1356,#1355,#745,.T.);
#1749=EDGE_CURVE('',#1340,#1356,#746,.T.);
#1750=EDGE_CURVE('',#1339,#1357,#747,.T.);
#1751=EDGE_CURVE('',#1357,#1352,#748,.T.);
#1752=EDGE_CURVE('',#1358,#1341,#749,.T.);
#1753=EDGE_CURVE('',#1348,#1358,#750,.T.);
#1754=EDGE_CURVE('',#1345,#1357,#751,.T.);
#1755=EDGE_CURVE('',#1358,#1340,#752,.T.);
#1756=EDGE_CURVE('',#1349,#1358,#753,.T.);
#1757=EDGE_CURVE('',#1359,#1359,#110,.T.);
#1758=EDGE_CURVE('',#1359,#1360,#754,.T.);
#1759=EDGE_CURVE('',#1360,#1360,#111,.T.);
#1760=EDGE_CURVE('',#1361,#1362,#1129,.T.);
#1761=EDGE_CURVE('',#1362,#1363,#112,.T.);
#1762=EDGE_CURVE('',#1363,#1364,#1130,.T.);
#1763=EDGE_CURVE('',#1361,#1364,#113,.T.);
#1764=EDGE_CURVE('',#1362,#1365,#755,.T.);
#1765=EDGE_CURVE('',#1365,#1366,#114,.T.);
#1766=EDGE_CURVE('',#1366,#1367,#756,.T.);
#1767=EDGE_CURVE('',#1368,#1367,#115,.T.);
#1768=EDGE_CURVE('',#1368,#1369,#757,.T.);
#1769=EDGE_CURVE('',#1369,#1370,#116,.T.);
#1770=EDGE_CURVE('',#1370,#1371,#758,.T.);
#1771=EDGE_CURVE('',#1371,#1371,#117,.T.);
#1772=EDGE_CURVE('',#1370,#1372,#118,.T.);
#1773=EDGE_CURVE('',#1372,#1363,#759,.T.);
#1774=EDGE_CURVE('',#1373,#1368,#1131,.T.);
#1775=EDGE_CURVE('',#1367,#1374,#1132,.T.);
#1776=EDGE_CURVE('',#1373,#1374,#119,.T.);
#1777=EDGE_CURVE('',#1375,#1376,#1133,.T.);
#1778=EDGE_CURVE('',#1376,#1377,#120,.T.);
#1779=EDGE_CURVE('',#1377,#1378,#1134,.T.);
#1780=EDGE_CURVE('',#1375,#1378,#121,.T.);
#1781=EDGE_CURVE('',#1376,#1379,#760,.T.);
#1782=EDGE_CURVE('',#1379,#1380,#122,.T.);
#1783=EDGE_CURVE('',#1380,#1381,#761,.T.);
#1784=EDGE_CURVE('',#1381,#1381,#123,.T.);
#1785=EDGE_CURVE('',#1380,#1382,#124,.T.);
#1786=EDGE_CURVE('',#1382,#1383,#762,.T.);
#1787=EDGE_CURVE('',#1384,#1383,#125,.T.);
#1788=EDGE_CURVE('',#1384,#1385,#763,.T.);
#1789=EDGE_CURVE('',#1385,#1386,#126,.T.);
#1790=EDGE_CURVE('',#1386,#1377,#764,.T.);
#1791=EDGE_CURVE('',#1387,#1384,#1135,.T.);
#1792=EDGE_CURVE('',#1383,#1388,#1136,.T.);
#1793=EDGE_CURVE('',#1387,#1388,#127,.T.);
#1794=EDGE_CURVE('',#1389,#1390,#128,.T.);
#1795=EDGE_CURVE('',#1390,#1391,#129,.T.);
#1796=EDGE_CURVE('',#1391,#1354,#130,.T.);
#1797=EDGE_CURVE('',#1354,#1389,#131,.T.);
#1798=EDGE_CURVE('',#1392,#1355,#132,.T.);
#1799=EDGE_CURVE('',#1391,#1392,#765,.T.);
#1800=EDGE_CURVE('',#1393,#1394,#133,.T.);
#1801=EDGE_CURVE('',#1394,#1355,#134,.T.);
#1802=EDGE_CURVE('',#1392,#1393,#135,.T.);
#1803=EDGE_CURVE('',#1395,#1396,#136,.T.);
#1804=EDGE_CURVE('',#1396,#1394,#766,.T.);
#1805=EDGE_CURVE('',#1393,#1395,#767,.T.);
#1806=EDGE_CURVE('',#1397,#1398,#137,.T.);
#1807=EDGE_CURVE('',#1398,#1396,#138,.T.);
#1808=EDGE_CURVE('',#1395,#1397,#139,.T.);
#1809=EDGE_CURVE('',#1399,#1400,#140,.T.);
#1810=EDGE_CURVE('',#1400,#1398,#768,.T.);
#1811=EDGE_CURVE('',#1397,#1399,#769,.T.);
#1812=EDGE_CURVE('',#1401,#1402,#141,.T.);
#1813=EDGE_CURVE('',#1402,#1400,#142,.T.);
#1814=EDGE_CURVE('',#1399,#1401,#143,.T.);
#1815=EDGE_CURVE('',#1401,#1390,#770,.T.);
#1816=EDGE_CURVE('',#1389,#1402,#771,.T.);
#1817=EDGE_CURVE('',#1403,#1400,#772,.T.);
#1818=EDGE_CURVE('',#1404,#1403,#773,.T.);
#1819=EDGE_CURVE('',#1398,#1404,#774,.T.);
#1820=EDGE_CURVE('',#1402,#1405,#775,.T.);
#1821=EDGE_CURVE('',#1403,#1405,#144,.T.);
#1822=EDGE_CURVE('',#1406,#1389,#776,.T.);
#1823=EDGE_CURVE('',#1405,#1406,#777,.T.);
#1824=EDGE_CURVE('',#1406,#1353,#145,.T.);
#1825=EDGE_CURVE('',#1407,#1408,#146,.T.);
#1826=EDGE_CURVE('',#1408,#1409,#147,.T.);
#1827=EDGE_CURVE('',#1409,#1356,#148,.T.);
#1828=EDGE_CURVE('',#1356,#1407,#149,.T.);
#1829=EDGE_CURVE('',#1410,#1349,#150,.T.);
#1830=EDGE_CURVE('',#1409,#1410,#778,.T.);
#1831=EDGE_CURVE('',#1411,#1412,#151,.T.);
#1832=EDGE_CURVE('',#1412,#1408,#779,.T.);
#1833=EDGE_CURVE('',#1407,#1411,#780,.T.);
#1834=EDGE_CURVE('',#1404,#1413,#152,.T.);
#1835=EDGE_CURVE('',#1413,#1412,#153,.T.);
#1836=EDGE_CURVE('',#1411,#1404,#154,.T.);
#1837=EDGE_CURVE('',#1403,#1414,#155,.T.);
#1838=EDGE_CURVE('',#1414,#1413,#781,.T.);
#1839=EDGE_CURVE('',#1405,#1415,#156,.T.);
#1840=EDGE_CURVE('',#1415,#1414,#157,.T.);
#1841=EDGE_CURVE('',#1406,#1416,#158,.T.);
#1842=EDGE_CURVE('',#1416,#1415,#782,.T.);
#1843=EDGE_CURVE('',#1353,#1417,#159,.T.);
#1844=EDGE_CURVE('',#1417,#1416,#160,.T.);
#1845=EDGE_CURVE('',#1351,#1418,#161,.T.);
#1846=EDGE_CURVE('',#1418,#1417,#783,.T.);
#1847=EDGE_CURVE('',#1337,#1351,#784,.T.);
#1848=EDGE_CURVE('',#1410,#1350,#47,.T.);
#1849=EDGE_CURVE('',#1350,#1418,#48,.T.);
#1850=EDGE_CURVE('',#1411,#1396,#785,.T.);
#1851=EDGE_CURVE('',#1394,#1407,#786,.T.);
#1852=EDGE_CURVE('',#1366,#1419,#787,.T.);
#1853=EDGE_CURVE('',#1420,#1419,#788,.T.);
#1854=EDGE_CURVE('',#1421,#1420,#1137,.T.);
#1855=EDGE_CURVE('',#1374,#1421,#1138,.T.);
#1856=EDGE_CURVE('',#1422,#1365,#789,.T.);
#1857=EDGE_CURVE('',#1419,#1422,#162,.T.);
#1858=EDGE_CURVE('',#1423,#1369,#790,.T.);
#1859=EDGE_CURVE('',#1424,#1423,#163,.T.);
#1860=EDGE_CURVE('',#1425,#1424,#164,.T.);
#1861=EDGE_CURVE('',#1372,#1425,#791,.T.);
#1862=EDGE_CURVE('',#1426,#1361,#1139,.T.);
#1863=EDGE_CURVE('',#1427,#1426,#1140,.T.);
#1864=EDGE_CURVE('',#1422,#1427,#792,.T.);
#1865=EDGE_CURVE('',#1428,#1425,#793,.T.);
#1866=EDGE_CURVE('',#1429,#1428,#1141,.T.);
#1867=EDGE_CURVE('',#1364,#1429,#1142,.T.);
#1868=EDGE_CURVE('',#1430,#1373,#1143,.T.);
#1869=EDGE_CURVE('',#1431,#1430,#1144,.T.);
#1870=EDGE_CURVE('',#1423,#1431,#794,.T.);
#1871=EDGE_CURVE('',#1429,#1426,#165,.T.);
#1872=EDGE_CURVE('',#1428,#1427,#166,.T.);
#1873=EDGE_CURVE('',#1421,#1430,#167,.T.);
#1874=EDGE_CURVE('',#1420,#1431,#168,.T.);
#1875=EDGE_CURVE('',#1386,#1432,#795,.T.);
#1876=EDGE_CURVE('',#1433,#1432,#796,.T.);
#1877=EDGE_CURVE('',#1434,#1433,#1145,.T.);
#1878=EDGE_CURVE('',#1378,#1434,#1146,.T.);
#1879=EDGE_CURVE('',#1435,#1385,#797,.T.);
#1880=EDGE_CURVE('',#1432,#1435,#169,.T.);
#1881=EDGE_CURVE('',#1436,#1379,#798,.T.);
#1882=EDGE_CURVE('',#1437,#1436,#170,.T.);
#1883=EDGE_CURVE('',#1438,#1437,#171,.T.);
#1884=EDGE_CURVE('',#1382,#1438,#799,.T.);
#1885=EDGE_CURVE('',#1439,#1387,#1147,.T.);
#1886=EDGE_CURVE('',#1440,#1439,#1148,.T.);
#1887=EDGE_CURVE('',#1435,#1440,#800,.T.);
#1888=EDGE_CURVE('',#1441,#1438,#801,.T.);
#1889=EDGE_CURVE('',#1442,#1441,#1149,.T.);
#1890=EDGE_CURVE('',#1388,#1442,#1150,.T.);
#1891=EDGE_CURVE('',#1443,#1375,#1151,.T.);
#1892=EDGE_CURVE('',#1444,#1443,#1152,.T.);
#1893=EDGE_CURVE('',#1436,#1444,#802,.T.);
#1894=EDGE_CURVE('',#1442,#1439,#172,.T.);
#1895=EDGE_CURVE('',#1441,#1440,#173,.T.);
#1896=EDGE_CURVE('',#1434,#1443,#174,.T.);
#1897=EDGE_CURVE('',#1433,#1444,#175,.T.);
#1898=EDGE_CURVE('',#1424,#1445,#803,.T.);
#1899=EDGE_CURVE('',#1445,#1445,#176,.T.);
#1900=EDGE_CURVE('',#1437,#1446,#804,.T.);
#1901=EDGE_CURVE('',#1446,#1446,#177,.T.);
#1902=ORIENTED_EDGE('',*,*,#1447,.F.);
#1903=ORIENTED_EDGE('',*,*,#1448,.F.);
#1904=ORIENTED_EDGE('',*,*,#1449,.F.);
#1905=ORIENTED_EDGE('',*,*,#1450,.T.);
#1906=ORIENTED_EDGE('',*,*,#1451,.F.);
#1907=ORIENTED_EDGE('',*,*,#1450,.F.);
#1908=ORIENTED_EDGE('',*,*,#1452,.F.);
#1909=ORIENTED_EDGE('',*,*,#1453,.T.);
#1910=ORIENTED_EDGE('',*,*,#1454,.F.);
#1911=ORIENTED_EDGE('',*,*,#1453,.F.);
#1912=ORIENTED_EDGE('',*,*,#1455,.F.);
#1913=ORIENTED_EDGE('',*,*,#1456,.T.);
#1914=ORIENTED_EDGE('',*,*,#1457,.F.);
#1915=ORIENTED_EDGE('',*,*,#1456,.F.);
#1916=ORIENTED_EDGE('',*,*,#1458,.F.);
#1917=ORIENTED_EDGE('',*,*,#1459,.T.);
#1918=ORIENTED_EDGE('',*,*,#1460,.F.);
#1919=ORIENTED_EDGE('',*,*,#1459,.F.);
#1920=ORIENTED_EDGE('',*,*,#1461,.F.);
#1921=ORIENTED_EDGE('',*,*,#1462,.T.);
#1922=ORIENTED_EDGE('',*,*,#1463,.F.);
#1923=ORIENTED_EDGE('',*,*,#1462,.F.);
#1924=ORIENTED_EDGE('',*,*,#1464,.F.);
#1925=ORIENTED_EDGE('',*,*,#1465,.T.);
#1926=ORIENTED_EDGE('',*,*,#1466,.F.);
#1927=ORIENTED_EDGE('',*,*,#1465,.F.);
#1928=ORIENTED_EDGE('',*,*,#1467,.F.);
#1929=ORIENTED_EDGE('',*,*,#1468,.T.);
#1930=ORIENTED_EDGE('',*,*,#1469,.F.);
#1931=ORIENTED_EDGE('',*,*,#1468,.F.);
#1932=ORIENTED_EDGE('',*,*,#1470,.F.);
#1933=ORIENTED_EDGE('',*,*,#1471,.T.);
#1934=ORIENTED_EDGE('',*,*,#1472,.F.);
#1935=ORIENTED_EDGE('',*,*,#1471,.F.);
#1936=ORIENTED_EDGE('',*,*,#1473,.F.);
#1937=ORIENTED_EDGE('',*,*,#1474,.T.);
#1938=ORIENTED_EDGE('',*,*,#1475,.F.);
#1939=ORIENTED_EDGE('',*,*,#1474,.F.);
#1940=ORIENTED_EDGE('',*,*,#1476,.F.);
#1941=ORIENTED_EDGE('',*,*,#1477,.T.);
#1942=ORIENTED_EDGE('',*,*,#1478,.F.);
#1943=ORIENTED_EDGE('',*,*,#1477,.F.);
#1944=ORIENTED_EDGE('',*,*,#1479,.F.);
#1945=ORIENTED_EDGE('',*,*,#1480,.T.);
#1946=ORIENTED_EDGE('',*,*,#1481,.F.);
#1947=ORIENTED_EDGE('',*,*,#1480,.F.);
#1948=ORIENTED_EDGE('',*,*,#1482,.F.);
#1949=ORIENTED_EDGE('',*,*,#1448,.T.);
#1950=ORIENTED_EDGE('',*,*,#1483,.F.);
#1951=ORIENTED_EDGE('',*,*,#1484,.F.);
#1952=ORIENTED_EDGE('',*,*,#1485,.F.);
#1953=ORIENTED_EDGE('',*,*,#1486,.T.);
#1954=ORIENTED_EDGE('',*,*,#1487,.F.);
#1955=ORIENTED_EDGE('',*,*,#1486,.F.);
#1956=ORIENTED_EDGE('',*,*,#1488,.F.);
#1957=ORIENTED_EDGE('',*,*,#1489,.T.);
#1958=ORIENTED_EDGE('',*,*,#1490,.F.);
#1959=ORIENTED_EDGE('',*,*,#1489,.F.);
#1960=ORIENTED_EDGE('',*,*,#1491,.F.);
#1961=ORIENTED_EDGE('',*,*,#1492,.T.);
#1962=ORIENTED_EDGE('',*,*,#1493,.F.);
#1963=ORIENTED_EDGE('',*,*,#1492,.F.);
#1964=ORIENTED_EDGE('',*,*,#1494,.F.);
#1965=ORIENTED_EDGE('',*,*,#1495,.T.);
#1966=ORIENTED_EDGE('',*,*,#1496,.F.);
#1967=ORIENTED_EDGE('',*,*,#1495,.F.);
#1968=ORIENTED_EDGE('',*,*,#1497,.F.);
#1969=ORIENTED_EDGE('',*,*,#1498,.T.);
#1970=ORIENTED_EDGE('',*,*,#1499,.F.);
#1971=ORIENTED_EDGE('',*,*,#1498,.F.);
#1972=ORIENTED_EDGE('',*,*,#1500,.F.);
#1973=ORIENTED_EDGE('',*,*,#1501,.T.);
#1974=ORIENTED_EDGE('',*,*,#1502,.F.);
#1975=ORIENTED_EDGE('',*,*,#1501,.F.);
#1976=ORIENTED_EDGE('',*,*,#1503,.F.);
#1977=ORIENTED_EDGE('',*,*,#1504,.T.);
#1978=ORIENTED_EDGE('',*,*,#1505,.F.);
#1979=ORIENTED_EDGE('',*,*,#1504,.F.);
#1980=ORIENTED_EDGE('',*,*,#1506,.F.);
#1981=ORIENTED_EDGE('',*,*,#1507,.T.);
#1982=ORIENTED_EDGE('',*,*,#1508,.F.);
#1983=ORIENTED_EDGE('',*,*,#1507,.F.);
#1984=ORIENTED_EDGE('',*,*,#1509,.F.);
#1985=ORIENTED_EDGE('',*,*,#1510,.T.);
#1986=ORIENTED_EDGE('',*,*,#1511,.F.);
#1987=ORIENTED_EDGE('',*,*,#1510,.F.);
#1988=ORIENTED_EDGE('',*,*,#1512,.F.);
#1989=ORIENTED_EDGE('',*,*,#1513,.T.);
#1990=ORIENTED_EDGE('',*,*,#1514,.F.);
#1991=ORIENTED_EDGE('',*,*,#1513,.F.);
#1992=ORIENTED_EDGE('',*,*,#1515,.F.);
#1993=ORIENTED_EDGE('',*,*,#1516,.T.);
#1994=ORIENTED_EDGE('',*,*,#1517,.F.);
#1995=ORIENTED_EDGE('',*,*,#1516,.F.);
#1996=ORIENTED_EDGE('',*,*,#1518,.F.);
#1997=ORIENTED_EDGE('',*,*,#1519,.T.);
#1998=ORIENTED_EDGE('',*,*,#1520,.F.);
#1999=ORIENTED_EDGE('',*,*,#1519,.F.);
#2000=ORIENTED_EDGE('',*,*,#1521,.F.);
#2001=ORIENTED_EDGE('',*,*,#1522,.T.);
#2002=ORIENTED_EDGE('',*,*,#1523,.F.);
#2003=ORIENTED_EDGE('',*,*,#1522,.F.);
#2004=ORIENTED_EDGE('',*,*,#1524,.F.);
#2005=ORIENTED_EDGE('',*,*,#1525,.T.);
#2006=ORIENTED_EDGE('',*,*,#1526,.F.);
#2007=ORIENTED_EDGE('',*,*,#1525,.F.);
#2008=ORIENTED_EDGE('',*,*,#1527,.F.);
#2009=ORIENTED_EDGE('',*,*,#1528,.T.);
#2010=ORIENTED_EDGE('',*,*,#1529,.F.);
#2011=ORIENTED_EDGE('',*,*,#1528,.F.);
#2012=ORIENTED_EDGE('',*,*,#1530,.F.);
#2013=ORIENTED_EDGE('',*,*,#1484,.T.);
#2014=ORIENTED_EDGE('',*,*,#1531,.F.);
#2015=ORIENTED_EDGE('',*,*,#1532,.F.);
#2016=ORIENTED_EDGE('',*,*,#1533,.F.);
#2017=ORIENTED_EDGE('',*,*,#1534,.T.);
#2018=ORIENTED_EDGE('',*,*,#1535,.F.);
#2019=ORIENTED_EDGE('',*,*,#1534,.F.);
#2020=ORIENTED_EDGE('',*,*,#1536,.F.);
#2021=ORIENTED_EDGE('',*,*,#1537,.T.);
#2022=ORIENTED_EDGE('',*,*,#1538,.F.);
#2023=ORIENTED_EDGE('',*,*,#1537,.F.);
#2024=ORIENTED_EDGE('',*,*,#1539,.F.);
#2025=ORIENTED_EDGE('',*,*,#1540,.T.);
#2026=ORIENTED_EDGE('',*,*,#1541,.F.);
#2027=ORIENTED_EDGE('',*,*,#1540,.F.);
#2028=ORIENTED_EDGE('',*,*,#1542,.F.);
#2029=ORIENTED_EDGE('',*,*,#1543,.T.);
#2030=ORIENTED_EDGE('',*,*,#1544,.F.);
#2031=ORIENTED_EDGE('',*,*,#1543,.F.);
#2032=ORIENTED_EDGE('',*,*,#1545,.F.);
#2033=ORIENTED_EDGE('',*,*,#1546,.T.);
#2034=ORIENTED_EDGE('',*,*,#1547,.F.);
#2035=ORIENTED_EDGE('',*,*,#1546,.F.);
#2036=ORIENTED_EDGE('',*,*,#1548,.F.);
#2037=ORIENTED_EDGE('',*,*,#1549,.T.);
#2038=ORIENTED_EDGE('',*,*,#1550,.F.);
#2039=ORIENTED_EDGE('',*,*,#1549,.F.);
#2040=ORIENTED_EDGE('',*,*,#1551,.F.);
#2041=ORIENTED_EDGE('',*,*,#1552,.T.);
#2042=ORIENTED_EDGE('',*,*,#1553,.F.);
#2043=ORIENTED_EDGE('',*,*,#1552,.F.);
#2044=ORIENTED_EDGE('',*,*,#1554,.F.);
#2045=ORIENTED_EDGE('',*,*,#1555,.T.);
#2046=ORIENTED_EDGE('',*,*,#1556,.F.);
#2047=ORIENTED_EDGE('',*,*,#1555,.F.);
#2048=ORIENTED_EDGE('',*,*,#1557,.F.);
#2049=ORIENTED_EDGE('',*,*,#1558,.T.);
#2050=ORIENTED_EDGE('',*,*,#1559,.F.);
#2051=ORIENTED_EDGE('',*,*,#1558,.F.);
#2052=ORIENTED_EDGE('',*,*,#1560,.F.);
#2053=ORIENTED_EDGE('',*,*,#1561,.T.);
#2054=ORIENTED_EDGE('',*,*,#1562,.F.);
#2055=ORIENTED_EDGE('',*,*,#1561,.F.);
#2056=ORIENTED_EDGE('',*,*,#1563,.F.);
#2057=ORIENTED_EDGE('',*,*,#1564,.T.);
#2058=ORIENTED_EDGE('',*,*,#1565,.F.);
#2059=ORIENTED_EDGE('',*,*,#1564,.F.);
#2060=ORIENTED_EDGE('',*,*,#1566,.F.);
#2061=ORIENTED_EDGE('',*,*,#1532,.T.);
#2062=ORIENTED_EDGE('',*,*,#1567,.F.);
#2063=ORIENTED_EDGE('',*,*,#1568,.F.);
#2064=ORIENTED_EDGE('',*,*,#1569,.F.);
#2065=ORIENTED_EDGE('',*,*,#1570,.T.);
#2066=ORIENTED_EDGE('',*,*,#1571,.F.);
#2067=ORIENTED_EDGE('',*,*,#1570,.F.);
#2068=ORIENTED_EDGE('',*,*,#1572,.F.);
#2069=ORIENTED_EDGE('',*,*,#1573,.T.);
#2070=ORIENTED_EDGE('',*,*,#1574,.F.);
#2071=ORIENTED_EDGE('',*,*,#1573,.F.);
#2072=ORIENTED_EDGE('',*,*,#1575,.F.);
#2073=ORIENTED_EDGE('',*,*,#1576,.T.);
#2074=ORIENTED_EDGE('',*,*,#1577,.F.);
#2075=ORIENTED_EDGE('',*,*,#1576,.F.);
#2076=ORIENTED_EDGE('',*,*,#1578,.F.);
#2077=ORIENTED_EDGE('',*,*,#1579,.T.);
#2078=ORIENTED_EDGE('',*,*,#1580,.F.);
#2079=ORIENTED_EDGE('',*,*,#1579,.F.);
#2080=ORIENTED_EDGE('',*,*,#1581,.F.);
#2081=ORIENTED_EDGE('',*,*,#1582,.T.);
#2082=ORIENTED_EDGE('',*,*,#1583,.F.);
#2083=ORIENTED_EDGE('',*,*,#1582,.F.);
#2084=ORIENTED_EDGE('',*,*,#1584,.F.);
#2085=ORIENTED_EDGE('',*,*,#1585,.T.);
#2086=ORIENTED_EDGE('',*,*,#1586,.F.);
#2087=ORIENTED_EDGE('',*,*,#1585,.F.);
#2088=ORIENTED_EDGE('',*,*,#1587,.F.);
#2089=ORIENTED_EDGE('',*,*,#1588,.T.);
#2090=ORIENTED_EDGE('',*,*,#1589,.F.);
#2091=ORIENTED_EDGE('',*,*,#1588,.F.);
#2092=ORIENTED_EDGE('',*,*,#1590,.F.);
#2093=ORIENTED_EDGE('',*,*,#1591,.T.);
#2094=ORIENTED_EDGE('',*,*,#1592,.F.);
#2095=ORIENTED_EDGE('',*,*,#1591,.F.);
#2096=ORIENTED_EDGE('',*,*,#1593,.F.);
#2097=ORIENTED_EDGE('',*,*,#1594,.T.);
#2098=ORIENTED_EDGE('',*,*,#1595,.F.);
#2099=ORIENTED_EDGE('',*,*,#1594,.F.);
#2100=ORIENTED_EDGE('',*,*,#1596,.F.);
#2101=ORIENTED_EDGE('',*,*,#1597,.T.);
#2102=ORIENTED_EDGE('',*,*,#1598,.F.);
#2103=ORIENTED_EDGE('',*,*,#1597,.F.);
#2104=ORIENTED_EDGE('',*,*,#1599,.F.);
#2105=ORIENTED_EDGE('',*,*,#1600,.T.);
#2106=ORIENTED_EDGE('',*,*,#1601,.F.);
#2107=ORIENTED_EDGE('',*,*,#1600,.F.);
#2108=ORIENTED_EDGE('',*,*,#1602,.F.);
#2109=ORIENTED_EDGE('',*,*,#1603,.T.);
#2110=ORIENTED_EDGE('',*,*,#1604,.F.);
#2111=ORIENTED_EDGE('',*,*,#1603,.F.);
#2112=ORIENTED_EDGE('',*,*,#1605,.F.);
#2113=ORIENTED_EDGE('',*,*,#1606,.T.);
#2114=ORIENTED_EDGE('',*,*,#1607,.F.);
#2115=ORIENTED_EDGE('',*,*,#1606,.F.);
#2116=ORIENTED_EDGE('',*,*,#1608,.F.);
#2117=ORIENTED_EDGE('',*,*,#1568,.T.);
#2118=ORIENTED_EDGE('',*,*,#1609,.F.);
#2119=ORIENTED_EDGE('',*,*,#1610,.F.);
#2120=ORIENTED_EDGE('',*,*,#1611,.F.);
#2121=ORIENTED_EDGE('',*,*,#1612,.T.);
#2122=ORIENTED_EDGE('',*,*,#1613,.F.);
#2123=ORIENTED_EDGE('',*,*,#1612,.F.);
#2124=ORIENTED_EDGE('',*,*,#1614,.F.);
#2125=ORIENTED_EDGE('',*,*,#1615,.T.);
#2126=ORIENTED_EDGE('',*,*,#1616,.F.);
#2127=ORIENTED_EDGE('',*,*,#1615,.F.);
#2128=ORIENTED_EDGE('',*,*,#1617,.F.);
#2129=ORIENTED_EDGE('',*,*,#1618,.T.);
#2130=ORIENTED_EDGE('',*,*,#1619,.F.);
#2131=ORIENTED_EDGE('',*,*,#1618,.F.);
#2132=ORIENTED_EDGE('',*,*,#1620,.F.);
#2133=ORIENTED_EDGE('',*,*,#1621,.T.);
#2134=ORIENTED_EDGE('',*,*,#1622,.F.);
#2135=ORIENTED_EDGE('',*,*,#1621,.F.);
#2136=ORIENTED_EDGE('',*,*,#1623,.F.);
#2137=ORIENTED_EDGE('',*,*,#1624,.T.);
#2138=ORIENTED_EDGE('',*,*,#1625,.F.);
#2139=ORIENTED_EDGE('',*,*,#1624,.F.);
#2140=ORIENTED_EDGE('',*,*,#1626,.F.);
#2141=ORIENTED_EDGE('',*,*,#1627,.T.);
#2142=ORIENTED_EDGE('',*,*,#1628,.F.);
#2143=ORIENTED_EDGE('',*,*,#1627,.F.);
#2144=ORIENTED_EDGE('',*,*,#1629,.F.);
#2145=ORIENTED_EDGE('',*,*,#1630,.T.);
#2146=ORIENTED_EDGE('',*,*,#1631,.F.);
#2147=ORIENTED_EDGE('',*,*,#1630,.F.);
#2148=ORIENTED_EDGE('',*,*,#1632,.F.);
#2149=ORIENTED_EDGE('',*,*,#1633,.T.);
#2150=ORIENTED_EDGE('',*,*,#1634,.F.);
#2151=ORIENTED_EDGE('',*,*,#1633,.F.);
#2152=ORIENTED_EDGE('',*,*,#1635,.F.);
#2153=ORIENTED_EDGE('',*,*,#1636,.T.);
#2154=ORIENTED_EDGE('',*,*,#1637,.F.);
#2155=ORIENTED_EDGE('',*,*,#1636,.F.);
#2156=ORIENTED_EDGE('',*,*,#1638,.F.);
#2157=ORIENTED_EDGE('',*,*,#1639,.T.);
#2158=ORIENTED_EDGE('',*,*,#1640,.F.);
#2159=ORIENTED_EDGE('',*,*,#1639,.F.);
#2160=ORIENTED_EDGE('',*,*,#1641,.F.);
#2161=ORIENTED_EDGE('',*,*,#1642,.T.);
#2162=ORIENTED_EDGE('',*,*,#1643,.F.);
#2163=ORIENTED_EDGE('',*,*,#1642,.F.);
#2164=ORIENTED_EDGE('',*,*,#1644,.F.);
#2165=ORIENTED_EDGE('',*,*,#1645,.T.);
#2166=ORIENTED_EDGE('',*,*,#1646,.F.);
#2167=ORIENTED_EDGE('',*,*,#1645,.F.);
#2168=ORIENTED_EDGE('',*,*,#1647,.F.);
#2169=ORIENTED_EDGE('',*,*,#1610,.T.);
#2170=ORIENTED_EDGE('',*,*,#1648,.F.);
#2171=ORIENTED_EDGE('',*,*,#1649,.F.);
#2172=ORIENTED_EDGE('',*,*,#1650,.F.);
#2173=ORIENTED_EDGE('',*,*,#1651,.T.);
#2174=ORIENTED_EDGE('',*,*,#1652,.F.);
#2175=ORIENTED_EDGE('',*,*,#1651,.F.);
#2176=ORIENTED_EDGE('',*,*,#1653,.F.);
#2177=ORIENTED_EDGE('',*,*,#1654,.T.);
#2178=ORIENTED_EDGE('',*,*,#1655,.F.);
#2179=ORIENTED_EDGE('',*,*,#1654,.F.);
#2180=ORIENTED_EDGE('',*,*,#1656,.F.);
#2181=ORIENTED_EDGE('',*,*,#1657,.T.);
#2182=ORIENTED_EDGE('',*,*,#1658,.F.);
#2183=ORIENTED_EDGE('',*,*,#1657,.F.);
#2184=ORIENTED_EDGE('',*,*,#1659,.F.);
#2185=ORIENTED_EDGE('',*,*,#1660,.T.);
#2186=ORIENTED_EDGE('',*,*,#1661,.F.);
#2187=ORIENTED_EDGE('',*,*,#1660,.F.);
#2188=ORIENTED_EDGE('',*,*,#1662,.F.);
#2189=ORIENTED_EDGE('',*,*,#1663,.T.);
#2190=ORIENTED_EDGE('',*,*,#1664,.F.);
#2191=ORIENTED_EDGE('',*,*,#1663,.F.);
#2192=ORIENTED_EDGE('',*,*,#1665,.F.);
#2193=ORIENTED_EDGE('',*,*,#1666,.T.);
#2194=ORIENTED_EDGE('',*,*,#1667,.F.);
#2195=ORIENTED_EDGE('',*,*,#1666,.F.);
#2196=ORIENTED_EDGE('',*,*,#1668,.F.);
#2197=ORIENTED_EDGE('',*,*,#1669,.T.);
#2198=ORIENTED_EDGE('',*,*,#1670,.F.);
#2199=ORIENTED_EDGE('',*,*,#1669,.F.);
#2200=ORIENTED_EDGE('',*,*,#1671,.F.);
#2201=ORIENTED_EDGE('',*,*,#1672,.T.);
#2202=ORIENTED_EDGE('',*,*,#1673,.F.);
#2203=ORIENTED_EDGE('',*,*,#1672,.F.);
#2204=ORIENTED_EDGE('',*,*,#1674,.F.);
#2205=ORIENTED_EDGE('',*,*,#1675,.T.);
#2206=ORIENTED_EDGE('',*,*,#1676,.F.);
#2207=ORIENTED_EDGE('',*,*,#1675,.F.);
#2208=ORIENTED_EDGE('',*,*,#1677,.F.);
#2209=ORIENTED_EDGE('',*,*,#1678,.T.);
#2210=ORIENTED_EDGE('',*,*,#1679,.F.);
#2211=ORIENTED_EDGE('',*,*,#1678,.F.);
#2212=ORIENTED_EDGE('',*,*,#1680,.F.);
#2213=ORIENTED_EDGE('',*,*,#1649,.T.);
#2214=ORIENTED_EDGE('',*,*,#1681,.T.);
#2215=ORIENTED_EDGE('',*,*,#1682,.T.);
#2216=ORIENTED_EDGE('',*,*,#1683,.T.);
#2217=ORIENTED_EDGE('',*,*,#1684,.T.);
#2218=ORIENTED_EDGE('',*,*,#1685,.T.);
#2219=ORIENTED_EDGE('',*,*,#1686,.T.);
#2220=ORIENTED_EDGE('',*,*,#1687,.T.);
#2221=ORIENTED_EDGE('',*,*,#1688,.T.);
#2222=ORIENTED_EDGE('',*,*,#1684,.F.);
#2223=ORIENTED_EDGE('',*,*,#1689,.T.);
#2224=ORIENTED_EDGE('',*,*,#1686,.F.);
#2225=ORIENTED_EDGE('',*,*,#1690,.T.);
#2226=ORIENTED_EDGE('',*,*,#1682,.F.);
#2227=ORIENTED_EDGE('',*,*,#1691,.F.);
#2228=ORIENTED_EDGE('',*,*,#1692,.F.);
#2229=ORIENTED_EDGE('',*,*,#1693,.F.);
#2230=ORIENTED_EDGE('',*,*,#1648,.T.);
#2231=ORIENTED_EDGE('',*,*,#1652,.T.);
#2232=ORIENTED_EDGE('',*,*,#1655,.T.);
#2233=ORIENTED_EDGE('',*,*,#1658,.T.);
#2234=ORIENTED_EDGE('',*,*,#1661,.T.);
#2235=ORIENTED_EDGE('',*,*,#1664,.T.);
#2236=ORIENTED_EDGE('',*,*,#1667,.T.);
#2237=ORIENTED_EDGE('',*,*,#1670,.T.);
#2238=ORIENTED_EDGE('',*,*,#1673,.T.);
#2239=ORIENTED_EDGE('',*,*,#1676,.T.);
#2240=ORIENTED_EDGE('',*,*,#1679,.T.);
#2241=ORIENTED_EDGE('',*,*,#1609,.T.);
#2242=ORIENTED_EDGE('',*,*,#1613,.T.);
#2243=ORIENTED_EDGE('',*,*,#1616,.T.);
#2244=ORIENTED_EDGE('',*,*,#1619,.T.);
#2245=ORIENTED_EDGE('',*,*,#1622,.T.);
#2246=ORIENTED_EDGE('',*,*,#1625,.T.);
#2247=ORIENTED_EDGE('',*,*,#1628,.T.);
#2248=ORIENTED_EDGE('',*,*,#1631,.T.);
#2249=ORIENTED_EDGE('',*,*,#1634,.T.);
#2250=ORIENTED_EDGE('',*,*,#1637,.T.);
#2251=ORIENTED_EDGE('',*,*,#1640,.T.);
#2252=ORIENTED_EDGE('',*,*,#1643,.T.);
#2253=ORIENTED_EDGE('',*,*,#1646,.T.);
#2254=ORIENTED_EDGE('',*,*,#1567,.T.);
#2255=ORIENTED_EDGE('',*,*,#1571,.T.);
#2256=ORIENTED_EDGE('',*,*,#1574,.T.);
#2257=ORIENTED_EDGE('',*,*,#1577,.T.);
#2258=ORIENTED_EDGE('',*,*,#1580,.T.);
#2259=ORIENTED_EDGE('',*,*,#1583,.T.);
#2260=ORIENTED_EDGE('',*,*,#1586,.T.);
#2261=ORIENTED_EDGE('',*,*,#1589,.T.);
#2262=ORIENTED_EDGE('',*,*,#1592,.T.);
#2263=ORIENTED_EDGE('',*,*,#1595,.T.);
#2264=ORIENTED_EDGE('',*,*,#1598,.T.);
#2265=ORIENTED_EDGE('',*,*,#1601,.T.);
#2266=ORIENTED_EDGE('',*,*,#1604,.T.);
#2267=ORIENTED_EDGE('',*,*,#1607,.T.);
#2268=ORIENTED_EDGE('',*,*,#1531,.T.);
#2269=ORIENTED_EDGE('',*,*,#1535,.T.);
#2270=ORIENTED_EDGE('',*,*,#1538,.T.);
#2271=ORIENTED_EDGE('',*,*,#1541,.T.);
#2272=ORIENTED_EDGE('',*,*,#1544,.T.);
#2273=ORIENTED_EDGE('',*,*,#1547,.T.);
#2274=ORIENTED_EDGE('',*,*,#1550,.T.);
#2275=ORIENTED_EDGE('',*,*,#1553,.T.);
#2276=ORIENTED_EDGE('',*,*,#1556,.T.);
#2277=ORIENTED_EDGE('',*,*,#1559,.T.);
#2278=ORIENTED_EDGE('',*,*,#1562,.T.);
#2279=ORIENTED_EDGE('',*,*,#1565,.T.);
#2280=ORIENTED_EDGE('',*,*,#1483,.T.);
#2281=ORIENTED_EDGE('',*,*,#1487,.T.);
#2282=ORIENTED_EDGE('',*,*,#1490,.T.);
#2283=ORIENTED_EDGE('',*,*,#1493,.T.);
#2284=ORIENTED_EDGE('',*,*,#1496,.T.);
#2285=ORIENTED_EDGE('',*,*,#1499,.T.);
#2286=ORIENTED_EDGE('',*,*,#1502,.T.);
#2287=ORIENTED_EDGE('',*,*,#1505,.T.);
#2288=ORIENTED_EDGE('',*,*,#1508,.T.);
#2289=ORIENTED_EDGE('',*,*,#1511,.T.);
#2290=ORIENTED_EDGE('',*,*,#1514,.T.);
#2291=ORIENTED_EDGE('',*,*,#1517,.T.);
#2292=ORIENTED_EDGE('',*,*,#1520,.T.);
#2293=ORIENTED_EDGE('',*,*,#1523,.T.);
#2294=ORIENTED_EDGE('',*,*,#1526,.T.);
#2295=ORIENTED_EDGE('',*,*,#1529,.T.);
#2296=ORIENTED_EDGE('',*,*,#1447,.T.);
#2297=ORIENTED_EDGE('',*,*,#1451,.T.);
#2298=ORIENTED_EDGE('',*,*,#1454,.T.);
#2299=ORIENTED_EDGE('',*,*,#1457,.T.);
#2300=ORIENTED_EDGE('',*,*,#1460,.T.);
#2301=ORIENTED_EDGE('',*,*,#1463,.T.);
#2302=ORIENTED_EDGE('',*,*,#1466,.T.);
#2303=ORIENTED_EDGE('',*,*,#1469,.T.);
#2304=ORIENTED_EDGE('',*,*,#1472,.T.);
#2305=ORIENTED_EDGE('',*,*,#1475,.T.);
#2306=ORIENTED_EDGE('',*,*,#1478,.T.);
#2307=ORIENTED_EDGE('',*,*,#1481,.T.);
#2308=ORIENTED_EDGE('',*,*,#1681,.F.);
#2309=ORIENTED_EDGE('',*,*,#1694,.T.);
#2310=ORIENTED_EDGE('',*,*,#1695,.T.);
#2311=ORIENTED_EDGE('',*,*,#1696,.F.);
#2312=ORIENTED_EDGE('',*,*,#1691,.T.);
#2313=ORIENTED_EDGE('',*,*,#1690,.F.);
#2314=ORIENTED_EDGE('',*,*,#1697,.F.);
#2315=ORIENTED_EDGE('',*,*,#1698,.F.);
#2316=ORIENTED_EDGE('',*,*,#1694,.F.);
#2317=ORIENTED_EDGE('',*,*,#1685,.F.);
#2318=ORIENTED_EDGE('',*,*,#1699,.T.);
#2319=ORIENTED_EDGE('',*,*,#1700,.T.);
#2320=ORIENTED_EDGE('',*,*,#1701,.T.);
#2321=ORIENTED_EDGE('',*,*,#1697,.T.);
#2322=ORIENTED_EDGE('',*,*,#1702,.T.);
#2323=ORIENTED_EDGE('',*,*,#1703,.T.);
#2324=ORIENTED_EDGE('',*,*,#1704,.T.);
#2325=ORIENTED_EDGE('',*,*,#1701,.F.);
#2326=ORIENTED_EDGE('',*,*,#1705,.T.);
#2327=ORIENTED_EDGE('',*,*,#1706,.T.);
#2328=ORIENTED_EDGE('',*,*,#1695,.F.);
#2329=ORIENTED_EDGE('',*,*,#1707,.T.);
#2330=ORIENTED_EDGE('',*,*,#1703,.F.);
#2331=ORIENTED_EDGE('',*,*,#1707,.F.);
#2332=ORIENTED_EDGE('',*,*,#1698,.T.);
#2333=ORIENTED_EDGE('',*,*,#1704,.F.);
#2334=ORIENTED_EDGE('',*,*,#1702,.F.);
#2335=ORIENTED_EDGE('',*,*,#1687,.F.);
#2336=ORIENTED_EDGE('',*,*,#1708,.T.);
#2337=ORIENTED_EDGE('',*,*,#1709,.T.);
#2338=ORIENTED_EDGE('',*,*,#1710,.T.);
#2339=ORIENTED_EDGE('',*,*,#1689,.F.);
#2340=ORIENTED_EDGE('',*,*,#1711,.F.);
#2341=ORIENTED_EDGE('',*,*,#1712,.F.);
#2342=ORIENTED_EDGE('',*,*,#1708,.F.);
#2343=ORIENTED_EDGE('',*,*,#1683,.F.);
#2344=ORIENTED_EDGE('',*,*,#1693,.T.);
#2345=ORIENTED_EDGE('',*,*,#1713,.T.);
#2346=ORIENTED_EDGE('',*,*,#1711,.T.);
#2347=ORIENTED_EDGE('',*,*,#1714,.F.);
#2348=ORIENTED_EDGE('',*,*,#1715,.T.);
#2349=ORIENTED_EDGE('',*,*,#1716,.T.);
#2350=ORIENTED_EDGE('',*,*,#1717,.F.);
#2351=ORIENTED_EDGE('',*,*,#1718,.T.);
#2352=ORIENTED_EDGE('',*,*,#1719,.T.);
#2353=ORIENTED_EDGE('',*,*,#1720,.T.);
#2354=ORIENTED_EDGE('',*,*,#1720,.F.);
#2355=ORIENTED_EDGE('',*,*,#1721,.F.);
#2356=ORIENTED_EDGE('',*,*,#1722,.F.);
#2357=ORIENTED_EDGE('',*,*,#1719,.F.);
#2358=ORIENTED_EDGE('',*,*,#1723,.F.);
#2359=ORIENTED_EDGE('',*,*,#1724,.F.);
#2360=ORIENTED_EDGE('',*,*,#1721,.T.);
#2361=ORIENTED_EDGE('',*,*,#1725,.T.);
#2362=ORIENTED_EDGE('',*,*,#1726,.T.);
#2363=ORIENTED_EDGE('',*,*,#1727,.T.);
#2364=ORIENTED_EDGE('',*,*,#1728,.F.);
#2365=ORIENTED_EDGE('',*,*,#1729,.T.);
#2366=ORIENTED_EDGE('',*,*,#1730,.T.);
#2367=ORIENTED_EDGE('',*,*,#1731,.T.);
#2368=ORIENTED_EDGE('',*,*,#1716,.F.);
#2369=ORIENTED_EDGE('',*,*,#1732,.F.);
#2370=ORIENTED_EDGE('',*,*,#1733,.F.);
#2371=ORIENTED_EDGE('',*,*,#1734,.F.);
#2372=ORIENTED_EDGE('',*,*,#1715,.F.);
#2373=ORIENTED_EDGE('',*,*,#1735,.F.);
#2374=ORIENTED_EDGE('',*,*,#1732,.T.);
#2375=ORIENTED_EDGE('',*,*,#1705,.F.);
#2376=ORIENTED_EDGE('',*,*,#1700,.F.);
#2377=ORIENTED_EDGE('',*,*,#1736,.T.);
#2378=ORIENTED_EDGE('',*,*,#1709,.F.);
#2379=ORIENTED_EDGE('',*,*,#1712,.T.);
#2380=ORIENTED_EDGE('',*,*,#1713,.F.);
#2381=ORIENTED_EDGE('',*,*,#1692,.T.);
#2382=ORIENTED_EDGE('',*,*,#1696,.T.);
#2383=ORIENTED_EDGE('',*,*,#1706,.F.);
#2384=ORIENTED_EDGE('',*,*,#1737,.T.);
#2385=ORIENTED_EDGE('',*,*,#1728,.T.);
#2386=ORIENTED_EDGE('',*,*,#1738,.T.);
#2387=ORIENTED_EDGE('',*,*,#1739,.F.);
#2388=ORIENTED_EDGE('',*,*,#1740,.F.);
#2389=ORIENTED_EDGE('',*,*,#1741,.F.);
#2390=ORIENTED_EDGE('',*,*,#1742,.F.);
#2391=ORIENTED_EDGE('',*,*,#1723,.T.);
#2392=ORIENTED_EDGE('',*,*,#1718,.F.);
#2393=ORIENTED_EDGE('',*,*,#1717,.T.);
#2394=ORIENTED_EDGE('',*,*,#1734,.T.);
#2395=ORIENTED_EDGE('',*,*,#1743,.F.);
#2396=ORIENTED_EDGE('',*,*,#1744,.T.);
#2397=ORIENTED_EDGE('',*,*,#1729,.F.);
#2398=ORIENTED_EDGE('',*,*,#1737,.F.);
#2399=ORIENTED_EDGE('',*,*,#1733,.T.);
#2400=ORIENTED_EDGE('',*,*,#1735,.T.);
#2401=ORIENTED_EDGE('',*,*,#1714,.T.);
#2402=ORIENTED_EDGE('',*,*,#1745,.F.);
#2403=ORIENTED_EDGE('',*,*,#1746,.F.);
#2404=ORIENTED_EDGE('',*,*,#1747,.F.);
#2405=ORIENTED_EDGE('',*,*,#1748,.F.);
#2406=ORIENTED_EDGE('',*,*,#1749,.F.);
#2407=ORIENTED_EDGE('',*,*,#1725,.F.);
#2408=ORIENTED_EDGE('',*,*,#1750,.T.);
#2409=ORIENTED_EDGE('',*,*,#1751,.T.);
#2410=ORIENTED_EDGE('',*,*,#1743,.T.);
#2411=ORIENTED_EDGE('',*,*,#1727,.F.);
#2412=ORIENTED_EDGE('',*,*,#1752,.F.);
#2413=ORIENTED_EDGE('',*,*,#1753,.F.);
#2414=ORIENTED_EDGE('',*,*,#1738,.F.);
#2415=ORIENTED_EDGE('',*,*,#1730,.F.);
#2416=ORIENTED_EDGE('',*,*,#1744,.F.);
#2417=ORIENTED_EDGE('',*,*,#1751,.F.);
#2418=ORIENTED_EDGE('',*,*,#1754,.F.);
#2419=ORIENTED_EDGE('',*,*,#1731,.F.);
#2420=ORIENTED_EDGE('',*,*,#1754,.T.);
#2421=ORIENTED_EDGE('',*,*,#1750,.F.);
#2422=ORIENTED_EDGE('',*,*,#1726,.F.);
#2423=ORIENTED_EDGE('',*,*,#1755,.F.);
#2424=ORIENTED_EDGE('',*,*,#1752,.T.);
#2425=ORIENTED_EDGE('',*,*,#1753,.T.);
#2426=ORIENTED_EDGE('',*,*,#1756,.F.);
#2427=ORIENTED_EDGE('',*,*,#1739,.T.);
#2428=ORIENTED_EDGE('',*,*,#1757,.F.);
#2429=ORIENTED_EDGE('',*,*,#1758,.T.);
#2430=ORIENTED_EDGE('',*,*,#1759,.F.);
#2431=ORIENTED_EDGE('',*,*,#1758,.F.);
#2432=ORIENTED_EDGE('',*,*,#1757,.T.);
#2433=ORIENTED_EDGE('',*,*,#1760,.T.);
#2434=ORIENTED_EDGE('',*,*,#1761,.T.);
#2435=ORIENTED_EDGE('',*,*,#1762,.T.);
#2436=ORIENTED_EDGE('',*,*,#1763,.F.);
#2437=ORIENTED_EDGE('',*,*,#1761,.F.);
#2438=ORIENTED_EDGE('',*,*,#1764,.T.);
#2439=ORIENTED_EDGE('',*,*,#1765,.T.);
#2440=ORIENTED_EDGE('',*,*,#1766,.T.);
#2441=ORIENTED_EDGE('',*,*,#1767,.F.);
#2442=ORIENTED_EDGE('',*,*,#1768,.T.);
#2443=ORIENTED_EDGE('',*,*,#1769,.T.);
#2444=ORIENTED_EDGE('',*,*,#1770,.T.);
#2445=ORIENTED_EDGE('',*,*,#1771,.F.);
#2446=ORIENTED_EDGE('',*,*,#1770,.F.);
#2447=ORIENTED_EDGE('',*,*,#1772,.T.);
#2448=ORIENTED_EDGE('',*,*,#1773,.T.);
#2449=ORIENTED_EDGE('',*,*,#1774,.T.);
#2450=ORIENTED_EDGE('',*,*,#1767,.T.);
#2451=ORIENTED_EDGE('',*,*,#1775,.T.);
#2452=ORIENTED_EDGE('',*,*,#1776,.F.);
#2453=ORIENTED_EDGE('',*,*,#1777,.T.);
#2454=ORIENTED_EDGE('',*,*,#1778,.T.);
#2455=ORIENTED_EDGE('',*,*,#1779,.T.);
#2456=ORIENTED_EDGE('',*,*,#1780,.F.);
#2457=ORIENTED_EDGE('',*,*,#1778,.F.);
#2458=ORIENTED_EDGE('',*,*,#1781,.T.);
#2459=ORIENTED_EDGE('',*,*,#1782,.T.);
#2460=ORIENTED_EDGE('',*,*,#1783,.T.);
#2461=ORIENTED_EDGE('',*,*,#1784,.F.);
#2462=ORIENTED_EDGE('',*,*,#1783,.F.);
#2463=ORIENTED_EDGE('',*,*,#1785,.T.);
#2464=ORIENTED_EDGE('',*,*,#1786,.T.);
#2465=ORIENTED_EDGE('',*,*,#1787,.F.);
#2466=ORIENTED_EDGE('',*,*,#1788,.T.);
#2467=ORIENTED_EDGE('',*,*,#1789,.T.);
#2468=ORIENTED_EDGE('',*,*,#1790,.T.);
#2469=ORIENTED_EDGE('',*,*,#1791,.T.);
#2470=ORIENTED_EDGE('',*,*,#1787,.T.);
#2471=ORIENTED_EDGE('',*,*,#1792,.T.);
#2472=ORIENTED_EDGE('',*,*,#1793,.F.);
#2473=ORIENTED_EDGE('',*,*,#1794,.T.);
#2474=ORIENTED_EDGE('',*,*,#1795,.T.);
#2475=ORIENTED_EDGE('',*,*,#1796,.T.);
#2476=ORIENTED_EDGE('',*,*,#1797,.T.);
#2477=ORIENTED_EDGE('',*,*,#1798,.T.);
#2478=ORIENTED_EDGE('',*,*,#1747,.T.);
#2479=ORIENTED_EDGE('',*,*,#1796,.F.);
#2480=ORIENTED_EDGE('',*,*,#1799,.T.);
#2481=ORIENTED_EDGE('',*,*,#1800,.T.);
#2482=ORIENTED_EDGE('',*,*,#1801,.T.);
#2483=ORIENTED_EDGE('',*,*,#1798,.F.);
#2484=ORIENTED_EDGE('',*,*,#1802,.T.);
#2485=ORIENTED_EDGE('',*,*,#1803,.T.);
#2486=ORIENTED_EDGE('',*,*,#1804,.T.);
#2487=ORIENTED_EDGE('',*,*,#1800,.F.);
#2488=ORIENTED_EDGE('',*,*,#1805,.T.);
#2489=ORIENTED_EDGE('',*,*,#1806,.T.);
#2490=ORIENTED_EDGE('',*,*,#1807,.T.);
#2491=ORIENTED_EDGE('',*,*,#1803,.F.);
#2492=ORIENTED_EDGE('',*,*,#1808,.T.);
#2493=ORIENTED_EDGE('',*,*,#1809,.T.);
#2494=ORIENTED_EDGE('',*,*,#1810,.T.);
#2495=ORIENTED_EDGE('',*,*,#1806,.F.);
#2496=ORIENTED_EDGE('',*,*,#1811,.T.);
#2497=ORIENTED_EDGE('',*,*,#1812,.T.);
#2498=ORIENTED_EDGE('',*,*,#1813,.T.);
#2499=ORIENTED_EDGE('',*,*,#1809,.F.);
#2500=ORIENTED_EDGE('',*,*,#1814,.T.);
#2501=ORIENTED_EDGE('',*,*,#1812,.F.);
#2502=ORIENTED_EDGE('',*,*,#1815,.T.);
#2503=ORIENTED_EDGE('',*,*,#1794,.F.);
#2504=ORIENTED_EDGE('',*,*,#1816,.T.);
#2505=ORIENTED_EDGE('',*,*,#1810,.F.);
#2506=ORIENTED_EDGE('',*,*,#1817,.F.);
#2507=ORIENTED_EDGE('',*,*,#1818,.F.);
#2508=ORIENTED_EDGE('',*,*,#1819,.F.);
#2509=ORIENTED_EDGE('',*,*,#1813,.F.);
#2510=ORIENTED_EDGE('',*,*,#1820,.T.);
#2511=ORIENTED_EDGE('',*,*,#1821,.F.);
#2512=ORIENTED_EDGE('',*,*,#1817,.T.);
#2513=ORIENTED_EDGE('',*,*,#1816,.F.);
#2514=ORIENTED_EDGE('',*,*,#1822,.F.);
#2515=ORIENTED_EDGE('',*,*,#1823,.F.);
#2516=ORIENTED_EDGE('',*,*,#1820,.F.);
#2517=ORIENTED_EDGE('',*,*,#1797,.F.);
#2518=ORIENTED_EDGE('',*,*,#1746,.T.);
#2519=ORIENTED_EDGE('',*,*,#1824,.F.);
#2520=ORIENTED_EDGE('',*,*,#1822,.T.);
#2521=ORIENTED_EDGE('',*,*,#1795,.F.);
#2522=ORIENTED_EDGE('',*,*,#1815,.F.);
#2523=ORIENTED_EDGE('',*,*,#1814,.F.);
#2524=ORIENTED_EDGE('',*,*,#1811,.F.);
#2525=ORIENTED_EDGE('',*,*,#1808,.F.);
#2526=ORIENTED_EDGE('',*,*,#1805,.F.);
#2527=ORIENTED_EDGE('',*,*,#1802,.F.);
#2528=ORIENTED_EDGE('',*,*,#1799,.F.);
#2529=ORIENTED_EDGE('',*,*,#1759,.T.);
#2530=ORIENTED_EDGE('',*,*,#1771,.T.);
#2531=ORIENTED_EDGE('',*,*,#1784,.T.);
#2532=ORIENTED_EDGE('',*,*,#1825,.T.);
#2533=ORIENTED_EDGE('',*,*,#1826,.T.);
#2534=ORIENTED_EDGE('',*,*,#1827,.T.);
#2535=ORIENTED_EDGE('',*,*,#1828,.T.);
#2536=ORIENTED_EDGE('',*,*,#1829,.T.);
#2537=ORIENTED_EDGE('',*,*,#1756,.T.);
#2538=ORIENTED_EDGE('',*,*,#1755,.T.);
#2539=ORIENTED_EDGE('',*,*,#1749,.T.);
#2540=ORIENTED_EDGE('',*,*,#1827,.F.);
#2541=ORIENTED_EDGE('',*,*,#1830,.T.);
#2542=ORIENTED_EDGE('',*,*,#1831,.T.);
#2543=ORIENTED_EDGE('',*,*,#1832,.T.);
#2544=ORIENTED_EDGE('',*,*,#1825,.F.);
#2545=ORIENTED_EDGE('',*,*,#1833,.T.);
#2546=ORIENTED_EDGE('',*,*,#1834,.T.);
#2547=ORIENTED_EDGE('',*,*,#1835,.T.);
#2548=ORIENTED_EDGE('',*,*,#1831,.F.);
#2549=ORIENTED_EDGE('',*,*,#1836,.T.);
#2550=ORIENTED_EDGE('',*,*,#1837,.T.);
#2551=ORIENTED_EDGE('',*,*,#1838,.T.);
#2552=ORIENTED_EDGE('',*,*,#1834,.F.);
#2553=ORIENTED_EDGE('',*,*,#1818,.T.);
#2554=ORIENTED_EDGE('',*,*,#1839,.T.);
#2555=ORIENTED_EDGE('',*,*,#1840,.T.);
#2556=ORIENTED_EDGE('',*,*,#1837,.F.);
#2557=ORIENTED_EDGE('',*,*,#1821,.T.);
#2558=ORIENTED_EDGE('',*,*,#1841,.T.);
#2559=ORIENTED_EDGE('',*,*,#1842,.T.);
#2560=ORIENTED_EDGE('',*,*,#1839,.F.);
#2561=ORIENTED_EDGE('',*,*,#1823,.T.);
#2562=ORIENTED_EDGE('',*,*,#1843,.T.);
#2563=ORIENTED_EDGE('',*,*,#1844,.T.);
#2564=ORIENTED_EDGE('',*,*,#1841,.F.);
#2565=ORIENTED_EDGE('',*,*,#1824,.T.);
#2566=ORIENTED_EDGE('',*,*,#1845,.T.);
#2567=ORIENTED_EDGE('',*,*,#1846,.T.);
#2568=ORIENTED_EDGE('',*,*,#1843,.F.);
#2569=ORIENTED_EDGE('',*,*,#1745,.T.);
#2570=ORIENTED_EDGE('',*,*,#1722,.T.);
#2571=ORIENTED_EDGE('',*,*,#1847,.T.);
#2572=ORIENTED_EDGE('',*,*,#1829,.F.);
#2573=ORIENTED_EDGE('',*,*,#1848,.T.);
#2574=ORIENTED_EDGE('',*,*,#1740,.T.);
#2575=ORIENTED_EDGE('',*,*,#1845,.F.);
#2576=ORIENTED_EDGE('',*,*,#1741,.T.);
#2577=ORIENTED_EDGE('',*,*,#1849,.T.);
#2578=ORIENTED_EDGE('',*,*,#1807,.F.);
#2579=ORIENTED_EDGE('',*,*,#1819,.T.);
#2580=ORIENTED_EDGE('',*,*,#1836,.F.);
#2581=ORIENTED_EDGE('',*,*,#1850,.T.);
#2582=ORIENTED_EDGE('',*,*,#1804,.F.);
#2583=ORIENTED_EDGE('',*,*,#1850,.F.);
#2584=ORIENTED_EDGE('',*,*,#1833,.F.);
#2585=ORIENTED_EDGE('',*,*,#1851,.F.);
#2586=ORIENTED_EDGE('',*,*,#1801,.F.);
#2587=ORIENTED_EDGE('',*,*,#1851,.T.);
#2588=ORIENTED_EDGE('',*,*,#1828,.F.);
#2589=ORIENTED_EDGE('',*,*,#1748,.T.);
#2590=ORIENTED_EDGE('',*,*,#1688,.F.);
#2591=ORIENTED_EDGE('',*,*,#1710,.F.);
#2592=ORIENTED_EDGE('',*,*,#1736,.F.);
#2593=ORIENTED_EDGE('',*,*,#1699,.F.);
#2594=ORIENTED_EDGE('',*,*,#1650,.T.);
#2595=ORIENTED_EDGE('',*,*,#1680,.T.);
#2596=ORIENTED_EDGE('',*,*,#1677,.T.);
#2597=ORIENTED_EDGE('',*,*,#1674,.T.);
#2598=ORIENTED_EDGE('',*,*,#1671,.T.);
#2599=ORIENTED_EDGE('',*,*,#1668,.T.);
#2600=ORIENTED_EDGE('',*,*,#1665,.T.);
#2601=ORIENTED_EDGE('',*,*,#1662,.T.);
#2602=ORIENTED_EDGE('',*,*,#1659,.T.);
#2603=ORIENTED_EDGE('',*,*,#1656,.T.);
#2604=ORIENTED_EDGE('',*,*,#1653,.T.);
#2605=ORIENTED_EDGE('',*,*,#1611,.T.);
#2606=ORIENTED_EDGE('',*,*,#1647,.T.);
#2607=ORIENTED_EDGE('',*,*,#1644,.T.);
#2608=ORIENTED_EDGE('',*,*,#1641,.T.);
#2609=ORIENTED_EDGE('',*,*,#1638,.T.);
#2610=ORIENTED_EDGE('',*,*,#1635,.T.);
#2611=ORIENTED_EDGE('',*,*,#1632,.T.);
#2612=ORIENTED_EDGE('',*,*,#1629,.T.);
#2613=ORIENTED_EDGE('',*,*,#1626,.T.);
#2614=ORIENTED_EDGE('',*,*,#1623,.T.);
#2615=ORIENTED_EDGE('',*,*,#1620,.T.);
#2616=ORIENTED_EDGE('',*,*,#1617,.T.);
#2617=ORIENTED_EDGE('',*,*,#1614,.T.);
#2618=ORIENTED_EDGE('',*,*,#1569,.T.);
#2619=ORIENTED_EDGE('',*,*,#1608,.T.);
#2620=ORIENTED_EDGE('',*,*,#1605,.T.);
#2621=ORIENTED_EDGE('',*,*,#1602,.T.);
#2622=ORIENTED_EDGE('',*,*,#1599,.T.);
#2623=ORIENTED_EDGE('',*,*,#1596,.T.);
#2624=ORIENTED_EDGE('',*,*,#1593,.T.);
#2625=ORIENTED_EDGE('',*,*,#1590,.T.);
#2626=ORIENTED_EDGE('',*,*,#1587,.T.);
#2627=ORIENTED_EDGE('',*,*,#1584,.T.);
#2628=ORIENTED_EDGE('',*,*,#1581,.T.);
#2629=ORIENTED_EDGE('',*,*,#1578,.T.);
#2630=ORIENTED_EDGE('',*,*,#1575,.T.);
#2631=ORIENTED_EDGE('',*,*,#1572,.T.);
#2632=ORIENTED_EDGE('',*,*,#1533,.T.);
#2633=ORIENTED_EDGE('',*,*,#1566,.T.);
#2634=ORIENTED_EDGE('',*,*,#1563,.T.);
#2635=ORIENTED_EDGE('',*,*,#1560,.T.);
#2636=ORIENTED_EDGE('',*,*,#1557,.T.);
#2637=ORIENTED_EDGE('',*,*,#1554,.T.);
#2638=ORIENTED_EDGE('',*,*,#1551,.T.);
#2639=ORIENTED_EDGE('',*,*,#1548,.T.);
#2640=ORIENTED_EDGE('',*,*,#1545,.T.);
#2641=ORIENTED_EDGE('',*,*,#1542,.T.);
#2642=ORIENTED_EDGE('',*,*,#1539,.T.);
#2643=ORIENTED_EDGE('',*,*,#1536,.T.);
#2644=ORIENTED_EDGE('',*,*,#1485,.T.);
#2645=ORIENTED_EDGE('',*,*,#1530,.T.);
#2646=ORIENTED_EDGE('',*,*,#1527,.T.);
#2647=ORIENTED_EDGE('',*,*,#1524,.T.);
#2648=ORIENTED_EDGE('',*,*,#1521,.T.);
#2649=ORIENTED_EDGE('',*,*,#1518,.T.);
#2650=ORIENTED_EDGE('',*,*,#1515,.T.);
#2651=ORIENTED_EDGE('',*,*,#1512,.T.);
#2652=ORIENTED_EDGE('',*,*,#1509,.T.);
#2653=ORIENTED_EDGE('',*,*,#1506,.T.);
#2654=ORIENTED_EDGE('',*,*,#1503,.T.);
#2655=ORIENTED_EDGE('',*,*,#1500,.T.);
#2656=ORIENTED_EDGE('',*,*,#1497,.T.);
#2657=ORIENTED_EDGE('',*,*,#1494,.T.);
#2658=ORIENTED_EDGE('',*,*,#1491,.T.);
#2659=ORIENTED_EDGE('',*,*,#1488,.T.);
#2660=ORIENTED_EDGE('',*,*,#1449,.T.);
#2661=ORIENTED_EDGE('',*,*,#1482,.T.);
#2662=ORIENTED_EDGE('',*,*,#1479,.T.);
#2663=ORIENTED_EDGE('',*,*,#1476,.T.);
#2664=ORIENTED_EDGE('',*,*,#1473,.T.);
#2665=ORIENTED_EDGE('',*,*,#1470,.T.);
#2666=ORIENTED_EDGE('',*,*,#1467,.T.);
#2667=ORIENTED_EDGE('',*,*,#1464,.T.);
#2668=ORIENTED_EDGE('',*,*,#1461,.T.);
#2669=ORIENTED_EDGE('',*,*,#1458,.T.);
#2670=ORIENTED_EDGE('',*,*,#1455,.T.);
#2671=ORIENTED_EDGE('',*,*,#1452,.T.);
#2672=ORIENTED_EDGE('',*,*,#1724,.T.);
#2673=ORIENTED_EDGE('',*,*,#1742,.T.);
#2674=ORIENTED_EDGE('',*,*,#1847,.F.);
#2675=ORIENTED_EDGE('',*,*,#1766,.F.);
#2676=ORIENTED_EDGE('',*,*,#1852,.T.);
#2677=ORIENTED_EDGE('',*,*,#1853,.F.);
#2678=ORIENTED_EDGE('',*,*,#1854,.F.);
#2679=ORIENTED_EDGE('',*,*,#1855,.F.);
#2680=ORIENTED_EDGE('',*,*,#1775,.F.);
#2681=ORIENTED_EDGE('',*,*,#1765,.F.);
#2682=ORIENTED_EDGE('',*,*,#1856,.F.);
#2683=ORIENTED_EDGE('',*,*,#1857,.F.);
#2684=ORIENTED_EDGE('',*,*,#1852,.F.);
#2685=ORIENTED_EDGE('',*,*,#1769,.F.);
#2686=ORIENTED_EDGE('',*,*,#1858,.F.);
#2687=ORIENTED_EDGE('',*,*,#1859,.F.);
#2688=ORIENTED_EDGE('',*,*,#1860,.F.);
#2689=ORIENTED_EDGE('',*,*,#1861,.F.);
#2690=ORIENTED_EDGE('',*,*,#1772,.F.);
#2691=ORIENTED_EDGE('',*,*,#1862,.F.);
#2692=ORIENTED_EDGE('',*,*,#1863,.F.);
#2693=ORIENTED_EDGE('',*,*,#1864,.F.);
#2694=ORIENTED_EDGE('',*,*,#1856,.T.);
#2695=ORIENTED_EDGE('',*,*,#1764,.F.);
#2696=ORIENTED_EDGE('',*,*,#1760,.F.);
#2697=ORIENTED_EDGE('',*,*,#1773,.F.);
#2698=ORIENTED_EDGE('',*,*,#1861,.T.);
#2699=ORIENTED_EDGE('',*,*,#1865,.F.);
#2700=ORIENTED_EDGE('',*,*,#1866,.F.);
#2701=ORIENTED_EDGE('',*,*,#1867,.F.);
#2702=ORIENTED_EDGE('',*,*,#1762,.F.);
#2703=ORIENTED_EDGE('',*,*,#1868,.F.);
#2704=ORIENTED_EDGE('',*,*,#1869,.F.);
#2705=ORIENTED_EDGE('',*,*,#1870,.F.);
#2706=ORIENTED_EDGE('',*,*,#1858,.T.);
#2707=ORIENTED_EDGE('',*,*,#1768,.F.);
#2708=ORIENTED_EDGE('',*,*,#1774,.F.);
#2709=ORIENTED_EDGE('',*,*,#1867,.T.);
#2710=ORIENTED_EDGE('',*,*,#1871,.T.);
#2711=ORIENTED_EDGE('',*,*,#1862,.T.);
#2712=ORIENTED_EDGE('',*,*,#1763,.T.);
#2713=ORIENTED_EDGE('',*,*,#1866,.T.);
#2714=ORIENTED_EDGE('',*,*,#1872,.T.);
#2715=ORIENTED_EDGE('',*,*,#1863,.T.);
#2716=ORIENTED_EDGE('',*,*,#1871,.F.);
#2717=ORIENTED_EDGE('',*,*,#1869,.T.);
#2718=ORIENTED_EDGE('',*,*,#1873,.F.);
#2719=ORIENTED_EDGE('',*,*,#1854,.T.);
#2720=ORIENTED_EDGE('',*,*,#1874,.T.);
#2721=ORIENTED_EDGE('',*,*,#1790,.F.);
#2722=ORIENTED_EDGE('',*,*,#1875,.T.);
#2723=ORIENTED_EDGE('',*,*,#1876,.F.);
#2724=ORIENTED_EDGE('',*,*,#1877,.F.);
#2725=ORIENTED_EDGE('',*,*,#1878,.F.);
#2726=ORIENTED_EDGE('',*,*,#1779,.F.);
#2727=ORIENTED_EDGE('',*,*,#1789,.F.);
#2728=ORIENTED_EDGE('',*,*,#1879,.F.);
#2729=ORIENTED_EDGE('',*,*,#1880,.F.);
#2730=ORIENTED_EDGE('',*,*,#1875,.F.);
#2731=ORIENTED_EDGE('',*,*,#1782,.F.);
#2732=ORIENTED_EDGE('',*,*,#1881,.F.);
#2733=ORIENTED_EDGE('',*,*,#1882,.F.);
#2734=ORIENTED_EDGE('',*,*,#1883,.F.);
#2735=ORIENTED_EDGE('',*,*,#1884,.F.);
#2736=ORIENTED_EDGE('',*,*,#1785,.F.);
#2737=ORIENTED_EDGE('',*,*,#1885,.F.);
#2738=ORIENTED_EDGE('',*,*,#1886,.F.);
#2739=ORIENTED_EDGE('',*,*,#1887,.F.);
#2740=ORIENTED_EDGE('',*,*,#1879,.T.);
#2741=ORIENTED_EDGE('',*,*,#1788,.F.);
#2742=ORIENTED_EDGE('',*,*,#1791,.F.);
#2743=ORIENTED_EDGE('',*,*,#1786,.F.);
#2744=ORIENTED_EDGE('',*,*,#1884,.T.);
#2745=ORIENTED_EDGE('',*,*,#1888,.F.);
#2746=ORIENTED_EDGE('',*,*,#1889,.F.);
#2747=ORIENTED_EDGE('',*,*,#1890,.F.);
#2748=ORIENTED_EDGE('',*,*,#1792,.F.);
#2749=ORIENTED_EDGE('',*,*,#1891,.F.);
#2750=ORIENTED_EDGE('',*,*,#1892,.F.);
#2751=ORIENTED_EDGE('',*,*,#1893,.F.);
#2752=ORIENTED_EDGE('',*,*,#1881,.T.);
#2753=ORIENTED_EDGE('',*,*,#1781,.F.);
#2754=ORIENTED_EDGE('',*,*,#1777,.F.);
#2755=ORIENTED_EDGE('',*,*,#1890,.T.);
#2756=ORIENTED_EDGE('',*,*,#1894,.T.);
#2757=ORIENTED_EDGE('',*,*,#1885,.T.);
#2758=ORIENTED_EDGE('',*,*,#1793,.T.);
#2759=ORIENTED_EDGE('',*,*,#1889,.T.);
#2760=ORIENTED_EDGE('',*,*,#1895,.T.);
#2761=ORIENTED_EDGE('',*,*,#1886,.T.);
#2762=ORIENTED_EDGE('',*,*,#1894,.F.);
#2763=ORIENTED_EDGE('',*,*,#1892,.T.);
#2764=ORIENTED_EDGE('',*,*,#1896,.F.);
#2765=ORIENTED_EDGE('',*,*,#1877,.T.);
#2766=ORIENTED_EDGE('',*,*,#1897,.T.);
#2767=ORIENTED_EDGE('',*,*,#1868,.T.);
#2768=ORIENTED_EDGE('',*,*,#1776,.T.);
#2769=ORIENTED_EDGE('',*,*,#1855,.T.);
#2770=ORIENTED_EDGE('',*,*,#1873,.T.);
#2771=ORIENTED_EDGE('',*,*,#1891,.T.);
#2772=ORIENTED_EDGE('',*,*,#1780,.T.);
#2773=ORIENTED_EDGE('',*,*,#1878,.T.);
#2774=ORIENTED_EDGE('',*,*,#1896,.T.);
#2775=ORIENTED_EDGE('',*,*,#1870,.T.);
#2776=ORIENTED_EDGE('',*,*,#1874,.F.);
#2777=ORIENTED_EDGE('',*,*,#1853,.T.);
#2778=ORIENTED_EDGE('',*,*,#1857,.T.);
#2779=ORIENTED_EDGE('',*,*,#1864,.T.);
#2780=ORIENTED_EDGE('',*,*,#1872,.F.);
#2781=ORIENTED_EDGE('',*,*,#1865,.T.);
#2782=ORIENTED_EDGE('',*,*,#1860,.T.);
#2783=ORIENTED_EDGE('',*,*,#1898,.T.);
#2784=ORIENTED_EDGE('',*,*,#1899,.F.);
#2785=ORIENTED_EDGE('',*,*,#1898,.F.);
#2786=ORIENTED_EDGE('',*,*,#1859,.T.);
#2787=ORIENTED_EDGE('',*,*,#1893,.T.);
#2788=ORIENTED_EDGE('',*,*,#1897,.F.);
#2789=ORIENTED_EDGE('',*,*,#1876,.T.);
#2790=ORIENTED_EDGE('',*,*,#1880,.T.);
#2791=ORIENTED_EDGE('',*,*,#1887,.T.);
#2792=ORIENTED_EDGE('',*,*,#1895,.F.);
#2793=ORIENTED_EDGE('',*,*,#1888,.T.);
#2794=ORIENTED_EDGE('',*,*,#1883,.T.);
#2795=ORIENTED_EDGE('',*,*,#1900,.T.);
#2796=ORIENTED_EDGE('',*,*,#1901,.F.);
#2797=ORIENTED_EDGE('',*,*,#1900,.F.);
#2798=ORIENTED_EDGE('',*,*,#1882,.T.);
#2799=ORIENTED_EDGE('',*,*,#1899,.T.);
#2800=ORIENTED_EDGE('',*,*,#1848,.F.);
#2801=ORIENTED_EDGE('',*,*,#1830,.F.);
#2802=ORIENTED_EDGE('',*,*,#1826,.F.);
#2803=ORIENTED_EDGE('',*,*,#1832,.F.);
#2804=ORIENTED_EDGE('',*,*,#1835,.F.);
#2805=ORIENTED_EDGE('',*,*,#1838,.F.);
#2806=ORIENTED_EDGE('',*,*,#1840,.F.);
#2807=ORIENTED_EDGE('',*,*,#1842,.F.);
#2808=ORIENTED_EDGE('',*,*,#1844,.F.);
#2809=ORIENTED_EDGE('',*,*,#1846,.F.);
#2810=ORIENTED_EDGE('',*,*,#1849,.F.);
#2811=ORIENTED_EDGE('',*,*,#1901,.T.);
#2812=(
BOUNDED_SURFACE()
B_SPLINE_SURFACE(3,1,((#3870,#3871),(#3872,#3873),(#3874,#3875),(#3876,
#3877)),.UNSPECIFIED.,.F.,.F.,.F.)
B_SPLINE_SURFACE_WITH_KNOTS((4,4),(2,2),(0.,1.),(0.,0.33),.UNSPECIFIED.)
GEOMETRIC_REPRESENTATION_ITEM()
RATIONAL_B_SPLINE_SURFACE(((1.,1.),(1.,1.),(1.,1.),(1.,1.)))
REPRESENTATION_ITEM('')
SURFACE()
);
#2813=(
BOUNDED_SURFACE()
B_SPLINE_SURFACE(3,1,((#3892,#3893),(#3894,#3895),(#3896,#3897),(#3898,
#3899)),.UNSPECIFIED.,.F.,.F.,.F.)
B_SPLINE_SURFACE_WITH_KNOTS((4,4),(2,2),(0.,1.),(0.,0.33),.UNSPECIFIED.)
GEOMETRIC_REPRESENTATION_ITEM()
RATIONAL_B_SPLINE_SURFACE(((1.,1.),(1.,1.),(1.,1.),(1.,1.)))
REPRESENTATION_ITEM('')
SURFACE()
);
#2814=(
BOUNDED_SURFACE()
B_SPLINE_SURFACE(3,1,((#3911,#3912),(#3913,#3914),(#3915,#3916),(#3917,
#3918)),.UNSPECIFIED.,.F.,.F.,.F.)
B_SPLINE_SURFACE_WITH_KNOTS((4,4),(2,2),(0.,1.),(0.,0.33),.UNSPECIFIED.)
GEOMETRIC_REPRESENTATION_ITEM()
RATIONAL_B_SPLINE_SURFACE(((1.,1.),(1.,1.),(1.,1.),(1.,1.)))
REPRESENTATION_ITEM('')
SURFACE()
);
#2815=(
BOUNDED_SURFACE()
B_SPLINE_SURFACE(3,1,((#3930,#3931),(#3932,#3933),(#3934,#3935),(#3936,
#3937)),.UNSPECIFIED.,.F.,.F.,.F.)
B_SPLINE_SURFACE_WITH_KNOTS((4,4),(2,2),(0.,1.),(0.,0.33),.UNSPECIFIED.)
GEOMETRIC_REPRESENTATION_ITEM()
RATIONAL_B_SPLINE_SURFACE(((1.,1.),(1.,1.),(1.,1.),(1.,1.)))
REPRESENTATION_ITEM('')
SURFACE()
);
#2816=(
BOUNDED_SURFACE()
B_SPLINE_SURFACE(3,1,((#3949,#3950),(#3951,#3952),(#3953,#3954),(#3955,
#3956)),.UNSPECIFIED.,.F.,.F.,.F.)
B_SPLINE_SURFACE_WITH_KNOTS((4,4),(2,2),(0.,1.),(0.,0.33),.UNSPECIFIED.)
GEOMETRIC_REPRESENTATION_ITEM()
RATIONAL_B_SPLINE_SURFACE(((1.,1.),(1.,1.),(1.,1.),(1.,1.)))
REPRESENTATION_ITEM('')
SURFACE()
);
#2817=(
BOUNDED_SURFACE()
B_SPLINE_SURFACE(3,1,((#3968,#3969),(#3970,#3971),(#3972,#3973),(#3974,
#3975)),.UNSPECIFIED.,.F.,.F.,.F.)
B_SPLINE_SURFACE_WITH_KNOTS((4,4),(2,2),(0.,1.),(0.,0.33),.UNSPECIFIED.)
GEOMETRIC_REPRESENTATION_ITEM()
RATIONAL_B_SPLINE_SURFACE(((1.,1.),(1.,1.),(1.,1.),(1.,1.)))
REPRESENTATION_ITEM('')
SURFACE()
);
#2818=(
BOUNDED_SURFACE()
B_SPLINE_SURFACE(3,1,((#3987,#3988),(#3989,#3990),(#3991,#3992),(#3993,
#3994)),.UNSPECIFIED.,.F.,.F.,.F.)
B_SPLINE_SURFACE_WITH_KNOTS((4,4),(2,2),(0.,1.),(0.,0.33),.UNSPECIFIED.)
GEOMETRIC_REPRESENTATION_ITEM()
RATIONAL_B_SPLINE_SURFACE(((1.,1.),(1.,1.),(1.,1.),(1.,1.)))
REPRESENTATION_ITEM('')
SURFACE()
);
#2819=(
BOUNDED_SURFACE()
B_SPLINE_SURFACE(3,1,((#4006,#4007),(#4008,#4009),(#4010,#4011),(#4012,
#4013)),.UNSPECIFIED.,.F.,.F.,.F.)
B_SPLINE_SURFACE_WITH_KNOTS((4,4),(2,2),(0.,1.),(0.,0.33),.UNSPECIFIED.)
GEOMETRIC_REPRESENTATION_ITEM()
RATIONAL_B_SPLINE_SURFACE(((1.,1.),(1.,1.),(1.,1.),(1.,1.)))
REPRESENTATION_ITEM('')
SURFACE()
);
#2820=(
BOUNDED_SURFACE()
B_SPLINE_SURFACE(3,1,((#4037,#4038),(#4039,#4040),(#4041,#4042),(#4043,
#4044)),.UNSPECIFIED.,.F.,.F.,.F.)
B_SPLINE_SURFACE_WITH_KNOTS((4,4),(2,2),(0.,1.),(0.,0.33),.UNSPECIFIED.)
GEOMETRIC_REPRESENTATION_ITEM()
RATIONAL_B_SPLINE_SURFACE(((1.,1.),(1.,1.),(1.,1.),(1.,1.)))
REPRESENTATION_ITEM('')
SURFACE()
);
#2821=(
BOUNDED_SURFACE()
B_SPLINE_SURFACE(3,1,((#4056,#4057),(#4058,#4059),(#4060,#4061),(#4062,
#4063)),.UNSPECIFIED.,.F.,.F.,.F.)
B_SPLINE_SURFACE_WITH_KNOTS((4,4),(2,2),(0.,1.),(0.,0.33),.UNSPECIFIED.)
GEOMETRIC_REPRESENTATION_ITEM()
RATIONAL_B_SPLINE_SURFACE(((1.,1.),(1.,1.),(1.,1.),(1.,1.)))
REPRESENTATION_ITEM('')
SURFACE()
);
#2822=(
BOUNDED_SURFACE()
B_SPLINE_SURFACE(3,1,((#4081,#4082),(#4083,#4084),(#4085,#4086),(#4087,
#4088)),.UNSPECIFIED.,.F.,.F.,.F.)
B_SPLINE_SURFACE_WITH_KNOTS((4,4),(2,2),(0.,1.),(0.,0.33),.UNSPECIFIED.)
GEOMETRIC_REPRESENTATION_ITEM()
RATIONAL_B_SPLINE_SURFACE(((1.,1.),(1.,1.),(1.,1.),(1.,1.)))
REPRESENTATION_ITEM('')
SURFACE()
);
#2823=(
BOUNDED_SURFACE()
B_SPLINE_SURFACE(3,1,((#4112,#4113),(#4114,#4115),(#4116,#4117),(#4118,
#4119)),.UNSPECIFIED.,.F.,.F.,.F.)
B_SPLINE_SURFACE_WITH_KNOTS((4,4),(2,2),(0.,1.),(0.,0.33),.UNSPECIFIED.)
GEOMETRIC_REPRESENTATION_ITEM()
RATIONAL_B_SPLINE_SURFACE(((1.,1.),(1.,1.),(1.,1.),(1.,1.)))
REPRESENTATION_ITEM('')
SURFACE()
);
#2824=(
BOUNDED_SURFACE()
B_SPLINE_SURFACE(3,1,((#4131,#4132),(#4133,#4134),(#4135,#4136),(#4137,
#4138)),.UNSPECIFIED.,.F.,.F.,.F.)
B_SPLINE_SURFACE_WITH_KNOTS((4,4),(2,2),(0.,1.),(0.,0.33),.UNSPECIFIED.)
GEOMETRIC_REPRESENTATION_ITEM()
RATIONAL_B_SPLINE_SURFACE(((1.,1.),(1.,1.),(1.,1.),(1.,1.)))
REPRESENTATION_ITEM('')
SURFACE()
);
#2825=(
BOUNDED_SURFACE()
B_SPLINE_SURFACE(3,1,((#4150,#4151),(#4152,#4153),(#4154,#4155),(#4156,
#4157)),.UNSPECIFIED.,.F.,.F.,.F.)
B_SPLINE_SURFACE_WITH_KNOTS((4,4),(2,2),(0.,1.),(0.,0.33),.UNSPECIFIED.)
GEOMETRIC_REPRESENTATION_ITEM()
RATIONAL_B_SPLINE_SURFACE(((1.,1.),(1.,1.),(1.,1.),(1.,1.)))
REPRESENTATION_ITEM('')
SURFACE()
);
#2826=(
BOUNDED_SURFACE()
B_SPLINE_SURFACE(3,1,((#4181,#4182),(#4183,#4184),(#4185,#4186),(#4187,
#4188)),.UNSPECIFIED.,.F.,.F.,.F.)
B_SPLINE_SURFACE_WITH_KNOTS((4,4),(2,2),(0.,1.),(0.,0.33),.UNSPECIFIED.)
GEOMETRIC_REPRESENTATION_ITEM()
RATIONAL_B_SPLINE_SURFACE(((1.,1.),(1.,1.),(1.,1.),(1.,1.)))
REPRESENTATION_ITEM('')
SURFACE()
);
#2827=(
BOUNDED_SURFACE()
B_SPLINE_SURFACE(3,1,((#4212,#4213),(#4214,#4215),(#4216,#4217),(#4218,
#4219)),.UNSPECIFIED.,.F.,.F.,.F.)
B_SPLINE_SURFACE_WITH_KNOTS((4,4),(2,2),(0.,1.),(0.,0.33),.UNSPECIFIED.)
GEOMETRIC_REPRESENTATION_ITEM()
RATIONAL_B_SPLINE_SURFACE(((1.,1.),(1.,1.),(1.,1.),(1.,1.)))
REPRESENTATION_ITEM('')
SURFACE()
);
#2828=(
BOUNDED_SURFACE()
B_SPLINE_SURFACE(3,1,((#4231,#4232),(#4233,#4234),(#4235,#4236),(#4237,
#4238)),.UNSPECIFIED.,.F.,.F.,.F.)
B_SPLINE_SURFACE_WITH_KNOTS((4,4),(2,2),(0.,1.),(0.,0.33),.UNSPECIFIED.)
GEOMETRIC_REPRESENTATION_ITEM()
RATIONAL_B_SPLINE_SURFACE(((1.,1.),(1.,1.),(1.,1.),(1.,1.)))
REPRESENTATION_ITEM('')
SURFACE()
);
#2829=(
BOUNDED_SURFACE()
B_SPLINE_SURFACE(3,1,((#4259,#4260),(#4261,#4262),(#4263,#4264),(#4265,
#4266)),.UNSPECIFIED.,.F.,.F.,.F.)
B_SPLINE_SURFACE_WITH_KNOTS((4,4),(2,2),(0.,1.),(0.,0.33),.UNSPECIFIED.)
GEOMETRIC_REPRESENTATION_ITEM()
RATIONAL_B_SPLINE_SURFACE(((1.,1.),(1.,1.),(1.,1.),(1.,1.)))
REPRESENTATION_ITEM('')
SURFACE()
);
#2830=(
BOUNDED_SURFACE()
B_SPLINE_SURFACE(3,1,((#4281,#4282),(#4283,#4284),(#4285,#4286),(#4287,
#4288)),.UNSPECIFIED.,.F.,.F.,.F.)
B_SPLINE_SURFACE_WITH_KNOTS((4,4),(2,2),(0.,1.),(0.,0.33),.UNSPECIFIED.)
GEOMETRIC_REPRESENTATION_ITEM()
RATIONAL_B_SPLINE_SURFACE(((1.,1.),(1.,1.),(1.,1.),(1.,1.)))
REPRESENTATION_ITEM('')
SURFACE()
);
#2831=(
BOUNDED_SURFACE()
B_SPLINE_SURFACE(3,1,((#4300,#4301),(#4302,#4303),(#4304,#4305),(#4306,
#4307)),.UNSPECIFIED.,.F.,.F.,.F.)
B_SPLINE_SURFACE_WITH_KNOTS((4,4),(2,2),(0.,1.),(0.,0.33),.UNSPECIFIED.)
GEOMETRIC_REPRESENTATION_ITEM()
RATIONAL_B_SPLINE_SURFACE(((1.,1.),(1.,1.),(1.,1.),(1.,1.)))
REPRESENTATION_ITEM('')
SURFACE()
);
#2832=(
BOUNDED_SURFACE()
B_SPLINE_SURFACE(3,1,((#4319,#4320),(#4321,#4322),(#4323,#4324),(#4325,
#4326)),.UNSPECIFIED.,.F.,.F.,.F.)
B_SPLINE_SURFACE_WITH_KNOTS((4,4),(2,2),(0.,1.),(0.,0.33),.UNSPECIFIED.)
GEOMETRIC_REPRESENTATION_ITEM()
RATIONAL_B_SPLINE_SURFACE(((1.,1.),(1.,1.),(1.,1.),(1.,1.)))
REPRESENTATION_ITEM('')
SURFACE()
);
#2833=(
BOUNDED_SURFACE()
B_SPLINE_SURFACE(3,1,((#4338,#4339),(#4340,#4341),(#4342,#4343),(#4344,
#4345)),.UNSPECIFIED.,.F.,.F.,.F.)
B_SPLINE_SURFACE_WITH_KNOTS((4,4),(2,2),(0.,1.),(0.,0.33),.UNSPECIFIED.)
GEOMETRIC_REPRESENTATION_ITEM()
RATIONAL_B_SPLINE_SURFACE(((1.,1.),(1.,1.),(1.,1.),(1.,1.)))
REPRESENTATION_ITEM('')
SURFACE()
);
#2834=(
BOUNDED_SURFACE()
B_SPLINE_SURFACE(3,1,((#4357,#4358),(#4359,#4360),(#4361,#4362),(#4363,
#4364)),.UNSPECIFIED.,.F.,.F.,.F.)
B_SPLINE_SURFACE_WITH_KNOTS((4,4),(2,2),(0.,1.),(0.,0.33),.UNSPECIFIED.)
GEOMETRIC_REPRESENTATION_ITEM()
RATIONAL_B_SPLINE_SURFACE(((1.,1.),(1.,1.),(1.,1.),(1.,1.)))
REPRESENTATION_ITEM('')
SURFACE()
);
#2835=(
BOUNDED_SURFACE()
B_SPLINE_SURFACE(3,1,((#4376,#4377),(#4378,#4379),(#4380,#4381),(#4382,
#4383)),.UNSPECIFIED.,.F.,.F.,.F.)
B_SPLINE_SURFACE_WITH_KNOTS((4,4),(2,2),(0.,1.),(0.,0.33),.UNSPECIFIED.)
GEOMETRIC_REPRESENTATION_ITEM()
RATIONAL_B_SPLINE_SURFACE(((1.,1.),(1.,1.),(1.,1.),(1.,1.)))
REPRESENTATION_ITEM('')
SURFACE()
);
#2836=(
BOUNDED_SURFACE()
B_SPLINE_SURFACE(3,1,((#4407,#4408),(#4409,#4410),(#4411,#4412),(#4413,
#4414)),.UNSPECIFIED.,.F.,.F.,.F.)
B_SPLINE_SURFACE_WITH_KNOTS((4,4),(2,2),(0.,1.),(0.,0.33),.UNSPECIFIED.)
GEOMETRIC_REPRESENTATION_ITEM()
RATIONAL_B_SPLINE_SURFACE(((1.,1.),(1.,1.),(1.,1.),(1.,1.)))
REPRESENTATION_ITEM('')
SURFACE()
);
#2837=(
BOUNDED_SURFACE()
B_SPLINE_SURFACE(3,1,((#4426,#4427),(#4428,#4429),(#4430,#4431),(#4432,
#4433)),.UNSPECIFIED.,.F.,.F.,.F.)
B_SPLINE_SURFACE_WITH_KNOTS((4,4),(2,2),(0.,1.),(0.,0.33),.UNSPECIFIED.)
GEOMETRIC_REPRESENTATION_ITEM()
RATIONAL_B_SPLINE_SURFACE(((1.,1.),(1.,1.),(1.,1.),(1.,1.)))
REPRESENTATION_ITEM('')
SURFACE()
);
#2838=(
BOUNDED_SURFACE()
B_SPLINE_SURFACE(3,1,((#4445,#4446),(#4447,#4448),(#4449,#4450),(#4451,
#4452)),.UNSPECIFIED.,.F.,.F.,.F.)
B_SPLINE_SURFACE_WITH_KNOTS((4,4),(2,2),(0.,1.),(0.,0.33),.UNSPECIFIED.)
GEOMETRIC_REPRESENTATION_ITEM()
RATIONAL_B_SPLINE_SURFACE(((1.,1.),(1.,1.),(1.,1.),(1.,1.)))
REPRESENTATION_ITEM('')
SURFACE()
);
#2839=(
BOUNDED_SURFACE()
B_SPLINE_SURFACE(3,1,((#4461,#4462),(#4463,#4464),(#4465,#4466),(#4467,
#4468)),.UNSPECIFIED.,.F.,.F.,.F.)
B_SPLINE_SURFACE_WITH_KNOTS((4,4),(2,2),(0.,1.),(0.,0.33),.UNSPECIFIED.)
GEOMETRIC_REPRESENTATION_ITEM()
RATIONAL_B_SPLINE_SURFACE(((1.,1.),(1.,1.),(1.,1.),(1.,1.)))
REPRESENTATION_ITEM('')
SURFACE()
);
#2840=(
BOUNDED_SURFACE()
B_SPLINE_SURFACE(3,1,((#4483,#4484),(#4485,#4486),(#4487,#4488),(#4489,
#4490)),.UNSPECIFIED.,.F.,.F.,.F.)
B_SPLINE_SURFACE_WITH_KNOTS((4,4),(2,2),(0.,1.),(0.,0.33),.UNSPECIFIED.)
GEOMETRIC_REPRESENTATION_ITEM()
RATIONAL_B_SPLINE_SURFACE(((1.,1.),(1.,1.),(1.,1.),(1.,1.)))
REPRESENTATION_ITEM('')
SURFACE()
);
#2841=(
BOUNDED_SURFACE()
B_SPLINE_SURFACE(3,1,((#4514,#4515),(#4516,#4517),(#4518,#4519),(#4520,
#4521)),.UNSPECIFIED.,.F.,.F.,.F.)
B_SPLINE_SURFACE_WITH_KNOTS((4,4),(2,2),(0.,1.),(0.,0.33),.UNSPECIFIED.)
GEOMETRIC_REPRESENTATION_ITEM()
RATIONAL_B_SPLINE_SURFACE(((1.,1.),(1.,1.),(1.,1.),(1.,1.)))
REPRESENTATION_ITEM('')
SURFACE()
);
#2842=(
BOUNDED_SURFACE()
B_SPLINE_SURFACE(3,1,((#4533,#4534),(#4535,#4536),(#4537,#4538),(#4539,
#4540)),.UNSPECIFIED.,.F.,.F.,.F.)
B_SPLINE_SURFACE_WITH_KNOTS((4,4),(2,2),(0.,1.),(0.,0.33),.UNSPECIFIED.)
GEOMETRIC_REPRESENTATION_ITEM()
RATIONAL_B_SPLINE_SURFACE(((1.,1.),(1.,1.),(1.,1.),(1.,1.)))
REPRESENTATION_ITEM('')
SURFACE()
);
#2843=(
BOUNDED_SURFACE()
B_SPLINE_SURFACE(3,1,((#4552,#4553),(#4554,#4555),(#4556,#4557),(#4558,
#4559)),.UNSPECIFIED.,.F.,.F.,.F.)
B_SPLINE_SURFACE_WITH_KNOTS((4,4),(2,2),(0.,1.),(0.,0.33),.UNSPECIFIED.)
GEOMETRIC_REPRESENTATION_ITEM()
RATIONAL_B_SPLINE_SURFACE(((1.,1.),(1.,1.),(1.,1.),(1.,1.)))
REPRESENTATION_ITEM('')
SURFACE()
);
#2844=(
BOUNDED_SURFACE()
B_SPLINE_SURFACE(3,1,((#4571,#4572),(#4573,#4574),(#4575,#4576),(#4577,
#4578)),.UNSPECIFIED.,.F.,.F.,.F.)
B_SPLINE_SURFACE_WITH_KNOTS((4,4),(2,2),(0.,1.),(0.,0.33),.UNSPECIFIED.)
GEOMETRIC_REPRESENTATION_ITEM()
RATIONAL_B_SPLINE_SURFACE(((1.,1.),(1.,1.),(1.,1.),(1.,1.)))
REPRESENTATION_ITEM('')
SURFACE()
);
#2845=(
BOUNDED_SURFACE()
B_SPLINE_SURFACE(3,1,((#4590,#4591),(#4592,#4593),(#4594,#4595),(#4596,
#4597)),.UNSPECIFIED.,.F.,.F.,.F.)
B_SPLINE_SURFACE_WITH_KNOTS((4,4),(2,2),(0.,1.),(0.,0.33),.UNSPECIFIED.)
GEOMETRIC_REPRESENTATION_ITEM()
RATIONAL_B_SPLINE_SURFACE(((1.,1.),(1.,1.),(1.,1.),(1.,1.)))
REPRESENTATION_ITEM('')
SURFACE()
);
#2846=(
BOUNDED_SURFACE()
B_SPLINE_SURFACE(3,1,((#4609,#4610),(#4611,#4612),(#4613,#4614),(#4615,
#4616)),.UNSPECIFIED.,.F.,.F.,.F.)
B_SPLINE_SURFACE_WITH_KNOTS((4,4),(2,2),(0.,1.),(0.,0.33),.UNSPECIFIED.)
GEOMETRIC_REPRESENTATION_ITEM()
RATIONAL_B_SPLINE_SURFACE(((1.,1.),(1.,1.),(1.,1.),(1.,1.)))
REPRESENTATION_ITEM('')
SURFACE()
);
#2847=(
BOUNDED_SURFACE()
B_SPLINE_SURFACE(3,1,((#4628,#4629),(#4630,#4631),(#4632,#4633),(#4634,
#4635)),.UNSPECIFIED.,.F.,.F.,.F.)
B_SPLINE_SURFACE_WITH_KNOTS((4,4),(2,2),(0.,1.),(0.,0.33),.UNSPECIFIED.)
GEOMETRIC_REPRESENTATION_ITEM()
RATIONAL_B_SPLINE_SURFACE(((1.,1.),(1.,1.),(1.,1.),(1.,1.)))
REPRESENTATION_ITEM('')
SURFACE()
);
#2848=(
BOUNDED_SURFACE()
B_SPLINE_SURFACE(3,1,((#4662,#4663),(#4664,#4665),(#4666,#4667),(#4668,
#4669)),.UNSPECIFIED.,.F.,.F.,.F.)
B_SPLINE_SURFACE_WITH_KNOTS((4,4),(2,2),(0.,1.),(0.,0.33),.UNSPECIFIED.)
GEOMETRIC_REPRESENTATION_ITEM()
RATIONAL_B_SPLINE_SURFACE(((1.,1.),(1.,1.),(1.,1.),(1.,1.)))
REPRESENTATION_ITEM('')
SURFACE()
);
#2849=(
BOUNDED_SURFACE()
B_SPLINE_SURFACE(3,1,((#4684,#4685),(#4686,#4687),(#4688,#4689),(#4690,
#4691)),.UNSPECIFIED.,.F.,.F.,.F.)
B_SPLINE_SURFACE_WITH_KNOTS((4,4),(2,2),(0.,1.),(0.,0.33),.UNSPECIFIED.)
GEOMETRIC_REPRESENTATION_ITEM()
RATIONAL_B_SPLINE_SURFACE(((1.,1.),(1.,1.),(1.,1.),(1.,1.)))
REPRESENTATION_ITEM('')
SURFACE()
);
#2850=(
BOUNDED_SURFACE()
B_SPLINE_SURFACE(3,1,((#4703,#4704),(#4705,#4706),(#4707,#4708),(#4709,
#4710)),.UNSPECIFIED.,.F.,.F.,.F.)
B_SPLINE_SURFACE_WITH_KNOTS((4,4),(2,2),(0.,1.),(0.,0.33),.UNSPECIFIED.)
GEOMETRIC_REPRESENTATION_ITEM()
RATIONAL_B_SPLINE_SURFACE(((1.,1.),(1.,1.),(1.,1.),(1.,1.)))
REPRESENTATION_ITEM('')
SURFACE()
);
#2851=(
BOUNDED_SURFACE()
B_SPLINE_SURFACE(3,1,((#4722,#4723),(#4724,#4725),(#4726,#4727),(#4728,
#4729)),.UNSPECIFIED.,.F.,.F.,.F.)
B_SPLINE_SURFACE_WITH_KNOTS((4,4),(2,2),(0.,1.),(0.,0.33),.UNSPECIFIED.)
GEOMETRIC_REPRESENTATION_ITEM()
RATIONAL_B_SPLINE_SURFACE(((1.,1.),(1.,1.),(1.,1.),(1.,1.)))
REPRESENTATION_ITEM('')
SURFACE()
);
#2852=(
BOUNDED_SURFACE()
B_SPLINE_SURFACE(3,1,((#4741,#4742),(#4743,#4744),(#4745,#4746),(#4747,
#4748)),.UNSPECIFIED.,.F.,.F.,.F.)
B_SPLINE_SURFACE_WITH_KNOTS((4,4),(2,2),(0.,1.),(0.,0.33),.UNSPECIFIED.)
GEOMETRIC_REPRESENTATION_ITEM()
RATIONAL_B_SPLINE_SURFACE(((1.,1.),(1.,1.),(1.,1.),(1.,1.)))
REPRESENTATION_ITEM('')
SURFACE()
);
#2853=(
BOUNDED_SURFACE()
B_SPLINE_SURFACE(3,1,((#4772,#4773),(#4774,#4775),(#4776,#4777),(#4778,
#4779)),.UNSPECIFIED.,.F.,.F.,.F.)
B_SPLINE_SURFACE_WITH_KNOTS((4,4),(2,2),(0.,1.),(0.,0.33),.UNSPECIFIED.)
GEOMETRIC_REPRESENTATION_ITEM()
RATIONAL_B_SPLINE_SURFACE(((1.,1.),(1.,1.),(1.,1.),(1.,1.)))
REPRESENTATION_ITEM('')
SURFACE()
);
#2854=(
BOUNDED_SURFACE()
B_SPLINE_SURFACE(3,1,((#4791,#4792),(#4793,#4794),(#4795,#4796),(#4797,
#4798)),.UNSPECIFIED.,.F.,.F.,.F.)
B_SPLINE_SURFACE_WITH_KNOTS((4,4),(2,2),(0.,1.),(0.,0.33),.UNSPECIFIED.)
GEOMETRIC_REPRESENTATION_ITEM()
RATIONAL_B_SPLINE_SURFACE(((1.,1.),(1.,1.),(1.,1.),(1.,1.)))
REPRESENTATION_ITEM('')
SURFACE()
);
#2855=(
BOUNDED_SURFACE()
B_SPLINE_SURFACE(3,1,((#4822,#4823),(#4824,#4825),(#4826,#4827),(#4828,
#4829)),.UNSPECIFIED.,.F.,.F.,.F.)
B_SPLINE_SURFACE_WITH_KNOTS((4,4),(2,2),(0.,1.),(0.,0.33),.UNSPECIFIED.)
GEOMETRIC_REPRESENTATION_ITEM()
RATIONAL_B_SPLINE_SURFACE(((1.,1.),(1.,1.),(1.,1.),(1.,1.)))
REPRESENTATION_ITEM('')
SURFACE()
);
#2856=(
BOUNDED_SURFACE()
B_SPLINE_SURFACE(3,1,((#4841,#4842),(#4843,#4844),(#4845,#4846),(#4847,
#4848)),.UNSPECIFIED.,.F.,.F.,.F.)
B_SPLINE_SURFACE_WITH_KNOTS((4,4),(2,2),(0.,1.),(0.,0.33),.UNSPECIFIED.)
GEOMETRIC_REPRESENTATION_ITEM()
RATIONAL_B_SPLINE_SURFACE(((1.,1.),(1.,1.),(1.,1.),(1.,1.)))
REPRESENTATION_ITEM('')
SURFACE()
);
#2857=(
BOUNDED_SURFACE()
B_SPLINE_SURFACE(3,1,((#4857,#4858),(#4859,#4860),(#4861,#4862),(#4863,
#4864)),.UNSPECIFIED.,.F.,.F.,.F.)
B_SPLINE_SURFACE_WITH_KNOTS((4,4),(2,2),(0.,1.),(0.,0.33),.UNSPECIFIED.)
GEOMETRIC_REPRESENTATION_ITEM()
RATIONAL_B_SPLINE_SURFACE(((1.,1.),(1.,1.),(1.,1.),(1.,1.)))
REPRESENTATION_ITEM('')
SURFACE()
);
#2858=(
BOUNDED_SURFACE()
B_SPLINE_SURFACE(3,1,((#4879,#4880),(#4881,#4882),(#4883,#4884),(#4885,
#4886)),.UNSPECIFIED.,.F.,.F.,.F.)
B_SPLINE_SURFACE_WITH_KNOTS((4,4),(2,2),(0.,1.),(0.,0.33),.UNSPECIFIED.)
GEOMETRIC_REPRESENTATION_ITEM()
RATIONAL_B_SPLINE_SURFACE(((1.,1.),(1.,1.),(1.,1.),(1.,1.)))
REPRESENTATION_ITEM('')
SURFACE()
);
#2859=(
BOUNDED_SURFACE()
B_SPLINE_SURFACE(3,1,((#4898,#4899),(#4900,#4901),(#4902,#4903),(#4904,
#4905)),.UNSPECIFIED.,.F.,.F.,.F.)
B_SPLINE_SURFACE_WITH_KNOTS((4,4),(2,2),(0.,1.),(0.,0.33),.UNSPECIFIED.)
GEOMETRIC_REPRESENTATION_ITEM()
RATIONAL_B_SPLINE_SURFACE(((1.,1.),(1.,1.),(1.,1.),(1.,1.)))
REPRESENTATION_ITEM('')
SURFACE()
);
#2860=(
BOUNDED_SURFACE()
B_SPLINE_SURFACE(3,1,((#4917,#4918),(#4919,#4920),(#4921,#4922),(#4923,
#4924)),.UNSPECIFIED.,.F.,.F.,.F.)
B_SPLINE_SURFACE_WITH_KNOTS((4,4),(2,2),(0.,1.),(0.,0.33),.UNSPECIFIED.)
GEOMETRIC_REPRESENTATION_ITEM()
RATIONAL_B_SPLINE_SURFACE(((1.,1.),(1.,1.),(1.,1.),(1.,1.)))
REPRESENTATION_ITEM('')
SURFACE()
);
#2861=(
BOUNDED_SURFACE()
B_SPLINE_SURFACE(3,1,((#4936,#4937),(#4938,#4939),(#4940,#4941),(#4942,
#4943)),.UNSPECIFIED.,.F.,.F.,.F.)
B_SPLINE_SURFACE_WITH_KNOTS((4,4),(2,2),(0.,1.),(0.,0.33),.UNSPECIFIED.)
GEOMETRIC_REPRESENTATION_ITEM()
RATIONAL_B_SPLINE_SURFACE(((1.,1.),(1.,1.),(1.,1.),(1.,1.)))
REPRESENTATION_ITEM('')
SURFACE()
);
#2862=(
BOUNDED_SURFACE()
B_SPLINE_SURFACE(3,1,((#4955,#4956),(#4957,#4958),(#4959,#4960),(#4961,
#4962)),.UNSPECIFIED.,.F.,.F.,.F.)
B_SPLINE_SURFACE_WITH_KNOTS((4,4),(2,2),(0.,1.),(0.,0.33),.UNSPECIFIED.)
GEOMETRIC_REPRESENTATION_ITEM()
RATIONAL_B_SPLINE_SURFACE(((1.,1.),(1.,1.),(1.,1.),(1.,1.)))
REPRESENTATION_ITEM('')
SURFACE()
);
#2863=(
BOUNDED_SURFACE()
B_SPLINE_SURFACE(3,1,((#4974,#4975),(#4976,#4977),(#4978,#4979),(#4980,
#4981)),.UNSPECIFIED.,.F.,.F.,.F.)
B_SPLINE_SURFACE_WITH_KNOTS((4,4),(2,2),(0.,1.),(0.,0.33),.UNSPECIFIED.)
GEOMETRIC_REPRESENTATION_ITEM()
RATIONAL_B_SPLINE_SURFACE(((1.,1.),(1.,1.),(1.,1.),(1.,1.)))
REPRESENTATION_ITEM('')
SURFACE()
);
#2864=(
BOUNDED_SURFACE()
B_SPLINE_SURFACE(3,1,((#4993,#4994),(#4995,#4996),(#4997,#4998),(#4999,
#5000)),.UNSPECIFIED.,.F.,.F.,.F.)
B_SPLINE_SURFACE_WITH_KNOTS((4,4),(2,2),(0.,1.),(0.,0.33),.UNSPECIFIED.)
GEOMETRIC_REPRESENTATION_ITEM()
RATIONAL_B_SPLINE_SURFACE(((1.,1.),(1.,1.),(1.,1.),(1.,1.)))
REPRESENTATION_ITEM('')
SURFACE()
);
#2865=(
BOUNDED_SURFACE()
B_SPLINE_SURFACE(3,1,((#5012,#5013),(#5014,#5015),(#5016,#5017),(#5018,
#5019)),.UNSPECIFIED.,.F.,.F.,.F.)
B_SPLINE_SURFACE_WITH_KNOTS((4,4),(2,2),(0.,1.),(0.,0.33),.UNSPECIFIED.)
GEOMETRIC_REPRESENTATION_ITEM()
RATIONAL_B_SPLINE_SURFACE(((1.,1.),(1.,1.),(1.,1.),(1.,1.)))
REPRESENTATION_ITEM('')
SURFACE()
);
#2866=(
BOUNDED_SURFACE()
B_SPLINE_SURFACE(3,1,((#5031,#5032),(#5033,#5034),(#5035,#5036),(#5037,
#5038)),.UNSPECIFIED.,.F.,.F.,.F.)
B_SPLINE_SURFACE_WITH_KNOTS((4,4),(2,2),(0.,1.),(0.,0.33),.UNSPECIFIED.)
GEOMETRIC_REPRESENTATION_ITEM()
RATIONAL_B_SPLINE_SURFACE(((1.,1.),(1.,1.),(1.,1.),(1.,1.)))
REPRESENTATION_ITEM('')
SURFACE()
);
#2867=(
BOUNDED_SURFACE()
B_SPLINE_SURFACE(3,1,((#5050,#5051),(#5052,#5053),(#5054,#5055),(#5056,
#5057)),.UNSPECIFIED.,.F.,.F.,.F.)
B_SPLINE_SURFACE_WITH_KNOTS((4,4),(2,2),(0.,1.),(0.,0.33),.UNSPECIFIED.)
GEOMETRIC_REPRESENTATION_ITEM()
RATIONAL_B_SPLINE_SURFACE(((1.,1.),(1.,1.),(1.,1.),(1.,1.)))
REPRESENTATION_ITEM('')
SURFACE()
);
#2868=(
BOUNDED_SURFACE()
B_SPLINE_SURFACE(2,2,((#5135,#5136,#5137,#5138,#5139,#5140,#5141,#5142,
#5143),(#5144,#5145,#5146,#5147,#5148,#5149,#5150,#5151,#5152),(#5153,#5154,
#5155,#5156,#5157,#5158,#5159,#5160,#5161),(#5162,#5163,#5164,#5165,#5166,
#5167,#5168,#5169,#5170),(#5171,#5172,#5173,#5174,#5175,#5176,#5177,#5178,
#5179)),.UNSPECIFIED.,.F.,.T.,.F.)
B_SPLINE_SURFACE_WITH_KNOTS((3,2,3),(3,2,2,2,3),(-7.48814935983925E-9,0.785398159653374,
1.5707963267949),(-3.14159265358979,-1.5707963267949,0.,1.5707963267949,
3.14159265358979),.UNSPECIFIED.)
GEOMETRIC_REPRESENTATION_ITEM()
RATIONAL_B_SPLINE_SURFACE(((1.,0.707106781186548,1.,0.707106781186548,1.,
0.707106781186548,1.,0.707106781186548,1.),(0.92387953179497,0.653281481931676,
0.92387953179497,0.653281481931676,0.92387953179497,0.653281481931676,0.92387953179497,
0.653281481931676,0.92387953179497),(1.,0.707106781186548,1.,0.707106781186548,
1.,0.707106781186548,1.,0.707106781186548,1.),(0.92387953179525,0.653281481931874,
0.92387953179525,0.653281481931874,0.92387953179525,0.653281481931874,0.92387953179525,
0.653281481931874,0.92387953179525),(1.,0.707106781186548,1.,0.707106781186548,
1.,0.707106781186548,1.,0.707106781186548,1.)))
REPRESENTATION_ITEM('')
SURFACE()
);
#2869=ADVANCED_FACE('',(#246),#2812,.F.);
#2870=ADVANCED_FACE('',(#247),#2813,.F.);
#2871=ADVANCED_FACE('',(#248),#2814,.F.);
#2872=ADVANCED_FACE('',(#249),#2815,.F.);
#2873=ADVANCED_FACE('',(#250),#2816,.F.);
#2874=ADVANCED_FACE('',(#251),#2817,.F.);
#2875=ADVANCED_FACE('',(#252),#2818,.F.);
#2876=ADVANCED_FACE('',(#253),#2819,.F.);
#2877=ADVANCED_FACE('',(#254),#188,.F.);
#2878=ADVANCED_FACE('',(#255),#189,.F.);
#2879=ADVANCED_FACE('',(#256),#2820,.F.);
#2880=ADVANCED_FACE('',(#257),#2821,.F.);
#2881=ADVANCED_FACE('',(#258),#190,.F.);
#2882=ADVANCED_FACE('',(#259),#2822,.F.);
#2883=ADVANCED_FACE('',(#260),#191,.F.);
#2884=ADVANCED_FACE('',(#261),#192,.F.);
#2885=ADVANCED_FACE('',(#262),#2823,.F.);
#2886=ADVANCED_FACE('',(#263),#2824,.F.);
#2887=ADVANCED_FACE('',(#264),#2825,.F.);
#2888=ADVANCED_FACE('',(#265),#193,.F.);
#2889=ADVANCED_FACE('',(#266),#194,.F.);
#2890=ADVANCED_FACE('',(#267),#2826,.F.);
#2891=ADVANCED_FACE('',(#268),#195,.F.);
#2892=ADVANCED_FACE('',(#269),#196,.F.);
#2893=ADVANCED_FACE('',(#270),#2827,.F.);
#2894=ADVANCED_FACE('',(#271),#2828,.F.);
#2895=ADVANCED_FACE('',(#272),#197,.F.);
#2896=ADVANCED_FACE('',(#273),#198,.F.);
#2897=ADVANCED_FACE('',(#274),#2829,.F.);
#2898=ADVANCED_FACE('',(#275),#2830,.F.);
#2899=ADVANCED_FACE('',(#276),#2831,.F.);
#2900=ADVANCED_FACE('',(#277),#2832,.F.);
#2901=ADVANCED_FACE('',(#278),#2833,.F.);
#2902=ADVANCED_FACE('',(#279),#2834,.F.);
#2903=ADVANCED_FACE('',(#280),#2835,.F.);
#2904=ADVANCED_FACE('',(#281),#199,.F.);
#2905=ADVANCED_FACE('',(#282),#200,.F.);
#2906=ADVANCED_FACE('',(#283),#2836,.F.);
#2907=ADVANCED_FACE('',(#284),#2837,.F.);
#2908=ADVANCED_FACE('',(#285),#2838,.F.);
#2909=ADVANCED_FACE('',(#286),#2839,.F.);
#2910=ADVANCED_FACE('',(#287),#2840,.F.);
#2911=ADVANCED_FACE('',(#288),#201,.F.);
#2912=ADVANCED_FACE('',(#289),#202,.F.);
#2913=ADVANCED_FACE('',(#290),#2841,.F.);
#2914=ADVANCED_FACE('',(#291),#2842,.F.);
#2915=ADVANCED_FACE('',(#292),#2843,.F.);
#2916=ADVANCED_FACE('',(#293),#2844,.F.);
#2917=ADVANCED_FACE('',(#294),#2845,.F.);
#2918=ADVANCED_FACE('',(#295),#2846,.F.);
#2919=ADVANCED_FACE('',(#296),#2847,.F.);
#2920=ADVANCED_FACE('',(#297),#203,.F.);
#2921=ADVANCED_FACE('',(#298),#204,.F.);
#2922=ADVANCED_FACE('',(#299),#205,.F.);
#2923=ADVANCED_FACE('',(#300),#2848,.F.);
#2924=ADVANCED_FACE('',(#301),#2849,.F.);
#2925=ADVANCED_FACE('',(#302),#2850,.F.);
#2926=ADVANCED_FACE('',(#303),#2851,.F.);
#2927=ADVANCED_FACE('',(#304),#2852,.F.);
#2928=ADVANCED_FACE('',(#305),#206,.F.);
#2929=ADVANCED_FACE('',(#306),#207,.F.);
#2930=ADVANCED_FACE('',(#307),#2853,.F.);
#2931=ADVANCED_FACE('',(#308),#2854,.F.);
#2932=ADVANCED_FACE('',(#309),#208,.F.);
#2933=ADVANCED_FACE('',(#310),#209,.F.);
#2934=ADVANCED_FACE('',(#311),#2855,.F.);
#2935=ADVANCED_FACE('',(#312),#2856,.F.);
#2936=ADVANCED_FACE('',(#313),#2857,.F.);
#2937=ADVANCED_FACE('',(#314),#2858,.F.);
#2938=ADVANCED_FACE('',(#315),#2859,.F.);
#2939=ADVANCED_FACE('',(#316),#2860,.F.);
#2940=ADVANCED_FACE('',(#317),#2861,.F.);
#2941=ADVANCED_FACE('',(#318),#2862,.F.);
#2942=ADVANCED_FACE('',(#319),#2863,.F.);
#2943=ADVANCED_FACE('',(#320),#2864,.F.);
#2944=ADVANCED_FACE('',(#321),#2865,.F.);
#2945=ADVANCED_FACE('',(#322),#2866,.F.);
#2946=ADVANCED_FACE('',(#323),#2867,.F.);
#2947=ADVANCED_FACE('',(#324),#178,.T.);
#2948=ADVANCED_FACE('',(#325),#179,.T.);
#2949=ADVANCED_FACE('',(#326),#64,.T.);
#2950=ADVANCED_FACE('',(#327,#49,#50,#51,#52,#53,#54),#210,.T.);
#2951=ADVANCED_FACE('',(#328),#65,.T.);
#2952=ADVANCED_FACE('',(#329),#211,.T.);
#2953=ADVANCED_FACE('',(#330),#66,.T.);
#2954=ADVANCED_FACE('',(#331),#2868,.F.);
#2955=ADVANCED_FACE('',(#332),#67,.T.);
#2956=ADVANCED_FACE('',(#333),#212,.T.);
#2957=ADVANCED_FACE('',(#334),#68,.T.);
#2958=ADVANCED_FACE('',(#335),#213,.T.);
#2959=ADVANCED_FACE('',(#336),#69,.T.);
#2960=ADVANCED_FACE('',(#337),#70,.T.);
#2961=ADVANCED_FACE('',(#338),#214,.T.);
#2962=ADVANCED_FACE('',(#339),#215,.T.);
#2963=ADVANCED_FACE('',(#340),#71,.T.);
#2964=ADVANCED_FACE('',(#341),#216,.T.);
#2965=ADVANCED_FACE('',(#342),#217,.T.);
#2966=ADVANCED_FACE('',(#343),#72,.T.);
#2967=ADVANCED_FACE('',(#344),#218,.T.);
#2968=ADVANCED_FACE('',(#345),#219,.T.);
#2969=ADVANCED_FACE('',(#346),#220,.T.);
#2970=ADVANCED_FACE('',(#347),#221,.T.);
#2971=ADVANCED_FACE('',(#348),#222,.T.);
#2972=ADVANCED_FACE('',(#349),#223,.T.);
#2973=ADVANCED_FACE('',(#350),#73,.T.);
#2974=ADVANCED_FACE('',(#351),#224,.F.);
#2975=ADVANCED_FACE('',(#352),#17,.T.);
#2976=ADVANCED_FACE('',(#353),#74,.T.);
#2977=ADVANCED_FACE('',(#354),#18,.T.);
#2978=ADVANCED_FACE('',(#355),#19,.T.);
#2979=ADVANCED_FACE('',(#356),#75,.T.);
#2980=ADVANCED_FACE('',(#357),#20,.T.);
#2981=ADVANCED_FACE('',(#358),#180,.T.);
#2982=ADVANCED_FACE('',(#359),#76,.T.);
#2983=ADVANCED_FACE('',(#360),#181,.T.);
#2984=ADVANCED_FACE('',(#361),#77,.T.);
#2985=ADVANCED_FACE('',(#362),#182,.T.);
#2986=ADVANCED_FACE('',(#363),#78,.T.);
#2987=ADVANCED_FACE('',(#364),#183,.T.);
#2988=ADVANCED_FACE('',(#365),#79,.T.);
#2989=ADVANCED_FACE('',(#366),#225,.T.);
#2990=ADVANCED_FACE('',(#367),#80,.T.);
#2991=ADVANCED_FACE('',(#368),#226,.T.);
#2992=ADVANCED_FACE('',(#369),#81,.T.);
#2993=ADVANCED_FACE('',(#370,#55,#56,#57),#227,.F.);
#2994=ADVANCED_FACE('',(#371),#184,.T.);
#2995=ADVANCED_FACE('',(#372),#82,.T.);
#2996=ADVANCED_FACE('',(#373),#83,.T.);
#2997=ADVANCED_FACE('',(#374),#185,.T.);
#2998=ADVANCED_FACE('',(#375),#84,.T.);
#2999=ADVANCED_FACE('',(#376),#186,.T.);
#3000=ADVANCED_FACE('',(#377),#85,.T.);
#3001=ADVANCED_FACE('',(#378),#187,.T.);
#3002=ADVANCED_FACE('',(#379),#86,.T.);
#3003=ADVANCED_FACE('',(#380),#15,.F.);
#3004=ADVANCED_FACE('',(#381),#16,.F.);
#3005=ADVANCED_FACE('',(#382),#87,.T.);
#3006=ADVANCED_FACE('',(#383),#228,.T.);
#3007=ADVANCED_FACE('',(#384),#88,.T.);
#3008=ADVANCED_FACE('',(#385,#58,#59,#60,#61,#62,#63),#229,.T.);
#3009=ADVANCED_FACE('',(#386),#230,.T.);
#3010=ADVANCED_FACE('',(#387),#231,.F.);
#3011=ADVANCED_FACE('',(#388),#232,.F.);
#3012=ADVANCED_FACE('',(#389),#233,.F.);
#3013=ADVANCED_FACE('',(#390),#234,.F.);
#3014=ADVANCED_FACE('',(#391),#235,.F.);
#3015=ADVANCED_FACE('',(#392),#236,.F.);
#3016=ADVANCED_FACE('',(#393),#21,.T.);
#3017=ADVANCED_FACE('',(#394),#22,.F.);
#3018=ADVANCED_FACE('',(#395),#23,.F.);
#3019=ADVANCED_FACE('',(#396),#237,.F.);
#3020=ADVANCED_FACE('',(#397),#238,.F.);
#3021=ADVANCED_FACE('',(#398),#239,.F.);
#3022=ADVANCED_FACE('',(#399),#240,.F.);
#3023=ADVANCED_FACE('',(#400),#241,.F.);
#3024=ADVANCED_FACE('',(#401),#242,.F.);
#3025=ADVANCED_FACE('',(#402),#24,.T.);
#3026=ADVANCED_FACE('',(#403),#25,.F.);
#3027=ADVANCED_FACE('',(#404),#26,.F.);
#3028=ADVANCED_FACE('',(#405),#27,.T.);
#3029=ADVANCED_FACE('',(#406),#28,.T.);
#3030=ADVANCED_FACE('',(#407),#89,.F.);
#3031=ADVANCED_FACE('',(#408),#90,.F.);
#3032=ADVANCED_FACE('',(#409),#243,.F.);
#3033=ADVANCED_FACE('',(#410),#244,.T.);
#3034=ADVANCED_FACE('',(#411),#245,.F.);
#3035=CLOSED_SHELL('',(#2869,#2870,#2871,#2872,#2873,#2874,#2875,#2876,
#2877,#2878,#2879,#2880,#2881,#2882,#2883,#2884,#2885,#2886,#2887,#2888,
#2889,#2890,#2891,#2892,#2893,#2894,#2895,#2896,#2897,#2898,#2899,#2900,
#2901,#2902,#2903,#2904,#2905,#2906,#2907,#2908,#2909,#2910,#2911,#2912,
#2913,#2914,#2915,#2916,#2917,#2918,#2919,#2920,#2921,#2922,#2923,#2924,
#2925,#2926,#2927,#2928,#2929,#2930,#2931,#2932,#2933,#2934,#2935,#2936,
#2937,#2938,#2939,#2940,#2941,#2942,#2943,#2944,#2945,#2946,#2947,#2948,
#2949,#2950,#2951,#2952,#2953,#2954,#2955,#2956,#2957,#2958,#2959,#2960,
#2961,#2962,#2963,#2964,#2965,#2966,#2967,#2968,#2969,#2970,#2971,#2972,
#2973,#2974,#2975,#2976,#2977,#2978,#2979,#2980,#2981,#2982,#2983,#2984,
#2985,#2986,#2987,#2988,#2989,#2990,#2991,#2992,#2993,#2994,#2995,#2996,
#2997,#2998,#2999,#3000,#3001,#3002,#3003,#3004,#3005,#3006,#3007,#3008,
#3009,#3010,#3011,#3012,#3013,#3014,#3015,#3016,#3017,#3018,#3019,#3020,
#3021,#3022,#3023,#3024,#3025,#3026,#3027,#3028,#3029,#3030,#3031,#3032,
#3033,#3034));
#3036=DERIVED_UNIT_ELEMENT(#3038,1.);
#3037=DERIVED_UNIT_ELEMENT(#5778,-3.);
#3038=(
MASS_UNIT()
NAMED_UNIT(*)
SI_UNIT(.KILO.,.GRAM.)
);
#3039=DERIVED_UNIT((#3036,#3037));
#3040=MEASURE_REPRESENTATION_ITEM('density measure',
POSITIVE_RATIO_MEASURE(7850.),#3039);
#3041=PROPERTY_DEFINITION_REPRESENTATION(#3046,#3043);
#3042=PROPERTY_DEFINITION_REPRESENTATION(#3047,#3044);
#3043=REPRESENTATION('material name',(#3045),#5775);
#3044=REPRESENTATION('density',(#3040),#5775);
#3045=DESCRIPTIVE_REPRESENTATION_ITEM('Steel','Steel');
#3046=PROPERTY_DEFINITION('material property','material name',#5785);
#3047=PROPERTY_DEFINITION('material property','density of part',#5785);
#3048=AXIS2_PLACEMENT_3D('',#3869,#3251,#3252);
#3049=AXIS2_PLACEMENT_3D('',#4025,#3262,#3263);
#3050=AXIS2_PLACEMENT_3D('',#4031,#3267,#3268);
#3051=AXIS2_PLACEMENT_3D('',#4072,#3273,#3274);
#3052=AXIS2_PLACEMENT_3D('',#4100,#3280,#3281);
#3053=AXIS2_PLACEMENT_3D('',#4106,#3285,#3286);
#3054=AXIS2_PLACEMENT_3D('',#4169,#3293,#3294);
#3055=AXIS2_PLACEMENT_3D('',#4175,#3298,#3299);
#3056=AXIS2_PLACEMENT_3D('',#4200,#3304,#3305);
#3057=AXIS2_PLACEMENT_3D('',#4206,#3309,#3310);
#3058=AXIS2_PLACEMENT_3D('',#4250,#3316,#3317);
#3059=AXIS2_PLACEMENT_3D('',#4256,#3321,#3322);
#3060=AXIS2_PLACEMENT_3D('',#4395,#3333,#3334);
#3061=AXIS2_PLACEMENT_3D('',#4401,#3338,#3339);
#3062=AXIS2_PLACEMENT_3D('',#4502,#3348,#3349);
#3063=AXIS2_PLACEMENT_3D('',#4508,#3353,#3354);
#3064=AXIS2_PLACEMENT_3D('',#4647,#3365,#3366);
#3065=AXIS2_PLACEMENT_3D('',#4653,#3370,#3371);
#3066=AXIS2_PLACEMENT_3D('',#4659,#3375,#3376);
#3067=AXIS2_PLACEMENT_3D('',#4760,#3385,#3386);
#3068=AXIS2_PLACEMENT_3D('',#4766,#3390,#3391);
#3069=AXIS2_PLACEMENT_3D('',#4810,#3397,#3398);
#3070=AXIS2_PLACEMENT_3D('',#4816,#3402,#3403);
#3071=AXIS2_PLACEMENT_3D('',#5066,#3419,#3420);
#3072=AXIS2_PLACEMENT_3D('',#5069,#3421,#3422);
#3073=AXIS2_PLACEMENT_3D('',#5071,#3423,#3424);
#3074=AXIS2_PLACEMENT_3D('',#5073,#3425,#3426);
#3075=AXIS2_PLACEMENT_3D('',#5074,#3427,#3428);
#3076=AXIS2_PLACEMENT_3D('',#5075,#3429,#3430);
#3077=AXIS2_PLACEMENT_3D('',#5078,#3431,#3432);
#3078=AXIS2_PLACEMENT_3D('',#5080,#3433,#3434);
#3079=AXIS2_PLACEMENT_3D('',#5082,#3435,#3436);
#3080=AXIS2_PLACEMENT_3D('',#5083,#3437,#3438);
#3081=AXIS2_PLACEMENT_3D('',#5084,#3439,#3440);
#3082=AXIS2_PLACEMENT_3D('',#5087,#3443,#3444);
#3083=AXIS2_PLACEMENT_3D('',#5093,#3448,#3449);
#3084=AXIS2_PLACEMENT_3D('',#5111,#3451,#3452);
#3085=AXIS2_PLACEMENT_3D('',#5114,#3454,#3455);
#3086=AXIS2_PLACEMENT_3D('',#5115,#3456,#3457);
#3087=AXIS2_PLACEMENT_3D('',#5181,#3459,#3460);
#3088=AXIS2_PLACEMENT_3D('',#5183,#3461,#3462);
#3089=AXIS2_PLACEMENT_3D('',#5184,#3463,#3464);
#3090=AXIS2_PLACEMENT_3D('',#5186,#3465,#3466);
#3091=AXIS2_PLACEMENT_3D('',#5187,#3467,#3468);
#3092=AXIS2_PLACEMENT_3D('',#5188,#3469,#3470);
#3093=AXIS2_PLACEMENT_3D('',#5189,#3471,#3472);
#3094=AXIS2_PLACEMENT_3D('',#5190,#3473,#3474);
#3095=AXIS2_PLACEMENT_3D('',#5191,#3475,#3476);
#3096=AXIS2_PLACEMENT_3D('',#5206,#3479,#3480);
#3097=AXIS2_PLACEMENT_3D('',#5209,#3482,#3483);
#3098=AXIS2_PLACEMENT_3D('',#5210,#3484,#3485);
#3099=AXIS2_PLACEMENT_3D('',#5221,#3486,#3487);
#3100=AXIS2_PLACEMENT_3D('',#5224,#3488,#3489);
#3101=AXIS2_PLACEMENT_3D('',#5228,#3491,#3492);
#3102=AXIS2_PLACEMENT_3D('',#5252,#3493,#3494);
#3103=AXIS2_PLACEMENT_3D('',#5254,#3496,#3497);
#3104=AXIS2_PLACEMENT_3D('',#5258,#3500,#3501);
#3105=AXIS2_PLACEMENT_3D('',#5262,#3504,#3505);
#3106=AXIS2_PLACEMENT_3D('',#5265,#3506,#3507);
#3107=AXIS2_PLACEMENT_3D('',#5269,#3509,#3510);
#3108=AXIS2_PLACEMENT_3D('',#5289,#3511,#3512);
#3109=AXIS2_PLACEMENT_3D('',#5291,#3514,#3515);
#3110=AXIS2_PLACEMENT_3D('',#5297,#3519,#3520);
#3111=AXIS2_PLACEMENT_3D('',#5299,#3522,#3523);
#3112=AXIS2_PLACEMENT_3D('',#5305,#3527,#3528);
#3113=AXIS2_PLACEMENT_3D('',#5307,#3529,#3530);
#3114=AXIS2_PLACEMENT_3D('',#5309,#3531,#3532);
#3115=AXIS2_PLACEMENT_3D('',#5310,#3533,#3534);
#3116=AXIS2_PLACEMENT_3D('',#5312,#3535,#3536);
#3117=AXIS2_PLACEMENT_3D('',#5314,#3538,#3539);
#3118=AXIS2_PLACEMENT_3D('',#5327,#3547,#3548);
#3119=AXIS2_PLACEMENT_3D('',#5331,#3551,#3552);
#3120=AXIS2_PLACEMENT_3D('',#5333,#3554,#3555);
#3121=AXIS2_PLACEMENT_3D('',#5334,#3556,#3557);
#3122=AXIS2_PLACEMENT_3D('',#5336,#3559,#3560);
#3123=AXIS2_PLACEMENT_3D('',#5338,#3562,#3563);
#3124=AXIS2_PLACEMENT_3D('',#5340,#3564,#3565);
#3125=AXIS2_PLACEMENT_3D('',#5343,#3567,#3568);
#3126=AXIS2_PLACEMENT_3D('',#5344,#3569,#3570);
#3127=AXIS2_PLACEMENT_3D('',#5345,#3571,#3572);
#3128=AXIS2_PLACEMENT_3D('',#5352,#3573,#3574);
#3129=AXIS2_PLACEMENT_3D('',#5357,#3575,#3576);
#3130=AXIS2_PLACEMENT_3D('',#5358,#3577,#3578);
#3131=AXIS2_PLACEMENT_3D('',#5362,#3580,#3581);
#3132=AXIS2_PLACEMENT_3D('',#5366,#3583,#3584);
#3133=AXIS2_PLACEMENT_3D('',#5370,#3586,#3587);
#3134=AXIS2_PLACEMENT_3D('',#5373,#3589,#3590);
#3135=AXIS2_PLACEMENT_3D('',#5375,#3591,#3592);
#3136=AXIS2_PLACEMENT_3D('',#5377,#3594,#3595);
#3137=AXIS2_PLACEMENT_3D('',#5386,#3596,#3597);
#3138=AXIS2_PLACEMENT_3D('',#5387,#3598,#3599);
#3139=AXIS2_PLACEMENT_3D('',#5394,#3600,#3601);
#3140=AXIS2_PLACEMENT_3D('',#5399,#3602,#3603);
#3141=AXIS2_PLACEMENT_3D('',#5400,#3604,#3605);
#3142=AXIS2_PLACEMENT_3D('',#5404,#3607,#3608);
#3143=AXIS2_PLACEMENT_3D('',#5407,#3610,#3611);
#3144=AXIS2_PLACEMENT_3D('',#5409,#3612,#3613);
#3145=AXIS2_PLACEMENT_3D('',#5413,#3615,#3616);
#3146=AXIS2_PLACEMENT_3D('',#5417,#3618,#3619);
#3147=AXIS2_PLACEMENT_3D('',#5419,#3621,#3622);
#3148=AXIS2_PLACEMENT_3D('',#5428,#3623,#3624);
#3149=AXIS2_PLACEMENT_3D('',#5429,#3625,#3626);
#3150=AXIS2_PLACEMENT_3D('',#5432,#3627,#3628);
#3151=AXIS2_PLACEMENT_3D('',#5434,#3629,#3630);
#3152=AXIS2_PLACEMENT_3D('',#5435,#3631,#3632);
#3153=AXIS2_PLACEMENT_3D('',#5436,#3633,#3634);
#3154=AXIS2_PLACEMENT_3D('',#5437,#3635,#3636);
#3155=AXIS2_PLACEMENT_3D('',#5439,#3637,#3638);
#3156=AXIS2_PLACEMENT_3D('',#5441,#3640,#3641);
#3157=AXIS2_PLACEMENT_3D('',#5444,#3642,#3643);
#3158=AXIS2_PLACEMENT_3D('',#5445,#3644,#3645);
#3159=AXIS2_PLACEMENT_3D('',#5446,#3646,#3647);
#3160=AXIS2_PLACEMENT_3D('',#5447,#3648,#3649);
#3161=AXIS2_PLACEMENT_3D('',#5450,#3650,#3651);
#3162=AXIS2_PLACEMENT_3D('',#5453,#3654,#3655);
#3163=AXIS2_PLACEMENT_3D('',#5456,#3656,#3657);
#3164=AXIS2_PLACEMENT_3D('',#5457,#3658,#3659);
#3165=AXIS2_PLACEMENT_3D('',#5458,#3660,#3661);
#3166=AXIS2_PLACEMENT_3D('',#5459,#3662,#3663);
#3167=AXIS2_PLACEMENT_3D('',#5462,#3664,#3665);
#3168=AXIS2_PLACEMENT_3D('',#5465,#3668,#3669);
#3169=AXIS2_PLACEMENT_3D('',#5468,#3670,#3671);
#3170=AXIS2_PLACEMENT_3D('',#5469,#3672,#3673);
#3171=AXIS2_PLACEMENT_3D('',#5470,#3674,#3675);
#3172=AXIS2_PLACEMENT_3D('',#5471,#3676,#3677);
#3173=AXIS2_PLACEMENT_3D('',#5474,#3680,#3681);
#3174=AXIS2_PLACEMENT_3D('',#5480,#3685,#3686);
#3175=AXIS2_PLACEMENT_3D('',#5483,#3688,#3689);
#3176=AXIS2_PLACEMENT_3D('',#5484,#3690,#3691);
#3177=AXIS2_PLACEMENT_3D('',#5488,#3694,#3695);
#3178=AXIS2_PLACEMENT_3D('',#5489,#3696,#3697);
#3179=AXIS2_PLACEMENT_3D('',#5490,#3698,#3699);
#3180=AXIS2_PLACEMENT_3D('',#5491,#3700,#3701);
#3181=AXIS2_PLACEMENT_3D('',#5494,#3702,#3703);
#3182=AXIS2_PLACEMENT_3D('',#5496,#3704,#3705);
#3183=AXIS2_PLACEMENT_3D('',#5497,#3706,#3707);
#3184=AXIS2_PLACEMENT_3D('',#5498,#3708,#3709);
#3185=AXIS2_PLACEMENT_3D('',#5499,#3710,#3711);
#3186=AXIS2_PLACEMENT_3D('',#5501,#3712,#3713);
#3187=AXIS2_PLACEMENT_3D('',#5503,#3715,#3716);
#3188=AXIS2_PLACEMENT_3D('',#5506,#3717,#3718);
#3189=AXIS2_PLACEMENT_3D('',#5509,#3721,#3722);
#3190=AXIS2_PLACEMENT_3D('',#5511,#3723,#3724);
#3191=AXIS2_PLACEMENT_3D('',#5512,#3725,#3726);
#3192=AXIS2_PLACEMENT_3D('',#5513,#3727,#3728);
#3193=AXIS2_PLACEMENT_3D('',#5514,#3729,#3730);
#3194=AXIS2_PLACEMENT_3D('',#5516,#3731,#3732);
#3195=AXIS2_PLACEMENT_3D('',#5518,#3734,#3735);
#3196=AXIS2_PLACEMENT_3D('',#5520,#3736,#3737);
#3197=AXIS2_PLACEMENT_3D('',#5521,#3738,#3739);
#3198=AXIS2_PLACEMENT_3D('',#5522,#3740,#3741);
#3199=AXIS2_PLACEMENT_3D('',#5524,#3742,#3743);
#3200=AXIS2_PLACEMENT_3D('',#5526,#3745,#3746);
#3201=AXIS2_PLACEMENT_3D('',#5528,#3747,#3748);
#3202=AXIS2_PLACEMENT_3D('',#5529,#3749,#3750);
#3203=AXIS2_PLACEMENT_3D('',#5530,#3751,#3752);
#3204=AXIS2_PLACEMENT_3D('',#5532,#3753,#3754);
#3205=AXIS2_PLACEMENT_3D('',#5631,#3757,#3758);
#3206=AXIS2_PLACEMENT_3D('',#5633,#3760,#3761);
#3207=AXIS2_PLACEMENT_3D('',#5635,#3763,#3764);
#3208=AXIS2_PLACEMENT_3D('',#5636,#3765,#3766);
#3209=AXIS2_PLACEMENT_3D('',#5637,#3767,#3768);
#3210=AXIS2_PLACEMENT_3D('',#5638,#3769,#3770);
#3211=AXIS2_PLACEMENT_3D('',#5650,#3773,#3774);
#3212=AXIS2_PLACEMENT_3D('',#5653,#3776,#3777);
#3213=AXIS2_PLACEMENT_3D('',#5654,#3778,#3779);
#3214=AXIS2_PLACEMENT_3D('',#5658,#3781,#3782);
#3215=AXIS2_PLACEMENT_3D('',#5660,#3783,#3784);
#3216=AXIS2_PLACEMENT_3D('',#5662,#3786,#3787);
#3217=AXIS2_PLACEMENT_3D('',#5672,#3789,#3790);
#3218=AXIS2_PLACEMENT_3D('',#5682,#3792,#3793);
#3219=AXIS2_PLACEMENT_3D('',#5692,#3795,#3796);
#3220=AXIS2_PLACEMENT_3D('',#5693,#3797,#3798);
#3221=AXIS2_PLACEMENT_3D('',#5694,#3799,#3800);
#3222=AXIS2_PLACEMENT_3D('',#5695,#3801,#3802);
#3223=AXIS2_PLACEMENT_3D('',#5696,#3803,#3804);
#3224=AXIS2_PLACEMENT_3D('',#5697,#3805,#3806);
#3225=AXIS2_PLACEMENT_3D('',#5698,#3807,#3808);
#3226=AXIS2_PLACEMENT_3D('',#5699,#3809,#3810);
#3227=AXIS2_PLACEMENT_3D('',#5711,#3813,#3814);
#3228=AXIS2_PLACEMENT_3D('',#5714,#3816,#3817);
#3229=AXIS2_PLACEMENT_3D('',#5715,#3818,#3819);
#3230=AXIS2_PLACEMENT_3D('',#5719,#3821,#3822);
#3231=AXIS2_PLACEMENT_3D('',#5721,#3823,#3824);
#3232=AXIS2_PLACEMENT_3D('',#5723,#3826,#3827);
#3233=AXIS2_PLACEMENT_3D('',#5733,#3829,#3830);
#3234=AXIS2_PLACEMENT_3D('',#5743,#3832,#3833);
#3235=AXIS2_PLACEMENT_3D('',#5753,#3835,#3836);
#3236=AXIS2_PLACEMENT_3D('',#5754,#3837,#3838);
#3237=AXIS2_PLACEMENT_3D('',#5755,#3839,#3840);
#3238=AXIS2_PLACEMENT_3D('',#5756,#3841,#3842);
#3239=AXIS2_PLACEMENT_3D('',#5757,#3843,#3844);
#3240=AXIS2_PLACEMENT_3D('',#5758,#3845,#3846);
#3241=AXIS2_PLACEMENT_3D('',#5759,#3847,#3848);
#3242=AXIS2_PLACEMENT_3D('',#5760,#3849,#3850);
#3243=AXIS2_PLACEMENT_3D('',#5761,#3851,#3852);
#3244=AXIS2_PLACEMENT_3D('',#5762,#3853,#3854);
#3245=AXIS2_PLACEMENT_3D('',#5765,#3856,#3857);
#3246=AXIS2_PLACEMENT_3D('',#5766,#3858,#3859);
#3247=AXIS2_PLACEMENT_3D('',#5769,#3861,#3862);
#3248=AXIS2_PLACEMENT_3D('',#5770,#3863,#3864);
#3249=AXIS2_PLACEMENT_3D('',#5771,#3865,#3866);
#3250=AXIS2_PLACEMENT_3D('',#5772,#3867,#3868);
#3251=DIRECTION('axis',(0.,0.,1.));
#3252=DIRECTION('refdir',(1.,0.,0.));
#3253=DIRECTION('',(0.,1.,0.));
#3254=DIRECTION('',(0.,1.,0.));
#3255=DIRECTION('',(0.,1.,0.));
#3256=DIRECTION('',(0.,1.,0.));
#3257=DIRECTION('',(0.,1.,0.));
#3258=DIRECTION('',(0.,1.,0.));
#3259=DIRECTION('',(0.,1.,0.));
#3260=DIRECTION('',(0.,1.,0.));
#3261=DIRECTION('',(0.,1.,0.));
#3262=DIRECTION('center_axis',(0.999951085793039,0.,0.00989070378295088));
#3263=DIRECTION('ref_axis',(0.00989070378295088,0.,-0.999951085793039));
#3264=DIRECTION('',(-0.00989070378295088,0.,0.999951085793039));
#3265=DIRECTION('',(0.00989070378295088,0.,-0.999951085793039));
#3266=DIRECTION('',(0.,1.,0.));
#3267=DIRECTION('center_axis',(0.883880101477776,0.,0.46771355145178));
#3268=DIRECTION('ref_axis',(0.46771355145178,0.,-0.883880101477776));
#3269=DIRECTION('',(-0.46771355145178,0.,0.883880101477776));
#3270=DIRECTION('',(0.46771355145178,0.,-0.883880101477776));
#3271=DIRECTION('',(0.,1.,0.));
#3272=DIRECTION('',(0.,1.,0.));
#3273=DIRECTION('center_axis',(-0.424496160442281,0.,0.905429737621734));
#3274=DIRECTION('ref_axis',(0.905429737621734,0.,0.424496160442281));
#3275=DIRECTION('',(-0.905429737621734,0.,-0.424496160442281));
#3276=DIRECTION('',(0.,1.,0.));
#3277=DIRECTION('',(0.905429737621734,0.,0.424496160442281));
#3278=DIRECTION('',(0.,1.,0.));
#3279=DIRECTION('',(0.,1.,0.));
#3280=DIRECTION('center_axis',(-0.884708934125757,0.,0.466143863928366));
#3281=DIRECTION('ref_axis',(0.466143863928366,0.,0.884708934125757));
#3282=DIRECTION('',(-0.466143863928366,0.,-0.884708934125757));
#3283=DIRECTION('',(0.466143863928366,0.,0.884708934125757));
#3284=DIRECTION('',(0.,1.,0.));
#3285=DIRECTION('center_axis',(-1.,0.,0.));
#3286=DIRECTION('ref_axis',(0.,0.,1.));
#3287=DIRECTION('',(0.,0.,-1.));
#3288=DIRECTION('',(0.,0.,1.));
#3289=DIRECTION('',(0.,1.,0.));
#3290=DIRECTION('',(0.,1.,0.));
#3291=DIRECTION('',(0.,1.,0.));
#3292=DIRECTION('',(0.,1.,0.));
#3293=DIRECTION('center_axis',(0.00592815969199995,0.,-0.999982428306951));
#3294=DIRECTION('ref_axis',(-0.999982428306951,0.,-0.00592815969199995));
#3295=DIRECTION('',(0.999982428306951,0.,0.00592815969199995));
#3296=DIRECTION('',(-0.999982428306951,0.,-0.00592815969199995));
#3297=DIRECTION('',(0.,1.,0.));
#3298=DIRECTION('center_axis',(0.440905071019426,0.,-0.897553741204033));
#3299=DIRECTION('ref_axis',(-0.897553741204032,0.,-0.440905071019426));
#3300=DIRECTION('',(0.897553741204032,0.,0.440905071019426));
#3301=DIRECTION('',(-0.897553741204032,0.,-0.440905071019426));
#3302=DIRECTION('',(0.,1.,0.));
#3303=DIRECTION('',(0.,1.,0.));
#3304=DIRECTION('center_axis',(0.905446516111163,0.,-0.424460370897163));
#3305=DIRECTION('ref_axis',(-0.424460370897163,0.,-0.905446516111163));
#3306=DIRECTION('',(0.424460370897163,0.,0.905446516111163));
#3307=DIRECTION('',(-0.424460370897163,0.,-0.905446516111163));
#3308=DIRECTION('',(0.,1.,0.));
#3309=DIRECTION('center_axis',(1.,0.,0.));
#3310=DIRECTION('ref_axis',(0.,0.,-1.));
#3311=DIRECTION('',(0.,0.,1.));
#3312=DIRECTION('',(0.,0.,-1.));
#3313=DIRECTION('',(0.,1.,0.));
#3314=DIRECTION('',(0.,1.,0.));
#3315=DIRECTION('',(0.,1.,0.));
#3316=DIRECTION('center_axis',(0.441678733815391,0.,0.897173280974881));
#3317=DIRECTION('ref_axis',(0.897173280974881,0.,-0.441678733815391));
#3318=DIRECTION('',(-0.897173280974881,0.,0.441678733815391));
#3319=DIRECTION('',(0.897173280974881,0.,-0.441678733815391));
#3320=DIRECTION('',(0.,1.,0.));
#3321=DIRECTION('center_axis',(0.,0.,1.));
#3322=DIRECTION('ref_axis',(1.,0.,0.));
#3323=DIRECTION('',(-1.,0.,0.));
#3324=DIRECTION('',(1.,0.,0.));
#3325=DIRECTION('',(0.,1.,0.));
#3326=DIRECTION('',(0.,1.,0.));
#3327=DIRECTION('',(0.,1.,0.));
#3328=DIRECTION('',(0.,1.,0.));
#3329=DIRECTION('',(0.,1.,0.));
#3330=DIRECTION('',(0.,1.,0.));
#3331=DIRECTION('',(0.,1.,0.));
#3332=DIRECTION('',(0.,1.,0.));
#3333=DIRECTION('center_axis',(0.897149879360316,0.,-0.441726265874885));
#3334=DIRECTION('ref_axis',(-0.441726265874885,0.,-0.897149879360316));
#3335=DIRECTION('',(0.441726265874885,0.,0.897149879360316));
#3336=DIRECTION('',(-0.441726265874885,0.,-0.897149879360316));
#3337=DIRECTION('',(0.,1.,0.));
#3338=DIRECTION('center_axis',(1.,0.,0.));
#3339=DIRECTION('ref_axis',(0.,0.,-1.));
#3340=DIRECTION('',(0.,0.,1.));
#3341=DIRECTION('',(0.,0.,-1.));
#3342=DIRECTION('',(0.,1.,0.));
#3343=DIRECTION('',(0.,1.,0.));
#3344=DIRECTION('',(0.,1.,0.));
#3345=DIRECTION('',(0.,1.,0.));
#3346=DIRECTION('',(0.,1.,0.));
#3347=DIRECTION('',(0.,1.,0.));
#3348=DIRECTION('center_axis',(-0.999951085727822,0.,-0.00989071037646011));
#3349=DIRECTION('ref_axis',(-0.00989071037646011,0.,0.999951085727822));
#3350=DIRECTION('',(0.00989071037646011,0.,-0.999951085727822));
#3351=DIRECTION('',(-0.00989071037646011,0.,0.999951085727822));
#3352=DIRECTION('',(0.,1.,0.));
#3353=DIRECTION('center_axis',(-0.883880101477787,0.,-0.467713551451759));
#3354=DIRECTION('ref_axis',(-0.467713551451759,0.,0.883880101477787));
#3355=DIRECTION('',(0.467713551451759,0.,-0.883880101477787));
#3356=DIRECTION('',(-0.467713551451759,0.,0.883880101477787));
#3357=DIRECTION('',(0.,1.,0.));
#3358=DIRECTION('',(0.,1.,0.));
#3359=DIRECTION('',(0.,1.,0.));
#3360=DIRECTION('',(0.,1.,0.));
#3361=DIRECTION('',(0.,1.,0.));
#3362=DIRECTION('',(0.,1.,0.));
#3363=DIRECTION('',(0.,1.,0.));
#3364=DIRECTION('',(0.,1.,0.));
#3365=DIRECTION('center_axis',(0.484606358725384,0.,0.874732345968139));
#3366=DIRECTION('ref_axis',(0.874732345968139,0.,-0.484606358725384));
#3367=DIRECTION('',(-0.874732345968139,0.,0.484606358725384));
#3368=DIRECTION('',(0.874732345968139,0.,-0.484606358725384));
#3369=DIRECTION('',(0.,1.,0.));
#3370=DIRECTION('center_axis',(0.,0.,1.));
#3371=DIRECTION('ref_axis',(1.,0.,0.));
#3372=DIRECTION('',(-1.,0.,0.));
#3373=DIRECTION('',(1.,0.,0.));
#3374=DIRECTION('',(0.,1.,0.));
#3375=DIRECTION('center_axis',(-0.484538056381374,0.,0.874770182344003));
#3376=DIRECTION('ref_axis',(0.874770182344003,0.,0.484538056381374));
#3377=DIRECTION('',(-0.874770182344003,0.,-0.484538056381374));
#3378=DIRECTION('',(0.874770182344003,0.,0.484538056381374));
#3379=DIRECTION('',(0.,1.,0.));
#3380=DIRECTION('',(0.,1.,0.));
#3381=DIRECTION('',(0.,1.,0.));
#3382=DIRECTION('',(0.,1.,0.));
#3383=DIRECTION('',(0.,1.,0.));
#3384=DIRECTION('',(0.,1.,0.));
#3385=DIRECTION('center_axis',(0.00826422550336778,0.,-0.999965850705328));
#3386=DIRECTION('ref_axis',(-0.999965850705328,0.,-0.00826422550336778));
#3387=DIRECTION('',(0.999965850705328,0.,0.00826422550336778));
#3388=DIRECTION('',(-0.999965850705328,0.,-0.00826422550336778));
#3389=DIRECTION('',(0.,1.,0.));
#3390=DIRECTION('center_axis',(0.476631863206341,0.,-0.879102989971284));
#3391=DIRECTION('ref_axis',(-0.879102989971284,0.,-0.476631863206341));
#3392=DIRECTION('',(0.879102989971284,0.,0.476631863206341));
#3393=DIRECTION('',(-0.879102989971284,0.,-0.476631863206341));
#3394=DIRECTION('',(0.,1.,0.));
#3395=DIRECTION('',(0.,1.,0.));
#3396=DIRECTION('',(0.,1.,0.));
#3397=DIRECTION('center_axis',(1.,0.,0.));
#3398=DIRECTION('ref_axis',(0.,0.,-1.));
#3399=DIRECTION('',(0.,0.,1.));
#3400=DIRECTION('',(0.,0.,-1.));
#3401=DIRECTION('',(0.,1.,0.));
#3402=DIRECTION('center_axis',(0.879106679681995,0.,0.476625057816413));
#3403=DIRECTION('ref_axis',(0.476625057816413,0.,-0.879106679681995));
#3404=DIRECTION('',(-0.476625057816413,0.,0.879106679681995));
#3405=DIRECTION('',(0.476625057816413,0.,-0.879106679681995));
#3406=DIRECTION('',(0.,1.,0.));
#3407=DIRECTION('',(0.,1.,0.));
#3408=DIRECTION('',(0.,1.,0.));
#3409=DIRECTION('',(0.,1.,0.));
#3410=DIRECTION('',(0.,1.,0.));
#3411=DIRECTION('',(0.,1.,0.));
#3412=DIRECTION('',(0.,1.,0.));
#3413=DIRECTION('',(0.,1.,0.));
#3414=DIRECTION('',(0.,1.,0.));
#3415=DIRECTION('',(0.,1.,0.));
#3416=DIRECTION('',(0.,1.,0.));
#3417=DIRECTION('',(0.,1.,0.));
#3418=DIRECTION('',(0.,1.,0.));
#3419=DIRECTION('center_axis',(0.,1.,0.));
#3420=DIRECTION('ref_axis',(0.,0.,1.));
#3421=DIRECTION('center_axis',(-0.866025403784442,0.,-0.499999999999993));
#3422=DIRECTION('ref_axis',(-0.499999999999993,0.,0.866025403784442));
#3423=DIRECTION('center_axis',(0.,-1.,0.));
#3424=DIRECTION('ref_axis',(-1.,0.,0.));
#3425=DIRECTION('center_axis',(-0.86602540378444,-7.93288967644642E-16,
0.499999999999999));
#3426=DIRECTION('ref_axis',(5.9211894646675E-15,1.,1.1842378929335E-14));
#3427=DIRECTION('center_axis',(0.,1.,0.));
#3428=DIRECTION('ref_axis',(-1.,0.,0.));
#3429=DIRECTION('center_axis',(0.,1.,0.));
#3430=DIRECTION('ref_axis',(0.,0.,1.));
#3431=DIRECTION('center_axis',(-0.866025403784442,0.,-0.499999999999993));
#3432=DIRECTION('ref_axis',(0.,-1.,0.));
#3433=DIRECTION('center_axis',(0.,-1.,0.));
#3434=DIRECTION('ref_axis',(-1.,0.,0.));
#3435=DIRECTION('center_axis',(-0.86602540378444,7.93288967644641E-16,0.499999999999999));
#3436=DIRECTION('ref_axis',(-0.499999999999998,0.,-0.866025403784439));
#3437=DIRECTION('center_axis',(0.,1.,0.));
#3438=DIRECTION('ref_axis',(-1.,0.,0.));
#3439=DIRECTION('center_axis',(0.,-1.,0.));
#3440=DIRECTION('ref_axis',(-1.,0.,0.));
#3441=DIRECTION('',(0.,-1.,0.));
#3442=DIRECTION('',(0.,1.,0.));
#3443=DIRECTION('center_axis',(0.,1.,0.));
#3444=DIRECTION('ref_axis',(-1.,0.,0.));
#3445=DIRECTION('',(-0.866025403784441,0.,-0.499999999999996));
#3446=DIRECTION('',(0.,0.,1.));
#3447=DIRECTION('',(0.86602540378444,0.,-0.499999999999997));
#3448=DIRECTION('center_axis',(-0.866025403784441,0.,-0.499999999999996));
#3449=DIRECTION('ref_axis',(-0.35355339059327,0.70710678118655,0.612372435695794));
#3450=DIRECTION('',(0.866025403784441,0.,0.499999999999996));
#3451=DIRECTION('center_axis',(-0.499999999999996,0.,0.866025403784441));
#3452=DIRECTION('ref_axis',(-0.866025403784441,0.,-0.499999999999996));
#3453=DIRECTION('',(-0.866025403784441,0.,-0.499999999999996));
#3454=DIRECTION('center_axis',(-0.499999999999996,0.,0.866025403784441));
#3455=DIRECTION('ref_axis',(-0.866025403784441,0.,-0.499999999999996));
#3456=DIRECTION('center_axis',(-0.866025403784441,0.,-0.499999999999996));
#3457=DIRECTION('ref_axis',(-0.35355339059327,-0.70710678118655,0.612372435695794));
#3458=DIRECTION('',(0.866025403784441,0.,0.499999999999996));
#3459=DIRECTION('center_axis',(0.,0.,-1.));
#3460=DIRECTION('ref_axis',(2.60330291914301E-15,1.,0.));
#3461=DIRECTION('center_axis',(0.,-1.,0.));
#3462=DIRECTION('ref_axis',(-1.,0.,0.));
#3463=DIRECTION('center_axis',(0.,0.,1.));
#3464=DIRECTION('ref_axis',(2.60330291914301E-15,1.,0.));
#3465=DIRECTION('center_axis',(0.,0.,1.));
#3466=DIRECTION('ref_axis',(2.60330291914301E-15,1.,0.));
#3467=DIRECTION('center_axis',(0.,0.,1.));
#3468=DIRECTION('ref_axis',(2.60330291914301E-15,1.,0.));
#3469=DIRECTION('center_axis',(0.,0.,1.));
#3470=DIRECTION('ref_axis',(2.60330291914301E-15,1.,0.));
#3471=DIRECTION('center_axis',(0.,0.,1.));
#3472=DIRECTION('ref_axis',(-1.,0.,0.));
#3473=DIRECTION('center_axis',(0.,0.,1.));
#3474=DIRECTION('ref_axis',(-1.,0.,0.));
#3475=DIRECTION('center_axis',(0.86602540378444,0.,-0.499999999999997));
#3476=DIRECTION('ref_axis',(-0.353553390593275,-0.70710678118654,-0.612372435695802));
#3477=DIRECTION('',(0.86602540378444,0.,-0.499999999999997));
#3478=DIRECTION('',(-0.86602540378444,0.,0.499999999999997));
#3479=DIRECTION('center_axis',(-0.499999999999997,0.,-0.86602540378444));
#3480=DIRECTION('ref_axis',(0.86602540378444,0.,-0.499999999999997));
#3481=DIRECTION('',(-0.86602540378444,0.,0.499999999999997));
#3482=DIRECTION('center_axis',(-0.499999999999997,0.,-0.86602540378444));
#3483=DIRECTION('ref_axis',(-0.86602540378444,0.,0.499999999999997));
#3484=DIRECTION('center_axis',(0.86602540378444,0.,-0.499999999999997));
#3485=DIRECTION('ref_axis',(-0.353553390593272,0.70710678118655,-0.612372435695793));
#3486=DIRECTION('center_axis',(-0.707106781186548,0.,-0.707106781186547));
#3487=DIRECTION('ref_axis',(-0.5,0.707106781186547,0.500000000000001));
#3488=DIRECTION('center_axis',(0.,0.,-1.));
#3489=DIRECTION('ref_axis',(-1.,6.54205191118239E-17,0.));
#3490=DIRECTION('',(0.707106781186548,0.,0.707106781186547));
#3491=DIRECTION('center_axis',(-1.,0.,0.));
#3492=DIRECTION('ref_axis',(0.,6.5420519111824E-17,1.));
#3493=DIRECTION('center_axis',(-1.,0.,0.));
#3494=DIRECTION('ref_axis',(0.,2.61682076447296E-16,1.));
#3495=DIRECTION('',(-0.707106781186548,0.,-0.707106781186547));
#3496=DIRECTION('center_axis',(0.,1.,0.));
#3497=DIRECTION('ref_axis',(1.,0.,0.));
#3498=DIRECTION('',(0.,0.,1.));
#3499=DIRECTION('',(1.,0.,0.));
#3500=DIRECTION('center_axis',(1.,0.,0.));
#3501=DIRECTION('ref_axis',(0.,0.,1.));
#3502=DIRECTION('',(0.,0.,1.));
#3503=DIRECTION('',(0.,-1.,0.));
#3504=DIRECTION('center_axis',(0.707106781186548,0.,-0.707106781186547));
#3505=DIRECTION('ref_axis',(0.5,0.707106781186547,0.500000000000001));
#3506=DIRECTION('center_axis',(0.,0.,-1.));
#3507=DIRECTION('ref_axis',(1.,1.96261557335472E-16,0.));
#3508=DIRECTION('',(-0.707106781186548,0.,0.707106781186547));
#3509=DIRECTION('center_axis',(1.,0.,3.70074341541719E-16));
#3510=DIRECTION('ref_axis',(-3.70074341541719E-16,-1.30841038223648E-16,
1.));
#3511=DIRECTION('center_axis',(1.,0.,3.70074341541719E-16));
#3512=DIRECTION('ref_axis',(-3.70074341541719E-16,1.96261557335472E-16,
1.));
#3513=DIRECTION('',(0.707106781186548,0.,-0.707106781186547));
#3514=DIRECTION('center_axis',(1.,0.,0.));
#3515=DIRECTION('ref_axis',(0.,0.,1.));
#3516=DIRECTION('',(0.,0.,1.));
#3517=DIRECTION('',(0.,-1.,0.));
#3518=DIRECTION('',(0.,0.,-1.));
#3519=DIRECTION('center_axis',(0.,-1.,0.));
#3520=DIRECTION('ref_axis',(0.,0.,-1.));
#3521=DIRECTION('',(-1.,0.,0.));
#3522=DIRECTION('center_axis',(0.,0.,1.));
#3523=DIRECTION('ref_axis',(-1.,0.,0.));
#3524=DIRECTION('',(0.,0.,-1.));
#3525=DIRECTION('',(0.,0.,-1.));
#3526=DIRECTION('',(0.,0.,-1.));
#3527=DIRECTION('center_axis',(0.,0.,-1.));
#3528=DIRECTION('ref_axis',(-1.,0.,0.));
#3529=DIRECTION('center_axis',(0.,0.,-1.));
#3530=DIRECTION('ref_axis',(-1.,0.,0.));
#3531=DIRECTION('center_axis',(0.,0.,-1.));
#3532=DIRECTION('ref_axis',(-1.,0.,0.));
#3533=DIRECTION('center_axis',(0.,0.,-1.));
#3534=DIRECTION('ref_axis',(-1.,0.,0.));
#3535=DIRECTION('center_axis',(0.,0.,-1.));
#3536=DIRECTION('ref_axis',(-1.,0.,0.));
#3537=DIRECTION('',(0.,0.,1.));
#3538=DIRECTION('center_axis',(0.,0.,1.));
#3539=DIRECTION('ref_axis',(1.,0.,0.));
#3540=DIRECTION('',(1.,0.,0.));
#3541=DIRECTION('',(0.,1.,0.));
#3542=DIRECTION('',(-1.,0.,0.));
#3543=DIRECTION('',(0.,-1.,0.));
#3544=DIRECTION('',(1.,0.,0.));
#3545=DIRECTION('',(-1.,0.,0.));
#3546=DIRECTION('',(0.,1.,0.));
#3547=DIRECTION('center_axis',(-1.,0.,-3.70074341541719E-16));
#3548=DIRECTION('ref_axis',(3.70074341541719E-16,0.,-1.));
#3549=DIRECTION('',(-3.70074341541719E-16,0.,1.));
#3550=DIRECTION('',(0.,1.,0.));
#3551=DIRECTION('center_axis',(-1.,0.,-3.70074341541719E-16));
#3552=DIRECTION('ref_axis',(3.70074341541719E-16,0.,-1.));
#3553=DIRECTION('',(3.70074341541719E-16,0.,-1.));
#3554=DIRECTION('center_axis',(0.,-1.,0.));
#3555=DIRECTION('ref_axis',(0.,0.,-1.));
#3556=DIRECTION('center_axis',(0.,1.,0.));
#3557=DIRECTION('ref_axis',(1.,0.,0.));
#3558=DIRECTION('',(1.,0.,0.));
#3559=DIRECTION('center_axis',(0.,0.,1.));
#3560=DIRECTION('ref_axis',(1.,0.,0.));
#3561=DIRECTION('',(1.,0.,0.));
#3562=DIRECTION('center_axis',(0.,-1.,0.));
#3563=DIRECTION('ref_axis',(1.,0.,0.));
#3564=DIRECTION('center_axis',(0.,-1.,0.));
#3565=DIRECTION('ref_axis',(1.,0.,0.));
#3566=DIRECTION('',(0.,1.,0.));
#3567=DIRECTION('center_axis',(0.,1.,0.));
#3568=DIRECTION('ref_axis',(1.,0.,0.));
#3569=DIRECTION('center_axis',(0.,1.,0.));
#3570=DIRECTION('ref_axis',(1.,0.,0.));
#3571=DIRECTION('center_axis',(0.,-1.,0.));
#3572=DIRECTION('ref_axis',(1.,0.,0.));
#3573=DIRECTION('center_axis',(0.,-1.,0.));
#3574=DIRECTION('ref_axis',(1.,0.,0.));
#3575=DIRECTION('center_axis',(0.,-1.,0.));
#3576=DIRECTION('ref_axis',(1.,0.,0.));
#3577=DIRECTION('center_axis',(0.,-1.,0.));
#3578=DIRECTION('ref_axis',(1.,0.,0.));
#3579=DIRECTION('',(0.,1.,0.));
#3580=DIRECTION('center_axis',(0.,1.,0.));
#3581=DIRECTION('ref_axis',(1.,0.,0.));
#3582=DIRECTION('',(0.,-1.,0.));
#3583=DIRECTION('center_axis',(0.,-1.,0.));
#3584=DIRECTION('ref_axis',(1.,0.,0.));
#3585=DIRECTION('',(0.,1.,0.));
#3586=DIRECTION('center_axis',(0.,1.,0.));
#3587=DIRECTION('ref_axis',(1.,0.,0.));
#3588=DIRECTION('',(0.,1.,0.));
#3589=DIRECTION('center_axis',(0.,1.,0.));
#3590=DIRECTION('ref_axis',(1.,0.,0.));
#3591=DIRECTION('center_axis',(0.,1.,0.));
#3592=DIRECTION('ref_axis',(1.,0.,0.));
#3593=DIRECTION('',(0.,-1.,0.));
#3594=DIRECTION('center_axis',(0.,-1.,0.));
#3595=DIRECTION('ref_axis',(1.,0.,0.));
#3596=DIRECTION('center_axis',(0.,-1.,0.));
#3597=DIRECTION('ref_axis',(1.,0.,0.));
#3598=DIRECTION('center_axis',(0.,-1.,0.));
#3599=DIRECTION('ref_axis',(1.,0.,0.));
#3600=DIRECTION('center_axis',(0.,-1.,0.));
#3601=DIRECTION('ref_axis',(1.,0.,0.));
#3602=DIRECTION('center_axis',(0.,-1.,0.));
#3603=DIRECTION('ref_axis',(1.,0.,0.));
#3604=DIRECTION('center_axis',(0.,-1.,0.));
#3605=DIRECTION('ref_axis',(1.,0.,0.));
#3606=DIRECTION('',(0.,1.,0.));
#3607=DIRECTION('center_axis',(0.,1.,0.));
#3608=DIRECTION('ref_axis',(1.,0.,0.));
#3609=DIRECTION('',(0.,1.,0.));
#3610=DIRECTION('center_axis',(0.,1.,0.));
#3611=DIRECTION('ref_axis',(1.,0.,0.));
#3612=DIRECTION('center_axis',(0.,1.,0.));
#3613=DIRECTION('ref_axis',(1.,0.,0.));
#3614=DIRECTION('',(0.,-1.,0.));
#3615=DIRECTION('center_axis',(0.,-1.,0.));
#3616=DIRECTION('ref_axis',(1.,0.,0.));
#3617=DIRECTION('',(0.,1.,0.));
#3618=DIRECTION('center_axis',(0.,1.,0.));
#3619=DIRECTION('ref_axis',(1.,0.,0.));
#3620=DIRECTION('',(0.,-1.,0.));
#3621=DIRECTION('center_axis',(0.,-1.,0.));
#3622=DIRECTION('ref_axis',(1.,0.,0.));
#3623=DIRECTION('center_axis',(0.,-1.,0.));
#3624=DIRECTION('ref_axis',(1.,0.,0.));
#3625=DIRECTION('center_axis',(0.,1.,0.));
#3626=DIRECTION('ref_axis',(0.,0.,1.));
#3627=DIRECTION('center_axis',(-1.8503717077086E-16,0.,1.));
#3628=DIRECTION('ref_axis',(-1.,0.,-1.8503717077086E-16));
#3629=DIRECTION('center_axis',(0.,1.,0.));
#3630=DIRECTION('ref_axis',(-0.707106781186548,0.,0.707106781186548));
#3631=DIRECTION('center_axis',(-1.,0.,0.));
#3632=DIRECTION('ref_axis',(0.,-1.,0.));
#3633=DIRECTION('center_axis',(0.,-1.,0.));
#3634=DIRECTION('ref_axis',(-0.707106781186548,0.,0.707106781186548));
#3635=DIRECTION('center_axis',(-1.,0.,0.));
#3636=DIRECTION('ref_axis',(0.,-0.707106781186547,0.707106781186548));
#3637=DIRECTION('center_axis',(-1.,0.,0.));
#3638=DIRECTION('ref_axis',(0.,-1.,0.));
#3639=DIRECTION('',(1.,0.,0.));
#3640=DIRECTION('center_axis',(0.,1.,0.));
#3641=DIRECTION('ref_axis',(0.,0.,1.));
#3642=DIRECTION('center_axis',(-5.55111512312579E-16,0.,1.));
#3643=DIRECTION('ref_axis',(0.,-1.,0.));
#3644=DIRECTION('center_axis',(0.,-1.,0.));
#3645=DIRECTION('ref_axis',(0.707106781186547,0.,0.707106781186548));
#3646=DIRECTION('center_axis',(0.,1.,0.));
#3647=DIRECTION('ref_axis',(0.707106781186547,0.,0.707106781186548));
#3648=DIRECTION('center_axis',(-3.1720657846433E-16,0.,1.));
#3649=DIRECTION('ref_axis',(0.707106781186547,-0.707106781186548,5.23364152894592E-16));
#3650=DIRECTION('center_axis',(-1.8503717077086E-16,0.,1.));
#3651=DIRECTION('ref_axis',(0.,-1.,0.));
#3652=DIRECTION('',(-3.1720657846433E-16,0.,1.));
#3653=DIRECTION('',(3.1720657846433E-16,0.,-1.));
#3654=DIRECTION('center_axis',(0.,1.,0.));
#3655=DIRECTION('ref_axis',(0.,0.,1.));
#3656=DIRECTION('center_axis',(1.,0.,0.));
#3657=DIRECTION('ref_axis',(0.,-1.,0.));
#3658=DIRECTION('center_axis',(0.,-1.,0.));
#3659=DIRECTION('ref_axis',(0.707106781186548,0.,-0.707106781186547));
#3660=DIRECTION('center_axis',(0.,1.,0.));
#3661=DIRECTION('ref_axis',(0.707106781186548,0.,-0.707106781186547));
#3662=DIRECTION('center_axis',(1.,0.,1.38777878078145E-16));
#3663=DIRECTION('ref_axis',(0.,-0.707106781186548,-0.707106781186547));
#3664=DIRECTION('center_axis',(1.,0.,0.));
#3665=DIRECTION('ref_axis',(0.,-1.,0.));
#3666=DIRECTION('',(1.,0.,1.38777878078145E-16));
#3667=DIRECTION('',(-1.,0.,-1.38777878078145E-16));
#3668=DIRECTION('center_axis',(0.,1.,0.));
#3669=DIRECTION('ref_axis',(0.,0.,1.));
#3670=DIRECTION('center_axis',(9.25185853854296E-17,0.,-1.));
#3671=DIRECTION('ref_axis',(0.,-1.,0.));
#3672=DIRECTION('center_axis',(0.,-1.,0.));
#3673=DIRECTION('ref_axis',(-0.707106781186547,0.,-0.707106781186548));
#3674=DIRECTION('center_axis',(0.,1.,0.));
#3675=DIRECTION('ref_axis',(-0.707106781186547,0.,-0.707106781186548));
#3676=DIRECTION('center_axis',(0.,0.,-1.));
#3677=DIRECTION('ref_axis',(-0.707106781186547,-0.707106781186548,0.));
#3678=DIRECTION('',(0.,0.,1.));
#3679=DIRECTION('',(0.,0.,-1.));
#3680=DIRECTION('center_axis',(1.38777878078145E-16,0.,-1.));
#3681=DIRECTION('ref_axis',(-1.,0.,-1.38777878078145E-16));
#3682=DIRECTION('',(0.,-1.,0.));
#3683=DIRECTION('',(-1.,0.,-1.38777878078145E-16));
#3684=DIRECTION('',(0.,1.,0.));
#3685=DIRECTION('center_axis',(0.,1.,0.));
#3686=DIRECTION('ref_axis',(-0.707106781186548,0.,-0.707106781186548));
#3687=DIRECTION('',(0.,1.,0.));
#3688=DIRECTION('center_axis',(0.,1.,0.));
#3689=DIRECTION('ref_axis',(-0.707106781186547,0.,-0.707106781186548));
#3690=DIRECTION('center_axis',(-1.,0.,0.));
#3691=DIRECTION('ref_axis',(0.,0.,1.));
#3692=DIRECTION('',(0.,-1.,0.));
#3693=DIRECTION('',(0.,0.,1.));
#3694=DIRECTION('center_axis',(0.,1.,0.));
#3695=DIRECTION('ref_axis',(-0.707106781186548,0.,0.707106781186548));
#3696=DIRECTION('center_axis',(0.,1.,0.));
#3697=DIRECTION('ref_axis',(-0.707106781186548,0.,0.707106781186548));
#3698=DIRECTION('center_axis',(0.,1.,0.));
#3699=DIRECTION('ref_axis',(1.,0.,0.));
#3700=DIRECTION('center_axis',(0.,-1.,0.));
#3701=DIRECTION('ref_axis',(0.,0.,-1.));
#3702=DIRECTION('center_axis',(-5.55111512312579E-16,0.,1.));
#3703=DIRECTION('ref_axis',(1.,0.,5.55111512312579E-16));
#3704=DIRECTION('center_axis',(0.,-1.,0.));
#3705=DIRECTION('ref_axis',(0.707106781186547,0.,0.707106781186548));
#3706=DIRECTION('center_axis',(1.,0.,7.40148683083437E-16));
#3707=DIRECTION('ref_axis',(0.,1.,0.));
#3708=DIRECTION('center_axis',(0.,1.,0.));
#3709=DIRECTION('ref_axis',(0.707106781186547,0.,0.707106781186548));
#3710=DIRECTION('center_axis',(1.,0.,0.));
#3711=DIRECTION('ref_axis',(0.,0.707106781186547,0.707106781186548));
#3712=DIRECTION('center_axis',(1.,0.,-3.70074341541719E-16));
#3713=DIRECTION('ref_axis',(0.,1.,0.));
#3714=DIRECTION('',(-1.,0.,0.));
#3715=DIRECTION('center_axis',(3.1720657846433E-16,0.,-1.));
#3716=DIRECTION('ref_axis',(0.707106781186547,0.707106781186547,5.23364152894592E-16));
#3717=DIRECTION('center_axis',(-1.8503717077086E-16,0.,1.));
#3718=DIRECTION('ref_axis',(1.,0.,1.8503717077086E-16));
#3719=DIRECTION('',(-3.1720657846433E-16,0.,1.));
#3720=DIRECTION('',(3.1720657846433E-16,0.,-1.));
#3721=DIRECTION('center_axis',(0.,-1.,0.));
#3722=DIRECTION('ref_axis',(0.,0.,-1.));
#3723=DIRECTION('center_axis',(1.,0.,0.));
#3724=DIRECTION('ref_axis',(0.,0.,-1.));
#3725=DIRECTION('center_axis',(0.,-1.,0.));
#3726=DIRECTION('ref_axis',(0.707106781186548,0.,-0.707106781186547));
#3727=DIRECTION('center_axis',(0.,1.,0.));
#3728=DIRECTION('ref_axis',(0.707106781186548,0.,-0.707106781186547));
#3729=DIRECTION('center_axis',(-1.,0.,-1.38777878078145E-16));
#3730=DIRECTION('ref_axis',(0.,0.707106781186547,-0.707106781186547));
#3731=DIRECTION('center_axis',(1.,0.,0.));
#3732=DIRECTION('ref_axis',(0.,0.,-1.));
#3733=DIRECTION('',(1.,0.,1.38777878078145E-16));
#3734=DIRECTION('center_axis',(0.,-1.,0.));
#3735=DIRECTION('ref_axis',(0.,0.,-1.));
#3736=DIRECTION('center_axis',(9.25185853854296E-17,0.,-1.));
#3737=DIRECTION('ref_axis',(-1.,0.,-9.25185853854296E-17));
#3738=DIRECTION('center_axis',(0.,-1.,0.));
#3739=DIRECTION('ref_axis',(-0.707106781186547,0.,-0.707106781186548));
#3740=DIRECTION('center_axis',(0.,0.,1.));
#3741=DIRECTION('ref_axis',(-0.707106781186547,0.707106781186547,0.));
#3742=DIRECTION('center_axis',(0.,0.,-1.));
#3743=DIRECTION('ref_axis',(-1.,0.,0.));
#3744=DIRECTION('',(0.,0.,-1.));
#3745=DIRECTION('center_axis',(0.,-1.,0.));
#3746=DIRECTION('ref_axis',(0.,0.,-1.));
#3747=DIRECTION('center_axis',(-1.,0.,0.));
#3748=DIRECTION('ref_axis',(0.,0.,1.));
#3749=DIRECTION('center_axis',(0.,-1.,0.));
#3750=DIRECTION('ref_axis',(-0.707106781186548,0.,0.707106781186548));
#3751=DIRECTION('center_axis',(1.,0.,0.));
#3752=DIRECTION('ref_axis',(0.,0.707106781186547,0.707106781186548));
#3753=DIRECTION('center_axis',(-1.,0.,-3.70074341541719E-16));
#3754=DIRECTION('ref_axis',(-3.70074341541719E-16,0.,1.));
#3755=DIRECTION('',(-1.,0.,0.));
#3756=DIRECTION('',(1.,0.,0.));
#3757=DIRECTION('center_axis',(0.,1.,0.));
#3758=DIRECTION('ref_axis',(0.707106781186548,0.,-0.707106781186547));
#3759=DIRECTION('',(0.,-1.,0.));
#3760=DIRECTION('center_axis',(1.,0.,3.1720657846433E-16));
#3761=DIRECTION('ref_axis',(3.1720657846433E-16,0.,-1.));
#3762=DIRECTION('',(0.,1.,0.));
#3763=DIRECTION('center_axis',(0.,1.,0.));
#3764=DIRECTION('ref_axis',(0.707106781186547,0.,0.707106781186548));
#3765=DIRECTION('center_axis',(0.,-1.,0.));
#3766=DIRECTION('ref_axis',(0.,0.,-1.));
#3767=DIRECTION('center_axis',(0.,0.,1.));
#3768=DIRECTION('ref_axis',(1.,0.,0.));
#3769=DIRECTION('center_axis',(1.84328517776418E-13,0.,-1.));
#3770=DIRECTION('ref_axis',(-1.,0.,-1.84328517776418E-13));
#3771=DIRECTION('',(-1.,0.,-1.84328517776418E-13));
#3772=DIRECTION('',(0.,1.,0.));
#3773=DIRECTION('center_axis',(0.,1.,0.));
#3774=DIRECTION('ref_axis',(0.,0.,1.));
#3775=DIRECTION('',(1.,0.,1.84338360179118E-13));
#3776=DIRECTION('center_axis',(0.,-1.,0.));
#3777=DIRECTION('ref_axis',(1.,0.,0.));
#3778=DIRECTION('center_axis',(0.,1.,0.));
#3779=DIRECTION('ref_axis',(0.,0.,1.));
#3780=DIRECTION('',(-1.,0.,-1.84328517776418E-13));
#3781=DIRECTION('center_axis',(0.,-1.,0.));
#3782=DIRECTION('ref_axis',(1.,0.,0.));
#3783=DIRECTION('center_axis',(0.,-1.,0.));
#3784=DIRECTION('ref_axis',(1.,0.,0.));
#3785=DIRECTION('',(1.,0.,1.84338360179118E-13));
#3786=DIRECTION('center_axis',(-1.84338360179118E-13,0.,1.));
#3787=DIRECTION('ref_axis',(1.,0.,1.84338360179118E-13));
#3788=DIRECTION('',(0.,-1.,0.));
#3789=DIRECTION('center_axis',(-1.84338360179118E-13,0.,1.));
#3790=DIRECTION('ref_axis',(1.,0.,1.84338360179118E-13));
#3791=DIRECTION('',(0.,1.,0.));
#3792=DIRECTION('center_axis',(1.84328517776418E-13,0.,-1.));
#3793=DIRECTION('ref_axis',(-1.,0.,-1.84328517776418E-13));
#3794=DIRECTION('',(0.,-1.,0.));
#3795=DIRECTION('center_axis',(0.,1.,0.));
#3796=DIRECTION('ref_axis',(1.,0.,0.));
#3797=DIRECTION('center_axis',(0.,1.,0.));
#3798=DIRECTION('ref_axis',(1.,0.,0.));
#3799=DIRECTION('center_axis',(0.,-1.,0.));
#3800=DIRECTION('ref_axis',(1.,0.,0.));
#3801=DIRECTION('center_axis',(0.,1.,0.));
#3802=DIRECTION('ref_axis',(1.,0.,0.));
#3803=DIRECTION('center_axis',(0.,-1.,0.));
#3804=DIRECTION('ref_axis',(1.,0.,0.));
#3805=DIRECTION('center_axis',(0.,1.,0.));
#3806=DIRECTION('ref_axis',(1.,0.,0.));
#3807=DIRECTION('center_axis',(0.,1.,0.));
#3808=DIRECTION('ref_axis',(1.,0.,0.));
#3809=DIRECTION('center_axis',(7.92313417396499E-15,0.,-1.));
#3810=DIRECTION('ref_axis',(-1.,0.,-7.92313417396499E-15));
#3811=DIRECTION('',(-1.,0.,-7.92313417396499E-15));
#3812=DIRECTION('',(0.,1.,0.));
#3813=DIRECTION('center_axis',(0.,1.,0.));
#3814=DIRECTION('ref_axis',(0.,0.,1.));
#3815=DIRECTION('',(1.,0.,7.98218859016846E-15));
#3816=DIRECTION('center_axis',(0.,-1.,0.));
#3817=DIRECTION('ref_axis',(1.,0.,0.));
#3818=DIRECTION('center_axis',(0.,1.,0.));
#3819=DIRECTION('ref_axis',(0.,0.,1.));
#3820=DIRECTION('',(-1.,0.,-7.92313417396499E-15));
#3821=DIRECTION('center_axis',(0.,-1.,0.));
#3822=DIRECTION('ref_axis',(1.,0.,0.));
#3823=DIRECTION('center_axis',(0.,-1.,0.));
#3824=DIRECTION('ref_axis',(1.,0.,0.));
#3825=DIRECTION('',(1.,0.,7.98218859016846E-15));
#3826=DIRECTION('center_axis',(-7.98218859016846E-15,0.,1.));
#3827=DIRECTION('ref_axis',(1.,0.,7.98218859016846E-15));
#3828=DIRECTION('',(0.,-1.,0.));
#3829=DIRECTION('center_axis',(-7.98218859016846E-15,0.,1.));
#3830=DIRECTION('ref_axis',(1.,0.,7.98218859016846E-15));
#3831=DIRECTION('',(0.,1.,0.));
#3832=DIRECTION('center_axis',(7.92313417396499E-15,0.,-1.));
#3833=DIRECTION('ref_axis',(-1.,0.,-7.92313417396499E-15));
#3834=DIRECTION('',(0.,-1.,0.));
#3835=DIRECTION('center_axis',(0.,1.,0.));
#3836=DIRECTION('ref_axis',(1.,0.,0.));
#3837=DIRECTION('center_axis',(0.,1.,0.));
#3838=DIRECTION('ref_axis',(1.,0.,0.));
#3839=DIRECTION('center_axis',(0.,-1.,0.));
#3840=DIRECTION('ref_axis',(1.,0.,0.));
#3841=DIRECTION('center_axis',(0.,1.,0.));
#3842=DIRECTION('ref_axis',(1.,0.,0.));
#3843=DIRECTION('center_axis',(0.,-1.,0.));
#3844=DIRECTION('ref_axis',(1.,0.,0.));
#3845=DIRECTION('center_axis',(0.,1.,0.));
#3846=DIRECTION('ref_axis',(1.,0.,0.));
#3847=DIRECTION('center_axis',(0.,1.,0.));
#3848=DIRECTION('ref_axis',(1.,0.,0.));
#3849=DIRECTION('center_axis',(0.,1.,0.));
#3850=DIRECTION('ref_axis',(1.,0.,0.));
#3851=DIRECTION('center_axis',(0.,1.,0.));
#3852=DIRECTION('ref_axis',(1.,0.,0.));
#3853=DIRECTION('center_axis',(0.,-1.,0.));
#3854=DIRECTION('ref_axis',(1.,0.,0.));
#3855=DIRECTION('',(0.,1.,0.));
#3856=DIRECTION('center_axis',(0.,-1.,0.));
#3857=DIRECTION('ref_axis',(1.,0.,0.));
#3858=DIRECTION('center_axis',(0.,-1.,0.));
#3859=DIRECTION('ref_axis',(1.,0.,0.));
#3860=DIRECTION('',(0.,1.,0.));
#3861=DIRECTION('center_axis',(0.,-1.,0.));
#3862=DIRECTION('ref_axis',(1.,0.,0.));
#3863=DIRECTION('center_axis',(0.,1.,0.));
#3864=DIRECTION('ref_axis',(1.,0.,0.));
#3865=DIRECTION('center_axis',(0.,1.,0.));
#3866=DIRECTION('ref_axis',(0.,0.,1.));
#3867=DIRECTION('center_axis',(0.,1.,0.));
#3868=DIRECTION('ref_axis',(1.,0.,0.));
#3869=CARTESIAN_POINT('',(0.,0.,0.));
#3870=CARTESIAN_POINT('Ctrl Pts',(-11.7980577221836,3.,72.595925692475));
#3871=CARTESIAN_POINT('Ctrl Pts',(-11.7980577221836,6.3,72.595925692475));
#3872=CARTESIAN_POINT('Ctrl Pts',(-11.6877647127435,3.,72.6384366635443));
#3873=CARTESIAN_POINT('Ctrl Pts',(-11.6877647127435,6.3,72.6384366635443));
#3874=CARTESIAN_POINT('Ctrl Pts',(-11.5075767448073,3.,72.6508532183132));
#3875=CARTESIAN_POINT('Ctrl Pts',(-11.5075767448073,6.3,72.6508532183132));
#3876=CARTESIAN_POINT('Ctrl Pts',(-10.8516645845696,3.,72.6611413500271));
#3877=CARTESIAN_POINT('Ctrl Pts',(-10.8516645845696,6.3,72.6611413500271));
#3878=CARTESIAN_POINT('',(-10.8516645845696,6.,72.6611413500271));
#3879=CARTESIAN_POINT('',(-11.7980577221836,6.,72.595925692475));
#3880=CARTESIAN_POINT('Ctrl Pts',(-10.8516645845696,6.,72.6611413500271));
#3881=CARTESIAN_POINT('Ctrl Pts',(-11.5075767448073,6.,72.6508532183132));
#3882=CARTESIAN_POINT('Ctrl Pts',(-11.6877647127435,6.,72.6384366635443));
#3883=CARTESIAN_POINT('Ctrl Pts',(-11.7980577221836,6.,72.595925692475));
#3884=CARTESIAN_POINT('',(-10.8516645845696,3.,72.6611413500271));
#3885=CARTESIAN_POINT('',(-10.8516645845696,3.,72.6611413500271));
#3886=CARTESIAN_POINT('',(-11.7980577221836,3.,72.595925692475));
#3887=CARTESIAN_POINT('Ctrl Pts',(-11.7980577221836,3.,72.595925692475));
#3888=CARTESIAN_POINT('Ctrl Pts',(-11.6877647127435,3.,72.6384366635443));
#3889=CARTESIAN_POINT('Ctrl Pts',(-11.5075767448073,3.,72.6508532183132));
#3890=CARTESIAN_POINT('Ctrl Pts',(-10.8516645845696,3.,72.6611413500271));
#3891=CARTESIAN_POINT('',(-11.7980577221836,3.,72.595925692475));
#3892=CARTESIAN_POINT('Ctrl Pts',(-12.4606438936517,3.,71.933178032156));
#3893=CARTESIAN_POINT('Ctrl Pts',(-12.4606438936517,6.3,71.933178032156));
#3894=CARTESIAN_POINT('Ctrl Pts',(-12.3465901318515,3.,72.2300009996853));
#3895=CARTESIAN_POINT('Ctrl Pts',(-12.3465901318515,6.3,72.2300009996853));
#3896=CARTESIAN_POINT('Ctrl Pts',(-12.0952915173496,3.,72.4813609799506));
#3897=CARTESIAN_POINT('Ctrl Pts',(-12.0952915173496,6.3,72.4813609799506));
#3898=CARTESIAN_POINT('Ctrl Pts',(-11.7980577221836,3.,72.595925692475));
#3899=CARTESIAN_POINT('Ctrl Pts',(-11.7980577221836,6.3,72.595925692475));
#3900=CARTESIAN_POINT('',(-12.4606438936517,6.,71.933178032156));
#3901=CARTESIAN_POINT('Ctrl Pts',(-11.7980577221836,6.,72.595925692475));
#3902=CARTESIAN_POINT('Ctrl Pts',(-12.0952915173496,6.,72.4813609799506));
#3903=CARTESIAN_POINT('Ctrl Pts',(-12.3465901318515,6.,72.2300009996853));
#3904=CARTESIAN_POINT('Ctrl Pts',(-12.4606438936517,6.,71.933178032156));
#3905=CARTESIAN_POINT('',(-12.4606438936517,3.,71.933178032156));
#3906=CARTESIAN_POINT('Ctrl Pts',(-12.4606438936517,3.,71.933178032156));
#3907=CARTESIAN_POINT('Ctrl Pts',(-12.3465901318515,3.,72.2300009996853));
#3908=CARTESIAN_POINT('Ctrl Pts',(-12.0952915173496,3.,72.4813609799506));
#3909=CARTESIAN_POINT('Ctrl Pts',(-11.7980577221836,3.,72.595925692475));
#3910=CARTESIAN_POINT('',(-12.4606438936517,3.,71.933178032156));
#3911=CARTESIAN_POINT('Ctrl Pts',(-12.5033053723301,3.,70.0348791735134));
#3912=CARTESIAN_POINT('Ctrl Pts',(-12.5033053723301,6.3,70.0348791735134));
#3913=CARTESIAN_POINT('Ctrl Pts',(-12.5586521232252,3.,70.3915918962917));
#3914=CARTESIAN_POINT('Ctrl Pts',(-12.5586521232252,6.3,70.3915918962917));
#3915=CARTESIAN_POINT('Ctrl Pts',(-12.5279434033359,3.,71.7580356218777));
#3916=CARTESIAN_POINT('Ctrl Pts',(-12.5279434033359,6.3,71.7580356218777));
#3917=CARTESIAN_POINT('Ctrl Pts',(-12.4606438936517,3.,71.933178032156));
#3918=CARTESIAN_POINT('Ctrl Pts',(-12.4606438936517,6.3,71.933178032156));
#3919=CARTESIAN_POINT('',(-12.5033053723301,6.,70.0348791735134));
#3920=CARTESIAN_POINT('Ctrl Pts',(-12.4606438936517,6.,71.933178032156));
#3921=CARTESIAN_POINT('Ctrl Pts',(-12.5279434033359,6.,71.7580356218777));
#3922=CARTESIAN_POINT('Ctrl Pts',(-12.5586521232252,6.,70.3915918962917));
#3923=CARTESIAN_POINT('Ctrl Pts',(-12.5033053723301,6.,70.0348791735134));
#3924=CARTESIAN_POINT('',(-12.5033053723301,3.,70.0348791735134));
#3925=CARTESIAN_POINT('Ctrl Pts',(-12.5033053723301,3.,70.0348791735134));
#3926=CARTESIAN_POINT('Ctrl Pts',(-12.5586521232252,3.,70.3915918962917));
#3927=CARTESIAN_POINT('Ctrl Pts',(-12.5279434033359,3.,71.7580356218777));
#3928=CARTESIAN_POINT('Ctrl Pts',(-12.4606438936517,3.,71.933178032156));
#3929=CARTESIAN_POINT('',(-12.5033053723301,3.,70.0348791735134));
#3930=CARTESIAN_POINT('Ctrl Pts',(-11.8493762951816,3.,69.1659457781277));
#3931=CARTESIAN_POINT('Ctrl Pts',(-11.8493762951816,6.3,69.1659457781277));
#3932=CARTESIAN_POINT('Ctrl Pts',(-12.200883263362,3.,69.3104511695665));
#3933=CARTESIAN_POINT('Ctrl Pts',(-12.200883263362,6.3,69.3104511695665));
#3934=CARTESIAN_POINT('Ctrl Pts',(-12.4402588330234,3.,69.628531237519));
#3935=CARTESIAN_POINT('Ctrl Pts',(-12.4402588330234,6.3,69.628531237519));
#3936=CARTESIAN_POINT('Ctrl Pts',(-12.5033053723301,3.,70.0348791735134));
#3937=CARTESIAN_POINT('Ctrl Pts',(-12.5033053723301,6.3,70.0348791735134));
#3938=CARTESIAN_POINT('',(-11.8493762951816,6.,69.1659457781277));
#3939=CARTESIAN_POINT('Ctrl Pts',(-12.5033053723301,6.,70.0348791735134));
#3940=CARTESIAN_POINT('Ctrl Pts',(-12.4402588330234,6.,69.628531237519));
#3941=CARTESIAN_POINT('Ctrl Pts',(-12.200883263362,6.,69.3104511695665));
#3942=CARTESIAN_POINT('Ctrl Pts',(-11.8493762951816,6.,69.1659457781277));
#3943=CARTESIAN_POINT('',(-11.8493762951816,3.,69.1659457781277));
#3944=CARTESIAN_POINT('Ctrl Pts',(-11.8493762951816,3.,69.1659457781277));
#3945=CARTESIAN_POINT('Ctrl Pts',(-12.200883263362,3.,69.3104511695665));
#3946=CARTESIAN_POINT('Ctrl Pts',(-12.4402588330234,3.,69.628531237519));
#3947=CARTESIAN_POINT('Ctrl Pts',(-12.5033053723301,3.,70.0348791735134));
#3948=CARTESIAN_POINT('',(-11.8493762951816,3.,69.1659457781277));
#3949=CARTESIAN_POINT('Ctrl Pts',(-10.7360450268711,3.,69.0880913571479));
#3950=CARTESIAN_POINT('Ctrl Pts',(-10.7360450268711,6.3,69.0880913571479));
#3951=CARTESIAN_POINT('Ctrl Pts',(-11.6433643221185,3.,69.088827746308));
#3952=CARTESIAN_POINT('Ctrl Pts',(-11.6433643221185,6.3,69.088827746308));
#3953=CARTESIAN_POINT('Ctrl Pts',(-11.6655671012526,3.,69.0903819150092));
#3954=CARTESIAN_POINT('Ctrl Pts',(-11.6655671012526,6.3,69.0903819150092));
#3955=CARTESIAN_POINT('Ctrl Pts',(-11.8493762951816,3.,69.1659457781277));
#3956=CARTESIAN_POINT('Ctrl Pts',(-11.8493762951816,6.3,69.1659457781277));
#3957=CARTESIAN_POINT('',(-10.7360450268711,6.,69.0880913571479));
#3958=CARTESIAN_POINT('Ctrl Pts',(-11.8493762951816,6.,69.1659457781277));
#3959=CARTESIAN_POINT('Ctrl Pts',(-11.6655671012526,6.,69.0903819150092));
#3960=CARTESIAN_POINT('Ctrl Pts',(-11.6433643221185,6.,69.088827746308));
#3961=CARTESIAN_POINT('Ctrl Pts',(-10.7360450268711,6.,69.0880913571479));
#3962=CARTESIAN_POINT('',(-10.7360450268711,3.,69.0880913571479));
#3963=CARTESIAN_POINT('Ctrl Pts',(-10.7360450268711,3.,69.0880913571479));
#3964=CARTESIAN_POINT('Ctrl Pts',(-11.6433643221185,3.,69.088827746308));
#3965=CARTESIAN_POINT('Ctrl Pts',(-11.6655671012526,3.,69.0903819150092));
#3966=CARTESIAN_POINT('Ctrl Pts',(-11.8493762951816,3.,69.1659457781277));
#3967=CARTESIAN_POINT('',(-10.7360450268711,3.,69.0880913571479));
#3968=CARTESIAN_POINT('Ctrl Pts',(-9.62708170899997,3.,69.1558753333848));
#3969=CARTESIAN_POINT('Ctrl Pts',(-9.62708170899997,6.3,69.1558753333848));
#3970=CARTESIAN_POINT('Ctrl Pts',(-9.79970166342706,3.,69.0912901283067));
#3971=CARTESIAN_POINT('Ctrl Pts',(-9.79970166342706,6.3,69.0912901283067));
#3972=CARTESIAN_POINT('Ctrl Pts',(-9.8636344535475,3.,69.0873820981147));
#3973=CARTESIAN_POINT('Ctrl Pts',(-9.8636344535475,6.3,69.0873820981147));
#3974=CARTESIAN_POINT('Ctrl Pts',(-10.7360450268711,3.,69.0880913571479));
#3975=CARTESIAN_POINT('Ctrl Pts',(-10.7360450268711,6.3,69.0880913571479));
#3976=CARTESIAN_POINT('',(-9.62708170899997,6.,69.1558753333848));
#3977=CARTESIAN_POINT('Ctrl Pts',(-10.7360450268711,6.,69.0880913571479));
#3978=CARTESIAN_POINT('Ctrl Pts',(-9.8636344535475,6.,69.0873820981147));
#3979=CARTESIAN_POINT('Ctrl Pts',(-9.79970166342706,6.,69.0912901283067));
#3980=CARTESIAN_POINT('Ctrl Pts',(-9.62708170899997,6.,69.1558753333848));
#3981=CARTESIAN_POINT('',(-9.62708170899997,3.,69.1558753333848));
#3982=CARTESIAN_POINT('Ctrl Pts',(-9.62708170899997,3.,69.1558753333848));
#3983=CARTESIAN_POINT('Ctrl Pts',(-9.79970166342706,3.,69.0912901283067));
#3984=CARTESIAN_POINT('Ctrl Pts',(-9.8636344535475,3.,69.0873820981147));
#3985=CARTESIAN_POINT('Ctrl Pts',(-10.7360450268711,3.,69.0880913571479));
#3986=CARTESIAN_POINT('',(-9.62708170899997,3.,69.1558753333848));
#3987=CARTESIAN_POINT('Ctrl Pts',(-9.01909427206964,3.,69.7666397325955));
#3988=CARTESIAN_POINT('Ctrl Pts',(-9.01909427206964,6.3,69.7666397325955));
#3989=CARTESIAN_POINT('Ctrl Pts',(-9.1144450411126,3.,69.5117928850613));
#3990=CARTESIAN_POINT('Ctrl Pts',(-9.1144450411126,6.3,69.5117928850613));
#3991=CARTESIAN_POINT('Ctrl Pts',(-9.37477282024672,3.,69.2502765479844));
#3992=CARTESIAN_POINT('Ctrl Pts',(-9.37477282024672,6.3,69.2502765479844));
#3993=CARTESIAN_POINT('Ctrl Pts',(-9.62708170899997,3.,69.1558753333848));
#3994=CARTESIAN_POINT('Ctrl Pts',(-9.62708170899997,6.3,69.1558753333848));
#3995=CARTESIAN_POINT('',(-9.01909427206964,6.,69.7666397325955));
#3996=CARTESIAN_POINT('Ctrl Pts',(-9.62708170899997,6.,69.1558753333848));
#3997=CARTESIAN_POINT('Ctrl Pts',(-9.37477282024672,6.,69.2502765479844));
#3998=CARTESIAN_POINT('Ctrl Pts',(-9.1144450411126,6.,69.5117928850613));
#3999=CARTESIAN_POINT('Ctrl Pts',(-9.01909427206964,6.,69.7666397325955));
#4000=CARTESIAN_POINT('',(-9.01909427206964,3.,69.7666397325955));
#4001=CARTESIAN_POINT('Ctrl Pts',(-9.01909427206964,3.,69.7666397325955));
#4002=CARTESIAN_POINT('Ctrl Pts',(-9.1144450411126,3.,69.5117928850613));
#4003=CARTESIAN_POINT('Ctrl Pts',(-9.37477282024672,3.,69.2502765479844));
#4004=CARTESIAN_POINT('Ctrl Pts',(-9.62708170899997,3.,69.1558753333848));
#4005=CARTESIAN_POINT('',(-9.01909427206964,3.,69.7666397325955));
#4006=CARTESIAN_POINT('Ctrl Pts',(-8.95848040081313,3.,70.9231395545762));
#4007=CARTESIAN_POINT('Ctrl Pts',(-8.95848040081313,6.3,70.9231395545762));
#4008=CARTESIAN_POINT('Ctrl Pts',(-8.94923290325454,3.,69.9881843492947));
#4009=CARTESIAN_POINT('Ctrl Pts',(-8.94923290325454,6.3,69.9881843492947));
#4010=CARTESIAN_POINT('Ctrl Pts',(-8.95135551271092,3.,69.9476881131293));
#4011=CARTESIAN_POINT('Ctrl Pts',(-8.95135551271092,6.3,69.9476881131293));
#4012=CARTESIAN_POINT('Ctrl Pts',(-9.01909427206964,3.,69.7666397325955));
#4013=CARTESIAN_POINT('Ctrl Pts',(-9.01909427206964,6.3,69.7666397325955));
#4014=CARTESIAN_POINT('',(-8.95848040081313,6.,70.9231395545762));
#4015=CARTESIAN_POINT('Ctrl Pts',(-9.01909427206964,6.,69.7666397325955));
#4016=CARTESIAN_POINT('Ctrl Pts',(-8.95135551271092,6.,69.9476881131293));
#4017=CARTESIAN_POINT('Ctrl Pts',(-8.94923290325454,6.,69.9881843492947));
#4018=CARTESIAN_POINT('Ctrl Pts',(-8.95848040081313,6.,70.9231395545762));
#4019=CARTESIAN_POINT('',(-8.95848040081313,3.,70.9231395545762));
#4020=CARTESIAN_POINT('Ctrl Pts',(-8.95848040081313,3.,70.9231395545762));
#4021=CARTESIAN_POINT('Ctrl Pts',(-8.94923290325454,3.,69.9881843492947));
#4022=CARTESIAN_POINT('Ctrl Pts',(-8.95135551271092,3.,69.9476881131293));
#4023=CARTESIAN_POINT('Ctrl Pts',(-9.01909427206964,3.,69.7666397325955));
#4024=CARTESIAN_POINT('',(-8.95848040081313,3.,70.9231395545762));
#4025=CARTESIAN_POINT('Origin',(-8.96806379518162,3.,71.8920216295681));
#4026=CARTESIAN_POINT('',(-8.96806379518162,6.,71.8920216295681));
#4027=CARTESIAN_POINT('',(-8.95148661877014,6.,70.2160675300615));
#4028=CARTESIAN_POINT('',(-8.96806379518162,3.,71.8920216295681));
#4029=CARTESIAN_POINT('',(-8.95148661877014,3.,70.2160675300615));
#4030=CARTESIAN_POINT('',(-8.96806379518162,3.,71.8920216295681));
#4031=CARTESIAN_POINT('Origin',(-9.05191268230728,3.,72.0504783658148));
#4032=CARTESIAN_POINT('',(-9.05191268230728,6.,72.0504783658148));
#4033=CARTESIAN_POINT('',(-8.74880573592914,6.,71.477670078153));
#4034=CARTESIAN_POINT('',(-9.05191268230728,3.,72.0504783658148));
#4035=CARTESIAN_POINT('',(-8.74880573592914,3.,71.477670078153));
#4036=CARTESIAN_POINT('',(-9.05191268230728,3.,72.0504783658148));
#4037=CARTESIAN_POINT('Ctrl Pts',(-9.53930670493097,3.,72.5420807878933));
#4038=CARTESIAN_POINT('Ctrl Pts',(-9.53930670493097,6.3,72.5420807878933));
#4039=CARTESIAN_POINT('Ctrl Pts',(-9.36602012452733,3.,72.4581944353542));
#4040=CARTESIAN_POINT('Ctrl Pts',(-9.36602012452733,6.3,72.4581944353542));
#4041=CARTESIAN_POINT('Ctrl Pts',(-9.1550691764479,3.,72.2454212470811));
#4042=CARTESIAN_POINT('Ctrl Pts',(-9.1550691764479,6.3,72.2454212470811));
#4043=CARTESIAN_POINT('Ctrl Pts',(-9.05191268230728,3.,72.0504783658148));
#4044=CARTESIAN_POINT('Ctrl Pts',(-9.05191268230728,6.3,72.0504783658148));
#4045=CARTESIAN_POINT('',(-9.53930670493097,6.,72.5420807878933));
#4046=CARTESIAN_POINT('Ctrl Pts',(-9.05191268230728,6.,72.0504783658148));
#4047=CARTESIAN_POINT('Ctrl Pts',(-9.1550691764479,6.,72.2454212470811));
#4048=CARTESIAN_POINT('Ctrl Pts',(-9.36602012452733,6.,72.4581944353542));
#4049=CARTESIAN_POINT('Ctrl Pts',(-9.53930670493097,6.,72.5420807878933));
#4050=CARTESIAN_POINT('',(-9.53930670493097,3.,72.5420807878933));
#4051=CARTESIAN_POINT('Ctrl Pts',(-9.53930670493097,3.,72.5420807878933));
#4052=CARTESIAN_POINT('Ctrl Pts',(-9.36602012452733,3.,72.4581944353542));
#4053=CARTESIAN_POINT('Ctrl Pts',(-9.1550691764479,3.,72.2454212470811));
#4054=CARTESIAN_POINT('Ctrl Pts',(-9.05191268230728,3.,72.0504783658148));
#4055=CARTESIAN_POINT('',(-9.53930670493097,3.,72.5420807878933));
#4056=CARTESIAN_POINT('Ctrl Pts',(-10.8516645845696,3.,72.6611413500271));
#4057=CARTESIAN_POINT('Ctrl Pts',(-10.8516645845696,6.3,72.6611413500271));
#4058=CARTESIAN_POINT('Ctrl Pts',(-9.99974500856052,3.,72.6745035835069));
#4059=CARTESIAN_POINT('Ctrl Pts',(-9.99974500856052,6.3,72.6745035835069));
#4060=CARTESIAN_POINT('Ctrl Pts',(-9.76975517091404,3.,72.6536385780137));
#4061=CARTESIAN_POINT('Ctrl Pts',(-9.76975517091404,6.3,72.6536385780137));
#4062=CARTESIAN_POINT('Ctrl Pts',(-9.53930670493097,3.,72.5420807878933));
#4063=CARTESIAN_POINT('Ctrl Pts',(-9.53930670493097,6.3,72.5420807878933));
#4064=CARTESIAN_POINT('Ctrl Pts',(-9.53930670493097,6.,72.5420807878933));
#4065=CARTESIAN_POINT('Ctrl Pts',(-9.76975517091404,6.,72.6536385780137));
#4066=CARTESIAN_POINT('Ctrl Pts',(-9.99974500856052,6.,72.6745035835069));
#4067=CARTESIAN_POINT('Ctrl Pts',(-10.8516645845696,6.,72.6611413500271));
#4068=CARTESIAN_POINT('Ctrl Pts',(-10.8516645845696,3.,72.6611413500271));
#4069=CARTESIAN_POINT('Ctrl Pts',(-9.99974500856052,3.,72.6745035835069));
#4070=CARTESIAN_POINT('Ctrl Pts',(-9.76975517091404,3.,72.6536385780137));
#4071=CARTESIAN_POINT('Ctrl Pts',(-9.53930670493097,3.,72.5420807878933));
#4072=CARTESIAN_POINT('Origin',(-4.90041931479426,3.,66.4205771766466));
#4073=CARTESIAN_POINT('',(-4.72142765626561,6.,66.504494535045));
#4074=CARTESIAN_POINT('',(-4.90041931479426,6.,66.4205771766466));
#4075=CARTESIAN_POINT('',(-7.81689222157205,6.,65.0532357921974));
#4076=CARTESIAN_POINT('',(-4.72142765626561,3.,66.504494535045));
#4077=CARTESIAN_POINT('',(-4.72142765626561,3.,66.504494535045));
#4078=CARTESIAN_POINT('',(-4.90041931479426,3.,66.4205771766466));
#4079=CARTESIAN_POINT('',(-7.81689222157205,3.,65.0532357921974));
#4080=CARTESIAN_POINT('',(-4.90041931479426,3.,66.4205771766466));
#4081=CARTESIAN_POINT('Ctrl Pts',(-5.42547770509374,3.,65.9113653643093));
#4082=CARTESIAN_POINT('Ctrl Pts',(-5.42547770509374,6.3,65.9113653643093));
#4083=CARTESIAN_POINT('Ctrl Pts',(-5.30776137615494,3.,66.1347819597683));
#4084=CARTESIAN_POINT('Ctrl Pts',(-5.30776137615494,6.3,66.1347819597683));
#4085=CARTESIAN_POINT('Ctrl Pts',(-5.1184964428867,3.,66.3183353553575));
#4086=CARTESIAN_POINT('Ctrl Pts',(-5.1184964428867,6.3,66.3183353553575));
#4087=CARTESIAN_POINT('Ctrl Pts',(-4.90041931479426,3.,66.4205771766466));
#4088=CARTESIAN_POINT('Ctrl Pts',(-4.90041931479426,6.3,66.4205771766466));
#4089=CARTESIAN_POINT('',(-5.42547770509374,6.,65.9113653643093));
#4090=CARTESIAN_POINT('Ctrl Pts',(-4.90041931479426,6.,66.4205771766466));
#4091=CARTESIAN_POINT('Ctrl Pts',(-5.1184964428867,6.,66.3183353553575));
#4092=CARTESIAN_POINT('Ctrl Pts',(-5.30776137615494,6.,66.1347819597683));
#4093=CARTESIAN_POINT('Ctrl Pts',(-5.42547770509374,6.,65.9113653643093));
#4094=CARTESIAN_POINT('',(-5.42547770509374,3.,65.9113653643093));
#4095=CARTESIAN_POINT('Ctrl Pts',(-5.42547770509374,3.,65.9113653643093));
#4096=CARTESIAN_POINT('Ctrl Pts',(-5.30776137615494,3.,66.1347819597683));
#4097=CARTESIAN_POINT('Ctrl Pts',(-5.1184964428867,3.,66.3183353553575));
#4098=CARTESIAN_POINT('Ctrl Pts',(-4.90041931479426,3.,66.4205771766466));
#4099=CARTESIAN_POINT('',(-5.42547770509374,3.,65.9113653643093));
#4100=CARTESIAN_POINT('Origin',(-5.51371133749933,3.,65.7439040097358));
#4101=CARTESIAN_POINT('',(-5.51371133749933,6.,65.7439040097358));
#4102=CARTESIAN_POINT('',(-5.75770524542688,6.,65.2808203848724));
#4103=CARTESIAN_POINT('',(-5.51371133749933,3.,65.7439040097358));
#4104=CARTESIAN_POINT('',(-5.75770524542688,3.,65.2808203848724));
#4105=CARTESIAN_POINT('',(-5.51371133749933,3.,65.7439040097358));
#4106=CARTESIAN_POINT('Origin',(-5.51371133749933,3.,64.7297811561387));
#4107=CARTESIAN_POINT('',(-5.51371133749933,6.,64.7297811561387));
#4108=CARTESIAN_POINT('',(-5.51371133749933,6.,66.6148905780694));
#4109=CARTESIAN_POINT('',(-5.51371133749933,3.,64.7297811561387));
#4110=CARTESIAN_POINT('',(-5.51371133749933,3.,66.6148905780694));
#4111=CARTESIAN_POINT('',(-5.51371133749933,3.,64.7297811561387));
#4112=CARTESIAN_POINT('Ctrl Pts',(-5.44225445883722,3.,63.5706529416205));
#4113=CARTESIAN_POINT('Ctrl Pts',(-5.44225445883722,6.3,63.5706529416205));
#4114=CARTESIAN_POINT('Ctrl Pts',(-5.51189232708267,3.,63.7119686052761));
#4115=CARTESIAN_POINT('Ctrl Pts',(-5.51189232708267,6.3,63.7119686052761));
#4116=CARTESIAN_POINT('Ctrl Pts',(-5.51371133749933,3.,63.7414655128282));
#4117=CARTESIAN_POINT('Ctrl Pts',(-5.51371133749933,6.3,63.7414655128282));
#4118=CARTESIAN_POINT('Ctrl Pts',(-5.51371133749933,3.,64.7297811561387));
#4119=CARTESIAN_POINT('Ctrl Pts',(-5.51371133749933,6.3,64.7297811561387));
#4120=CARTESIAN_POINT('',(-5.44225445883722,6.,63.5706529416205));
#4121=CARTESIAN_POINT('Ctrl Pts',(-5.51371133749933,6.,64.7297811561387));
#4122=CARTESIAN_POINT('Ctrl Pts',(-5.51371133749933,6.,63.7414655128282));
#4123=CARTESIAN_POINT('Ctrl Pts',(-5.51189232708267,6.,63.7119686052761));
#4124=CARTESIAN_POINT('Ctrl Pts',(-5.44225445883722,6.,63.5706529416205));
#4125=CARTESIAN_POINT('',(-5.44225445883722,3.,63.5706529416205));
#4126=CARTESIAN_POINT('Ctrl Pts',(-5.44225445883722,3.,63.5706529416205));
#4127=CARTESIAN_POINT('Ctrl Pts',(-5.51189232708267,3.,63.7119686052761));
#4128=CARTESIAN_POINT('Ctrl Pts',(-5.51371133749933,3.,63.7414655128282));
#4129=CARTESIAN_POINT('Ctrl Pts',(-5.51371133749933,3.,64.7297811561387));
#4130=CARTESIAN_POINT('',(-5.44225445883722,3.,63.5706529416205));
#4131=CARTESIAN_POINT('Ctrl Pts',(-4.7233913606927,3.,62.9680721514187));
#4132=CARTESIAN_POINT('Ctrl Pts',(-4.7233913606927,6.3,62.9680721514187));
#4133=CARTESIAN_POINT('Ctrl Pts',(-5.01297833579035,3.,63.0399605282905));
#4134=CARTESIAN_POINT('Ctrl Pts',(-5.01297833579035,6.3,63.0399605282905));
#4135=CARTESIAN_POINT('Ctrl Pts',(-5.29880326661717,3.,63.2795505551459));
#4136=CARTESIAN_POINT('Ctrl Pts',(-5.29880326661717,6.3,63.2795505551459));
#4137=CARTESIAN_POINT('Ctrl Pts',(-5.44225445883722,3.,63.5706529416205));
#4138=CARTESIAN_POINT('Ctrl Pts',(-5.44225445883722,6.3,63.5706529416205));
#4139=CARTESIAN_POINT('',(-4.7233913606927,6.,62.9680721514187));
#4140=CARTESIAN_POINT('Ctrl Pts',(-5.44225445883722,6.,63.5706529416205));
#4141=CARTESIAN_POINT('Ctrl Pts',(-5.29880326661717,6.,63.2795505551459));
#4142=CARTESIAN_POINT('Ctrl Pts',(-5.01297833579035,6.,63.0399605282905));
#4143=CARTESIAN_POINT('Ctrl Pts',(-4.7233913606927,6.,62.9680721514187));
#4144=CARTESIAN_POINT('',(-4.7233913606927,3.,62.9680721514187));
#4145=CARTESIAN_POINT('Ctrl Pts',(-4.7233913606927,3.,62.9680721514187));
#4146=CARTESIAN_POINT('Ctrl Pts',(-5.01297833579035,3.,63.0399605282905));
#4147=CARTESIAN_POINT('Ctrl Pts',(-5.29880326661717,3.,63.2795505551459));
#4148=CARTESIAN_POINT('Ctrl Pts',(-5.44225445883722,3.,63.5706529416205));
#4149=CARTESIAN_POINT('',(-4.7233913606927,3.,62.9680721514187));
#4150=CARTESIAN_POINT('Ctrl Pts',(-3.69145951661717,3.,62.9495241879584));
#4151=CARTESIAN_POINT('Ctrl Pts',(-3.69145951661717,6.3,62.9495241879584));
#4152=CARTESIAN_POINT('Ctrl Pts',(-4.20565035320571,3.,62.946476570364));
#4153=CARTESIAN_POINT('Ctrl Pts',(-4.20565035320571,6.3,62.946476570364));
#4154=CARTESIAN_POINT('Ctrl Pts',(-4.67001994142186,3.,62.9548223141791));
#4155=CARTESIAN_POINT('Ctrl Pts',(-4.67001994142186,6.3,62.9548223141791));
#4156=CARTESIAN_POINT('Ctrl Pts',(-4.7233913606927,3.,62.9680721514187));
#4157=CARTESIAN_POINT('Ctrl Pts',(-4.7233913606927,6.3,62.9680721514187));
#4158=CARTESIAN_POINT('',(-3.69145951661717,6.,62.9495241879584));
#4159=CARTESIAN_POINT('Ctrl Pts',(-4.7233913606927,6.,62.9680721514187));
#4160=CARTESIAN_POINT('Ctrl Pts',(-4.67001994142186,6.,62.9548223141791));
#4161=CARTESIAN_POINT('Ctrl Pts',(-4.20565035320571,6.,62.946476570364));
#4162=CARTESIAN_POINT('Ctrl Pts',(-3.69145951661717,6.,62.9495241879584));
#4163=CARTESIAN_POINT('',(-3.69145951661717,3.,62.9495241879584));
#4164=CARTESIAN_POINT('Ctrl Pts',(-3.69145951661717,3.,62.9495241879584));
#4165=CARTESIAN_POINT('Ctrl Pts',(-4.20565035320571,3.,62.946476570364));
#4166=CARTESIAN_POINT('Ctrl Pts',(-4.67001994142186,3.,62.9548223141791));
#4167=CARTESIAN_POINT('Ctrl Pts',(-4.7233913606927,3.,62.9680721514187));
#4168=CARTESIAN_POINT('',(-3.69145951661717,3.,62.9495241879584));
#4169=CARTESIAN_POINT('Origin',(-2.75656567709895,3.,62.9550664853217));
#4170=CARTESIAN_POINT('',(-2.75656567709895,6.,62.9550664853217));
#4171=CARTESIAN_POINT('',(-7.85685820617367,6.,62.9248306054378));
#4172=CARTESIAN_POINT('',(-2.75656567709895,3.,62.9550664853217));
#4173=CARTESIAN_POINT('',(-7.85685820617367,3.,62.9248306054378));
#4174=CARTESIAN_POINT('',(-2.75656567709895,3.,62.9550664853217));
#4175=CARTESIAN_POINT('Origin',(-2.57773679933202,3.,63.0429125444851));
#4176=CARTESIAN_POINT('',(-2.57773679933202,6.,63.0429125444851));
#4177=CARTESIAN_POINT('',(-5.69218108907005,6.,61.5130049548728));
#4178=CARTESIAN_POINT('',(-2.57773679933202,3.,63.0429125444851));
#4179=CARTESIAN_POINT('',(-5.69218108907005,3.,61.5130049548728));
#4180=CARTESIAN_POINT('',(-2.57773679933202,3.,63.0429125444851));
#4181=CARTESIAN_POINT('Ctrl Pts',(-2.0485959708815,3.,63.5991873756212));
#4182=CARTESIAN_POINT('Ctrl Pts',(-2.0485959708815,6.3,63.5991873756212));
#4183=CARTESIAN_POINT('Ctrl Pts',(-2.16134619467707,3.,63.3586684648953));
#4184=CARTESIAN_POINT('Ctrl Pts',(-2.16134619467707,6.3,63.3586684648953));
#4185=CARTESIAN_POINT('Ctrl Pts',(-2.35992322104427,3.,63.149908597545));
#4186=CARTESIAN_POINT('Ctrl Pts',(-2.35992322104427,6.3,63.149908597545));
#4187=CARTESIAN_POINT('Ctrl Pts',(-2.57773679933202,3.,63.0429125444851));
#4188=CARTESIAN_POINT('Ctrl Pts',(-2.57773679933202,6.3,63.0429125444851));
#4189=CARTESIAN_POINT('',(-2.0485959708815,6.,63.5991873756212));
#4190=CARTESIAN_POINT('Ctrl Pts',(-2.57773679933202,6.,63.0429125444851));
#4191=CARTESIAN_POINT('Ctrl Pts',(-2.35992322104427,6.,63.149908597545));
#4192=CARTESIAN_POINT('Ctrl Pts',(-2.16134619467707,6.,63.3586684648953));
#4193=CARTESIAN_POINT('Ctrl Pts',(-2.0485959708815,6.,63.5991873756212));
#4194=CARTESIAN_POINT('',(-2.0485959708815,3.,63.5991873756212));
#4195=CARTESIAN_POINT('Ctrl Pts',(-2.0485959708815,3.,63.5991873756212));
#4196=CARTESIAN_POINT('Ctrl Pts',(-2.16134619467707,3.,63.3586684648953));
#4197=CARTESIAN_POINT('Ctrl Pts',(-2.35992322104427,3.,63.149908597545));
#4198=CARTESIAN_POINT('Ctrl Pts',(-2.57773679933202,3.,63.0429125444851));
#4199=CARTESIAN_POINT('',(-2.0485959708815,3.,63.5991873756212));
#4200=CARTESIAN_POINT('Origin',(-1.96428328777603,3.,63.7790407386583));
#4201=CARTESIAN_POINT('',(-1.96428328777603,6.,63.7790407386583));
#4202=CARTESIAN_POINT('',(-2.05035651476727,6.,63.5954318346163));
#4203=CARTESIAN_POINT('',(-1.96428328777603,3.,63.7790407386583));
#4204=CARTESIAN_POINT('',(-2.05035651476727,3.,63.5954318346163));
#4205=CARTESIAN_POINT('',(-1.96428328777603,3.,63.7790407386583));
#4206=CARTESIAN_POINT('Origin',(-1.96428328777603,3.,64.7139345781765));
#4207=CARTESIAN_POINT('',(-1.96428328777603,6.,64.7139345781765));
#4208=CARTESIAN_POINT('',(-1.96428328777603,6.,66.6069672890883));
#4209=CARTESIAN_POINT('',(-1.96428328777603,3.,64.7139345781765));
#4210=CARTESIAN_POINT('',(-1.96428328777603,3.,66.6069672890883));
#4211=CARTESIAN_POINT('',(-1.96428328777603,3.,64.7139345781765));
#4212=CARTESIAN_POINT('Ctrl Pts',(-2.03664579591405,3.,65.8277929460964));
#4213=CARTESIAN_POINT('Ctrl Pts',(-2.03664579591405,6.3,65.8277929460964));
#4214=CARTESIAN_POINT('Ctrl Pts',(-1.9669704622552,3.,65.6554727149766));
#4215=CARTESIAN_POINT('Ctrl Pts',(-1.9669704622552,6.3,65.6554727149766));
#4216=CARTESIAN_POINT('Ctrl Pts',(-1.96428328777603,3.,65.6141212338568));
#4217=CARTESIAN_POINT('Ctrl Pts',(-1.96428328777603,6.3,65.6141212338568));
#4218=CARTESIAN_POINT('Ctrl Pts',(-1.96428328777603,3.,64.7139345781765));
#4219=CARTESIAN_POINT('Ctrl Pts',(-1.96428328777603,6.3,64.7139345781765));
#4220=CARTESIAN_POINT('',(-2.03664579591405,6.,65.8277929460964));
#4221=CARTESIAN_POINT('Ctrl Pts',(-1.96428328777603,6.,64.7139345781765));
#4222=CARTESIAN_POINT('Ctrl Pts',(-1.96428328777603,6.,65.6141212338568));
#4223=CARTESIAN_POINT('Ctrl Pts',(-1.9669704622552,6.,65.6554727149766));
#4224=CARTESIAN_POINT('Ctrl Pts',(-2.03664579591405,6.,65.8277929460964));
#4225=CARTESIAN_POINT('',(-2.03664579591405,3.,65.8277929460964));
#4226=CARTESIAN_POINT('Ctrl Pts',(-2.03664579591405,3.,65.8277929460964));
#4227=CARTESIAN_POINT('Ctrl Pts',(-1.9669704622552,3.,65.6554727149766));
#4228=CARTESIAN_POINT('Ctrl Pts',(-1.96428328777603,3.,65.6141212338568));
#4229=CARTESIAN_POINT('Ctrl Pts',(-1.96428328777603,3.,64.7139345781765));
#4230=CARTESIAN_POINT('',(-2.03664579591405,3.,65.8277929460964));
#4231=CARTESIAN_POINT('Ctrl Pts',(-2.57534418051692,3.,66.4003329342963));
#4232=CARTESIAN_POINT('Ctrl Pts',(-2.57534418051692,6.3,66.4003329342963));
#4233=CARTESIAN_POINT('Ctrl Pts',(-2.32247072674088,3.,66.2758431169949));
#4234=CARTESIAN_POINT('Ctrl Pts',(-2.32247072674088,6.3,66.2758431169949));
#4235=CARTESIAN_POINT('Ctrl Pts',(-2.13894187745702,3.,66.0807839637559));
#4236=CARTESIAN_POINT('Ctrl Pts',(-2.13894187745702,6.3,66.0807839637559));
#4237=CARTESIAN_POINT('Ctrl Pts',(-2.03664579591405,3.,65.8277929460964));
#4238=CARTESIAN_POINT('Ctrl Pts',(-2.03664579591405,6.3,65.8277929460964));
#4239=CARTESIAN_POINT('',(-2.57534418051692,6.,66.4003329342963));
#4240=CARTESIAN_POINT('Ctrl Pts',(-2.03664579591405,6.,65.8277929460964));
#4241=CARTESIAN_POINT('Ctrl Pts',(-2.13894187745702,6.,66.0807839637559));
#4242=CARTESIAN_POINT('Ctrl Pts',(-2.32247072674088,6.,66.2758431169949));
#4243=CARTESIAN_POINT('Ctrl Pts',(-2.57534418051692,6.,66.4003329342963));
#4244=CARTESIAN_POINT('',(-2.57534418051692,3.,66.4003329342963));
#4245=CARTESIAN_POINT('Ctrl Pts',(-2.57534418051692,3.,66.4003329342963));
#4246=CARTESIAN_POINT('Ctrl Pts',(-2.32247072674088,3.,66.2758431169949));
#4247=CARTESIAN_POINT('Ctrl Pts',(-2.13894187745702,3.,66.0807839637559));
#4248=CARTESIAN_POINT('Ctrl Pts',(-2.03664579591405,3.,65.8277929460964));
#4249=CARTESIAN_POINT('',(-2.57534418051692,3.,66.4003329342963));
#4250=CARTESIAN_POINT('Origin',(-2.7869255810703,3.,66.504494535045));
#4251=CARTESIAN_POINT('',(-2.7869255810703,6.,66.504494535045));
#4252=CARTESIAN_POINT('',(-7.28877959295001,6.,68.7207589088883));
#4253=CARTESIAN_POINT('',(-2.7869255810703,3.,66.504494535045));
#4254=CARTESIAN_POINT('',(-7.28877959295001,3.,68.7207589088883));
#4255=CARTESIAN_POINT('',(-2.7869255810703,3.,66.504494535045));
#4256=CARTESIAN_POINT('Origin',(-4.72142765626561,3.,66.504494535045));
#4257=CARTESIAN_POINT('',(-8.85590435651615,6.,66.504494535045));
#4258=CARTESIAN_POINT('',(-8.85590435651615,3.,66.504494535045));
#4259=CARTESIAN_POINT('Ctrl Pts',(-5.24569281332942,3.,72.2964911272488));
#4260=CARTESIAN_POINT('Ctrl Pts',(-5.24569281332942,6.3,72.2964911272488));
#4261=CARTESIAN_POINT('Ctrl Pts',(-4.93709149497004,3.,72.6341513953966));
#4262=CARTESIAN_POINT('Ctrl Pts',(-4.93709149497004,6.3,72.6341513953966));
#4263=CARTESIAN_POINT('Ctrl Pts',(-4.74035414959244,3.,72.6785563077094));
#4264=CARTESIAN_POINT('Ctrl Pts',(-4.74035414959244,6.3,72.6785563077094));
#4265=CARTESIAN_POINT('Ctrl Pts',(-3.63011184002212,3.,72.6611419959825));
#4266=CARTESIAN_POINT('Ctrl Pts',(-3.63011184002212,6.3,72.6611419959825));
#4267=CARTESIAN_POINT('',(-3.63011184002212,6.,72.6611419959825));
#4268=CARTESIAN_POINT('',(-5.24569281332942,6.,72.2964911272488));
#4269=CARTESIAN_POINT('Ctrl Pts',(-3.63011184002212,6.,72.6611419959825));
#4270=CARTESIAN_POINT('Ctrl Pts',(-4.74035414959244,6.,72.6785563077094));
#4271=CARTESIAN_POINT('Ctrl Pts',(-4.93709149497004,6.,72.6341513953966));
#4272=CARTESIAN_POINT('Ctrl Pts',(-5.24569281332942,6.,72.2964911272488));
#4273=CARTESIAN_POINT('',(-3.63011184002212,3.,72.6611419959825));
#4274=CARTESIAN_POINT('',(-3.63011184002212,3.,72.6611419959825));
#4275=CARTESIAN_POINT('',(-5.24569281332942,3.,72.2964911272488));
#4276=CARTESIAN_POINT('Ctrl Pts',(-5.24569281332942,3.,72.2964911272488));
#4277=CARTESIAN_POINT('Ctrl Pts',(-4.93709149497004,3.,72.6341513953966));
#4278=CARTESIAN_POINT('Ctrl Pts',(-4.74035414959244,3.,72.6785563077094));
#4279=CARTESIAN_POINT('Ctrl Pts',(-3.63011184002212,3.,72.6611419959825));
#4280=CARTESIAN_POINT('',(-5.24569281332942,3.,72.2964911272488));
#4281=CARTESIAN_POINT('Ctrl Pts',(-5.52331669435155,3.,70.8167565131944));
#4282=CARTESIAN_POINT('Ctrl Pts',(-5.52331669435155,6.3,70.8167565131944));
#4283=CARTESIAN_POINT('Ctrl Pts',(-5.53448267945897,3.,71.9245894091091));
#4284=CARTESIAN_POINT('Ctrl Pts',(-5.53448267945897,6.3,71.9245894091091));
#4285=CARTESIAN_POINT('Ctrl Pts',(-5.52128064291926,3.,71.9949552690945));
#4286=CARTESIAN_POINT('Ctrl Pts',(-5.52128064291926,6.3,71.9949552690945));
#4287=CARTESIAN_POINT('Ctrl Pts',(-5.24569281332942,3.,72.2964911272488));
#4288=CARTESIAN_POINT('Ctrl Pts',(-5.24569281332942,6.3,72.2964911272488));
#4289=CARTESIAN_POINT('',(-5.52331669435155,6.,70.8167565131944));
#4290=CARTESIAN_POINT('Ctrl Pts',(-5.24569281332942,6.,72.2964911272488));
#4291=CARTESIAN_POINT('Ctrl Pts',(-5.52128064291926,6.,71.9949552690945));
#4292=CARTESIAN_POINT('Ctrl Pts',(-5.53448267945897,6.,71.9245894091091));
#4293=CARTESIAN_POINT('Ctrl Pts',(-5.52331669435155,6.,70.8167565131944));
#4294=CARTESIAN_POINT('',(-5.52331669435155,3.,70.8167565131944));
#4295=CARTESIAN_POINT('Ctrl Pts',(-5.52331669435155,3.,70.8167565131944));
#4296=CARTESIAN_POINT('Ctrl Pts',(-5.53448267945897,3.,71.9245894091091));
#4297=CARTESIAN_POINT('Ctrl Pts',(-5.52128064291926,3.,71.9949552690945));
#4298=CARTESIAN_POINT('Ctrl Pts',(-5.24569281332942,3.,72.2964911272488));
#4299=CARTESIAN_POINT('',(-5.52331669435155,3.,70.8167565131944));
#4300=CARTESIAN_POINT('Ctrl Pts',(-5.43605199505142,3.,69.7053211239936));
#4301=CARTESIAN_POINT('Ctrl Pts',(-5.43605199505142,6.3,69.7053211239936));
#4302=CARTESIAN_POINT('Ctrl Pts',(-5.5124659354811,3.,69.8612340878608));
#4303=CARTESIAN_POINT('Ctrl Pts',(-5.5124659354811,6.3,69.8612340878608));
#4304=CARTESIAN_POINT('Ctrl Pts',(-5.51386636679621,3.,69.8790727922878));
#4305=CARTESIAN_POINT('Ctrl Pts',(-5.51386636679621,6.3,69.8790727922878));
#4306=CARTESIAN_POINT('Ctrl Pts',(-5.52331669435155,3.,70.8167565131944));
#4307=CARTESIAN_POINT('Ctrl Pts',(-5.52331669435155,6.3,70.8167565131944));
#4308=CARTESIAN_POINT('',(-5.43605199505142,6.,69.7053211239936));
#4309=CARTESIAN_POINT('Ctrl Pts',(-5.52331669435155,6.,70.8167565131944));
#4310=CARTESIAN_POINT('Ctrl Pts',(-5.51386636679621,6.,69.8790727922878));
#4311=CARTESIAN_POINT('Ctrl Pts',(-5.5124659354811,6.,69.8612340878608));
#4312=CARTESIAN_POINT('Ctrl Pts',(-5.43605199505142,6.,69.7053211239936));
#4313=CARTESIAN_POINT('',(-5.43605199505142,3.,69.7053211239936));
#4314=CARTESIAN_POINT('Ctrl Pts',(-5.43605199505142,3.,69.7053211239936));
#4315=CARTESIAN_POINT('Ctrl Pts',(-5.5124659354811,3.,69.8612340878608));
#4316=CARTESIAN_POINT('Ctrl Pts',(-5.51386636679621,3.,69.8790727922878));
#4317=CARTESIAN_POINT('Ctrl Pts',(-5.52331669435155,3.,70.8167565131944));
#4318=CARTESIAN_POINT('',(-5.43605199505142,3.,69.7053211239936));
#4319=CARTESIAN_POINT('Ctrl Pts',(-4.86294614991795,3.,69.1571362383328));
#4320=CARTESIAN_POINT('Ctrl Pts',(-4.86294614991795,6.3,69.1571362383328));
#4321=CARTESIAN_POINT('Ctrl Pts',(-5.07307285890233,3.,69.2378018572292));
#4322=CARTESIAN_POINT('Ctrl Pts',(-5.07307285890233,6.3,69.2378018572292));
#4323=CARTESIAN_POINT('Ctrl Pts',(-5.32503939129165,3.,69.4788129859727));
#4324=CARTESIAN_POINT('Ctrl Pts',(-5.32503939129165,6.3,69.4788129859727));
#4325=CARTESIAN_POINT('Ctrl Pts',(-5.43605199505142,3.,69.7053211239936));
#4326=CARTESIAN_POINT('Ctrl Pts',(-5.43605199505142,6.3,69.7053211239936));
#4327=CARTESIAN_POINT('',(-4.86294614991795,6.,69.1571362383328));
#4328=CARTESIAN_POINT('Ctrl Pts',(-5.43605199505142,6.,69.7053211239936));
#4329=CARTESIAN_POINT('Ctrl Pts',(-5.32503939129165,6.,69.4788129859727));
#4330=CARTESIAN_POINT('Ctrl Pts',(-5.07307285890233,6.,69.2378018572292));
#4331=CARTESIAN_POINT('Ctrl Pts',(-4.86294614991795,6.,69.1571362383328));
#4332=CARTESIAN_POINT('',(-4.86294614991795,3.,69.1571362383328));
#4333=CARTESIAN_POINT('Ctrl Pts',(-4.86294614991795,3.,69.1571362383328));
#4334=CARTESIAN_POINT('Ctrl Pts',(-5.07307285890233,3.,69.2378018572292));
#4335=CARTESIAN_POINT('Ctrl Pts',(-5.32503939129165,3.,69.4788129859727));
#4336=CARTESIAN_POINT('Ctrl Pts',(-5.43605199505142,3.,69.7053211239936));
#4337=CARTESIAN_POINT('',(-4.86294614991795,3.,69.1571362383328));
#4338=CARTESIAN_POINT('Ctrl Pts',(-3.76395379965754,3.,69.0889905270697));
#4339=CARTESIAN_POINT('Ctrl Pts',(-3.76395379965754,6.3,69.0889905270697));
#4340=CARTESIAN_POINT('Ctrl Pts',(-4.62575649334244,3.,69.0905266090196));
#4341=CARTESIAN_POINT('Ctrl Pts',(-4.62575649334244,6.3,69.0905266090196));
#4342=CARTESIAN_POINT('Ctrl Pts',(-4.70170534588149,3.,69.095236915823));
#4343=CARTESIAN_POINT('Ctrl Pts',(-4.70170534588149,6.3,69.095236915823));
#4344=CARTESIAN_POINT('Ctrl Pts',(-4.86294614991795,3.,69.1571362383328));
#4345=CARTESIAN_POINT('Ctrl Pts',(-4.86294614991795,6.3,69.1571362383328));
#4346=CARTESIAN_POINT('',(-3.76395379965754,6.,69.0889905270697));
#4347=CARTESIAN_POINT('Ctrl Pts',(-4.86294614991795,6.,69.1571362383328));
#4348=CARTESIAN_POINT('Ctrl Pts',(-4.70170534588149,6.,69.095236915823));
#4349=CARTESIAN_POINT('Ctrl Pts',(-4.62575649334244,6.,69.0905266090196));
#4350=CARTESIAN_POINT('Ctrl Pts',(-3.76395379965754,6.,69.0889905270697));
#4351=CARTESIAN_POINT('',(-3.76395379965754,3.,69.0889905270697));
#4352=CARTESIAN_POINT('Ctrl Pts',(-3.76395379965754,3.,69.0889905270697));
#4353=CARTESIAN_POINT('Ctrl Pts',(-4.62575649334244,3.,69.0905266090196));
#4354=CARTESIAN_POINT('Ctrl Pts',(-4.70170534588149,3.,69.095236915823));
#4355=CARTESIAN_POINT('Ctrl Pts',(-4.86294614991795,3.,69.1571362383328));
#4356=CARTESIAN_POINT('',(-3.76395379965754,3.,69.0889905270697));
#4357=CARTESIAN_POINT('Ctrl Pts',(-2.65635990724217,3.,69.1553637367052));
#4358=CARTESIAN_POINT('Ctrl Pts',(-2.65635990724217,6.3,69.1553637367052));
#4359=CARTESIAN_POINT('Ctrl Pts',(-2.82750708334894,3.,69.0913288856309));
#4360=CARTESIAN_POINT('Ctrl Pts',(-2.82750708334894,6.3,69.0913288856309));
#4361=CARTESIAN_POINT('Ctrl Pts',(-2.89246694256119,3.,69.0874363583686));
#4362=CARTESIAN_POINT('Ctrl Pts',(-2.89246694256119,6.3,69.0874363583686));
#4363=CARTESIAN_POINT('Ctrl Pts',(-3.76395379965754,3.,69.0889905270697));
#4364=CARTESIAN_POINT('Ctrl Pts',(-3.76395379965754,6.3,69.0889905270697));
#4365=CARTESIAN_POINT('',(-2.65635990724217,6.,69.1553637367052));
#4366=CARTESIAN_POINT('Ctrl Pts',(-3.76395379965754,6.,69.0889905270697));
#4367=CARTESIAN_POINT('Ctrl Pts',(-2.89246694256119,6.,69.0874363583686));
#4368=CARTESIAN_POINT('Ctrl Pts',(-2.82750708334894,6.,69.0913288856309));
#4369=CARTESIAN_POINT('Ctrl Pts',(-2.65635990724217,6.,69.1553637367052));
#4370=CARTESIAN_POINT('',(-2.65635990724217,3.,69.1553637367052));
#4371=CARTESIAN_POINT('Ctrl Pts',(-2.65635990724217,3.,69.1553637367052));
#4372=CARTESIAN_POINT('Ctrl Pts',(-2.82750708334894,3.,69.0913288856309));
#4373=CARTESIAN_POINT('Ctrl Pts',(-2.89246694256119,3.,69.0874363583686));
#4374=CARTESIAN_POINT('Ctrl Pts',(-3.76395379965754,3.,69.0889905270697));
#4375=CARTESIAN_POINT('',(-2.65635990724217,3.,69.1553637367052));
#4376=CARTESIAN_POINT('Ctrl Pts',(-2.06700311606379,3.,69.7171427538357));
#4377=CARTESIAN_POINT('Ctrl Pts',(-2.06700311606379,6.3,69.7171427538357));
#4378=CARTESIAN_POINT('Ctrl Pts',(-2.19685307130467,3.,69.453416603323));
#4379=CARTESIAN_POINT('Ctrl Pts',(-2.19685307130467,6.3,69.453416603323));
#4380=CARTESIAN_POINT('Ctrl Pts',(-2.41467181723566,3.,69.2457923255723));
#4381=CARTESIAN_POINT('Ctrl Pts',(-2.41467181723566,6.3,69.2457923255723));
#4382=CARTESIAN_POINT('Ctrl Pts',(-2.65635990724217,3.,69.1553637367052));
#4383=CARTESIAN_POINT('Ctrl Pts',(-2.65635990724217,6.3,69.1553637367052));
#4384=CARTESIAN_POINT('',(-2.06700311606379,6.,69.7171427538357));
#4385=CARTESIAN_POINT('Ctrl Pts',(-2.65635990724217,6.,69.1553637367052));
#4386=CARTESIAN_POINT('Ctrl Pts',(-2.41467181723566,6.,69.2457923255723));
#4387=CARTESIAN_POINT('Ctrl Pts',(-2.19685307130467,6.,69.453416603323));
#4388=CARTESIAN_POINT('Ctrl Pts',(-2.06700311606379,6.,69.7171427538357));
#4389=CARTESIAN_POINT('',(-2.06700311606379,3.,69.7171427538357));
#4390=CARTESIAN_POINT('Ctrl Pts',(-2.06700311606379,3.,69.7171427538357));
#4391=CARTESIAN_POINT('Ctrl Pts',(-2.19685307130467,3.,69.453416603323));
#4392=CARTESIAN_POINT('Ctrl Pts',(-2.41467181723566,3.,69.2457923255723));
#4393=CARTESIAN_POINT('Ctrl Pts',(-2.65635990724217,3.,69.1553637367052));
#4394=CARTESIAN_POINT('',(-2.06700311606379,3.,69.7171427538357));
#4395=CARTESIAN_POINT('Origin',(-1.96428328777603,3.,69.9257676165066));
#4396=CARTESIAN_POINT('',(-1.96428328777603,6.,69.9257676165066));
#4397=CARTESIAN_POINT('',(-3.32251298103169,6.,67.1671913225783));
#4398=CARTESIAN_POINT('',(-1.96428328777603,3.,69.9257676165066));
#4399=CARTESIAN_POINT('',(-3.32251298103169,3.,67.1671913225783));
#4400=CARTESIAN_POINT('',(-1.96428328777603,3.,69.9257676165066));
#4401=CARTESIAN_POINT('Origin',(-1.96428328777603,3.,70.8455125098985));
#4402=CARTESIAN_POINT('',(-1.96428328777603,6.,70.8455125098985));
#4403=CARTESIAN_POINT('',(-1.96428328777603,6.,69.6727562549493));
#4404=CARTESIAN_POINT('',(-1.96428328777603,3.,70.8455125098985));
#4405=CARTESIAN_POINT('',(-1.96428328777603,3.,69.6727562549493));
#4406=CARTESIAN_POINT('',(-1.96428328777603,3.,70.8455125098985));
#4407=CARTESIAN_POINT('Ctrl Pts',(-2.00752095867447,3.,71.8920222755235));
#4408=CARTESIAN_POINT('Ctrl Pts',(-2.00752095867447,6.3,71.8920222755235));
#4409=CARTESIAN_POINT('Ctrl Pts',(-1.97490279461197,3.,71.7963924537462));
#4410=CARTESIAN_POINT('Ctrl Pts',(-1.97490279461197,6.3,71.7963924537462));
#4411=CARTESIAN_POINT('Ctrl Pts',(-1.96428328777603,3.,71.5393551714382));
#4412=CARTESIAN_POINT('Ctrl Pts',(-1.96428328777603,6.3,71.5393551714382));
#4413=CARTESIAN_POINT('Ctrl Pts',(-1.96428328777603,3.,70.8455125098985));
#4414=CARTESIAN_POINT('Ctrl Pts',(-1.96428328777603,6.3,70.8455125098985));
#4415=CARTESIAN_POINT('',(-2.00752095867447,6.,71.8920222755235));
#4416=CARTESIAN_POINT('Ctrl Pts',(-1.96428328777603,6.,70.8455125098985));
#4417=CARTESIAN_POINT('Ctrl Pts',(-1.96428328777603,6.,71.5393551714382));
#4418=CARTESIAN_POINT('Ctrl Pts',(-1.97490279461197,6.,71.7963924537462));
#4419=CARTESIAN_POINT('Ctrl Pts',(-2.00752095867447,6.,71.8920222755235));
#4420=CARTESIAN_POINT('',(-2.00752095867447,3.,71.8920222755235));
#4421=CARTESIAN_POINT('Ctrl Pts',(-2.00752095867447,3.,71.8920222755235));
#4422=CARTESIAN_POINT('Ctrl Pts',(-1.97490279461197,3.,71.7963924537462));
#4423=CARTESIAN_POINT('Ctrl Pts',(-1.96428328777603,3.,71.5393551714382));
#4424=CARTESIAN_POINT('Ctrl Pts',(-1.96428328777603,3.,70.8455125098985));
#4425=CARTESIAN_POINT('',(-2.00752095867447,3.,71.8920222755235));
#4426=CARTESIAN_POINT('Ctrl Pts',(-2.39169389161718,3.,72.4304661536973));
#4427=CARTESIAN_POINT('Ctrl Pts',(-2.39169389161718,6.3,72.4304661536973));
#4428=CARTESIAN_POINT('Ctrl Pts',(-2.22962109702083,3.,72.3114940874538));
#4429=CARTESIAN_POINT('Ctrl Pts',(-2.22962109702083,6.3,72.3114940874538));
#4430=CARTESIAN_POINT('Ctrl Pts',(-2.07821690187109,3.,72.099292569713));
#4431=CARTESIAN_POINT('Ctrl Pts',(-2.07821690187109,6.3,72.099292569713));
#4432=CARTESIAN_POINT('Ctrl Pts',(-2.00752095867447,3.,71.8920222755235));
#4433=CARTESIAN_POINT('Ctrl Pts',(-2.00752095867447,6.3,71.8920222755235));
#4434=CARTESIAN_POINT('',(-2.39169389161718,6.,72.4304661536973));
#4435=CARTESIAN_POINT('Ctrl Pts',(-2.00752095867447,6.,71.8920222755235));
#4436=CARTESIAN_POINT('Ctrl Pts',(-2.07821690187109,6.,72.099292569713));
#4437=CARTESIAN_POINT('Ctrl Pts',(-2.22962109702083,6.,72.3114940874538));
#4438=CARTESIAN_POINT('Ctrl Pts',(-2.39169389161718,6.,72.4304661536973));
#4439=CARTESIAN_POINT('',(-2.39169389161718,3.,72.4304661536973));
#4440=CARTESIAN_POINT('Ctrl Pts',(-2.39169389161718,3.,72.4304661536973));
#4441=CARTESIAN_POINT('Ctrl Pts',(-2.22962109702083,3.,72.3114940874538));
#4442=CARTESIAN_POINT('Ctrl Pts',(-2.07821690187109,3.,72.099292569713));
#4443=CARTESIAN_POINT('Ctrl Pts',(-2.00752095867447,3.,71.8920222755235));
#4444=CARTESIAN_POINT('',(-2.39169389161718,3.,72.4304661536973));
#4445=CARTESIAN_POINT('Ctrl Pts',(-3.63011184002212,3.,72.6611419959825));
#4446=CARTESIAN_POINT('Ctrl Pts',(-3.63011184002212,6.3,72.6611419959825));
#4447=CARTESIAN_POINT('Ctrl Pts',(-2.73229325685155,3.,72.6470595222276));
#4448=CARTESIAN_POINT('Ctrl Pts',(-2.73229325685155,6.3,72.6470595222276));
#4449=CARTESIAN_POINT('Ctrl Pts',(-2.67127114177994,3.,72.6356926449897));
#4450=CARTESIAN_POINT('Ctrl Pts',(-2.67127114177994,6.3,72.6356926449897));
#4451=CARTESIAN_POINT('Ctrl Pts',(-2.39169389161718,3.,72.4304661536973));
#4452=CARTESIAN_POINT('Ctrl Pts',(-2.39169389161718,6.3,72.4304661536973));
#4453=CARTESIAN_POINT('Ctrl Pts',(-2.39169389161718,6.,72.4304661536973));
#4454=CARTESIAN_POINT('Ctrl Pts',(-2.67127114177994,6.,72.6356926449897));
#4455=CARTESIAN_POINT('Ctrl Pts',(-2.73229325685155,6.,72.6470595222276));
#4456=CARTESIAN_POINT('Ctrl Pts',(-3.63011184002212,6.,72.6611419959825));
#4457=CARTESIAN_POINT('Ctrl Pts',(-3.63011184002212,3.,72.6611419959825));
#4458=CARTESIAN_POINT('Ctrl Pts',(-2.73229325685155,3.,72.6470595222276));
#4459=CARTESIAN_POINT('Ctrl Pts',(-2.67127114177994,3.,72.6356926449897));
#4460=CARTESIAN_POINT('Ctrl Pts',(-2.39169389161718,3.,72.4304661536973));
#4461=CARTESIAN_POINT('Ctrl Pts',(-8.95217716798435,3.,68.905876381155));
#4462=CARTESIAN_POINT('Ctrl Pts',(-8.95217716798435,6.3,68.905876381155));
#4463=CARTESIAN_POINT('Ctrl Pts',(-8.86909180014581,3.,69.1279416379096));
#4464=CARTESIAN_POINT('Ctrl Pts',(-8.86909180014581,6.3,69.1279416379096));
#4465=CARTESIAN_POINT('Ctrl Pts',(-8.66240028199803,3.,69.3616767249864));
#4466=CARTESIAN_POINT('Ctrl Pts',(-8.66240028199803,6.3,69.3616767249864));
#4467=CARTESIAN_POINT('Ctrl Pts',(-8.44035311199477,3.,69.4846692176622));
#4468=CARTESIAN_POINT('Ctrl Pts',(-8.44035311199477,6.3,69.4846692176622));
#4469=CARTESIAN_POINT('',(-8.44035311199477,6.,69.4846692176622));
#4470=CARTESIAN_POINT('',(-8.95217716798435,6.,68.905876381155));
#4471=CARTESIAN_POINT('Ctrl Pts',(-8.44035311199477,6.,69.4846692176622));
#4472=CARTESIAN_POINT('Ctrl Pts',(-8.66240028199803,6.,69.3616767249864));
#4473=CARTESIAN_POINT('Ctrl Pts',(-8.86909180014581,6.,69.1279416379096));
#4474=CARTESIAN_POINT('Ctrl Pts',(-8.95217716798435,6.,68.905876381155));
#4475=CARTESIAN_POINT('',(-8.44035311199477,3.,69.4846692176622));
#4476=CARTESIAN_POINT('',(-8.44035311199477,3.,69.4846692176622));
#4477=CARTESIAN_POINT('',(-8.95217716798435,3.,68.905876381155));
#4478=CARTESIAN_POINT('Ctrl Pts',(-8.95217716798435,3.,68.905876381155));
#4479=CARTESIAN_POINT('Ctrl Pts',(-8.86909180014581,3.,69.1279416379096));
#4480=CARTESIAN_POINT('Ctrl Pts',(-8.66240028199803,3.,69.3616767249864));
#4481=CARTESIAN_POINT('Ctrl Pts',(-8.44035311199477,3.,69.4846692176622));
#4482=CARTESIAN_POINT('',(-8.95217716798435,3.,68.905876381155));
#4483=CARTESIAN_POINT('Ctrl Pts',(-9.00934034547459,3.,67.7585988644721));
#4484=CARTESIAN_POINT('Ctrl Pts',(-9.00934034547459,6.3,67.7585988644721));
#4485=CARTESIAN_POINT('Ctrl Pts',(-9.01844444093357,3.,68.6790129676622));
#4486=CARTESIAN_POINT('Ctrl Pts',(-9.01844444093357,6.3,68.6790129676622));
#4487=CARTESIAN_POINT('Ctrl Pts',(-9.01558415040623,3.,68.7364048133653));
#4488=CARTESIAN_POINT('Ctrl Pts',(-9.01558415040623,6.3,68.7364048133653));
#4489=CARTESIAN_POINT('Ctrl Pts',(-8.95217716798435,3.,68.905876381155));
#4490=CARTESIAN_POINT('Ctrl Pts',(-8.95217716798435,6.3,68.905876381155));
#4491=CARTESIAN_POINT('',(-9.00934034547459,6.,67.7585988644721));
#4492=CARTESIAN_POINT('Ctrl Pts',(-8.95217716798435,6.,68.905876381155));
#4493=CARTESIAN_POINT('Ctrl Pts',(-9.01558415040623,6.,68.7364048133653));
#4494=CARTESIAN_POINT('Ctrl Pts',(-9.01844444093357,6.,68.6790129676622));
#4495=CARTESIAN_POINT('Ctrl Pts',(-9.00934034547459,6.,67.7585988644721));
#4496=CARTESIAN_POINT('',(-9.00934034547459,3.,67.7585988644721));
#4497=CARTESIAN_POINT('Ctrl Pts',(-9.00934034547459,3.,67.7585988644721));
#4498=CARTESIAN_POINT('Ctrl Pts',(-9.01844444093357,3.,68.6790129676622));
#4499=CARTESIAN_POINT('Ctrl Pts',(-9.01558415040623,3.,68.7364048133653));
#4500=CARTESIAN_POINT('Ctrl Pts',(-8.95217716798435,3.,68.905876381155));
#4501=CARTESIAN_POINT('',(-9.00934034547459,3.,67.7585988644721));
#4502=CARTESIAN_POINT('Origin',(-8.9997569511061,3.,66.7897174354356));
#4503=CARTESIAN_POINT('',(-8.9997569511061,6.,66.7897174354356));
#4504=CARTESIAN_POINT('',(-9.00840968584508,6.,67.6645091508364));
#4505=CARTESIAN_POINT('',(-8.9997569511061,3.,66.7897174354356));
#4506=CARTESIAN_POINT('',(-9.00840968584508,3.,67.6645091508364));
#4507=CARTESIAN_POINT('',(-8.9997569511061,3.,66.7897174354356));
#4508=CARTESIAN_POINT('Origin',(-8.91590806398045,3.,66.6312606991889));
#4509=CARTESIAN_POINT('',(-8.91590806398045,6.,66.6312606991889));
#4510=CARTESIAN_POINT('',(-9.74783663965932,6.,68.2034304847572));
#4511=CARTESIAN_POINT('',(-8.91590806398045,3.,66.6312606991889));
#4512=CARTESIAN_POINT('',(-9.74783663965932,3.,68.2034304847572));
#4513=CARTESIAN_POINT('',(-8.91590806398045,3.,66.6312606991889));
#4514=CARTESIAN_POINT('Ctrl Pts',(-8.14703509848566,3.,66.0446375912787));
#4515=CARTESIAN_POINT('Ctrl Pts',(-8.14703509848566,6.3,66.0446375912787));
#4516=CARTESIAN_POINT('Ctrl Pts',(-8.46833331625909,3.,66.1115663225613));
#4517=CARTESIAN_POINT('Ctrl Pts',(-8.46833331625909,6.3,66.1115663225613));
#4518=CARTESIAN_POINT('Ctrl Pts',(-8.75775492677341,3.,66.3323848853868));
#4519=CARTESIAN_POINT('Ctrl Pts',(-8.75775492677341,6.3,66.3323848853868));
#4520=CARTESIAN_POINT('Ctrl Pts',(-8.91590806398045,3.,66.6312606991889));
#4521=CARTESIAN_POINT('Ctrl Pts',(-8.91590806398045,6.3,66.6312606991889));
#4522=CARTESIAN_POINT('',(-8.14703509848566,6.,66.0446375912787));
#4523=CARTESIAN_POINT('Ctrl Pts',(-8.91590806398045,6.,66.6312606991889));
#4524=CARTESIAN_POINT('Ctrl Pts',(-8.75775492677341,6.,66.3323848853868));
#4525=CARTESIAN_POINT('Ctrl Pts',(-8.46833331625909,6.,66.1115663225613));
#4526=CARTESIAN_POINT('Ctrl Pts',(-8.14703509848566,6.,66.0446375912787));
#4527=CARTESIAN_POINT('',(-8.14703509848566,3.,66.0446375912787));
#4528=CARTESIAN_POINT('Ctrl Pts',(-8.14703509848566,3.,66.0446375912787));
#4529=CARTESIAN_POINT('Ctrl Pts',(-8.46833331625909,3.,66.1115663225613));
#4530=CARTESIAN_POINT('Ctrl Pts',(-8.75775492677341,3.,66.3323848853868));
#4531=CARTESIAN_POINT('Ctrl Pts',(-8.91590806398045,3.,66.6312606991889));
#4532=CARTESIAN_POINT('',(-8.14703509848566,3.,66.0446375912787));
#4533=CARTESIAN_POINT('Ctrl Pts',(-7.1616585522617,3.,66.0245432105821));
#4534=CARTESIAN_POINT('Ctrl Pts',(-7.1616585522617,6.3,66.0245432105821));
#4535=CARTESIAN_POINT('Ctrl Pts',(-7.6322745292311,3.,66.0207333656114));
#4536=CARTESIAN_POINT('Ctrl Pts',(-7.6322745292311,6.3,66.0207333656114));
#4537=CARTESIAN_POINT('Ctrl Pts',(-8.0756931998854,3.,66.0297780331732));
#4538=CARTESIAN_POINT('Ctrl Pts',(-8.0756931998854,6.3,66.0297780331732));
#4539=CARTESIAN_POINT('Ctrl Pts',(-8.14703509848566,3.,66.0446375912787));
#4540=CARTESIAN_POINT('Ctrl Pts',(-8.14703509848566,6.3,66.0446375912787));
#4541=CARTESIAN_POINT('',(-7.1616585522617,6.,66.0245432105821));
#4542=CARTESIAN_POINT('Ctrl Pts',(-8.14703509848566,6.,66.0446375912787));
#4543=CARTESIAN_POINT('Ctrl Pts',(-8.0756931998854,6.,66.0297780331732));
#4544=CARTESIAN_POINT('Ctrl Pts',(-7.6322745292311,6.,66.0207333656114));
#4545=CARTESIAN_POINT('Ctrl Pts',(-7.1616585522617,6.,66.0245432105821));
#4546=CARTESIAN_POINT('',(-7.1616585522617,3.,66.0245432105821));
#4547=CARTESIAN_POINT('Ctrl Pts',(-7.1616585522617,3.,66.0245432105821));
#4548=CARTESIAN_POINT('Ctrl Pts',(-7.6322745292311,3.,66.0207333656114));
#4549=CARTESIAN_POINT('Ctrl Pts',(-8.0756931998854,3.,66.0297780331732));
#4550=CARTESIAN_POINT('Ctrl Pts',(-8.14703509848566,3.,66.0446375912787));
#4551=CARTESIAN_POINT('',(-7.1616585522617,3.,66.0245432105821));
#4552=CARTESIAN_POINT('Ctrl Pts',(-6.16338227662694,3.,66.091114082571));
#4553=CARTESIAN_POINT('Ctrl Pts',(-6.16338227662694,6.3,66.091114082571));
#4554=CARTESIAN_POINT('Ctrl Pts',(-6.28942755454035,3.,66.0383950782579));
#4555=CARTESIAN_POINT('Ctrl Pts',(-6.28942755454035,6.3,66.0383950782579));
#4556=CARTESIAN_POINT('Ctrl Pts',(-6.40538817669204,3.,66.0306617001654));
#4557=CARTESIAN_POINT('Ctrl Pts',(-6.40538817669204,6.3,66.0306617001654));
#4558=CARTESIAN_POINT('Ctrl Pts',(-7.1616585522617,3.,66.0245432105821));
#4559=CARTESIAN_POINT('Ctrl Pts',(-7.1616585522617,6.3,66.0245432105821));
#4560=CARTESIAN_POINT('',(-6.16338227662694,6.,66.091114082571));
#4561=CARTESIAN_POINT('Ctrl Pts',(-7.1616585522617,6.,66.0245432105821));
#4562=CARTESIAN_POINT('Ctrl Pts',(-6.40538817669204,6.,66.0306617001654));
#4563=CARTESIAN_POINT('Ctrl Pts',(-6.28942755454035,6.,66.0383950782579));
#4564=CARTESIAN_POINT('Ctrl Pts',(-6.16338227662694,6.,66.091114082571));
#4565=CARTESIAN_POINT('',(-6.16338227662694,3.,66.091114082571));
#4566=CARTESIAN_POINT('Ctrl Pts',(-6.16338227662694,3.,66.091114082571));
#4567=CARTESIAN_POINT('Ctrl Pts',(-6.28942755454035,3.,66.0383950782579));
#4568=CARTESIAN_POINT('Ctrl Pts',(-6.40538817669204,3.,66.0306617001654));
#4569=CARTESIAN_POINT('Ctrl Pts',(-7.1616585522617,3.,66.0245432105821));
#4570=CARTESIAN_POINT('',(-6.16338227662694,3.,66.091114082571));
#4571=CARTESIAN_POINT('Ctrl Pts',(-5.51314806438736,3.,66.7421802853705));
#4572=CARTESIAN_POINT('Ctrl Pts',(-5.51314806438736,6.3,66.7421802853705));
#4573=CARTESIAN_POINT('Ctrl Pts',(-5.64101364462824,3.,66.4321410702826));
#4574=CARTESIAN_POINT('Ctrl Pts',(-5.64101364462824,6.3,66.4321410702826));
#4575=CARTESIAN_POINT('Ctrl Pts',(-5.85120107342056,3.,66.2216849240424));
#4576=CARTESIAN_POINT('Ctrl Pts',(-5.85120107342056,6.3,66.2216849240424));
#4577=CARTESIAN_POINT('Ctrl Pts',(-6.16338227662694,3.,66.091114082571));
#4578=CARTESIAN_POINT('Ctrl Pts',(-6.16338227662694,6.3,66.091114082571));
#4579=CARTESIAN_POINT('',(-5.51314806438736,6.,66.7421802853705));
#4580=CARTESIAN_POINT('Ctrl Pts',(-6.16338227662694,6.,66.091114082571));
#4581=CARTESIAN_POINT('Ctrl Pts',(-5.85120107342056,6.,66.2216849240424));
#4582=CARTESIAN_POINT('Ctrl Pts',(-5.64101364462824,6.,66.4321410702826));
#4583=CARTESIAN_POINT('Ctrl Pts',(-5.51314806438736,6.,66.7421802853705));
#4584=CARTESIAN_POINT('',(-5.51314806438736,3.,66.7421802853705));
#4585=CARTESIAN_POINT('Ctrl Pts',(-5.51314806438736,3.,66.7421802853705));
#4586=CARTESIAN_POINT('Ctrl Pts',(-5.64101364462824,3.,66.4321410702826));
#4587=CARTESIAN_POINT('Ctrl Pts',(-5.85120107342056,3.,66.2216849240424));
#4588=CARTESIAN_POINT('Ctrl Pts',(-6.16338227662694,3.,66.091114082571));
#4589=CARTESIAN_POINT('',(-5.51314806438736,3.,66.7421802853705));
#4590=CARTESIAN_POINT('Ctrl Pts',(-5.44122351401301,3.,67.6485125607611));
#4591=CARTESIAN_POINT('Ctrl Pts',(-5.44122351401301,6.3,67.6485125607611));
#4592=CARTESIAN_POINT('Ctrl Pts',(-5.45240887778253,3.,66.9968882524929));
#4593=CARTESIAN_POINT('Ctrl Pts',(-5.45240887778253,6.3,66.9968882524929));
#4594=CARTESIAN_POINT('Ctrl Pts',(-5.46296637289972,3.,66.8638589047553));
#4595=CARTESIAN_POINT('Ctrl Pts',(-5.46296637289972,6.3,66.8638589047553));
#4596=CARTESIAN_POINT('Ctrl Pts',(-5.51314806438736,3.,66.7421802853705));
#4597=CARTESIAN_POINT('Ctrl Pts',(-5.51314806438736,6.3,66.7421802853705));
#4598=CARTESIAN_POINT('',(-5.44122351401301,6.,67.6485125607611));
#4599=CARTESIAN_POINT('Ctrl Pts',(-5.51314806438736,6.,66.7421802853705));
#4600=CARTESIAN_POINT('Ctrl Pts',(-5.46296637289972,6.,66.8638589047553));
#4601=CARTESIAN_POINT('Ctrl Pts',(-5.45240887778253,6.,66.9968882524929));
#4602=CARTESIAN_POINT('Ctrl Pts',(-5.44122351401301,6.,67.6485125607611));
#4603=CARTESIAN_POINT('',(-5.44122351401301,3.,67.6485125607611));
#4604=CARTESIAN_POINT('Ctrl Pts',(-5.44122351401301,3.,67.6485125607611));
#4605=CARTESIAN_POINT('Ctrl Pts',(-5.45240887778253,3.,66.9968882524929));
#4606=CARTESIAN_POINT('Ctrl Pts',(-5.46296637289972,3.,66.8638589047553));
#4607=CARTESIAN_POINT('Ctrl Pts',(-5.51314806438736,3.,66.7421802853705));
#4608=CARTESIAN_POINT('',(-5.44122351401301,3.,67.6485125607611));
#4609=CARTESIAN_POINT('Ctrl Pts',(-5.56419404420506,3.,68.9980387143256));
#4610=CARTESIAN_POINT('Ctrl Pts',(-5.56419404420506,6.3,68.9980387143256));
#4611=CARTESIAN_POINT('Ctrl Pts',(-5.45559214601171,3.,68.7851615272325));
#4612=CARTESIAN_POINT('Ctrl Pts',(-5.45559214601171,6.3,68.7851615272325));
#4613=CARTESIAN_POINT('Ctrl Pts',(-5.42708225831639,3.,68.4722891517442));
#4614=CARTESIAN_POINT('Ctrl Pts',(-5.42708225831639,6.3,68.4722891517442));
#4615=CARTESIAN_POINT('Ctrl Pts',(-5.44122351401301,3.,67.6485125607611));
#4616=CARTESIAN_POINT('Ctrl Pts',(-5.44122351401301,6.3,67.6485125607611));
#4617=CARTESIAN_POINT('',(-5.56419404420506,6.,68.9980387143256));
#4618=CARTESIAN_POINT('Ctrl Pts',(-5.44122351401301,6.,67.6485125607611));
#4619=CARTESIAN_POINT('Ctrl Pts',(-5.42708225831639,6.,68.4722891517442));
#4620=CARTESIAN_POINT('Ctrl Pts',(-5.45559214601171,6.,68.7851615272325));
#4621=CARTESIAN_POINT('Ctrl Pts',(-5.56419404420506,6.,68.9980387143256));
#4622=CARTESIAN_POINT('',(-5.56419404420506,3.,68.9980387143256));
#4623=CARTESIAN_POINT('Ctrl Pts',(-5.56419404420506,3.,68.9980387143256));
#4624=CARTESIAN_POINT('Ctrl Pts',(-5.45559214601171,3.,68.7851615272325));
#4625=CARTESIAN_POINT('Ctrl Pts',(-5.42708225831639,3.,68.4722891517442));
#4626=CARTESIAN_POINT('Ctrl Pts',(-5.44122351401301,3.,67.6485125607611));
#4627=CARTESIAN_POINT('',(-5.56419404420506,3.,68.9980387143256));
#4628=CARTESIAN_POINT('Ctrl Pts',(-6.04332371339451,3.,69.4857040382188));
#4629=CARTESIAN_POINT('Ctrl Pts',(-6.04332371339451,6.3,69.4857040382188));
#4630=CARTESIAN_POINT('Ctrl Pts',(-5.85148400188736,3.,69.3794224118354));
#4631=CARTESIAN_POINT('Ctrl Pts',(-5.85148400188736,6.3,69.3794224118354));
#4632=CARTESIAN_POINT('Ctrl Pts',(-5.65861334555597,3.,69.1831165646674));
#4633=CARTESIAN_POINT('Ctrl Pts',(-5.65861334555597,6.3,69.1831165646674));
#4634=CARTESIAN_POINT('Ctrl Pts',(-5.56419404420506,3.,68.9980387143256));
#4635=CARTESIAN_POINT('Ctrl Pts',(-5.56419404420506,6.3,68.9980387143256));
#4636=CARTESIAN_POINT('',(-6.04332371339451,6.,69.4857040382188));
#4637=CARTESIAN_POINT('Ctrl Pts',(-5.56419404420506,6.,68.9980387143256));
#4638=CARTESIAN_POINT('Ctrl Pts',(-5.65861334555597,6.,69.1831165646674));
#4639=CARTESIAN_POINT('Ctrl Pts',(-5.85148400188736,6.,69.3794224118354));
#4640=CARTESIAN_POINT('Ctrl Pts',(-6.04332371339451,6.,69.4857040382188));
#4641=CARTESIAN_POINT('',(-6.04332371339451,3.,69.4857040382188));
#4642=CARTESIAN_POINT('Ctrl Pts',(-6.04332371339451,3.,69.4857040382188));
#4643=CARTESIAN_POINT('Ctrl Pts',(-5.85148400188736,3.,69.3794224118354));
#4644=CARTESIAN_POINT('Ctrl Pts',(-5.65861334555597,3.,69.1831165646674));
#4645=CARTESIAN_POINT('Ctrl Pts',(-5.56419404420506,3.,68.9980387143256));
#4646=CARTESIAN_POINT('',(-6.04332371339451,3.,69.4857040382188));
#4647=CARTESIAN_POINT('Origin',(-6.21092071860284,3.,69.5785536679389));
#4648=CARTESIAN_POINT('',(-6.21092071860284,6.,69.5785536679389));
#4649=CARTESIAN_POINT('',(-8.57599547888442,6.,70.8888176280818));
#4650=CARTESIAN_POINT('',(-6.21092071860284,3.,69.5785536679389));
#4651=CARTESIAN_POINT('',(-8.57599547888442,3.,70.8888176280818));
#4652=CARTESIAN_POINT('',(-6.21092071860284,3.,69.5785536679389));
#4653=CARTESIAN_POINT('Origin',(-8.27085699789972,3.,69.5785536679389));
#4654=CARTESIAN_POINT('',(-8.27085699789972,6.,69.5785536679389));
#4655=CARTESIAN_POINT('',(-10.6306190273332,6.,69.5785536679389));
#4656=CARTESIAN_POINT('',(-8.27085699789972,3.,69.5785536679389));
#4657=CARTESIAN_POINT('',(-10.6306190273332,3.,69.5785536679389));
#4658=CARTESIAN_POINT('',(-8.27085699789972,3.,69.5785536679389));
#4659=CARTESIAN_POINT('Origin',(-8.44035311199477,3.,69.4846692176622));
#4660=CARTESIAN_POINT('',(-10.3899265111262,6.,68.4047941548694));
#4661=CARTESIAN_POINT('',(-10.3899265111262,3.,68.4047941548694));
#4662=CARTESIAN_POINT('Ctrl Pts',(-11.6575017020827,3.,66.4895484189154));
#4663=CARTESIAN_POINT('Ctrl Pts',(-11.6575017020827,6.3,66.4895484189154));
#4664=CARTESIAN_POINT('Ctrl Pts',(-11.5486892224277,3.,66.5121374793809));
#4665=CARTESIAN_POINT('Ctrl Pts',(-11.5486892224277,6.3,66.5121374793809));
#4666=CARTESIAN_POINT('Ctrl Pts',(-11.1759949170078,3.,66.5212015256049));
#4667=CARTESIAN_POINT('Ctrl Pts',(-11.1759949170078,6.3,66.5212015256049));
#4668=CARTESIAN_POINT('Ctrl Pts',(-10.623841281347,3.,66.5146851274929));
#4669=CARTESIAN_POINT('Ctrl Pts',(-10.623841281347,6.3,66.5146851274929));
#4670=CARTESIAN_POINT('',(-10.623841281347,6.,66.5146851274929));
#4671=CARTESIAN_POINT('',(-11.6575017020827,6.,66.4895484189154));
#4672=CARTESIAN_POINT('Ctrl Pts',(-10.623841281347,6.,66.5146851274929));
#4673=CARTESIAN_POINT('Ctrl Pts',(-11.1759949170078,6.,66.5212015256049));
#4674=CARTESIAN_POINT('Ctrl Pts',(-11.5486892224277,6.,66.5121374793809));
#4675=CARTESIAN_POINT('Ctrl Pts',(-11.6575017020827,6.,66.4895484189154));
#4676=CARTESIAN_POINT('',(-10.623841281347,3.,66.5146851274929));
#4677=CARTESIAN_POINT('',(-10.623841281347,3.,66.5146851274929));
#4678=CARTESIAN_POINT('',(-11.6575017020827,3.,66.4895484189154));
#4679=CARTESIAN_POINT('Ctrl Pts',(-11.6575017020827,3.,66.4895484189154));
#4680=CARTESIAN_POINT('Ctrl Pts',(-11.5486892224277,3.,66.5121374793809));
#4681=CARTESIAN_POINT('Ctrl Pts',(-11.1759949170078,3.,66.5212015256049));
#4682=CARTESIAN_POINT('Ctrl Pts',(-10.623841281347,3.,66.5146851274929));
#4683=CARTESIAN_POINT('',(-11.6575017020827,3.,66.4895484189154));
#4684=CARTESIAN_POINT('Ctrl Pts',(-12.4591426932936,3.,65.7914411598009));
#4685=CARTESIAN_POINT('Ctrl Pts',(-12.4591426932936,6.3,65.7914411598009));
#4686=CARTESIAN_POINT('Ctrl Pts',(-12.331436018082,3.,66.1335404334825));
#4687=CARTESIAN_POINT('Ctrl Pts',(-12.331436018082,6.3,66.1335404334825));
#4688=CARTESIAN_POINT('Ctrl Pts',(-12.0056174043939,3.,66.4172802202663));
#4689=CARTESIAN_POINT('Ctrl Pts',(-12.0056174043939,6.3,66.4172802202663));
#4690=CARTESIAN_POINT('Ctrl Pts',(-11.6575017020827,3.,66.4895484189154));
#4691=CARTESIAN_POINT('Ctrl Pts',(-11.6575017020827,6.3,66.4895484189154));
#4692=CARTESIAN_POINT('',(-12.4591426932936,6.,65.7914411598009));
#4693=CARTESIAN_POINT('Ctrl Pts',(-11.6575017020827,6.,66.4895484189154));
#4694=CARTESIAN_POINT('Ctrl Pts',(-12.0056174043939,6.,66.4172802202663));
#4695=CARTESIAN_POINT('Ctrl Pts',(-12.331436018082,6.,66.1335404334825));
#4696=CARTESIAN_POINT('Ctrl Pts',(-12.4591426932936,6.,65.7914411598009));
#4697=CARTESIAN_POINT('',(-12.4591426932936,3.,65.7914411598009));
#4698=CARTESIAN_POINT('Ctrl Pts',(-12.4591426932936,3.,65.7914411598009));
#4699=CARTESIAN_POINT('Ctrl Pts',(-12.331436018082,3.,66.1335404334825));
#4700=CARTESIAN_POINT('Ctrl Pts',(-12.0056174043939,3.,66.4172802202663));
#4701=CARTESIAN_POINT('Ctrl Pts',(-11.6575017020827,3.,66.4895484189154));
#4702=CARTESIAN_POINT('',(-12.4591426932936,3.,65.7914411598009));
#4703=CARTESIAN_POINT('Ctrl Pts',(-12.5038014660801,3.,63.8899590329291));
#4704=CARTESIAN_POINT('Ctrl Pts',(-12.5038014660801,6.3,63.8899590329291));
#4705=CARTESIAN_POINT('Ctrl Pts',(-12.5590073986972,3.,64.2457745236518));
#4706=CARTESIAN_POINT('Ctrl Pts',(-12.5590073986972,6.3,64.2457745236518));
#4707=CARTESIAN_POINT('Ctrl Pts',(-12.5269744702304,3.,65.6097364885769));
#4708=CARTESIAN_POINT('Ctrl Pts',(-12.5269744702304,6.3,65.6097364885769));
#4709=CARTESIAN_POINT('Ctrl Pts',(-12.4591426932936,3.,65.7914411598009));
#4710=CARTESIAN_POINT('Ctrl Pts',(-12.4591426932936,6.3,65.7914411598009));
#4711=CARTESIAN_POINT('',(-12.5038014660801,6.,63.8899590329291));
#4712=CARTESIAN_POINT('Ctrl Pts',(-12.4591426932936,6.,65.7914411598009));
#4713=CARTESIAN_POINT('Ctrl Pts',(-12.5269744702304,6.,65.6097364885769));
#4714=CARTESIAN_POINT('Ctrl Pts',(-12.5590073986972,6.,64.2457745236518));
#4715=CARTESIAN_POINT('Ctrl Pts',(-12.5038014660801,6.,63.8899590329291));
#4716=CARTESIAN_POINT('',(-12.5038014660801,3.,63.8899590329291));
#4717=CARTESIAN_POINT('Ctrl Pts',(-12.5038014660801,3.,63.8899590329291));
#4718=CARTESIAN_POINT('Ctrl Pts',(-12.5590073986972,3.,64.2457745236518));
#4719=CARTESIAN_POINT('Ctrl Pts',(-12.5269744702304,3.,65.6097364885769));
#4720=CARTESIAN_POINT('Ctrl Pts',(-12.4591426932936,3.,65.7914411598009));
#4721=CARTESIAN_POINT('',(-12.5038014660801,3.,63.8899590329291));
#4722=CARTESIAN_POINT('Ctrl Pts',(-11.7959506156569,3.,63.0001089556179));
#4723=CARTESIAN_POINT('Ctrl Pts',(-11.7959506156569,6.3,63.0001089556179));
#4724=CARTESIAN_POINT('Ctrl Pts',(-12.1962918123528,3.,63.1467989682319));
#4725=CARTESIAN_POINT('Ctrl Pts',(-12.1962918123528,6.3,63.1467989682319));
#4726=CARTESIAN_POINT('Ctrl Pts',(-12.4350692273105,3.,63.4469705685736));
#4727=CARTESIAN_POINT('Ctrl Pts',(-12.4350692273105,6.3,63.4469705685736));
#4728=CARTESIAN_POINT('Ctrl Pts',(-12.5038014660801,3.,63.8899590329291));
#4729=CARTESIAN_POINT('Ctrl Pts',(-12.5038014660801,6.3,63.8899590329291));
#4730=CARTESIAN_POINT('',(-11.7959506156569,6.,63.0001089556179));
#4731=CARTESIAN_POINT('Ctrl Pts',(-12.5038014660801,6.,63.8899590329291));
#4732=CARTESIAN_POINT('Ctrl Pts',(-12.4350692273105,6.,63.4469705685736));
#4733=CARTESIAN_POINT('Ctrl Pts',(-12.1962918123528,6.,63.1467989682319));
#4734=CARTESIAN_POINT('Ctrl Pts',(-11.7959506156569,6.,63.0001089556179));
#4735=CARTESIAN_POINT('',(-11.7959506156569,3.,63.0001089556179));
#4736=CARTESIAN_POINT('Ctrl Pts',(-11.7959506156569,3.,63.0001089556179));
#4737=CARTESIAN_POINT('Ctrl Pts',(-12.1962918123528,3.,63.1467989682319));
#4738=CARTESIAN_POINT('Ctrl Pts',(-12.4350692273105,3.,63.4469705685736));
#4739=CARTESIAN_POINT('Ctrl Pts',(-12.5038014660801,3.,63.8899590329291));
#4740=CARTESIAN_POINT('',(-11.7959506156569,3.,63.0001089556179));
#4741=CARTESIAN_POINT('Ctrl Pts',(-10.6793973217929,3.,62.9472090837917));
#4742=CARTESIAN_POINT('Ctrl Pts',(-10.6793973217929,6.3,62.9472090837917));
#4743=CARTESIAN_POINT('Ctrl Pts',(-11.549350680761,3.,62.9400196001492));
#4744=CARTESIAN_POINT('Ctrl Pts',(-11.549350680761,6.3,62.9400196001492));
#4745=CARTESIAN_POINT('Ctrl Pts',(-11.6442260266269,3.,62.9445128659369));
#4746=CARTESIAN_POINT('Ctrl Pts',(-11.6442260266269,6.3,62.9445128659369));
#4747=CARTESIAN_POINT('Ctrl Pts',(-11.7959506156569,3.,63.0001089556179));
#4748=CARTESIAN_POINT('Ctrl Pts',(-11.7959506156569,6.3,63.0001089556179));
#4749=CARTESIAN_POINT('',(-10.6793973217929,6.,62.9472090837917));
#4750=CARTESIAN_POINT('Ctrl Pts',(-11.7959506156569,6.,63.0001089556179));
#4751=CARTESIAN_POINT('Ctrl Pts',(-11.6442260266269,6.,62.9445128659369));
#4752=CARTESIAN_POINT('Ctrl Pts',(-11.549350680761,6.,62.9400196001492));
#4753=CARTESIAN_POINT('Ctrl Pts',(-10.6793973217929,6.,62.9472090837917));
#4754=CARTESIAN_POINT('',(-10.6793973217929,3.,62.9472090837917));
#4755=CARTESIAN_POINT('Ctrl Pts',(-10.6793973217929,3.,62.9472090837917));
#4756=CARTESIAN_POINT('Ctrl Pts',(-11.549350680761,3.,62.9400196001492));
#4757=CARTESIAN_POINT('Ctrl Pts',(-11.6442260266269,3.,62.9445128659369));
#4758=CARTESIAN_POINT('Ctrl Pts',(-11.7959506156569,3.,63.0001089556179));
#4759=CARTESIAN_POINT('',(-10.6793973217929,3.,62.9472090837917));
#4760=CARTESIAN_POINT('Origin',(-9.72865690431248,3.,62.9550664853217));
#4761=CARTESIAN_POINT('',(-9.72865690431248,6.,62.9550664853217));
#4762=CARTESIAN_POINT('',(-11.3364960888176,6.,62.941778485952));
#4763=CARTESIAN_POINT('',(-9.72865690431248,3.,62.9550664853217));
#4764=CARTESIAN_POINT('',(-11.3364960888176,3.,62.941778485952));
#4765=CARTESIAN_POINT('',(-9.72865690431248,3.,62.9550664853217));
#4766=CARTESIAN_POINT('Origin',(-9.52817689332614,3.,63.063762693004));
#4767=CARTESIAN_POINT('',(-9.52817689332614,6.,63.063762693004));
#4768=CARTESIAN_POINT('',(-9.72709597315286,6.,62.95591279063));
#4769=CARTESIAN_POINT('',(-9.52817689332614,3.,63.063762693004));
#4770=CARTESIAN_POINT('',(-9.72709597315286,3.,62.95591279063));
#4771=CARTESIAN_POINT('',(-9.52817689332614,3.,63.063762693004));
#4772=CARTESIAN_POINT('Ctrl Pts',(-9.03952196575454,3.,63.5706529416205));
#4773=CARTESIAN_POINT('Ctrl Pts',(-9.03952196575454,6.3,63.5706529416205));
#4774=CARTESIAN_POINT('Ctrl Pts',(-9.1493640983229,3.,63.347749234752));
#4775=CARTESIAN_POINT('Ctrl Pts',(-9.1493640983229,6.3,63.347749234752));
#4776=CARTESIAN_POINT('Ctrl Pts',(-9.30811280641209,3.,63.1830771156114));
#4777=CARTESIAN_POINT('Ctrl Pts',(-9.30811280641209,6.3,63.1830771156114));
#4778=CARTESIAN_POINT('Ctrl Pts',(-9.52817689332614,3.,63.063762693004));
#4779=CARTESIAN_POINT('Ctrl Pts',(-9.52817689332614,6.3,63.063762693004));
#4780=CARTESIAN_POINT('',(-9.03952196575454,6.,63.5706529416205));
#4781=CARTESIAN_POINT('Ctrl Pts',(-9.52817689332614,6.,63.063762693004));
#4782=CARTESIAN_POINT('Ctrl Pts',(-9.30811280641209,6.,63.1830771156114));
#4783=CARTESIAN_POINT('Ctrl Pts',(-9.1493640983229,6.,63.347749234752));
#4784=CARTESIAN_POINT('Ctrl Pts',(-9.03952196575454,6.,63.5706529416205));
#4785=CARTESIAN_POINT('',(-9.03952196575454,3.,63.5706529416205));
#4786=CARTESIAN_POINT('Ctrl Pts',(-9.03952196575454,3.,63.5706529416205));
#4787=CARTESIAN_POINT('Ctrl Pts',(-9.1493640983229,3.,63.347749234752));
#4788=CARTESIAN_POINT('Ctrl Pts',(-9.30811280641209,3.,63.1830771156114));
#4789=CARTESIAN_POINT('Ctrl Pts',(-9.52817689332614,3.,63.063762693004));
#4790=CARTESIAN_POINT('',(-9.03952196575454,3.,63.5706529416205));
#4791=CARTESIAN_POINT('Ctrl Pts',(-8.96806508709243,3.,64.7297811561387));
#4792=CARTESIAN_POINT('Ctrl Pts',(-8.96806508709243,6.3,64.7297811561387));
#4793=CARTESIAN_POINT('Ctrl Pts',(-8.96806508709243,3.,63.7414655128282));
#4794=CARTESIAN_POINT('Ctrl Pts',(-8.96806508709243,6.3,63.7414655128282));
#4795=CARTESIAN_POINT('Ctrl Pts',(-8.9698853894199,3.,63.7119686052761));
#4796=CARTESIAN_POINT('Ctrl Pts',(-8.9698853894199,6.3,63.7119686052761));
#4797=CARTESIAN_POINT('Ctrl Pts',(-9.03952196575454,3.,63.5706529416205));
#4798=CARTESIAN_POINT('Ctrl Pts',(-9.03952196575454,6.3,63.5706529416205));
#4799=CARTESIAN_POINT('',(-8.96806508709243,6.,64.7297811561387));
#4800=CARTESIAN_POINT('Ctrl Pts',(-9.03952196575454,6.,63.5706529416205));
#4801=CARTESIAN_POINT('Ctrl Pts',(-8.9698853894199,6.,63.7119686052761));
#4802=CARTESIAN_POINT('Ctrl Pts',(-8.96806508709243,6.,63.7414655128282));
#4803=CARTESIAN_POINT('Ctrl Pts',(-8.96806508709243,6.,64.7297811561387));
#4804=CARTESIAN_POINT('',(-8.96806508709243,3.,64.7297811561387));
#4805=CARTESIAN_POINT('Ctrl Pts',(-8.96806508709243,3.,64.7297811561387));
#4806=CARTESIAN_POINT('Ctrl Pts',(-8.96806508709243,3.,63.7414655128282));
#4807=CARTESIAN_POINT('Ctrl Pts',(-8.9698853894199,3.,63.7119686052761));
#4808=CARTESIAN_POINT('Ctrl Pts',(-9.03952196575454,3.,63.5706529416205));
#4809=CARTESIAN_POINT('',(-8.96806508709243,3.,64.7297811561387));
#4810=CARTESIAN_POINT('Origin',(-8.96806508709242,3.,65.7439040097358));
#4811=CARTESIAN_POINT('',(-8.96806508709242,6.,65.7439040097358));
#4812=CARTESIAN_POINT('',(-8.96806508709243,6.,67.1219520048679));
#4813=CARTESIAN_POINT('',(-8.96806508709242,3.,65.7439040097358));
#4814=CARTESIAN_POINT('',(-8.96806508709243,3.,67.1219520048679));
#4815=CARTESIAN_POINT('',(-8.96806508709242,3.,65.7439040097358));
#4816=CARTESIAN_POINT('Origin',(-9.07689306967706,3.,65.9446307756863));
#4817=CARTESIAN_POINT('',(-9.07689306967706,6.,65.9446307756863));
#4818=CARTESIAN_POINT('',(-10.0567647424318,6.,67.7519460198664));
#4819=CARTESIAN_POINT('',(-9.07689306967706,3.,65.9446307756863));
#4820=CARTESIAN_POINT('',(-10.0567647424318,3.,67.7519460198664));
#4821=CARTESIAN_POINT('',(-9.07689306967706,3.,65.9446307756863));
#4822=CARTESIAN_POINT('Ctrl Pts',(-9.60441642579685,3.,66.4325841956895));
#4823=CARTESIAN_POINT('Ctrl Pts',(-9.60441642579685,6.3,66.4325841956895));
#4824=CARTESIAN_POINT('Ctrl Pts',(-9.36657952190688,3.,66.3229009681505));
#4825=CARTESIAN_POINT('Ctrl Pts',(-9.36657952190688,6.3,66.3229009681505));
#4826=CARTESIAN_POINT('Ctrl Pts',(-9.19687024252862,3.,66.1659208859565));
#4827=CARTESIAN_POINT('Ctrl Pts',(-9.19687024252862,6.3,66.1659208859565));
#4828=CARTESIAN_POINT('Ctrl Pts',(-9.07689306967706,3.,65.9446307756863));
#4829=CARTESIAN_POINT('Ctrl Pts',(-9.07689306967706,6.3,65.9446307756863));
#4830=CARTESIAN_POINT('',(-9.60441642579685,6.,66.4325841956895));
#4831=CARTESIAN_POINT('Ctrl Pts',(-9.07689306967706,6.,65.9446307756863));
#4832=CARTESIAN_POINT('Ctrl Pts',(-9.19687024252862,6.,66.1659208859565));
#4833=CARTESIAN_POINT('Ctrl Pts',(-9.36657952190688,6.,66.3229009681505));
#4834=CARTESIAN_POINT('Ctrl Pts',(-9.60441642579685,6.,66.4325841956895));
#4835=CARTESIAN_POINT('',(-9.60441642579685,3.,66.4325841956895));
#4836=CARTESIAN_POINT('Ctrl Pts',(-9.60441642579685,3.,66.4325841956895));
#4837=CARTESIAN_POINT('Ctrl Pts',(-9.36657952190688,3.,66.3229009681505));
#4838=CARTESIAN_POINT('Ctrl Pts',(-9.19687024252862,3.,66.1659208859565));
#4839=CARTESIAN_POINT('Ctrl Pts',(-9.07689306967706,3.,65.9446307756863));
#4840=CARTESIAN_POINT('',(-9.60441642579685,3.,66.4325841956895));
#4841=CARTESIAN_POINT('Ctrl Pts',(-10.623841281347,3.,66.5146851274929));
#4842=CARTESIAN_POINT('Ctrl Pts',(-10.623841281347,6.3,66.5146851274929));
#4843=CARTESIAN_POINT('Ctrl Pts',(-9.80464322226495,3.,66.505017758922));
#4844=CARTESIAN_POINT('Ctrl Pts',(-9.80464322226495,6.3,66.505017758922));
#4845=CARTESIAN_POINT('Ctrl Pts',(-9.75234925660739,3.,66.5008061296902));
#4846=CARTESIAN_POINT('Ctrl Pts',(-9.75234925660739,6.3,66.5008061296902));
#4847=CARTESIAN_POINT('Ctrl Pts',(-9.60441642579685,3.,66.4325841956895));
#4848=CARTESIAN_POINT('Ctrl Pts',(-9.60441642579685,6.3,66.4325841956895));
#4849=CARTESIAN_POINT('Ctrl Pts',(-9.60441642579685,6.,66.4325841956895));
#4850=CARTESIAN_POINT('Ctrl Pts',(-9.75234925660739,6.,66.5008061296902));
#4851=CARTESIAN_POINT('Ctrl Pts',(-9.80464322226495,6.,66.505017758922));
#4852=CARTESIAN_POINT('Ctrl Pts',(-10.623841281347,6.,66.5146851274929));
#4853=CARTESIAN_POINT('Ctrl Pts',(-10.623841281347,3.,66.5146851274929));
#4854=CARTESIAN_POINT('Ctrl Pts',(-9.80464322226495,3.,66.505017758922));
#4855=CARTESIAN_POINT('Ctrl Pts',(-9.75234925660739,3.,66.5008061296902));
#4856=CARTESIAN_POINT('Ctrl Pts',(-9.60441642579685,3.,66.4325841956895));
#4857=CARTESIAN_POINT('Ctrl Pts',(-9.00895793987564,3.,73.9077390317084));
#4858=CARTESIAN_POINT('Ctrl Pts',(-9.00895793987564,6.3,73.9077390317084));
#4859=CARTESIAN_POINT('Ctrl Pts',(-9.01772613852472,3.,74.8319707313341));
#4860=CARTESIAN_POINT('Ctrl Pts',(-9.01772613852472,6.3,74.8319707313341));
#4861=CARTESIAN_POINT('Ctrl Pts',(-9.01498082805923,3.,74.8861366757514));
#4862=CARTESIAN_POINT('Ctrl Pts',(-9.01498082805923,6.3,74.8861366757514));
#4863=CARTESIAN_POINT('Ctrl Pts',(-8.95066563233983,3.,75.0580331601264));
#4864=CARTESIAN_POINT('Ctrl Pts',(-8.95066563233983,6.3,75.0580331601264));
#4865=CARTESIAN_POINT('',(-8.95066563233983,6.,75.0580331601264));
#4866=CARTESIAN_POINT('',(-9.00895793987564,6.,73.9077390317084));
#4867=CARTESIAN_POINT('Ctrl Pts',(-8.95066563233983,6.,75.0580331601264));
#4868=CARTESIAN_POINT('Ctrl Pts',(-9.01498082805923,6.,74.8861366757514));
#4869=CARTESIAN_POINT('Ctrl Pts',(-9.01772613852472,6.,74.8319707313341));
#4870=CARTESIAN_POINT('Ctrl Pts',(-9.00895793987564,6.,73.9077390317084));
#4871=CARTESIAN_POINT('',(-8.95066563233983,3.,75.0580331601264));
#4872=CARTESIAN_POINT('',(-8.95066563233983,3.,75.0580331601264));
#4873=CARTESIAN_POINT('',(-9.00895793987564,3.,73.9077390317084));
#4874=CARTESIAN_POINT('Ctrl Pts',(-9.00895793987564,3.,73.9077390317084));
#4875=CARTESIAN_POINT('Ctrl Pts',(-9.01772613852472,3.,74.8319707313341));
#4876=CARTESIAN_POINT('Ctrl Pts',(-9.01498082805923,3.,74.8861366757514));
#4877=CARTESIAN_POINT('Ctrl Pts',(-8.95066563233983,3.,75.0580331601264));
#4878=CARTESIAN_POINT('',(-9.00895793987564,3.,73.9077390317084));
#4879=CARTESIAN_POINT('Ctrl Pts',(-8.9221893343255,3.,72.7802057878933));
#4880=CARTESIAN_POINT('Ctrl Pts',(-8.9221893343255,6.3,72.7802057878933));
#4881=CARTESIAN_POINT('Ctrl Pts',(-8.99864203207941,3.,72.935569043712));
#4882=CARTESIAN_POINT('Ctrl Pts',(-8.99864203207941,6.3,72.935569043712));
#4883=CARTESIAN_POINT('Ctrl Pts',(-8.99989001791925,3.,72.9517825243435));
#4884=CARTESIAN_POINT('Ctrl Pts',(-8.99989001791925,6.3,72.9517825243435));
#4885=CARTESIAN_POINT('Ctrl Pts',(-9.00895793987564,3.,73.9077390317084));
#4886=CARTESIAN_POINT('Ctrl Pts',(-9.00895793987564,6.3,73.9077390317084));
#4887=CARTESIAN_POINT('',(-8.9221893343255,6.,72.7802057878933));
#4888=CARTESIAN_POINT('Ctrl Pts',(-9.00895793987564,6.,73.9077390317084));
#4889=CARTESIAN_POINT('Ctrl Pts',(-8.99989001791925,6.,72.9517825243435));
#4890=CARTESIAN_POINT('Ctrl Pts',(-8.99864203207941,6.,72.935569043712));
#4891=CARTESIAN_POINT('Ctrl Pts',(-8.9221893343255,6.,72.7802057878933));
#4892=CARTESIAN_POINT('',(-8.9221893343255,3.,72.7802057878933));
#4893=CARTESIAN_POINT('Ctrl Pts',(-8.9221893343255,3.,72.7802057878933));
#4894=CARTESIAN_POINT('Ctrl Pts',(-8.99864203207941,3.,72.935569043712));
#4895=CARTESIAN_POINT('Ctrl Pts',(-8.99989001791925,3.,72.9517825243435));
#4896=CARTESIAN_POINT('Ctrl Pts',(-9.00895793987564,3.,73.9077390317084));
#4897=CARTESIAN_POINT('',(-8.9221893343255,3.,72.7802057878933));
#4898=CARTESIAN_POINT('Ctrl Pts',(-8.17578269776952,3.,72.1910066098334));
#4899=CARTESIAN_POINT('Ctrl Pts',(-8.17578269776952,6.3,72.1910066098334));
#4900=CARTESIAN_POINT('Ctrl Pts',(-8.49537430136652,3.,72.2687253801785));
#4901=CARTESIAN_POINT('Ctrl Pts',(-8.49537430136652,6.3,72.2687253801785));
#4902=CARTESIAN_POINT('Ctrl Pts',(-8.78172891562434,3.,72.4947684303087));
#4903=CARTESIAN_POINT('Ctrl Pts',(-8.78172891562434,6.3,72.4947684303087));
#4904=CARTESIAN_POINT('Ctrl Pts',(-8.9221893343255,3.,72.7802057878933));
#4905=CARTESIAN_POINT('Ctrl Pts',(-8.9221893343255,6.3,72.7802057878933));
#4906=CARTESIAN_POINT('',(-8.17578269776952,6.,72.1910066098334));
#4907=CARTESIAN_POINT('Ctrl Pts',(-8.9221893343255,6.,72.7802057878933));
#4908=CARTESIAN_POINT('Ctrl Pts',(-8.78172891562434,6.,72.4947684303087));
#4909=CARTESIAN_POINT('Ctrl Pts',(-8.49537430136652,6.,72.2687253801785));
#4910=CARTESIAN_POINT('Ctrl Pts',(-8.17578269776952,6.,72.1910066098334));
#4911=CARTESIAN_POINT('',(-8.17578269776952,3.,72.1910066098334));
#4912=CARTESIAN_POINT('Ctrl Pts',(-8.17578269776952,3.,72.1910066098334));
#4913=CARTESIAN_POINT('Ctrl Pts',(-8.49537430136652,3.,72.2687253801785));
#4914=CARTESIAN_POINT('Ctrl Pts',(-8.78172891562434,3.,72.4947684303087));
#4915=CARTESIAN_POINT('Ctrl Pts',(-8.9221893343255,3.,72.7802057878933));
#4916=CARTESIAN_POINT('',(-8.17578269776952,3.,72.1910066098334));
#4917=CARTESIAN_POINT('Ctrl Pts',(-6.29502669597915,3.,72.1950044278266));
#4918=CARTESIAN_POINT('Ctrl Pts',(-6.29502669597915,6.3,72.1950044278266));
#4919=CARTESIAN_POINT('Ctrl Pts',(-6.47001989055923,3.,72.1574744188747));
#4920=CARTESIAN_POINT('Ctrl Pts',(-6.47001989055923,6.3,72.1574744188747));
#4921=CARTESIAN_POINT('Ctrl Pts',(-8.02431003134699,3.,72.1541710029405));
#4922=CARTESIAN_POINT('Ctrl Pts',(-8.02431003134699,6.3,72.1541710029405));
#4923=CARTESIAN_POINT('Ctrl Pts',(-8.17578269776952,3.,72.1910066098334));
#4924=CARTESIAN_POINT('Ctrl Pts',(-8.17578269776952,6.3,72.1910066098334));
#4925=CARTESIAN_POINT('',(-6.29502669597915,6.,72.1950044278266));
#4926=CARTESIAN_POINT('Ctrl Pts',(-8.17578269776952,6.,72.1910066098334));
#4927=CARTESIAN_POINT('Ctrl Pts',(-8.02431003134699,6.,72.1541710029405));
#4928=CARTESIAN_POINT('Ctrl Pts',(-6.47001989055923,6.,72.1574744188747));
#4929=CARTESIAN_POINT('Ctrl Pts',(-6.29502669597915,6.,72.1950044278266));
#4930=CARTESIAN_POINT('',(-6.29502669597915,3.,72.1950044278266));
#4931=CARTESIAN_POINT('Ctrl Pts',(-6.29502669597915,3.,72.1950044278266));
#4932=CARTESIAN_POINT('Ctrl Pts',(-6.47001989055923,3.,72.1574744188747));
#4933=CARTESIAN_POINT('Ctrl Pts',(-8.02431003134699,3.,72.1541710029405));
#4934=CARTESIAN_POINT('Ctrl Pts',(-8.17578269776952,3.,72.1910066098334));
#4935=CARTESIAN_POINT('',(-6.29502669597915,3.,72.1950044278266));
#4936=CARTESIAN_POINT('Ctrl Pts',(-5.5059094881341,3.,72.9061444831651));
#4937=CARTESIAN_POINT('Ctrl Pts',(-5.5059094881341,6.3,72.9061444831651));
#4938=CARTESIAN_POINT('Ctrl Pts',(-5.62714110637955,3.,72.5605182929796));
#4939=CARTESIAN_POINT('Ctrl Pts',(-5.62714110637955,6.3,72.5605182929796));
#4940=CARTESIAN_POINT('Ctrl Pts',(-5.95082031577082,3.,72.2688235653998));
#4941=CARTESIAN_POINT('Ctrl Pts',(-5.95082031577082,6.3,72.2688235653998));
#4942=CARTESIAN_POINT('Ctrl Pts',(-6.29502669597915,3.,72.1950044278266));
#4943=CARTESIAN_POINT('Ctrl Pts',(-6.29502669597915,6.3,72.1950044278266));
#4944=CARTESIAN_POINT('',(-5.5059094881341,6.,72.9061444831651));
#4945=CARTESIAN_POINT('Ctrl Pts',(-6.29502669597915,6.,72.1950044278266));
#4946=CARTESIAN_POINT('Ctrl Pts',(-5.95082031577082,6.,72.2688235653998));
#4947=CARTESIAN_POINT('Ctrl Pts',(-5.62714110637955,6.,72.5605182929796));
#4948=CARTESIAN_POINT('Ctrl Pts',(-5.5059094881341,6.,72.9061444831651));
#4949=CARTESIAN_POINT('',(-5.5059094881341,3.,72.9061444831651));
#4950=CARTESIAN_POINT('Ctrl Pts',(-5.5059094881341,3.,72.9061444831651));
#4951=CARTESIAN_POINT('Ctrl Pts',(-5.62714110637955,3.,72.5605182929796));
#4952=CARTESIAN_POINT('Ctrl Pts',(-5.95082031577082,3.,72.2688235653998));
#4953=CARTESIAN_POINT('Ctrl Pts',(-6.29502669597915,3.,72.1950044278266));
#4954=CARTESIAN_POINT('',(-5.5059094881341,3.,72.9061444831651));
#4955=CARTESIAN_POINT('Ctrl Pts',(-5.45073972901951,3.,73.9678038408718));
#4956=CARTESIAN_POINT('Ctrl Pts',(-5.45073972901951,6.3,73.9678038408718));
#4957=CARTESIAN_POINT('Ctrl Pts',(-5.45040124838801,3.,73.1875220110378));
#4958=CARTESIAN_POINT('Ctrl Pts',(-5.45040124838801,6.3,73.1875220110378));
#4959=CARTESIAN_POINT('Ctrl Pts',(-5.45789303915949,3.,73.0430359982611));
#4960=CARTESIAN_POINT('Ctrl Pts',(-5.45789303915949,6.3,73.0430359982611));
#4961=CARTESIAN_POINT('Ctrl Pts',(-5.5059094881341,3.,72.9061444831651));
#4962=CARTESIAN_POINT('Ctrl Pts',(-5.5059094881341,6.3,72.9061444831651));
#4963=CARTESIAN_POINT('',(-5.45073972901951,6.,73.9678038408718));
#4964=CARTESIAN_POINT('Ctrl Pts',(-5.5059094881341,6.,72.9061444831651));
#4965=CARTESIAN_POINT('Ctrl Pts',(-5.45789303915949,6.,73.0430359982611));
#4966=CARTESIAN_POINT('Ctrl Pts',(-5.45040124838801,6.,73.1875220110378));
#4967=CARTESIAN_POINT('Ctrl Pts',(-5.45073972901951,6.,73.9678038408718));
#4968=CARTESIAN_POINT('',(-5.45073972901951,3.,73.9678038408718));
#4969=CARTESIAN_POINT('Ctrl Pts',(-5.45073972901951,3.,73.9678038408718));
#4970=CARTESIAN_POINT('Ctrl Pts',(-5.45040124838801,3.,73.1875220110378));
#4971=CARTESIAN_POINT('Ctrl Pts',(-5.45789303915949,3.,73.0430359982611));
#4972=CARTESIAN_POINT('Ctrl Pts',(-5.5059094881341,3.,72.9061444831651));
#4973=CARTESIAN_POINT('',(-5.45073972901951,3.,73.9678038408718));
#4974=CARTESIAN_POINT('Ctrl Pts',(-5.52691854168228,3.,75.0601725644232));
#4975=CARTESIAN_POINT('Ctrl Pts',(-5.52691854168228,6.3,75.0601725644232));
#4976=CARTESIAN_POINT('Ctrl Pts',(-5.45325895509373,3.,74.8762722907823));
#4977=CARTESIAN_POINT('Ctrl Pts',(-5.45325895509373,6.3,74.8762722907823));
#4978=CARTESIAN_POINT('Ctrl Pts',(-5.45113763754817,3.,74.8458652320665));
#4979=CARTESIAN_POINT('Ctrl Pts',(-5.45113763754817,6.3,74.8458652320665));
#4980=CARTESIAN_POINT('Ctrl Pts',(-5.45073972901951,3.,73.9678038408718));
#4981=CARTESIAN_POINT('Ctrl Pts',(-5.45073972901951,6.3,73.9678038408718));
#4982=CARTESIAN_POINT('',(-5.52691854168228,6.,75.0601725644232));
#4983=CARTESIAN_POINT('Ctrl Pts',(-5.45073972901951,6.,73.9678038408718));
#4984=CARTESIAN_POINT('Ctrl Pts',(-5.45113763754817,6.,74.8458652320665));
#4985=CARTESIAN_POINT('Ctrl Pts',(-5.45325895509373,6.,74.8762722907823));
#4986=CARTESIAN_POINT('Ctrl Pts',(-5.52691854168228,6.,75.0601725644232));
#4987=CARTESIAN_POINT('',(-5.52691854168228,3.,75.0601725644232));
#4988=CARTESIAN_POINT('Ctrl Pts',(-5.52691854168228,3.,75.0601725644232));
#4989=CARTESIAN_POINT('Ctrl Pts',(-5.45325895509373,3.,74.8762722907823));
#4990=CARTESIAN_POINT('Ctrl Pts',(-5.45113763754817,3.,74.8458652320665));
#4991=CARTESIAN_POINT('Ctrl Pts',(-5.45073972901951,3.,73.9678038408718));
#4992=CARTESIAN_POINT('',(-5.52691854168228,3.,75.0601725644232));
#4993=CARTESIAN_POINT('Ctrl Pts',(-6.08415455445897,3.,75.649012268301));
#4994=CARTESIAN_POINT('Ctrl Pts',(-6.08415455445897,6.3,75.649012268301));
#4995=CARTESIAN_POINT('Ctrl Pts',(-5.85313118816665,3.,75.5357875902615));
#4996=CARTESIAN_POINT('Ctrl Pts',(-5.85313118816665,6.3,75.5357875902615));
#4997=CARTESIAN_POINT('Ctrl Pts',(-5.61782772136978,3.,75.2871377158922));
#4998=CARTESIAN_POINT('Ctrl Pts',(-5.61782772136978,6.3,75.2871377158922));
#4999=CARTESIAN_POINT('Ctrl Pts',(-5.52691854168228,3.,75.0601725644232));
#5000=CARTESIAN_POINT('Ctrl Pts',(-5.52691854168228,6.3,75.0601725644232));
#5001=CARTESIAN_POINT('',(-6.08415455445897,6.,75.649012268301));
#5002=CARTESIAN_POINT('Ctrl Pts',(-5.52691854168228,6.,75.0601725644232));
#5003=CARTESIAN_POINT('Ctrl Pts',(-5.61782772136978,6.,75.2871377158922));
#5004=CARTESIAN_POINT('Ctrl Pts',(-5.85313118816665,6.,75.5357875902615));
#5005=CARTESIAN_POINT('Ctrl Pts',(-6.08415455445897,6.,75.649012268301));
#5006=CARTESIAN_POINT('',(-6.08415455445897,3.,75.649012268301));
#5007=CARTESIAN_POINT('Ctrl Pts',(-6.08415455445897,3.,75.649012268301));
#5008=CARTESIAN_POINT('Ctrl Pts',(-5.85313118816665,3.,75.5357875902615));
#5009=CARTESIAN_POINT('Ctrl Pts',(-5.61782772136978,3.,75.2871377158922));
#5010=CARTESIAN_POINT('Ctrl Pts',(-5.52691854168228,3.,75.0601725644232));
#5011=CARTESIAN_POINT('',(-6.08415455445897,3.,75.649012268301));
#5012=CARTESIAN_POINT('Ctrl Pts',(-7.24088756634048,3.,75.7266729026597));
#5013=CARTESIAN_POINT('Ctrl Pts',(-7.24088756634048,6.3,75.7266729026597));
#5014=CARTESIAN_POINT('Ctrl Pts',(-6.24567053549738,3.,75.7266729026597));
#5015=CARTESIAN_POINT('Ctrl Pts',(-6.24567053549738,6.3,75.7266729026597));
#5016=CARTESIAN_POINT('Ctrl Pts',(-6.24212553224217,3.,75.7264190421861));
#5017=CARTESIAN_POINT('Ctrl Pts',(-6.24212553224217,6.3,75.7264190421861));
#5018=CARTESIAN_POINT('Ctrl Pts',(-6.08415455445897,3.,75.649012268301));
#5019=CARTESIAN_POINT('Ctrl Pts',(-6.08415455445897,6.3,75.649012268301));
#5020=CARTESIAN_POINT('',(-7.24088756634048,6.,75.7266729026597));
#5021=CARTESIAN_POINT('Ctrl Pts',(-6.08415455445897,6.,75.649012268301));
#5022=CARTESIAN_POINT('Ctrl Pts',(-6.24212553224217,6.,75.7264190421861));
#5023=CARTESIAN_POINT('Ctrl Pts',(-6.24567053549738,6.,75.7266729026597));
#5024=CARTESIAN_POINT('Ctrl Pts',(-7.24088756634048,6.,75.7266729026597));
#5025=CARTESIAN_POINT('',(-7.24088756634048,3.,75.7266729026597));
#5026=CARTESIAN_POINT('Ctrl Pts',(-7.24088756634048,3.,75.7266729026597));
#5027=CARTESIAN_POINT('Ctrl Pts',(-6.24567053549738,3.,75.7266729026597));
#5028=CARTESIAN_POINT('Ctrl Pts',(-6.24212553224217,3.,75.7264190421861));
#5029=CARTESIAN_POINT('Ctrl Pts',(-6.08415455445897,3.,75.649012268301));
#5030=CARTESIAN_POINT('',(-7.24088756634048,3.,75.7266729026597));
#5031=CARTESIAN_POINT('Ctrl Pts',(-8.3976218701328,3.,75.6492157442532));
#5032=CARTESIAN_POINT('Ctrl Pts',(-8.3976218701328,6.3,75.6492157442532));
#5033=CARTESIAN_POINT('Ctrl Pts',(-8.23978137534113,3.,75.7263715644639));
#5034=CARTESIAN_POINT('Ctrl Pts',(-8.23978137534113,6.3,75.7263715644639));
#5035=CARTESIAN_POINT('Ctrl Pts',(-8.23528035808852,3.,75.7266729026597));
#5036=CARTESIAN_POINT('Ctrl Pts',(-8.23528035808852,6.3,75.7266729026597));
#5037=CARTESIAN_POINT('Ctrl Pts',(-7.24088756634048,3.,75.7266729026597));
#5038=CARTESIAN_POINT('Ctrl Pts',(-7.24088756634048,6.3,75.7266729026597));
#5039=CARTESIAN_POINT('',(-8.3976218701328,6.,75.6492157442532));
#5040=CARTESIAN_POINT('Ctrl Pts',(-7.24088756634048,6.,75.7266729026597));
#5041=CARTESIAN_POINT('Ctrl Pts',(-8.23528035808852,6.,75.7266729026597));
#5042=CARTESIAN_POINT('Ctrl Pts',(-8.23978137534113,6.,75.7263715644639));
#5043=CARTESIAN_POINT('Ctrl Pts',(-8.3976218701328,6.,75.6492157442532));
#5044=CARTESIAN_POINT('',(-8.3976218701328,3.,75.6492157442532));
#5045=CARTESIAN_POINT('Ctrl Pts',(-8.3976218701328,3.,75.6492157442532));
#5046=CARTESIAN_POINT('Ctrl Pts',(-8.23978137534113,3.,75.7263715644639));
#5047=CARTESIAN_POINT('Ctrl Pts',(-8.23528035808852,3.,75.7266729026597));
#5048=CARTESIAN_POINT('Ctrl Pts',(-7.24088756634048,3.,75.7266729026597));
#5049=CARTESIAN_POINT('',(-8.3976218701328,3.,75.6492157442532));
#5050=CARTESIAN_POINT('Ctrl Pts',(-8.95066563233983,3.,75.0580331601264));
#5051=CARTESIAN_POINT('Ctrl Pts',(-8.95066563233983,6.3,75.0580331601264));
#5052=CARTESIAN_POINT('Ctrl Pts',(-8.86839287639907,3.,75.2779263918362));
#5053=CARTESIAN_POINT('Ctrl Pts',(-8.86839287639907,6.3,75.2779263918362));
#5054=CARTESIAN_POINT('Ctrl Pts',(-8.62506147584568,3.,75.5380380988878));
#5055=CARTESIAN_POINT('Ctrl Pts',(-8.62506147584568,6.3,75.5380380988878));
#5056=CARTESIAN_POINT('Ctrl Pts',(-8.3976218701328,3.,75.6492157442532));
#5057=CARTESIAN_POINT('Ctrl Pts',(-8.3976218701328,6.3,75.6492157442532));
#5058=CARTESIAN_POINT('Ctrl Pts',(-8.3976218701328,6.,75.6492157442532));
#5059=CARTESIAN_POINT('Ctrl Pts',(-8.62506147584568,6.,75.5380380988878));
#5060=CARTESIAN_POINT('Ctrl Pts',(-8.86839287639907,6.,75.2779263918362));
#5061=CARTESIAN_POINT('Ctrl Pts',(-8.95066563233983,6.,75.0580331601264));
#5062=CARTESIAN_POINT('Ctrl Pts',(-8.95066563233983,3.,75.0580331601264));
#5063=CARTESIAN_POINT('Ctrl Pts',(-8.86839287639907,3.,75.2779263918362));
#5064=CARTESIAN_POINT('Ctrl Pts',(-8.62506147584568,3.,75.5380380988878));
#5065=CARTESIAN_POINT('Ctrl Pts',(-8.3976218701328,3.,75.6492157442532));
#5066=CARTESIAN_POINT('Origin',(-21.9807621135334,5.25,68.5));
#5067=CARTESIAN_POINT('',(-22.9807621135334,5.25,70.2320508075689));
#5068=CARTESIAN_POINT('',(-22.6057621135334,6.,69.5825317547306));
#5069=CARTESIAN_POINT('Origin',(-22.6057621135334,5.25,69.5825317547306));
#5070=CARTESIAN_POINT('',(-22.6057621135334,6.,67.4174682452695));
#5071=CARTESIAN_POINT('Origin',(-21.9807621135334,6.,68.5));
#5072=CARTESIAN_POINT('',(-22.9807621135334,5.25,66.7679491924312));
#5073=CARTESIAN_POINT('Origin',(-22.6057621135334,5.25,67.4174682452695));
#5074=CARTESIAN_POINT('Origin',(-21.9807621135334,5.25,68.5));
#5075=CARTESIAN_POINT('Origin',(-21.9807621135334,3.75,68.5));
#5076=CARTESIAN_POINT('',(-22.6057621135334,3.,69.5825317547306));
#5077=CARTESIAN_POINT('',(-22.9807621135334,3.75,70.2320508075689));
#5078=CARTESIAN_POINT('Origin',(-22.6057621135334,3.75,69.5825317547306));
#5079=CARTESIAN_POINT('',(-22.9807621135334,3.75,66.7679491924312));
#5080=CARTESIAN_POINT('Origin',(-21.9807621135334,3.75,68.5));
#5081=CARTESIAN_POINT('',(-22.6057621135334,3.,67.4174682452695));
#5082=CARTESIAN_POINT('Origin',(-22.6057621135334,3.75,67.4174682452695));
#5083=CARTESIAN_POINT('Origin',(-21.9807621135334,3.,68.5));
#5084=CARTESIAN_POINT('Origin',(-21.9807621135334,6.,68.5));
#5085=CARTESIAN_POINT('',(-22.9807621135334,6.,66.7679491924312));
#5086=CARTESIAN_POINT('',(-22.9807621135334,6.,70.2320508075689));
#5087=CARTESIAN_POINT('Origin',(-12.9903810567667,6.,68.5));
#5088=CARTESIAN_POINT('',(-7.95659834314696E-15,6.,82.6339745962156));
#5089=CARTESIAN_POINT('',(-7.74398816047917,6.,78.1629809471617));
#5090=CARTESIAN_POINT('',(-7.95659834314696E-15,6.,54.3660254037845));
#5091=CARTESIAN_POINT('',(-7.95659834314696E-15,6.,3.5));
#5092=CARTESIAN_POINT('',(-20.7343692172459,6.,66.3370190528383));
#5093=CARTESIAN_POINT('Origin',(-7.74398816047917,5.25,78.1629809471617));
#5094=CARTESIAN_POINT('',(-1.29903810567666,5.25,82.75));
#5095=CARTESIAN_POINT('',(-8.11898816047916,5.25,78.8125));
#5096=CARTESIAN_POINT('',(-0.512524513061926,5.90972288890783,82.7499999971437));
#5097=CARTESIAN_POINT('Ctrl Pts',(-1.2990381056766,5.2500000000001,82.7500000000001));
#5098=CARTESIAN_POINT('Ctrl Pts',(-1.24174595913992,5.34923290867629,82.7830776362254));
#5099=CARTESIAN_POINT('Ctrl Pts',(-1.16897748592137,5.44483223836126,82.8023775910793));
#5100=CARTESIAN_POINT('Ctrl Pts',(-0.976156830918883,5.64561245104137,82.8196412748226));
#5101=CARTESIAN_POINT('Ctrl Pts',(-0.849901118291859,5.74373690411383,82.8090835437945));
#5102=CARTESIAN_POINT('Ctrl Pts',(-0.643315308296042,5.85682032525177,82.7757014449896));
#5103=CARTESIAN_POINT('Ctrl Pts',(-0.576957685809745,5.88629730602279,82.7628220112463));
#5104=CARTESIAN_POINT('Ctrl Pts',(-0.512524513547827,5.90972288873117,82.7499999943841));
#5105=CARTESIAN_POINT('Ctrl Pts',(0.,6.,82.6339745962156));
#5106=CARTESIAN_POINT('Ctrl Pts',(-0.128875586005347,6.,82.6647947172818));
#5107=CARTESIAN_POINT('Ctrl Pts',(-0.268770945624146,5.98237025366357,82.6983504762878));
#5108=CARTESIAN_POINT('Ctrl Pts',(-0.440475552932618,5.93437475962421,82.7353247397064));
#5109=CARTESIAN_POINT('Ctrl Pts',(-0.476810287071214,5.92270729630372,82.7428929654142));
#5110=CARTESIAN_POINT('Ctrl Pts',(-0.51252451354699,5.90972288873148,82.749999994384));
#5111=CARTESIAN_POINT('Origin',(-4.9960036108132E-15,6.,83.5));
#5112=CARTESIAN_POINT('',(-1.29903810567666,3.75,82.75));
#5113=CARTESIAN_POINT('',(-8.11898816047916,3.75,78.8125));
#5114=CARTESIAN_POINT('Origin',(0.,4.5,83.5));
#5115=CARTESIAN_POINT('Origin',(-7.74398816047917,3.75,78.1629809471617));
#5116=CARTESIAN_POINT('',(-7.95659834314696E-15,3.,82.6339745962156));
#5117=CARTESIAN_POINT('',(-7.74398816047917,3.,78.1629809471617));
#5118=CARTESIAN_POINT('',(-0.512524513061921,3.09027711109217,82.7499999971437));
#5119=CARTESIAN_POINT('Ctrl Pts',(-0.512524513546988,3.09027711126852,82.749999994384));
#5120=CARTESIAN_POINT('Ctrl Pts',(-0.476810287071212,3.07729270369628,82.7428929654142));
#5121=CARTESIAN_POINT('Ctrl Pts',(-0.440475552932613,3.06562524037579,82.7353247397064));
#5122=CARTESIAN_POINT('Ctrl Pts',(-0.26877094562414,3.01762974633643,82.6983504762878));
#5123=CARTESIAN_POINT('Ctrl Pts',(-0.128875586005346,3.,82.6647947172818));
#5124=CARTESIAN_POINT('Ctrl Pts',(1.11022302462516E-15,3.,82.6339745962156));
#5125=CARTESIAN_POINT('Ctrl Pts',(-0.51252451354648,3.09027711126834,82.7499999943839));
#5126=CARTESIAN_POINT('Ctrl Pts',(-0.534382909965191,3.0982240375984,82.754349752709));
#5127=CARTESIAN_POINT('Ctrl Pts',(-0.556540406342521,3.10689543711259,82.7587193244734));
#5128=CARTESIAN_POINT('Ctrl Pts',(-0.740385752668443,3.18448872347494,82.7940653482391));
#5129=CARTESIAN_POINT('Ctrl Pts',(-0.888710364767317,3.28208850897818,82.8158575500985));
#5130=CARTESIAN_POINT('Ctrl Pts',(-1.10910751768673,3.48647215314708,82.8116345642993));
#5131=CARTESIAN_POINT('Ctrl Pts',(-1.18931843959785,3.57992252948326,82.7986539009166));
#5132=CARTESIAN_POINT('Ctrl Pts',(-1.27091193491303,3.70299731575654,82.7649662716061));
#5133=CARTESIAN_POINT('Ctrl Pts',(-1.28548651899924,3.72652796335154,82.7578240122162));
#5134=CARTESIAN_POINT('Ctrl Pts',(-1.29903810567666,3.75,82.75));
#5135=CARTESIAN_POINT('Ctrl Pts',(-1.5,4.5,82.7499999943839));
#5136=CARTESIAN_POINT('Ctrl Pts',(-1.5,3.,82.7499999943839));
#5137=CARTESIAN_POINT('Ctrl Pts',(0.,3.,82.7499999943839));
#5138=CARTESIAN_POINT('Ctrl Pts',(1.5,3.,82.7499999943839));
#5139=CARTESIAN_POINT('Ctrl Pts',(1.5,4.5,82.7499999943839));
#5140=CARTESIAN_POINT('Ctrl Pts',(1.5,6.,82.7499999943839));
#5141=CARTESIAN_POINT('Ctrl Pts',(0.,6.,82.7499999943839));
#5142=CARTESIAN_POINT('Ctrl Pts',(-1.5,6.,82.7499999943839));
#5143=CARTESIAN_POINT('Ctrl Pts',(-1.5,4.5,82.7499999943839));
#5144=CARTESIAN_POINT('Ctrl Pts',(-1.50000000232627,4.5,83.0606601678086));
#5145=CARTESIAN_POINT('Ctrl Pts',(-1.50000000232627,2.99999999767373,83.0606601678086));
#5146=CARTESIAN_POINT('Ctrl Pts',(0.,2.99999999767373,83.0606601678086));
#5147=CARTESIAN_POINT('Ctrl Pts',(1.50000000232627,2.99999999767373,83.0606601678086));
#5148=CARTESIAN_POINT('Ctrl Pts',(1.50000000232627,4.5,83.0606601678086));
#5149=CARTESIAN_POINT('Ctrl Pts',(1.50000000232627,6.00000000232627,83.0606601678086));
#5150=CARTESIAN_POINT('Ctrl Pts',(0.,6.00000000232627,83.0606601678086));
#5151=CARTESIAN_POINT('Ctrl Pts',(-1.50000000232627,6.00000000232627,83.0606601678086));
#5152=CARTESIAN_POINT('Ctrl Pts',(-1.50000000232627,4.5,83.0606601678086));
#5153=CARTESIAN_POINT('Ctrl Pts',(-1.28033008787551,4.5,83.2803300839043));
#5154=CARTESIAN_POINT('Ctrl Pts',(-1.28033008787551,3.21966991212449,83.2803300839043));
#5155=CARTESIAN_POINT('Ctrl Pts',(0.,3.21966991212449,83.2803300839043));
#5156=CARTESIAN_POINT('Ctrl Pts',(1.28033008787551,3.21966991212449,83.2803300839043));
#5157=CARTESIAN_POINT('Ctrl Pts',(1.28033008787551,4.5,83.2803300839043));
#5158=CARTESIAN_POINT('Ctrl Pts',(1.28033008787551,5.78033008787551,83.2803300839043));
#5159=CARTESIAN_POINT('Ctrl Pts',(0.,5.78033008787551,83.2803300839043));
#5160=CARTESIAN_POINT('Ctrl Pts',(-1.28033008787551,5.78033008787551,83.2803300839043));
#5161=CARTESIAN_POINT('Ctrl Pts',(-1.28033008787551,4.5,83.2803300839043));
#5162=CARTESIAN_POINT('Ctrl Pts',(-1.06066017342474,4.5,83.5));
#5163=CARTESIAN_POINT('Ctrl Pts',(-1.06066017342474,3.43933982657526,83.5));
#5164=CARTESIAN_POINT('Ctrl Pts',(0.,3.43933982657526,83.5));
#5165=CARTESIAN_POINT('Ctrl Pts',(1.06066017342474,3.43933982657526,83.5));
#5166=CARTESIAN_POINT('Ctrl Pts',(1.06066017342474,4.5,83.5));
#5167=CARTESIAN_POINT('Ctrl Pts',(1.06066017342474,5.56066017342474,83.5));
#5168=CARTESIAN_POINT('Ctrl Pts',(0.,5.56066017342474,83.5));
#5169=CARTESIAN_POINT('Ctrl Pts',(-1.06066017342474,5.56066017342474,83.5));
#5170=CARTESIAN_POINT('Ctrl Pts',(-1.06066017342474,4.5,83.5));
#5171=CARTESIAN_POINT('Ctrl Pts',(-0.75,4.5,83.5));
#5172=CARTESIAN_POINT('Ctrl Pts',(-0.75,3.75,83.5));
#5173=CARTESIAN_POINT('Ctrl Pts',(0.,3.75,83.5));
#5174=CARTESIAN_POINT('Ctrl Pts',(0.75,3.75,83.5));
#5175=CARTESIAN_POINT('Ctrl Pts',(0.75,4.5,83.5));
#5176=CARTESIAN_POINT('Ctrl Pts',(0.75,5.25,83.5));
#5177=CARTESIAN_POINT('Ctrl Pts',(0.,5.25,83.5));
#5178=CARTESIAN_POINT('Ctrl Pts',(-0.75,5.25,83.5));
#5179=CARTESIAN_POINT('Ctrl Pts',(-0.75,4.5,83.5));
#5180=CARTESIAN_POINT('',(-0.75,4.5,83.5));
#5181=CARTESIAN_POINT('Origin',(0.,4.5,83.5));
#5182=CARTESIAN_POINT('',(-1.5,4.5,82.75));
#5183=CARTESIAN_POINT('Origin',(-0.75,4.5,82.75));
#5184=CARTESIAN_POINT('Origin',(0.,4.5,82.75));
#5185=CARTESIAN_POINT('',(1.5,4.5,82.75));
#5186=CARTESIAN_POINT('Origin',(0.,4.5,82.75));
#5187=CARTESIAN_POINT('Origin',(0.,4.5,82.75));
#5188=CARTESIAN_POINT('Origin',(0.,4.5,82.75));
#5189=CARTESIAN_POINT('Origin',(0.,4.5,3.5));
#5190=CARTESIAN_POINT('Origin',(0.,4.5,83.5));
#5191=CARTESIAN_POINT('Origin',(-20.7343692172459,3.75,66.3370190528384));
#5192=CARTESIAN_POINT('',(-1.29903810567666,3.75,54.25));
#5193=CARTESIAN_POINT('',(-21.1093692172459,3.75,65.6875));
#5194=CARTESIAN_POINT('',(-7.95659834314696E-15,3.,54.3660254037845));
#5195=CARTESIAN_POINT('Ctrl Pts',(0.,3.,54.3660254037845));
#5196=CARTESIAN_POINT('Ctrl Pts',(-0.133274693722736,3.,54.3341532523326));
#5197=CARTESIAN_POINT('Ctrl Pts',(-0.277810088605456,3.01884923367055,54.2994775041181));
#5198=CARTESIAN_POINT('Ctrl Pts',(-0.556122395556949,3.09938800512603,54.2400200447944));
#5199=CARTESIAN_POINT('Ctrl Pts',(-0.689951115663129,3.16113451401353,54.2155584667851));
#5200=CARTESIAN_POINT('Ctrl Pts',(-0.90174519313504,3.29584085813618,54.1905451734771));
#5201=CARTESIAN_POINT('Ctrl Pts',(-0.99973555545542,3.37489478483121,54.1849952703511));
#5202=CARTESIAN_POINT('Ctrl Pts',(-1.1707014408511,3.5540660448333,54.1985278075488));
#5203=CARTESIAN_POINT('Ctrl Pts',(-1.24369131315649,3.6541365433191,54.2180455144397));
#5204=CARTESIAN_POINT('Ctrl Pts',(-1.29903810567666,3.75,54.25));
#5205=CARTESIAN_POINT('',(-20.7343692172459,3.,66.3370190528384));
#5206=CARTESIAN_POINT('Origin',(-25.9807621135334,6.,68.5));
#5207=CARTESIAN_POINT('',(-1.29903810567666,5.25,54.25));
#5208=CARTESIAN_POINT('',(-21.1093692172459,5.25,65.6875));
#5209=CARTESIAN_POINT('Origin',(0.,4.5,53.5));
#5210=CARTESIAN_POINT('Origin',(-20.7343692172459,5.25,66.3370190528383));
#5211=CARTESIAN_POINT('Ctrl Pts',(-1.29903810567666,5.25,54.25));
#5212=CARTESIAN_POINT('Ctrl Pts',(-1.24369131315649,5.3458634566809,54.2180455144397));
#5213=CARTESIAN_POINT('Ctrl Pts',(-1.1707014408511,5.4459339551667,54.1985278075488));
#5214=CARTESIAN_POINT('Ctrl Pts',(-0.99973555545542,5.62510521516879,54.1849952703511));
#5215=CARTESIAN_POINT('Ctrl Pts',(-0.901745193135038,5.70415914186382,54.1905451734771));
#5216=CARTESIAN_POINT('Ctrl Pts',(-0.689951115663127,5.83886548598647,54.2155584667851));
#5217=CARTESIAN_POINT('Ctrl Pts',(-0.556122395556946,5.90061199487397,54.2400200447944));
#5218=CARTESIAN_POINT('Ctrl Pts',(-0.277810088605455,5.98115076632945,54.2994775041181));
#5219=CARTESIAN_POINT('Ctrl Pts',(-0.133274693722736,6.,54.3341532523326));
#5220=CARTESIAN_POINT('Ctrl Pts',(0.,6.,54.3660254037844));
#5221=CARTESIAN_POINT('Origin',(-1.57041148950421,4.5,5.17430778694913));
#5222=CARTESIAN_POINT('',(-3.24471927645334,3.75,3.5));
#5223=CARTESIAN_POINT('',(-3.24471927645334,5.25,3.5));
#5224=CARTESIAN_POINT('Origin',(-3.24471927645334,4.5,3.5));
#5225=CARTESIAN_POINT('',(-1.35074157539412,3.75,5.39397770105922));
#5226=CARTESIAN_POINT('',(-1.57041148950421,3.75,5.17430778694913));
#5227=CARTESIAN_POINT('',(-1.35074157539412,3.84769853863278,5.9174331499719));
#5228=CARTESIAN_POINT('Origin',(-1.35074157539412,4.5,5.39397770105922));
#5229=CARTESIAN_POINT('',(-1.5,4.5,6.30537944823316));
#5230=CARTESIAN_POINT('Ctrl Pts',(-1.5,4.5,6.30537944823316));
#5231=CARTESIAN_POINT('Ctrl Pts',(-1.5,4.41713421122183,6.30537944823316));
#5232=CARTESIAN_POINT('Ctrl Pts',(-1.49249959558062,4.32829717402132,6.29216301718289));
#5233=CARTESIAN_POINT('Ctrl Pts',(-1.46404826282754,4.16295459655459,6.23631041880135));
#5234=CARTESIAN_POINT('Ctrl Pts',(-1.4433506384177,4.0864804806649,6.19345270290369));
#5235=CARTESIAN_POINT('Ctrl Pts',(-1.40681995468627,3.97716446635982,6.10327710800494));
#5236=CARTESIAN_POINT('Ctrl Pts',(-1.38995672058651,3.93474165106249,6.05697182903665));
#5237=CARTESIAN_POINT('Ctrl Pts',(-1.36603022805754,3.87999605921875,5.97719718537977));
#5238=CARTESIAN_POINT('Ctrl Pts',(-1.35807932162725,3.86289304530459,5.94796452489268));
#5239=CARTESIAN_POINT('Ctrl Pts',(-1.35074157539412,3.84769853863278,5.9174331499719));
#5240=CARTESIAN_POINT('',(-1.35074157539412,5.15230146136722,5.9174331499719));
#5241=CARTESIAN_POINT('Ctrl Pts',(-1.35074157539412,5.15230146136722,5.91743314997191));
#5242=CARTESIAN_POINT('Ctrl Pts',(-1.35807932162725,5.13710695469541,5.94796452489268));
#5243=CARTESIAN_POINT('Ctrl Pts',(-1.36603022805754,5.12000394078125,5.97719718537978));
#5244=CARTESIAN_POINT('Ctrl Pts',(-1.38995672058651,5.06525834893752,6.05697182903665));
#5245=CARTESIAN_POINT('Ctrl Pts',(-1.40681995468626,5.02283553364018,6.10327710800494));
#5246=CARTESIAN_POINT('Ctrl Pts',(-1.4433506384177,4.91351951933511,6.19345270290369));
#5247=CARTESIAN_POINT('Ctrl Pts',(-1.46404826282754,4.83704540344541,6.23631041880135));
#5248=CARTESIAN_POINT('Ctrl Pts',(-1.49249959558062,4.67170282597868,6.29216301718289));
#5249=CARTESIAN_POINT('Ctrl Pts',(-1.5,4.58286578877818,6.30537944823316));
#5250=CARTESIAN_POINT('Ctrl Pts',(-1.5,4.5,6.30537944823316));
#5251=CARTESIAN_POINT('',(-1.35074157539412,5.25,5.39397770105922));
#5252=CARTESIAN_POINT('Origin',(-1.35074157539412,4.5,5.39397770105922));
#5253=CARTESIAN_POINT('',(-1.57041148950421,5.25,5.17430778694913));
#5254=CARTESIAN_POINT('Origin',(-2.85074157539412,5.25,4.95463787283904));
#5255=CARTESIAN_POINT('',(-1.35074157539412,5.25,3.5));
#5256=CARTESIAN_POINT('',(-1.35074157539412,5.25,3.45463787283904));
#5257=CARTESIAN_POINT('',(-4.,5.25,3.5));
#5258=CARTESIAN_POINT('Origin',(-1.35074157539412,5.25,3.45463787283904));
#5259=CARTESIAN_POINT('',(-1.35074157539412,5.15230146136722,3.5));
#5260=CARTESIAN_POINT('',(-1.35074157539412,5.15230146136722,3.5));
#5261=CARTESIAN_POINT('',(-1.35074157539412,2.625,3.5));
#5262=CARTESIAN_POINT('Origin',(3.07041148950421,4.5,3.67430778694913));
#5263=CARTESIAN_POINT('',(3.24471927645334,3.75,3.5));
#5264=CARTESIAN_POINT('',(3.24471927645334,5.25,3.5));
#5265=CARTESIAN_POINT('Origin',(3.24471927645334,4.5,3.5));
#5266=CARTESIAN_POINT('',(1.35074157539412,5.25,5.39397770105922));
#5267=CARTESIAN_POINT('',(3.07041148950421,5.25,3.67430778694913));
#5268=CARTESIAN_POINT('',(1.35074157539412,5.15230146136722,5.9174331499719));
#5269=CARTESIAN_POINT('Origin',(1.35074157539412,4.5,5.39397770105922));
#5270=CARTESIAN_POINT('',(1.5,4.5,6.30537944823316));
#5271=CARTESIAN_POINT('Ctrl Pts',(1.5,4.5,6.30537944823316));
#5272=CARTESIAN_POINT('Ctrl Pts',(1.5,4.58223394943134,6.30537944823316));
#5273=CARTESIAN_POINT('Ctrl Pts',(1.49128603215363,4.67928789365773,6.2898074545669));
#5274=CARTESIAN_POINT('Ctrl Pts',(1.46086687182618,4.85483547473339,6.23002994734093));
#5275=CARTESIAN_POINT('Ctrl Pts',(1.42995251685688,4.95934194088509,6.16515915702999));
#5276=CARTESIAN_POINT('Ctrl Pts',(1.38496288162568,5.07837332728235,6.0418129912701));
#5277=CARTESIAN_POINT('Ctrl Pts',(1.36645772098086,5.11975753420135,5.98282591744792));
#5278=CARTESIAN_POINT('Ctrl Pts',(1.3507415753937,5.15230146136809,5.91743314997014));
#5279=CARTESIAN_POINT('',(1.35074157539412,3.84769853863278,5.9174331499719));
#5280=CARTESIAN_POINT('Ctrl Pts',(1.35074157539387,3.84769853863226,5.91743314997084));
#5281=CARTESIAN_POINT('Ctrl Pts',(1.36793300659749,3.88329738708274,5.98896438242675));
#5282=CARTESIAN_POINT('Ctrl Pts',(1.38850997158521,3.9295809919038,6.05293414982278));
#5283=CARTESIAN_POINT('Ctrl Pts',(1.43416550196198,4.05415303414091,6.17440243262718));
#5284=CARTESIAN_POINT('Ctrl Pts',(1.4632043060249,4.15596041809163,6.23475366706536));
#5285=CARTESIAN_POINT('Ctrl Pts',(1.49180671156597,4.32602442064737,6.29071880538131));
#5286=CARTESIAN_POINT('Ctrl Pts',(1.5,4.42024513497601,6.30537944823316));
#5287=CARTESIAN_POINT('Ctrl Pts',(1.5,4.5,6.30537944823316));
#5288=CARTESIAN_POINT('',(1.35074157539412,3.75,5.39397770105922));
#5289=CARTESIAN_POINT('Origin',(1.35074157539412,4.5,5.39397770105922));
#5290=CARTESIAN_POINT('',(3.07041148950421,3.75,3.67430778694913));
#5291=CARTESIAN_POINT('Origin',(-1.35074157539412,5.25,3.45463787283904));
#5292=CARTESIAN_POINT('',(-1.35074157539412,3.75,3.5));
#5293=CARTESIAN_POINT('',(-1.35074157539412,3.75,3.45463787283904));
#5294=CARTESIAN_POINT('',(-1.35074157539412,3.84769853863278,3.5));
#5295=CARTESIAN_POINT('',(-1.35074157539412,2.625,3.5));
#5296=CARTESIAN_POINT('',(-1.35074157539412,3.84769853863278,3.5));
#5297=CARTESIAN_POINT('Origin',(-2.85074157539412,3.75,4.95463787283904));
#5298=CARTESIAN_POINT('',(-5.42537078769706,3.75,3.5));
#5299=CARTESIAN_POINT('Origin',(0.,4.5,3.5));
#5300=CARTESIAN_POINT('',(-7.95659834314696E-15,3.,3.5));
#5301=CARTESIAN_POINT('',(1.5,4.5,3.5));
#5302=CARTESIAN_POINT('',(1.35074157539412,5.15230146136722,3.5));
#5303=CARTESIAN_POINT('',(1.35074157539412,5.15230146136722,3.5));
#5304=CARTESIAN_POINT('',(1.29903810567666,5.25,3.5));
#5305=CARTESIAN_POINT('Origin',(0.,4.5,3.5));
#5306=CARTESIAN_POINT('',(0.,6.,3.5));
#5307=CARTESIAN_POINT('Origin',(0.,4.5,3.5));
#5308=CARTESIAN_POINT('',(-1.29903810567666,5.25,3.5));
#5309=CARTESIAN_POINT('Origin',(0.,4.5,3.5));
#5310=CARTESIAN_POINT('Origin',(0.,4.5,3.5));
#5311=CARTESIAN_POINT('',(1.35074157539412,3.84769853863278,3.5));
#5312=CARTESIAN_POINT('Origin',(0.,4.5,3.5));
#5313=CARTESIAN_POINT('',(1.35074157539412,3.84769853863278,3.5));
#5314=CARTESIAN_POINT('Origin',(-8.,0.,3.5));
#5315=CARTESIAN_POINT('',(-5.,5.25,3.5));
#5316=CARTESIAN_POINT('',(-4.,5.25,3.5));
#5317=CARTESIAN_POINT('',(-5.,0.75,3.5));
#5318=CARTESIAN_POINT('',(-5.,0.,3.5));
#5319=CARTESIAN_POINT('',(5.,0.75,3.5));
#5320=CARTESIAN_POINT('',(-4.,0.75,3.5));
#5321=CARTESIAN_POINT('',(5.,5.25,3.5));
#5322=CARTESIAN_POINT('',(5.,0.,3.5));
#5323=CARTESIAN_POINT('',(-4.,5.25,3.5));
#5324=CARTESIAN_POINT('',(1.35074157539412,3.75,3.5));
#5325=CARTESIAN_POINT('',(-2.57462921230294,3.75,3.5));
#5326=CARTESIAN_POINT('',(1.35074157539412,2.625,3.5));
#5327=CARTESIAN_POINT('Origin',(1.35074157539412,5.25,6.45463787283904));
#5328=CARTESIAN_POINT('',(1.35074157539412,5.25,3.5));
#5329=CARTESIAN_POINT('',(1.35074157539412,5.25,3.45463787283904));
#5330=CARTESIAN_POINT('',(1.35074157539412,2.625,3.5));
#5331=CARTESIAN_POINT('Origin',(1.35074157539412,5.25,6.45463787283904));
#5332=CARTESIAN_POINT('',(1.35074157539412,3.75,3.45463787283904));
#5333=CARTESIAN_POINT('Origin',(2.85074157539412,3.75,4.95463787283904));
#5334=CARTESIAN_POINT('Origin',(2.85074157539412,5.25,4.95463787283904));
#5335=CARTESIAN_POINT('',(-4.,5.25,3.5));
#5336=CARTESIAN_POINT('Origin',(-8.,0.,3.5));
#5337=CARTESIAN_POINT('',(-4.,5.25,3.5));
#5338=CARTESIAN_POINT('Origin',(0.,0.,0.));
#5339=CARTESIAN_POINT('',(-0.65,-1.,7.9602041944578E-17));
#5340=CARTESIAN_POINT('Origin',(0.,-1.,0.));
#5341=CARTESIAN_POINT('',(-0.65,0.,7.9602041944578E-17));
#5342=CARTESIAN_POINT('',(-0.65,0.,-7.9602041944578E-17));
#5343=CARTESIAN_POINT('Origin',(0.,0.,0.));
#5344=CARTESIAN_POINT('Origin',(0.,-1.,0.));
#5345=CARTESIAN_POINT('Origin',(4.00000005960464,-4.175,0.));
#5346=CARTESIAN_POINT('',(6.44948980238787,-4.25,0.499999999999781));
#5347=CARTESIAN_POINT('',(6.29619256024571,-4.1,0.499999999999753));
#5348=CARTESIAN_POINT('Ctrl Pts',(6.44948980238787,-4.25,0.499999999999781));
#5349=CARTESIAN_POINT('Ctrl Pts',(6.37047060539865,-4.17257731499678,0.499999999999767));
#5350=CARTESIAN_POINT('Ctrl Pts',(6.2961925602457,-4.1,0.499999999999753));
#5351=CARTESIAN_POINT('',(1.7038075589634,-4.1,0.499999999998907));
#5352=CARTESIAN_POINT('Origin',(4.00000005960464,-4.1,0.));
#5353=CARTESIAN_POINT('',(1.55051031682124,-4.25,0.499999999998878));
#5354=CARTESIAN_POINT('Ctrl Pts',(1.7038075589634,-4.1,0.499999999998906));
#5355=CARTESIAN_POINT('Ctrl Pts',(1.62952951380382,-4.17257731500328,0.499999999998893));
#5356=CARTESIAN_POINT('Ctrl Pts',(1.55051031682124,-4.25,0.499999999998878));
#5357=CARTESIAN_POINT('Origin',(4.00000005960464,-4.25,0.));
#5358=CARTESIAN_POINT('Origin',(4.00000005960464,0.,0.));
#5359=CARTESIAN_POINT('',(6.29619256024571,-2.275,0.499999999999753));
#5360=CARTESIAN_POINT('',(6.29619256024571,0.,0.499999999999753));
#5361=CARTESIAN_POINT('',(6.2961925602456,-2.275,-0.500000000000247));
#5362=CARTESIAN_POINT('Origin',(4.00000005960464,-2.275,0.));
#5363=CARTESIAN_POINT('',(6.2961925602456,-4.1,-0.500000000000247));
#5364=CARTESIAN_POINT('',(6.2961925602456,0.,-0.500000000000247));
#5365=CARTESIAN_POINT('',(1.70380755896388,-4.1,-0.500000000001094));
#5366=CARTESIAN_POINT('Origin',(4.00000005960464,-4.1,0.));
#5367=CARTESIAN_POINT('',(1.70380755896388,-2.275,-0.500000000001094));
#5368=CARTESIAN_POINT('',(1.70380755896388,0.,-0.500000000001094));
#5369=CARTESIAN_POINT('',(1.65000005960464,-2.275,-2.87791997799628E-16));
#5370=CARTESIAN_POINT('Origin',(4.00000005960464,-2.275,0.));
#5371=CARTESIAN_POINT('',(1.65000005960464,0.,2.87791997799628E-16));
#5372=CARTESIAN_POINT('',(1.65000005960464,0.,-2.87791997799628E-16));
#5373=CARTESIAN_POINT('Origin',(4.00000005960464,0.,0.));
#5374=CARTESIAN_POINT('',(1.7038075589634,-2.275,0.499999999998907));
#5375=CARTESIAN_POINT('Origin',(4.00000005960464,-2.275,0.));
#5376=CARTESIAN_POINT('',(1.7038075589634,0.,0.499999999998907));
#5377=CARTESIAN_POINT('Origin',(4.00000005960464,-4.175,0.));
#5378=CARTESIAN_POINT('',(1.5505103168217,-4.25,-0.500000000001122));
#5379=CARTESIAN_POINT('Ctrl Pts',(1.55051031682169,-4.25,-0.500000000001122));
#5380=CARTESIAN_POINT('Ctrl Pts',(1.62952951379139,-4.1725773150159,-0.500000000001107));
#5381=CARTESIAN_POINT('Ctrl Pts',(1.70380755896388,-4.1,-0.500000000001094));
#5382=CARTESIAN_POINT('',(6.44948980238778,-4.25,-0.500000000000219));
#5383=CARTESIAN_POINT('Ctrl Pts',(6.2961925602456,-4.1,-0.500000000000247));
#5384=CARTESIAN_POINT('Ctrl Pts',(6.37047060541149,-4.17257731500945,-0.500000000000233));
#5385=CARTESIAN_POINT('Ctrl Pts',(6.44948980238778,-4.25,-0.500000000000219));
#5386=CARTESIAN_POINT('Origin',(4.00000005960464,-4.25,0.));
#5387=CARTESIAN_POINT('Origin',(-4.00000005960464,-4.175,0.));
#5388=CARTESIAN_POINT('',(-6.4494898023878,-4.25,-0.500000000000123));
#5389=CARTESIAN_POINT('',(-6.29619256024563,-4.1,-0.500000000000122));
#5390=CARTESIAN_POINT('Ctrl Pts',(-6.4494898023878,-4.25,-0.500000000000123));
#5391=CARTESIAN_POINT('Ctrl Pts',(-6.37047060541208,-4.17257731501,-0.500000000000122));
#5392=CARTESIAN_POINT('Ctrl Pts',(-6.29619256024563,-4.1,-0.500000000000122));
#5393=CARTESIAN_POINT('',(-1.70380755896366,-4.1,-0.500000000000085));
#5394=CARTESIAN_POINT('Origin',(-4.00000005960464,-4.1,0.));
#5395=CARTESIAN_POINT('',(-1.55051031682148,-4.25,-0.500000000000084));
#5396=CARTESIAN_POINT('Ctrl Pts',(-1.70380755896366,-4.1,-0.500000000000085));
#5397=CARTESIAN_POINT('Ctrl Pts',(-1.6295295137969,-4.1725773150103,-0.500000000000085));
#5398=CARTESIAN_POINT('Ctrl Pts',(-1.55051031682148,-4.25,-0.500000000000084));
#5399=CARTESIAN_POINT('Origin',(-4.00000005960464,-4.25,0.));
#5400=CARTESIAN_POINT('Origin',(-4.00000005960464,0.,0.));
#5401=CARTESIAN_POINT('',(-6.29619256024563,-2.275,-0.500000000000122));
#5402=CARTESIAN_POINT('',(-6.29619256024563,0.,-0.500000000000122));
#5403=CARTESIAN_POINT('',(-6.35000005960464,-2.275,-2.87791997799628E-16));
#5404=CARTESIAN_POINT('Origin',(-4.00000005960464,-2.275,0.));
#5405=CARTESIAN_POINT('',(-6.35000005960464,0.,2.87791997799628E-16));
#5406=CARTESIAN_POINT('',(-6.35000005960464,0.,-2.87791997799628E-16));
#5407=CARTESIAN_POINT('Origin',(-4.00000005960464,0.,0.));
#5408=CARTESIAN_POINT('',(-6.29619256024568,-2.275,0.499999999999878));
#5409=CARTESIAN_POINT('Origin',(-4.00000005960464,-2.275,0.));
#5410=CARTESIAN_POINT('',(-6.29619256024568,-4.1,0.499999999999878));
#5411=CARTESIAN_POINT('',(-6.29619256024568,0.,0.499999999999878));
#5412=CARTESIAN_POINT('',(-1.70380755896362,-4.1,0.499999999999915));
#5413=CARTESIAN_POINT('Origin',(-4.00000005960464,-4.1,0.));
#5414=CARTESIAN_POINT('',(-1.70380755896362,-2.275,0.499999999999915));
#5415=CARTESIAN_POINT('',(-1.70380755896362,0.,0.499999999999915));
#5416=CARTESIAN_POINT('',(-1.70380755896366,-2.275,-0.500000000000085));
#5417=CARTESIAN_POINT('Origin',(-4.00000005960464,-2.275,0.));
#5418=CARTESIAN_POINT('',(-1.70380755896366,0.,-0.500000000000085));
#5419=CARTESIAN_POINT('Origin',(-4.00000005960464,-4.175,0.));
#5420=CARTESIAN_POINT('',(-1.55051031682145,-4.25,0.499999999999916));
#5421=CARTESIAN_POINT('Ctrl Pts',(-1.55051031682145,-4.25,0.499999999999916));
#5422=CARTESIAN_POINT('Ctrl Pts',(-1.62952951379888,-4.17257731500832,0.499999999999915));
#5423=CARTESIAN_POINT('Ctrl Pts',(-1.70380755896362,-4.1,0.499999999999915));
#5424=CARTESIAN_POINT('',(-6.44948980238785,-4.25,0.499999999999877));
#5425=CARTESIAN_POINT('Ctrl Pts',(-6.29619256024568,-4.1,0.499999999999878));
#5426=CARTESIAN_POINT('Ctrl Pts',(-6.37047060540965,-4.17257731500758,0.499999999999877));
#5427=CARTESIAN_POINT('Ctrl Pts',(-6.44948980238785,-4.25,0.499999999999877));
#5428=CARTESIAN_POINT('Origin',(-4.00000005960464,-4.25,0.));
#5429=CARTESIAN_POINT('Origin',(-5.,0.75,0.499999999999999));
#5430=CARTESIAN_POINT('',(-8.,0.75,0.499999999999999));
#5431=CARTESIAN_POINT('',(-7.25,0.,0.499999999999999));
#5432=CARTESIAN_POINT('Origin',(-7.25,0.75,0.499999999999999));
#5433=CARTESIAN_POINT('',(-5.,0.,2.75));
#5434=CARTESIAN_POINT('Origin',(-5.,0.,0.499999999999999));
#5435=CARTESIAN_POINT('Origin',(-5.,0.75,2.75));
#5436=CARTESIAN_POINT('Origin',(-5.,0.75,0.499999999999999));
#5437=CARTESIAN_POINT('Origin',(-4.,0.75,2.75));
#5438=CARTESIAN_POINT('',(5.,0.,2.75));
#5439=CARTESIAN_POINT('Origin',(5.,0.75,2.75));
#5440=CARTESIAN_POINT('',(-4.,0.,2.75));
#5441=CARTESIAN_POINT('Origin',(5.,0.75,0.499999999999999));
#5442=CARTESIAN_POINT('',(7.25,0.,0.5));
#5443=CARTESIAN_POINT('',(8.,0.75,0.5));
#5444=CARTESIAN_POINT('Origin',(7.25,0.75,0.5));
#5445=CARTESIAN_POINT('Origin',(5.,0.75,0.499999999999999));
#5446=CARTESIAN_POINT('Origin',(5.,0.,0.499999999999999));
#5447=CARTESIAN_POINT('Origin',(7.25,0.75,1.75));
#5448=CARTESIAN_POINT('',(7.25,0.,-0.499999999999998));
#5449=CARTESIAN_POINT('',(8.,0.75,-0.499999999999998));
#5450=CARTESIAN_POINT('Origin',(7.25,0.75,-0.499999999999998));
#5451=CARTESIAN_POINT('',(8.,0.75,1.75));
#5452=CARTESIAN_POINT('',(7.25,0.,1.75));
#5453=CARTESIAN_POINT('Origin',(5.,0.75,-0.499999999999999));
#5454=CARTESIAN_POINT('',(5.,0.,-2.75));
#5455=CARTESIAN_POINT('',(5.,0.75,-3.5));
#5456=CARTESIAN_POINT('Origin',(5.,0.75,-2.75));
#5457=CARTESIAN_POINT('Origin',(5.,0.75,-0.499999999999999));
#5458=CARTESIAN_POINT('Origin',(5.,0.,-0.499999999999999));
#5459=CARTESIAN_POINT('Origin',(4.,0.75,-2.75));
#5460=CARTESIAN_POINT('',(-5.,0.,-2.75));
#5461=CARTESIAN_POINT('',(-5.,0.75,-3.5));
#5462=CARTESIAN_POINT('Origin',(-5.,0.75,-2.75));
#5463=CARTESIAN_POINT('',(4.,0.75,-3.5));
#5464=CARTESIAN_POINT('',(4.,0.,-2.75));
#5465=CARTESIAN_POINT('Origin',(-5.,0.75,-0.5));
#5466=CARTESIAN_POINT('',(-7.25,0.,-0.5));
#5467=CARTESIAN_POINT('',(-8.,0.75,-0.5));
#5468=CARTESIAN_POINT('Origin',(-7.25,0.75,-0.5));
#5469=CARTESIAN_POINT('Origin',(-5.,0.75,-0.5));
#5470=CARTESIAN_POINT('Origin',(-5.,0.,-0.5));
#5471=CARTESIAN_POINT('Origin',(-7.25,0.75,-1.75));
#5472=CARTESIAN_POINT('',(-7.25,0.,-1.75));
#5473=CARTESIAN_POINT('',(-8.,0.75,-1.75));
#5474=CARTESIAN_POINT('Origin',(8.,0.,-3.5));
#5475=CARTESIAN_POINT('',(-5.,5.25,-3.5));
#5476=CARTESIAN_POINT('',(-5.,0.,-3.5));
#5477=CARTESIAN_POINT('',(5.,5.25,-3.5));
#5478=CARTESIAN_POINT('',(4.,5.25,-3.5));
#5479=CARTESIAN_POINT('',(5.,0.,-3.5));
#5480=CARTESIAN_POINT('Origin',(-5.,0.,-0.5));
#5481=CARTESIAN_POINT('',(-8.,5.25,-0.5));
#5482=CARTESIAN_POINT('',(-8.,0.,-0.5));
#5483=CARTESIAN_POINT('Origin',(-5.,5.25,-0.5));
#5484=CARTESIAN_POINT('Origin',(-8.,0.,-3.5));
#5485=CARTESIAN_POINT('',(-8.,5.25,0.499999999999999));
#5486=CARTESIAN_POINT('',(-8.,0.,0.499999999999999));
#5487=CARTESIAN_POINT('',(-8.,5.25,-1.75));
#5488=CARTESIAN_POINT('Origin',(-5.,0.,0.499999999999999));
#5489=CARTESIAN_POINT('Origin',(-5.,5.25,0.499999999999999));
#5490=CARTESIAN_POINT('Origin',(-2.22044604925031E-15,0.,-5.55111512312578E-16));
#5491=CARTESIAN_POINT('Origin',(5.,5.25,0.499999999999999));
#5492=CARTESIAN_POINT('',(8.,5.25,0.5));
#5493=CARTESIAN_POINT('',(7.25,6.,0.5));
#5494=CARTESIAN_POINT('Origin',(7.25,5.25,0.5));
#5495=CARTESIAN_POINT('',(5.,6.,2.75));
#5496=CARTESIAN_POINT('Origin',(5.,6.,0.499999999999999));
#5497=CARTESIAN_POINT('Origin',(5.,5.25,2.75));
#5498=CARTESIAN_POINT('Origin',(5.,5.25,0.499999999999999));
#5499=CARTESIAN_POINT('Origin',(-4.,5.25,2.75));
#5500=CARTESIAN_POINT('',(1.29903810567666,6.,2.75));
#5501=CARTESIAN_POINT('Origin',(1.29903810567666,5.25,2.75));
#5502=CARTESIAN_POINT('',(-4.,6.,2.75));
#5503=CARTESIAN_POINT('Origin',(7.25,5.25,1.75));
#5504=CARTESIAN_POINT('',(8.,5.25,-0.499999999999998));
#5505=CARTESIAN_POINT('',(7.25,6.,-0.499999999999998));
#5506=CARTESIAN_POINT('Origin',(7.25,5.25,-0.499999999999998));
#5507=CARTESIAN_POINT('',(7.25,6.,1.75));
#5508=CARTESIAN_POINT('',(8.,5.25,1.75));
#5509=CARTESIAN_POINT('Origin',(5.,5.25,-0.499999999999999));
#5510=CARTESIAN_POINT('',(5.,6.,-2.75));
#5511=CARTESIAN_POINT('Origin',(5.,5.25,-2.75));
#5512=CARTESIAN_POINT('Origin',(5.,6.,-0.499999999999999));
#5513=CARTESIAN_POINT('Origin',(5.,5.25,-0.499999999999999));
#5514=CARTESIAN_POINT('Origin',(4.,5.25,-2.75));
#5515=CARTESIAN_POINT('',(-5.,6.,-2.75));
#5516=CARTESIAN_POINT('Origin',(-5.,5.25,-2.75));
#5517=CARTESIAN_POINT('',(4.,6.,-2.75));
#5518=CARTESIAN_POINT('Origin',(-5.,5.25,-0.5));
#5519=CARTESIAN_POINT('',(-7.25,6.,-0.5));
#5520=CARTESIAN_POINT('Origin',(-7.25,5.25,-0.5));
#5521=CARTESIAN_POINT('Origin',(-5.,6.,-0.5));
#5522=CARTESIAN_POINT('Origin',(-7.25,5.25,-1.75));
#5523=CARTESIAN_POINT('',(-7.25,6.,0.499999999999999));
#5524=CARTESIAN_POINT('Origin',(-7.25,5.25,0.499999999999999));
#5525=CARTESIAN_POINT('',(-7.25,6.,-1.75));
#5526=CARTESIAN_POINT('Origin',(-5.,5.25,0.499999999999999));
#5527=CARTESIAN_POINT('',(-5.,6.,2.75));
#5528=CARTESIAN_POINT('Origin',(-5.,5.25,2.75));
#5529=CARTESIAN_POINT('Origin',(-5.,6.,0.499999999999999));
#5530=CARTESIAN_POINT('Origin',(-4.,5.25,2.75));
#5531=CARTESIAN_POINT('',(-1.29903810567666,6.,2.75));
#5532=CARTESIAN_POINT('Origin',(-1.29903810567666,5.25,2.75));
#5533=CARTESIAN_POINT('',(-4.,6.,2.75));
#5534=CARTESIAN_POINT('',(-4.,5.25,3.5));
#5535=CARTESIAN_POINT('Ctrl Pts',(-9.18485099360515E-17,6.,3.5));
#5536=CARTESIAN_POINT('Ctrl Pts',(0.0018257438860505,6.,3.5));
#5537=CARTESIAN_POINT('Ctrl Pts',(0.00364567741752084,5.99999345313359,
3.5));
#5538=CARTESIAN_POINT('Ctrl Pts',(0.296005380808299,5.99966515089926,3.50000000000004));
#5539=CARTESIAN_POINT('Ctrl Pts',(0.712978154627205,5.85758049634035,3.50000000000001));
#5540=CARTESIAN_POINT('Ctrl Pts',(1.12927839568135,5.51687296803787,3.50000000000002));
#5541=CARTESIAN_POINT('Ctrl Pts',(1.24791184561708,5.33855328002418,3.5));
#5542=CARTESIAN_POINT('Ctrl Pts',(1.29903810567666,5.25,3.5));
#5543=CARTESIAN_POINT('Ctrl Pts',(-9.18485099360515E-17,6.,3.5));
#5544=CARTESIAN_POINT('Ctrl Pts',(0.00156345085425333,5.9999718473522,3.49980106928591));
#5545=CARTESIAN_POINT('Ctrl Pts',(0.00338369189719196,6.00002286140815,
3.49967646411995));
#5546=CARTESIAN_POINT('Ctrl Pts',(0.265592854408788,5.99889390290744,3.47131036738191));
#5547=CARTESIAN_POINT('Ctrl Pts',(0.652328411124174,5.91306123327166,3.43272720034163));
#5548=CARTESIAN_POINT('Ctrl Pts',(1.1006184798864,5.68204891053904,3.43356306082135));
#5549=CARTESIAN_POINT('Ctrl Pts',(1.24863651178005,5.54659799518274,3.47224508724878));
#5550=CARTESIAN_POINT('Ctrl Pts',(1.29903810567666,5.47439947525642,3.5));
#5551=CARTESIAN_POINT('Ctrl Pts',(-9.18485099360515E-17,6.,3.5));
#5552=CARTESIAN_POINT('Ctrl Pts',(0.00135323532095549,6.00000141513436,
3.4995218539788));
#5553=CARTESIAN_POINT('Ctrl Pts',(0.00268900614631839,5.99999784505857,
3.49904427976422));
#5554=CARTESIAN_POINT('Ctrl Pts',(0.21780142552509,5.99997193821684,3.42267451341064));
#5555=CARTESIAN_POINT('Ctrl Pts',(0.537578526724706,5.98021571146895,3.31148475282854));
#5556=CARTESIAN_POINT('Ctrl Pts',(1.00034816102551,5.92270847085044,3.23446962238245));
#5557=CARTESIAN_POINT('Ctrl Pts',(1.2098940895038,5.8845781418385,3.2690128164716));
#5558=CARTESIAN_POINT('Ctrl Pts',(1.29903810567666,5.86313812080094,3.31185161634577));
#5559=CARTESIAN_POINT('Ctrl Pts',(-9.18485099360515E-17,6.,3.5));
#5560=CARTESIAN_POINT('Ctrl Pts',(0.00104921525256143,6.,3.49921304146765));
#5561=CARTESIAN_POINT('Ctrl Pts',(0.00208027514299942,6.,3.49843969583228));
#5562=CARTESIAN_POINT('Ctrl Pts',(0.168664966241903,6.00000000000004,3.37352012871941));
#5563=CARTESIAN_POINT('Ctrl Pts',(0.417714802170444,6.,3.18791964716951));
#5564=CARTESIAN_POINT('Ctrl Pts',(0.854490270805194,6.00000000000002,2.96274841819585));
#5565=CARTESIAN_POINT('Ctrl Pts',(1.12999376085637,6.,2.90497976870259));
#5566=CARTESIAN_POINT('Ctrl Pts',(1.29903810567666,6.,2.91829960644231));
#5567=CARTESIAN_POINT('Ctrl Pts',(-9.18485099360515E-17,6.,3.5));
#5568=CARTESIAN_POINT('Ctrl Pts',(0.000912871943286332,6.,3.49908712805697));
#5569=CARTESIAN_POINT('Ctrl Pts',(0.00182516755568737,6.,3.49817448737227));
#5570=CARTESIAN_POINT('Ctrl Pts',(0.147480876000414,6.00000000000004,3.35260314551661));
#5571=CARTESIAN_POINT('Ctrl Pts',(0.366030115692672,6.,3.13514490664384));
#5572=CARTESIAN_POINT('Ctrl Pts',(0.791927217108176,6.00000000000002,2.84639869029023));
#5573=CARTESIAN_POINT('Ctrl Pts',(1.09453306543826,6.,2.75));
#5574=CARTESIAN_POINT('Ctrl Pts',(1.29903810567666,6.,2.75));
#5575=CARTESIAN_POINT('Ctrl Pts',(1.29903810567666,6.,2.75));
#5576=CARTESIAN_POINT('Ctrl Pts',(1.09453306543826,6.,2.75));
#5577=CARTESIAN_POINT('Ctrl Pts',(0.791927217108176,6.00000000000002,2.84639869029023));
#5578=CARTESIAN_POINT('Ctrl Pts',(0.366030115692672,6.,3.13514490664384));
#5579=CARTESIAN_POINT('Ctrl Pts',(0.147480876000414,6.00000000000004,3.35260314551661));
#5580=CARTESIAN_POINT('Ctrl Pts',(0.00182516755568737,6.,3.49817448737227));
#5581=CARTESIAN_POINT('Ctrl Pts',(0.000912871943286332,6.,3.49908712805697));
#5582=CARTESIAN_POINT('Ctrl Pts',(-9.18485099360515E-17,6.,3.5));
#5583=CARTESIAN_POINT('Ctrl Pts',(-1.29903810567666,5.25,3.5));
#5584=CARTESIAN_POINT('Ctrl Pts',(-1.24791184561707,5.33855328002419,3.5));
#5585=CARTESIAN_POINT('Ctrl Pts',(-1.12915611397941,5.51686858545493,3.50000000000003));
#5586=CARTESIAN_POINT('Ctrl Pts',(-0.711705604101675,5.85709573098605,3.50000000000002));
#5587=CARTESIAN_POINT('Ctrl Pts',(-0.295298349002891,5.99923407544696,3.50000000000008));
#5588=CARTESIAN_POINT('Ctrl Pts',(-0.00364881778155352,5.99999536405278,
3.5));
#5589=CARTESIAN_POINT('Ctrl Pts',(-0.00182574388605068,6.,3.5));
#5590=CARTESIAN_POINT('Ctrl Pts',(-9.18485099360515E-17,6.,3.5));
#5591=CARTESIAN_POINT('Ctrl Pts',(-1.29903810567666,5.47439947525642,3.5));
#5592=CARTESIAN_POINT('Ctrl Pts',(-1.24840202010889,5.54600288479583,3.47269506159502));
#5593=CARTESIAN_POINT('Ctrl Pts',(-1.10111704753867,5.68226258860462,3.43284401369115));
#5594=CARTESIAN_POINT('Ctrl Pts',(-0.651344178468249,5.91225677980889,3.43219350418513));
#5595=CARTESIAN_POINT('Ctrl Pts',(-0.266920878373467,5.99942051159273,3.47170548955324));
#5596=CARTESIAN_POINT('Ctrl Pts',(-0.00330242168476514,5.99999758465839,
3.49965323379963));
#5597=CARTESIAN_POINT('Ctrl Pts',(-0.00165186351600037,6.,3.4998261196299));
#5598=CARTESIAN_POINT('Ctrl Pts',(-8.74747713689194E-17,6.,3.5));
#5599=CARTESIAN_POINT('Ctrl Pts',(-1.29903810567666,5.86313812080094,3.31185161634577));
#5600=CARTESIAN_POINT('Ctrl Pts',(-1.20925156507546,5.88470619225144,3.26974821480641));
#5601=CARTESIAN_POINT('Ctrl Pts',(-1.00015060087327,5.92278382616963,3.23489662225931));
#5602=CARTESIAN_POINT('Ctrl Pts',(-0.537224142558195,5.98046239049304,3.31245880176927));
#5603=CARTESIAN_POINT('Ctrl Pts',(-0.217606355874387,5.99992808048259,3.42287413340822));
#5604=CARTESIAN_POINT('Ctrl Pts',(-0.00269471998902801,5.99999917644427,
3.49904343313062));
#5605=CARTESIAN_POINT('Ctrl Pts',(-0.00134757286841232,6.,3.49952182898222));
#5606=CARTESIAN_POINT('Ctrl Pts',(-7.98207288764383E-17,6.,3.5));
#5607=CARTESIAN_POINT('Ctrl Pts',(-1.29903810567666,6.,2.91829960644231));
#5608=CARTESIAN_POINT('Ctrl Pts',(-1.1288807785832,5.99977166000599,2.90575874648524));
#5609=CARTESIAN_POINT('Ctrl Pts',(-0.854392952124462,5.99977851749165,2.96293483592583));
#5610=CARTESIAN_POINT('Ctrl Pts',(-0.417581603927948,5.99971183761564,3.18846195447213));
#5611=CARTESIAN_POINT('Ctrl Pts',(-0.168531089580935,5.99995139925605,3.37370548796298));
#5612=CARTESIAN_POINT('Ctrl Pts',(-0.00208597554501994,6.00000020942923,
3.49843507772313));
#5613=CARTESIAN_POINT('Ctrl Pts',(-0.00104328222082427,6.,3.49921753833455));
#5614=CARTESIAN_POINT('Ctrl Pts',(-7.21666863839572E-17,6.,3.5));
#5615=CARTESIAN_POINT('Ctrl Pts',(-1.29903810567666,6.,2.75));
#5616=CARTESIAN_POINT('Ctrl Pts',(-1.09453306543826,6.,2.75));
#5617=CARTESIAN_POINT('Ctrl Pts',(-0.791992818766777,6.00000000000003,2.84642046826379));
#5618=CARTESIAN_POINT('Ctrl Pts',(-0.366294206982186,6.00000000000002,3.13525821727559));
#5619=CARTESIAN_POINT('Ctrl Pts',(-0.147498693458287,6.00000000000009,3.35262514273363));
#5620=CARTESIAN_POINT('Ctrl Pts',(-0.0018250856513387,6.,3.49817438873216));
#5621=CARTESIAN_POINT('Ctrl Pts',(-0.000912871943286539,6.,3.49908712805697));
#5622=CARTESIAN_POINT('Ctrl Pts',(-6.88863824586082E-17,6.,3.5));
#5623=CARTESIAN_POINT('Ctrl Pts',(-6.88863824586082E-17,6.,3.5));
#5624=CARTESIAN_POINT('Ctrl Pts',(-0.000912871943286539,6.,3.49908712805697));
#5625=CARTESIAN_POINT('Ctrl Pts',(-0.0018250856513387,6.,3.49817438873216));
#5626=CARTESIAN_POINT('Ctrl Pts',(-0.147498693458287,6.00000000000009,3.35262514273363));
#5627=CARTESIAN_POINT('Ctrl Pts',(-0.366294206982186,6.00000000000002,3.13525821727559));
#5628=CARTESIAN_POINT('Ctrl Pts',(-0.791992818766777,6.00000000000003,2.84642046826379));
#5629=CARTESIAN_POINT('Ctrl Pts',(-1.09453306543826,6.,2.75));
#5630=CARTESIAN_POINT('Ctrl Pts',(-1.29903810567666,6.,2.75));
#5631=CARTESIAN_POINT('Origin',(5.,0.,-0.499999999999999));
#5632=CARTESIAN_POINT('',(8.,0.,-0.499999999999998));
#5633=CARTESIAN_POINT('Origin',(8.,0.,3.5));
#5634=CARTESIAN_POINT('',(8.,0.,0.5));
#5635=CARTESIAN_POINT('Origin',(5.,0.,0.499999999999999));
#5636=CARTESIAN_POINT('Origin',(-12.9903810567667,3.,68.5));
#5637=CARTESIAN_POINT('Origin',(-8.,0.,3.5));
#5638=CARTESIAN_POINT('Origin',(7.63749991059303,-4.575,-0.5));
#5639=CARTESIAN_POINT('',(5.78115137266024,-2.275,-0.500000000000342));
#5640=CARTESIAN_POINT('',(7.63749991059303,-2.275,-0.5));
#5641=CARTESIAN_POINT('',(5.78115137266024,-4.25,-0.500000000000342));
#5642=CARTESIAN_POINT('',(5.78115137266024,0.,-0.500000000000342));
#5643=CARTESIAN_POINT('',(6.11674874567952,-4.575,-0.50000000000028));
#5644=CARTESIAN_POINT('Ctrl Pts',(6.11674874567952,-4.575,-0.50000000000028));
#5645=CARTESIAN_POINT('Ctrl Pts',(5.9354010969049,-4.39850924263613,-0.500000000000314));
#5646=CARTESIAN_POINT('Ctrl Pts',(5.78115137266024,-4.25,-0.500000000000342));
#5647=CARTESIAN_POINT('Ctrl Pts',(6.44948980238778,-4.25,-0.500000000000219));
#5648=CARTESIAN_POINT('Ctrl Pts',(6.27155340842791,-4.42434134874901,-0.500000000000251));
#5649=CARTESIAN_POINT('Ctrl Pts',(6.11674874567952,-4.575,-0.50000000000028));
#5650=CARTESIAN_POINT('Origin',(4.11249991059303,-2.275,-6.49480469405717E-13));
#5651=CARTESIAN_POINT('',(5.78115137266043,-2.275,0.499999999999658));
#5652=CARTESIAN_POINT('',(0.587499910593026,-2.275,0.499999999998701));
#5653=CARTESIAN_POINT('Origin',(4.00000005960464,-2.275,0.));
#5654=CARTESIAN_POINT('Origin',(4.11249991059303,-2.275,-6.49480469405717E-13));
#5655=CARTESIAN_POINT('',(2.21884874654924,-2.275,-0.500000000000999));
#5656=CARTESIAN_POINT('',(7.63749991059303,-2.275,-0.5));
#5657=CARTESIAN_POINT('',(2.15000005960464,-2.275,-2.2655965784226E-16));
#5658=CARTESIAN_POINT('Origin',(4.00000005960464,-2.275,0.));
#5659=CARTESIAN_POINT('',(2.21884874654868,-2.275,0.499999999999001));
#5660=CARTESIAN_POINT('Origin',(4.00000005960464,-2.275,0.));
#5661=CARTESIAN_POINT('',(0.587499910593026,-2.275,0.499999999998701));
#5662=CARTESIAN_POINT('Origin',(0.587499910593026,-4.575,0.499999999998701));
#5663=CARTESIAN_POINT('',(6.11674874567965,-4.575,0.49999999999972));
#5664=CARTESIAN_POINT('Ctrl Pts',(6.11674874567965,-4.575,0.49999999999972));
#5665=CARTESIAN_POINT('Ctrl Pts',(6.27155340842429,-4.42434134875265,0.499999999999749));
#5666=CARTESIAN_POINT('Ctrl Pts',(6.44948980238787,-4.25,0.499999999999781));
#5667=CARTESIAN_POINT('',(5.78115137266043,-4.25,0.499999999999658));
#5668=CARTESIAN_POINT('Ctrl Pts',(5.78115137266043,-4.25,0.499999999999658));
#5669=CARTESIAN_POINT('Ctrl Pts',(5.9354010969063,-4.39850924263732,0.499999999999687));
#5670=CARTESIAN_POINT('Ctrl Pts',(6.11674874567965,-4.575,0.49999999999972));
#5671=CARTESIAN_POINT('',(5.78115137266043,0.,0.499999999999658));
#5672=CARTESIAN_POINT('Origin',(0.587499910593026,-4.575,0.499999999998701));
#5673=CARTESIAN_POINT('',(2.21884874654868,-4.25,0.499999999999001));
#5674=CARTESIAN_POINT('',(2.21884874654868,0.,0.499999999999001));
#5675=CARTESIAN_POINT('',(1.88325137352945,-4.575,0.49999999999894));
#5676=CARTESIAN_POINT('Ctrl Pts',(1.88325137352945,-4.575,0.49999999999894));
#5677=CARTESIAN_POINT('Ctrl Pts',(2.06459902230259,-4.39850924263753,0.499999999998973));
#5678=CARTESIAN_POINT('Ctrl Pts',(2.21884874654868,-4.25,0.499999999999001));
#5679=CARTESIAN_POINT('Ctrl Pts',(1.55051031682124,-4.25,0.499999999998878));
#5680=CARTESIAN_POINT('Ctrl Pts',(1.72844671078725,-4.42434134875502,0.499999999998911));
#5681=CARTESIAN_POINT('Ctrl Pts',(1.88325137352945,-4.575,0.49999999999894));
#5682=CARTESIAN_POINT('Origin',(7.63749991059303,-4.575,-0.5));
#5683=CARTESIAN_POINT('',(1.88325137352995,-4.575,-0.50000000000106));
#5684=CARTESIAN_POINT('Ctrl Pts',(1.88325137352995,-4.575,-0.50000000000106));
#5685=CARTESIAN_POINT('Ctrl Pts',(1.72844671077915,-4.42434134874665,-0.500000000001089));
#5686=CARTESIAN_POINT('Ctrl Pts',(1.5505103168217,-4.25,-0.500000000001122));
#5687=CARTESIAN_POINT('',(2.21884874654924,-4.25,-0.500000000000999));
#5688=CARTESIAN_POINT('Ctrl Pts',(2.21884874654924,-4.25,-0.500000000000999));
#5689=CARTESIAN_POINT('Ctrl Pts',(2.06459902230546,-4.39850924263526,-0.500000000001027));
#5690=CARTESIAN_POINT('Ctrl Pts',(1.88325137352995,-4.575,-0.50000000000106));
#5691=CARTESIAN_POINT('',(2.21884874654924,0.,-0.500000000000999));
#5692=CARTESIAN_POINT('Origin',(4.00000005960464,-4.25,0.));
#5693=CARTESIAN_POINT('Origin',(4.00000005960464,-4.575,0.));
#5694=CARTESIAN_POINT('Origin',(4.00000005960464,-4.25,0.));
#5695=CARTESIAN_POINT('Origin',(4.00000005960464,-4.25,0.));
#5696=CARTESIAN_POINT('Origin',(4.00000005960464,-4.25,0.));
#5697=CARTESIAN_POINT('Origin',(4.00000005960464,-4.575,0.));
#5698=CARTESIAN_POINT('Origin',(4.00000005960464,-4.25,0.));
#5699=CARTESIAN_POINT('Origin',(-0.362500059605555,-4.575,-0.500000000000075));
#5700=CARTESIAN_POINT('',(-2.21884874654898,-2.275,-0.50000000000009));
#5701=CARTESIAN_POINT('',(-0.362500059605555,-2.275,-0.500000000000075));
#5702=CARTESIAN_POINT('',(-2.21884874654898,-4.25,-0.50000000000009));
#5703=CARTESIAN_POINT('',(-2.21884874654898,0.,-0.50000000000009));
#5704=CARTESIAN_POINT('',(-1.88325137352972,-4.575,-0.500000000000087));
#5705=CARTESIAN_POINT('Ctrl Pts',(-1.88325137352972,-4.575,-0.500000000000087));
#5706=CARTESIAN_POINT('Ctrl Pts',(-2.06459902230456,-4.3985092426359,-0.500000000000088));
#5707=CARTESIAN_POINT('Ctrl Pts',(-2.21884874654898,-4.25,-0.50000000000009));
#5708=CARTESIAN_POINT('Ctrl Pts',(-1.55051031682148,-4.25,-0.500000000000084));
#5709=CARTESIAN_POINT('Ctrl Pts',(-1.72844671078228,-4.42434134874992,-0.500000000000086));
#5710=CARTESIAN_POINT('Ctrl Pts',(-1.88325137352972,-4.575,-0.500000000000087));
#5711=CARTESIAN_POINT('Origin',(-3.88750005960556,-2.275,-1.02695629777827E-13));
#5712=CARTESIAN_POINT('',(-2.21884874654893,-2.275,0.499999999999911));
#5713=CARTESIAN_POINT('',(-7.41250005960556,-2.275,0.499999999999869));
#5714=CARTESIAN_POINT('Origin',(-4.00000005960464,-2.275,0.));
#5715=CARTESIAN_POINT('Origin',(-3.88750005960556,-2.275,-1.02695629777827E-13));
#5716=CARTESIAN_POINT('',(-5.7811513726603,-2.275,-0.500000000000118));
#5717=CARTESIAN_POINT('',(-0.362500059605555,-2.275,-0.500000000000075));
#5718=CARTESIAN_POINT('',(-5.85000005960465,-2.275,-2.2655965784226E-16));
#5719=CARTESIAN_POINT('Origin',(-4.00000005960464,-2.275,0.));
#5720=CARTESIAN_POINT('',(-5.78115137266036,-2.275,0.499999999999882));
#5721=CARTESIAN_POINT('Origin',(-4.00000005960464,-2.275,0.));
#5722=CARTESIAN_POINT('',(-7.41250005960556,-2.275,0.499999999999869));
#5723=CARTESIAN_POINT('Origin',(-7.41250005960556,-4.575,0.499999999999869));
#5724=CARTESIAN_POINT('',(-1.88325137352968,-4.575,0.499999999999913));
#5725=CARTESIAN_POINT('Ctrl Pts',(-1.88325137352968,-4.575,0.499999999999913));
#5726=CARTESIAN_POINT('Ctrl Pts',(-1.72844671077744,-4.42434134874523,0.499999999999915));
#5727=CARTESIAN_POINT('Ctrl Pts',(-1.55051031682145,-4.25,0.499999999999916));
#5728=CARTESIAN_POINT('',(-2.21884874654893,-4.25,0.499999999999911));
#5729=CARTESIAN_POINT('Ctrl Pts',(-2.21884874654893,-4.25,0.499999999999911));
#5730=CARTESIAN_POINT('Ctrl Pts',(-2.06459902230556,-4.39850924263489,0.499999999999912));
#5731=CARTESIAN_POINT('Ctrl Pts',(-1.88325137352968,-4.575,0.499999999999913));
#5732=CARTESIAN_POINT('',(-2.21884874654893,0.,0.499999999999911));
#5733=CARTESIAN_POINT('Origin',(-7.41250005960556,-4.575,0.499999999999869));
#5734=CARTESIAN_POINT('',(-5.78115137266036,-4.25,0.499999999999882));
#5735=CARTESIAN_POINT('',(-5.78115137266036,0.,0.499999999999882));
#5736=CARTESIAN_POINT('',(-6.11674874567962,-4.575,0.499999999999879));
#5737=CARTESIAN_POINT('Ctrl Pts',(-6.11674874567962,-4.575,0.499999999999879));
#5738=CARTESIAN_POINT('Ctrl Pts',(-5.93540109690566,-4.39850924263675,0.499999999999881));
#5739=CARTESIAN_POINT('Ctrl Pts',(-5.78115137266036,-4.25,0.499999999999882));
#5740=CARTESIAN_POINT('Ctrl Pts',(-6.44948980238785,-4.25,0.499999999999877));
#5741=CARTESIAN_POINT('Ctrl Pts',(-6.27155340842963,-4.42434134874741,0.499999999999878));
#5742=CARTESIAN_POINT('Ctrl Pts',(-6.11674874567962,-4.575,0.499999999999879));
#5743=CARTESIAN_POINT('Origin',(-0.362500059605555,-4.575,-0.500000000000075));
#5744=CARTESIAN_POINT('',(-6.11674874567956,-4.575,-0.50000000000012));
#5745=CARTESIAN_POINT('Ctrl Pts',(-6.11674874567956,-4.575,-0.50000000000012));
#5746=CARTESIAN_POINT('Ctrl Pts',(-6.27155340842694,-4.42434134874998,-0.500000000000122));
#5747=CARTESIAN_POINT('Ctrl Pts',(-6.4494898023878,-4.25,-0.500000000000123));
#5748=CARTESIAN_POINT('',(-5.7811513726603,-4.25,-0.500000000000118));
#5749=CARTESIAN_POINT('Ctrl Pts',(-5.7811513726603,-4.25,-0.500000000000118));
#5750=CARTESIAN_POINT('Ctrl Pts',(-5.93540109690467,-4.39850924263585,-0.500000000000119));
#5751=CARTESIAN_POINT('Ctrl Pts',(-6.11674874567956,-4.575,-0.50000000000012));
#5752=CARTESIAN_POINT('',(-5.7811513726603,0.,-0.500000000000118));
#5753=CARTESIAN_POINT('Origin',(-4.00000005960464,-4.25,0.));
#5754=CARTESIAN_POINT('Origin',(-4.00000005960464,-4.575,0.));
#5755=CARTESIAN_POINT('Origin',(-4.00000005960464,-4.25,0.));
#5756=CARTESIAN_POINT('Origin',(-4.00000005960464,-4.25,0.));
#5757=CARTESIAN_POINT('Origin',(-4.00000005960464,-4.25,0.));
#5758=CARTESIAN_POINT('Origin',(-4.00000005960464,-4.575,0.));
#5759=CARTESIAN_POINT('Origin',(-4.00000005960464,-4.25,0.));
#5760=CARTESIAN_POINT('Origin',(4.00000005960464,-4.25,0.));
#5761=CARTESIAN_POINT('Origin',(-4.00000005960464,-4.25,0.));
#5762=CARTESIAN_POINT('Origin',(4.00000005960464,0.,0.));
#5763=CARTESIAN_POINT('',(2.15000005960464,0.,2.2655965784226E-16));
#5764=CARTESIAN_POINT('',(2.15000005960464,0.,-2.2655965784226E-16));
#5765=CARTESIAN_POINT('Origin',(4.00000005960464,0.,0.));
#5766=CARTESIAN_POINT('Origin',(-4.00000005960464,0.,0.));
#5767=CARTESIAN_POINT('',(-5.85000005960465,0.,2.2655965784226E-16));
#5768=CARTESIAN_POINT('',(-5.85000005960465,0.,-2.2655965784226E-16));
#5769=CARTESIAN_POINT('Origin',(-4.00000005960464,0.,0.));
#5770=CARTESIAN_POINT('Origin',(-2.22044604925031E-15,0.,-5.55111512312578E-16));
#5771=CARTESIAN_POINT('Origin',(-2.22044604925031E-15,6.,-5.55111512312578E-16));
#5772=CARTESIAN_POINT('Origin',(-2.22044604925031E-15,0.,-5.55111512312578E-16));
#5773=UNCERTAINTY_MEASURE_WITH_UNIT(LENGTH_MEASURE(0.01),#5777,
'DISTANCE_ACCURACY_VALUE',
'Maximum model space distance between geometric entities at asserted c
onnectivities');
#5774=UNCERTAINTY_MEASURE_WITH_UNIT(LENGTH_MEASURE(0.01),#5777,
'DISTANCE_ACCURACY_VALUE',
'Maximum model space distance between geometric entities at asserted c
onnectivities');
#5775=(
GEOMETRIC_REPRESENTATION_CONTEXT(3)
GLOBAL_UNCERTAINTY_ASSIGNED_CONTEXT((#5773))
GLOBAL_UNIT_ASSIGNED_CONTEXT((#5777,#5779,#5780))
REPRESENTATION_CONTEXT('','3D')
);
#5776=(
GEOMETRIC_REPRESENTATION_CONTEXT(3)
GLOBAL_UNCERTAINTY_ASSIGNED_CONTEXT((#5774))
GLOBAL_UNIT_ASSIGNED_CONTEXT((#5777,#5779,#5780))
REPRESENTATION_CONTEXT('','3D')
);
#5777=(
LENGTH_UNIT()
NAMED_UNIT(*)
SI_UNIT(.MILLI.,.METRE.)
);
#5778=(
LENGTH_UNIT()
NAMED_UNIT(*)
SI_UNIT($,.METRE.)
);
#5779=(
NAMED_UNIT(*)
PLANE_ANGLE_UNIT()
SI_UNIT($,.RADIAN.)
);
#5780=(
NAMED_UNIT(*)
SI_UNIT($,.STERADIAN.)
SOLID_ANGLE_UNIT()
);
#5781=SHAPE_DEFINITION_REPRESENTATION(#5782,#5783);
#5782=PRODUCT_DEFINITION_SHAPE('',$,#5785);
#5783=SHAPE_REPRESENTATION('',(#3048),#5775);
#5784=PRODUCT_DEFINITION_CONTEXT('part definition',#5789,'design');
#5785=PRODUCT_DEFINITION('2026-09-13-09-05-21-145','roversa_flag',#5786,
#5784);
#5786=PRODUCT_DEFINITION_FORMATION('',$,#5791);
#5787=PRODUCT_RELATED_PRODUCT_CATEGORY('roversa_flag','roversa_flag',(#5791));
#5788=APPLICATION_PROTOCOL_DEFINITION('international standard',
'automotive_design',2009,#5789);
#5789=APPLICATION_CONTEXT(
'Core Data for Automotive Mechanical Design Process');
#5790=PRODUCT_CONTEXT('part definition',#5789,'mechanical');
#5791=PRODUCT('2026-09-13-09-05-21-145','roversa_flag',$,(#5790));
#5792=PRESENTATION_STYLE_ASSIGNMENT((#5794));
#5793=PRESENTATION_STYLE_ASSIGNMENT((#5795));
#5794=SURFACE_STYLE_USAGE(.BOTH.,#5796);
#5795=SURFACE_STYLE_USAGE(.BOTH.,#5797);
#5796=SURFACE_SIDE_STYLE('',(#5798));
#5797=SURFACE_SIDE_STYLE('',(#5799));
#5798=SURFACE_STYLE_FILL_AREA(#5800);
#5799=SURFACE_STYLE_FILL_AREA(#5801);
#5800=FILL_AREA_STYLE('Steel - Satin',(#5802));
#5801=FILL_AREA_STYLE('Paint - Metallic (Red)',(#5803));
#5802=FILL_AREA_STYLE_COLOUR('Steel - Satin',#5804);
#5803=FILL_AREA_STYLE_COLOUR('Paint - Metallic (Red)',#5805);
#5804=COLOUR_RGB('Steel - Satin',0.627450980392157,0.627450980392157,0.627450980392157);
#5805=COLOUR_RGB('Paint - Metallic (Red)',0.768627450980392,0.207843137254902,
0.152941176470588);
ENDSEC;
END-ISO-10303-21;
