ISO-10303-21;
HEADER;
/* Generated by software containing ST-Developer
 * from STEP Tools, Inc. (www.steptools.com) 
 */

FILE_DESCRIPTION(
/* description */ (''),
/* implementation_level */ '2;1');

FILE_NAME(
/* name */ 'roversa-robot-chassis-3dp.step',
/* time_stamp */ '2026-08-27T08:46:00-04:00',
/* author */ (''),
/* organization */ (''),
/* preprocessor_version */ 'ST-DEVELOPER v20.1',
/* originating_system */ 'Autodesk Translation Framework v15.8.0.0',
/* authorisation */ '');

FILE_SCHEMA (('AUTOMOTIVE_DESIGN { 1 0 10303 214 3 1 1 }'));
ENDSEC;

DATA;
#10=MECHANICAL_DESIGN_GEOMETRIC_PRESENTATION_REPRESENTATION('',(#13),#5628);
#11=SHAPE_REPRESENTATION_RELATIONSHIP('SRR','None',#5635,#12);
#12=ADVANCED_BREP_SHAPE_REPRESENTATION('',(#14),#5627);
#13=STYLED_ITEM('',(#5645),#14);
#14=MANIFOLD_SOLID_BREP('TAPA BOTONES',#3351);
#15=SPHERICAL_SURFACE('',#3550,0.5);
#16=SPHERICAL_SURFACE('',#3556,0.5);
#17=ELLIPSE('',#3527,0.707106781186549,0.5);
#18=ELLIPSE('',#3528,0.70710678118649,0.5);
#19=ELLIPSE('',#3529,0.707106781186538,0.5);
#20=ELLIPSE('',#3536,0.707106781186549,0.5);
#21=ELLIPSE('',#3538,0.707106781186544,0.5);
#22=ELLIPSE('',#3539,0.70710678118649,0.5);
#23=ELLIPSE('',#3540,0.707106781186545,0.5);
#24=ELLIPSE('',#3549,0.707106781186545,0.5);
#25=ELLIPSE('',#3555,0.707107223728593,0.5);
#26=ELLIPSE('',#3561,0.707106338645333,0.5);
#27=FACE_BOUND('',#323,.T.);
#28=FACE_BOUND('',#324,.T.);
#29=FACE_BOUND('',#325,.T.);
#30=FACE_BOUND('',#326,.T.);
#31=FACE_BOUND('',#327,.T.);
#32=FACE_BOUND('',#328,.T.);
#33=FACE_BOUND('',#329,.T.);
#34=FACE_BOUND('',#330,.T.);
#35=FACE_BOUND('',#331,.T.);
#36=FACE_BOUND('',#387,.T.);
#37=FACE_BOUND('',#388,.T.);
#38=FACE_BOUND('',#389,.T.);
#39=FACE_BOUND('',#390,.T.);
#40=FACE_BOUND('',#391,.T.);
#41=FACE_BOUND('',#392,.T.);
#42=FACE_BOUND('',#393,.T.);
#43=PLANE('',#3368);
#44=PLANE('',#3372);
#45=PLANE('',#3376);
#46=PLANE('',#3406);
#47=PLANE('',#3407);
#48=PLANE('',#3408);
#49=PLANE('',#3412);
#50=PLANE('',#3414);
#51=PLANE('',#3418);
#52=PLANE('',#3420);
#53=PLANE('',#3422);
#54=PLANE('',#3423);
#55=PLANE('',#3424);
#56=PLANE('',#3425);
#57=PLANE('',#3429);
#58=PLANE('',#3431);
#59=PLANE('',#3435);
#60=PLANE('',#3437);
#61=PLANE('',#3439);
#62=PLANE('',#3440);
#63=PLANE('',#3441);
#64=PLANE('',#3445);
#65=PLANE('',#3447);
#66=PLANE('',#3451);
#67=PLANE('',#3453);
#68=PLANE('',#3455);
#69=PLANE('',#3456);
#70=PLANE('',#3457);
#71=PLANE('',#3458);
#72=PLANE('',#3462);
#73=PLANE('',#3464);
#74=PLANE('',#3468);
#75=PLANE('',#3470);
#76=PLANE('',#3472);
#77=PLANE('',#3473);
#78=PLANE('',#3474);
#79=PLANE('',#3475);
#80=PLANE('',#3477);
#81=PLANE('',#3482);
#82=PLANE('',#3483);
#83=PLANE('',#3487);
#84=PLANE('',#3488);
#85=PLANE('',#3521);
#86=PLANE('',#3530);
#87=PLANE('',#3532);
#88=PLANE('',#3544);
#89=PLANE('',#3545);
#90=PLANE('',#3564);
#91=PLANE('',#3565);
#92=PLANE('',#3566);
#93=PLANE('',#3567);
#94=PLANE('',#3570);
#95=PLANE('',#3574);
#96=PLANE('',#3575);
#97=PLANE('',#3576);
#98=PLANE('',#3577);
#99=PLANE('',#3578);
#100=PLANE('',#3579);
#101=PLANE('',#3580);
#102=PLANE('',#3584);
#103=PLANE('',#3588);
#104=PLANE('',#3592);
#105=PLANE('',#3594);
#106=PLANE('',#3596);
#107=PLANE('',#3597);
#108=PLANE('',#3598);
#109=PLANE('',#3603);
#110=PLANE('',#3607);
#111=PLANE('',#3611);
#112=PLANE('',#3613);
#113=PLANE('',#3615);
#114=PLANE('',#3616);
#115=PLANE('',#3617);
#116=PLANE('',#3619);
#117=PLANE('',#3620);
#118=PLANE('',#3622);
#119=PLANE('',#3624);
#120=PLANE('',#3626);
#121=PLANE('',#3628);
#122=PLANE('',#3630);
#123=PLANE('',#3632);
#124=PLANE('',#3634);
#125=PLANE('',#3636);
#126=PLANE('',#3638);
#127=PLANE('',#3640);
#128=PLANE('',#3642);
#129=PLANE('',#3644);
#130=PLANE('',#3646);
#131=PLANE('',#3648);
#132=PLANE('',#3650);
#133=PLANE('',#3652);
#134=PLANE('',#3654);
#135=PLANE('',#3656);
#136=PLANE('',#3658);
#137=PLANE('',#3660);
#138=PLANE('',#3662);
#139=PLANE('',#3664);
#140=PLANE('',#3666);
#141=PLANE('',#3668);
#142=PLANE('',#3669);
#143=PLANE('',#3670);
#144=PLANE('',#3671);
#145=FACE_OUTER_BOUND('',#317,.T.);
#146=FACE_OUTER_BOUND('',#318,.T.);
#147=FACE_OUTER_BOUND('',#319,.T.);
#148=FACE_OUTER_BOUND('',#320,.T.);
#149=FACE_OUTER_BOUND('',#321,.T.);
#150=FACE_OUTER_BOUND('',#322,.T.);
#151=FACE_OUTER_BOUND('',#332,.T.);
#152=FACE_OUTER_BOUND('',#333,.T.);
#153=FACE_OUTER_BOUND('',#334,.T.);
#154=FACE_OUTER_BOUND('',#335,.T.);
#155=FACE_OUTER_BOUND('',#336,.T.);
#156=FACE_OUTER_BOUND('',#337,.T.);
#157=FACE_OUTER_BOUND('',#338,.T.);
#158=FACE_OUTER_BOUND('',#339,.T.);
#159=FACE_OUTER_BOUND('',#340,.T.);
#160=FACE_OUTER_BOUND('',#341,.T.);
#161=FACE_OUTER_BOUND('',#342,.T.);
#162=FACE_OUTER_BOUND('',#343,.T.);
#163=FACE_OUTER_BOUND('',#344,.T.);
#164=FACE_OUTER_BOUND('',#345,.T.);
#165=FACE_OUTER_BOUND('',#346,.T.);
#166=FACE_OUTER_BOUND('',#347,.T.);
#167=FACE_OUTER_BOUND('',#348,.T.);
#168=FACE_OUTER_BOUND('',#349,.T.);
#169=FACE_OUTER_BOUND('',#350,.T.);
#170=FACE_OUTER_BOUND('',#351,.T.);
#171=FACE_OUTER_BOUND('',#352,.T.);
#172=FACE_OUTER_BOUND('',#353,.T.);
#173=FACE_OUTER_BOUND('',#354,.T.);
#174=FACE_OUTER_BOUND('',#355,.T.);
#175=FACE_OUTER_BOUND('',#356,.T.);
#176=FACE_OUTER_BOUND('',#357,.T.);
#177=FACE_OUTER_BOUND('',#358,.T.);
#178=FACE_OUTER_BOUND('',#359,.T.);
#179=FACE_OUTER_BOUND('',#360,.T.);
#180=FACE_OUTER_BOUND('',#361,.T.);
#181=FACE_OUTER_BOUND('',#362,.T.);
#182=FACE_OUTER_BOUND('',#363,.T.);
#183=FACE_OUTER_BOUND('',#364,.T.);
#184=FACE_OUTER_BOUND('',#365,.T.);
#185=FACE_OUTER_BOUND('',#366,.T.);
#186=FACE_OUTER_BOUND('',#367,.T.);
#187=FACE_OUTER_BOUND('',#368,.T.);
#188=FACE_OUTER_BOUND('',#369,.T.);
#189=FACE_OUTER_BOUND('',#370,.T.);
#190=FACE_OUTER_BOUND('',#371,.T.);
#191=FACE_OUTER_BOUND('',#372,.T.);
#192=FACE_OUTER_BOUND('',#373,.T.);
#193=FACE_OUTER_BOUND('',#374,.T.);
#194=FACE_OUTER_BOUND('',#375,.T.);
#195=FACE_OUTER_BOUND('',#376,.T.);
#196=FACE_OUTER_BOUND('',#377,.T.);
#197=FACE_OUTER_BOUND('',#378,.T.);
#198=FACE_OUTER_BOUND('',#379,.T.);
#199=FACE_OUTER_BOUND('',#380,.T.);
#200=FACE_OUTER_BOUND('',#381,.T.);
#201=FACE_OUTER_BOUND('',#382,.T.);
#202=FACE_OUTER_BOUND('',#383,.T.);
#203=FACE_OUTER_BOUND('',#384,.T.);
#204=FACE_OUTER_BOUND('',#385,.T.);
#205=FACE_OUTER_BOUND('',#386,.T.);
#206=FACE_OUTER_BOUND('',#394,.T.);
#207=FACE_OUTER_BOUND('',#395,.T.);
#208=FACE_OUTER_BOUND('',#396,.T.);
#209=FACE_OUTER_BOUND('',#397,.T.);
#210=FACE_OUTER_BOUND('',#398,.T.);
#211=FACE_OUTER_BOUND('',#399,.T.);
#212=FACE_OUTER_BOUND('',#400,.T.);
#213=FACE_OUTER_BOUND('',#401,.T.);
#214=FACE_OUTER_BOUND('',#402,.T.);
#215=FACE_OUTER_BOUND('',#403,.T.);
#216=FACE_OUTER_BOUND('',#404,.T.);
#217=FACE_OUTER_BOUND('',#405,.T.);
#218=FACE_OUTER_BOUND('',#406,.T.);
#219=FACE_OUTER_BOUND('',#407,.T.);
#220=FACE_OUTER_BOUND('',#408,.T.);
#221=FACE_OUTER_BOUND('',#409,.T.);
#222=FACE_OUTER_BOUND('',#410,.T.);
#223=FACE_OUTER_BOUND('',#411,.T.);
#224=FACE_OUTER_BOUND('',#412,.T.);
#225=FACE_OUTER_BOUND('',#413,.T.);
#226=FACE_OUTER_BOUND('',#414,.T.);
#227=FACE_OUTER_BOUND('',#415,.T.);
#228=FACE_OUTER_BOUND('',#416,.T.);
#229=FACE_OUTER_BOUND('',#417,.T.);
#230=FACE_OUTER_BOUND('',#418,.T.);
#231=FACE_OUTER_BOUND('',#419,.T.);
#232=FACE_OUTER_BOUND('',#420,.T.);
#233=FACE_OUTER_BOUND('',#421,.T.);
#234=FACE_OUTER_BOUND('',#422,.T.);
#235=FACE_OUTER_BOUND('',#423,.T.);
#236=FACE_OUTER_BOUND('',#424,.T.);
#237=FACE_OUTER_BOUND('',#425,.T.);
#238=FACE_OUTER_BOUND('',#426,.T.);
#239=FACE_OUTER_BOUND('',#427,.T.);
#240=FACE_OUTER_BOUND('',#428,.T.);
#241=FACE_OUTER_BOUND('',#429,.T.);
#242=FACE_OUTER_BOUND('',#430,.T.);
#243=FACE_OUTER_BOUND('',#431,.T.);
#244=FACE_OUTER_BOUND('',#432,.T.);
#245=FACE_OUTER_BOUND('',#433,.T.);
#246=FACE_OUTER_BOUND('',#434,.T.);
#247=FACE_OUTER_BOUND('',#435,.T.);
#248=FACE_OUTER_BOUND('',#436,.T.);
#249=FACE_OUTER_BOUND('',#437,.T.);
#250=FACE_OUTER_BOUND('',#438,.T.);
#251=FACE_OUTER_BOUND('',#439,.T.);
#252=FACE_OUTER_BOUND('',#440,.T.);
#253=FACE_OUTER_BOUND('',#441,.T.);
#254=FACE_OUTER_BOUND('',#442,.T.);
#255=FACE_OUTER_BOUND('',#443,.T.);
#256=FACE_OUTER_BOUND('',#444,.T.);
#257=FACE_OUTER_BOUND('',#445,.T.);
#258=FACE_OUTER_BOUND('',#446,.T.);
#259=FACE_OUTER_BOUND('',#447,.T.);
#260=FACE_OUTER_BOUND('',#448,.T.);
#261=FACE_OUTER_BOUND('',#449,.T.);
#262=FACE_OUTER_BOUND('',#450,.T.);
#263=FACE_OUTER_BOUND('',#451,.T.);
#264=FACE_OUTER_BOUND('',#452,.T.);
#265=FACE_OUTER_BOUND('',#453,.T.);
#266=FACE_OUTER_BOUND('',#454,.T.);
#267=FACE_OUTER_BOUND('',#455,.T.);
#268=FACE_OUTER_BOUND('',#456,.T.);
#269=FACE_OUTER_BOUND('',#457,.T.);
#270=FACE_OUTER_BOUND('',#458,.T.);
#271=FACE_OUTER_BOUND('',#459,.T.);
#272=FACE_OUTER_BOUND('',#460,.T.);
#273=FACE_OUTER_BOUND('',#461,.T.);
#274=FACE_OUTER_BOUND('',#462,.T.);
#275=FACE_OUTER_BOUND('',#463,.T.);
#276=FACE_OUTER_BOUND('',#464,.T.);
#277=FACE_OUTER_BOUND('',#465,.T.);
#278=FACE_OUTER_BOUND('',#466,.T.);
#279=FACE_OUTER_BOUND('',#467,.T.);
#280=FACE_OUTER_BOUND('',#468,.T.);
#281=FACE_OUTER_BOUND('',#469,.T.);
#282=FACE_OUTER_BOUND('',#470,.T.);
#283=FACE_OUTER_BOUND('',#471,.T.);
#284=FACE_OUTER_BOUND('',#472,.T.);
#285=FACE_OUTER_BOUND('',#473,.T.);
#286=FACE_OUTER_BOUND('',#474,.T.);
#287=FACE_OUTER_BOUND('',#475,.T.);
#288=FACE_OUTER_BOUND('',#476,.T.);
#289=FACE_OUTER_BOUND('',#477,.T.);
#290=FACE_OUTER_BOUND('',#478,.T.);
#291=FACE_OUTER_BOUND('',#479,.T.);
#292=FACE_OUTER_BOUND('',#480,.T.);
#293=FACE_OUTER_BOUND('',#481,.T.);
#294=FACE_OUTER_BOUND('',#482,.T.);
#295=FACE_OUTER_BOUND('',#483,.T.);
#296=FACE_OUTER_BOUND('',#484,.T.);
#297=FACE_OUTER_BOUND('',#485,.T.);
#298=FACE_OUTER_BOUND('',#486,.T.);
#299=FACE_OUTER_BOUND('',#487,.T.);
#300=FACE_OUTER_BOUND('',#488,.T.);
#301=FACE_OUTER_BOUND('',#489,.T.);
#302=FACE_OUTER_BOUND('',#490,.T.);
#303=FACE_OUTER_BOUND('',#491,.T.);
#304=FACE_OUTER_BOUND('',#492,.T.);
#305=FACE_OUTER_BOUND('',#493,.T.);
#306=FACE_OUTER_BOUND('',#494,.T.);
#307=FACE_OUTER_BOUND('',#495,.T.);
#308=FACE_OUTER_BOUND('',#496,.T.);
#309=FACE_OUTER_BOUND('',#497,.T.);
#310=FACE_OUTER_BOUND('',#498,.T.);
#311=FACE_OUTER_BOUND('',#499,.T.);
#312=FACE_OUTER_BOUND('',#500,.T.);
#313=FACE_OUTER_BOUND('',#501,.T.);
#314=FACE_OUTER_BOUND('',#502,.T.);
#315=FACE_OUTER_BOUND('',#503,.T.);
#316=FACE_OUTER_BOUND('',#504,.T.);
#317=EDGE_LOOP('',(#2137,#2138,#2139,#2140));
#318=EDGE_LOOP('',(#2141,#2142,#2143,#2144));
#319=EDGE_LOOP('',(#2145,#2146,#2147,#2148));
#320=EDGE_LOOP('',(#2149,#2150,#2151,#2152));
#321=EDGE_LOOP('',(#2153,#2154,#2155,#2156));
#322=EDGE_LOOP('',(#2157,#2158,#2159,#2160,#2161,#2162,#2163,#2164,#2165,
#2166,#2167,#2168,#2169,#2170));
#323=EDGE_LOOP('',(#2171,#2172,#2173,#2174));
#324=EDGE_LOOP('',(#2175,#2176,#2177,#2178));
#325=EDGE_LOOP('',(#2179,#2180,#2181,#2182,#2183,#2184,#2185,#2186));
#326=EDGE_LOOP('',(#2187,#2188,#2189,#2190,#2191,#2192,#2193,#2194));
#327=EDGE_LOOP('',(#2195,#2196,#2197,#2198,#2199,#2200,#2201,#2202));
#328=EDGE_LOOP('',(#2203,#2204,#2205,#2206,#2207,#2208,#2209,#2210));
#329=EDGE_LOOP('',(#2211,#2212,#2213,#2214,#2215,#2216,#2217,#2218));
#330=EDGE_LOOP('',(#2219,#2220,#2221,#2222,#2223,#2224,#2225,#2226));
#331=EDGE_LOOP('',(#2227,#2228,#2229,#2230));
#332=EDGE_LOOP('',(#2231,#2232,#2233,#2234));
#333=EDGE_LOOP('',(#2235,#2236,#2237,#2238));
#334=EDGE_LOOP('',(#2239,#2240,#2241,#2242));
#335=EDGE_LOOP('',(#2243,#2244,#2245,#2246));
#336=EDGE_LOOP('',(#2247,#2248,#2249,#2250));
#337=EDGE_LOOP('',(#2251,#2252,#2253,#2254,#2255,#2256,#2257));
#338=EDGE_LOOP('',(#2258,#2259,#2260,#2261,#2262,#2263));
#339=EDGE_LOOP('',(#2264,#2265,#2266,#2267));
#340=EDGE_LOOP('',(#2268,#2269,#2270,#2271,#2272,#2273,#2274));
#341=EDGE_LOOP('',(#2275,#2276,#2277,#2278,#2279,#2280));
#342=EDGE_LOOP('',(#2281,#2282,#2283,#2284));
#343=EDGE_LOOP('',(#2285,#2286,#2287,#2288));
#344=EDGE_LOOP('',(#2289,#2290,#2291,#2292));
#345=EDGE_LOOP('',(#2293,#2294,#2295,#2296));
#346=EDGE_LOOP('',(#2297,#2298,#2299,#2300));
#347=EDGE_LOOP('',(#2301,#2302,#2303,#2304));
#348=EDGE_LOOP('',(#2305,#2306,#2307,#2308,#2309,#2310,#2311));
#349=EDGE_LOOP('',(#2312,#2313,#2314,#2315,#2316,#2317));
#350=EDGE_LOOP('',(#2318,#2319,#2320,#2321));
#351=EDGE_LOOP('',(#2322,#2323,#2324,#2325,#2326,#2327,#2328));
#352=EDGE_LOOP('',(#2329,#2330,#2331,#2332,#2333,#2334));
#353=EDGE_LOOP('',(#2335,#2336,#2337,#2338));
#354=EDGE_LOOP('',(#2339,#2340,#2341,#2342));
#355=EDGE_LOOP('',(#2343,#2344,#2345,#2346));
#356=EDGE_LOOP('',(#2347,#2348,#2349,#2350));
#357=EDGE_LOOP('',(#2351,#2352,#2353,#2354));
#358=EDGE_LOOP('',(#2355,#2356,#2357,#2358,#2359,#2360,#2361));
#359=EDGE_LOOP('',(#2362,#2363,#2364,#2365,#2366,#2367));
#360=EDGE_LOOP('',(#2368,#2369,#2370,#2371));
#361=EDGE_LOOP('',(#2372,#2373,#2374,#2375,#2376,#2377,#2378));
#362=EDGE_LOOP('',(#2379,#2380,#2381,#2382,#2383,#2384));
#363=EDGE_LOOP('',(#2385,#2386,#2387,#2388));
#364=EDGE_LOOP('',(#2389,#2390,#2391,#2392));
#365=EDGE_LOOP('',(#2393,#2394,#2395,#2396));
#366=EDGE_LOOP('',(#2397,#2398,#2399,#2400));
#367=EDGE_LOOP('',(#2401,#2402,#2403,#2404));
#368=EDGE_LOOP('',(#2405,#2406,#2407,#2408));
#369=EDGE_LOOP('',(#2409,#2410,#2411,#2412,#2413,#2414,#2415));
#370=EDGE_LOOP('',(#2416,#2417,#2418,#2419,#2420,#2421));
#371=EDGE_LOOP('',(#2422,#2423,#2424,#2425));
#372=EDGE_LOOP('',(#2426,#2427,#2428,#2429,#2430,#2431,#2432));
#373=EDGE_LOOP('',(#2433,#2434,#2435,#2436,#2437,#2438));
#374=EDGE_LOOP('',(#2439,#2440,#2441,#2442));
#375=EDGE_LOOP('',(#2443,#2444,#2445,#2446));
#376=EDGE_LOOP('',(#2447,#2448,#2449,#2450));
#377=EDGE_LOOP('',(#2451,#2452,#2453,#2454));
#378=EDGE_LOOP('',(#2455,#2456,#2457));
#379=EDGE_LOOP('',(#2458,#2459,#2460,#2461,#2462,#2463,#2464));
#380=EDGE_LOOP('',(#2465,#2466,#2467,#2468));
#381=EDGE_LOOP('',(#2469,#2470,#2471,#2472));
#382=EDGE_LOOP('',(#2473,#2474,#2475,#2476));
#383=EDGE_LOOP('',(#2477,#2478,#2479,#2480));
#384=EDGE_LOOP('',(#2481,#2482,#2483,#2484));
#385=EDGE_LOOP('',(#2485,#2486,#2487,#2488));
#386=EDGE_LOOP('',(#2489,#2490,#2491,#2492,#2493,#2494,#2495,#2496,#2497,
#2498,#2499,#2500,#2501,#2502,#2503,#2504,#2505,#2506,#2507,#2508,#2509,
#2510,#2511,#2512,#2513,#2514,#2515));
#387=EDGE_LOOP('',(#2516,#2517,#2518,#2519,#2520,#2521,#2522,#2523));
#388=EDGE_LOOP('',(#2524,#2525,#2526,#2527,#2528,#2529,#2530,#2531));
#389=EDGE_LOOP('',(#2532,#2533,#2534,#2535,#2536,#2537,#2538,#2539));
#390=EDGE_LOOP('',(#2540,#2541,#2542,#2543,#2544,#2545,#2546,#2547));
#391=EDGE_LOOP('',(#2548,#2549,#2550,#2551,#2552,#2553,#2554,#2555));
#392=EDGE_LOOP('',(#2556,#2557,#2558,#2559,#2560,#2561,#2562,#2563));
#393=EDGE_LOOP('',(#2564,#2565,#2566,#2567));
#394=EDGE_LOOP('',(#2568,#2569,#2570,#2571));
#395=EDGE_LOOP('',(#2572,#2573,#2574,#2575));
#396=EDGE_LOOP('',(#2576,#2577,#2578,#2579));
#397=EDGE_LOOP('',(#2580,#2581,#2582,#2583));
#398=EDGE_LOOP('',(#2584,#2585,#2586,#2587,#2588));
#399=EDGE_LOOP('',(#2589,#2590,#2591,#2592));
#400=EDGE_LOOP('',(#2593,#2594,#2595,#2596));
#401=EDGE_LOOP('',(#2597,#2598,#2599,#2600,#2601,#2602));
#402=EDGE_LOOP('',(#2603,#2604,#2605,#2606,#2607));
#403=EDGE_LOOP('',(#2608,#2609,#2610,#2611,#2612,#2613));
#404=EDGE_LOOP('',(#2614,#2615,#2616,#2617));
#405=EDGE_LOOP('',(#2618,#2619,#2620,#2621));
#406=EDGE_LOOP('',(#2622,#2623,#2624,#2625,#2626,#2627));
#407=EDGE_LOOP('',(#2628,#2629,#2630));
#408=EDGE_LOOP('',(#2631,#2632,#2633,#2634));
#409=EDGE_LOOP('',(#2635,#2636,#2637));
#410=EDGE_LOOP('',(#2638,#2639,#2640,#2641));
#411=EDGE_LOOP('',(#2642,#2643,#2644,#2645));
#412=EDGE_LOOP('',(#2646,#2647,#2648,#2649));
#413=EDGE_LOOP('',(#2650,#2651,#2652,#2653,#2654,#2655));
#414=EDGE_LOOP('',(#2656,#2657,#2658,#2659));
#415=EDGE_LOOP('',(#2660,#2661,#2662,#2663));
#416=EDGE_LOOP('',(#2664,#2665,#2666,#2667));
#417=EDGE_LOOP('',(#2668,#2669,#2670,#2671));
#418=EDGE_LOOP('',(#2672,#2673,#2674,#2675,#2676,#2677,#2678,#2679));
#419=EDGE_LOOP('',(#2680,#2681,#2682,#2683,#2684,#2685,#2686,#2687,#2688,
#2689,#2690,#2691,#2692,#2693,#2694,#2695,#2696,#2697,#2698,#2699,#2700,
#2701,#2702,#2703,#2704,#2705,#2706,#2707,#2708,#2709,#2710,#2711,#2712,
#2713,#2714,#2715,#2716,#2717,#2718,#2719,#2720,#2721,#2722,#2723,#2724,
#2725,#2726,#2727,#2728,#2729,#2730,#2731,#2732,#2733,#2734,#2735,#2736,
#2737,#2738,#2739));
#420=EDGE_LOOP('',(#2740,#2741,#2742,#2743));
#421=EDGE_LOOP('',(#2744,#2745,#2746,#2747));
#422=EDGE_LOOP('',(#2748,#2749,#2750,#2751,#2752,#2753,#2754));
#423=EDGE_LOOP('',(#2755,#2756,#2757,#2758));
#424=EDGE_LOOP('',(#2759,#2760,#2761,#2762));
#425=EDGE_LOOP('',(#2763,#2764,#2765,#2766));
#426=EDGE_LOOP('',(#2767,#2768,#2769,#2770));
#427=EDGE_LOOP('',(#2771,#2772,#2773,#2774));
#428=EDGE_LOOP('',(#2775,#2776,#2777,#2778,#2779,#2780,#2781,#2782,#2783,
#2784));
#429=EDGE_LOOP('',(#2785,#2786,#2787,#2788,#2789,#2790,#2791,#2792,#2793,
#2794));
#430=EDGE_LOOP('',(#2795,#2796,#2797,#2798));
#431=EDGE_LOOP('',(#2799,#2800,#2801,#2802));
#432=EDGE_LOOP('',(#2803,#2804,#2805,#2806));
#433=EDGE_LOOP('',(#2807,#2808,#2809,#2810));
#434=EDGE_LOOP('',(#2811,#2812,#2813,#2814));
#435=EDGE_LOOP('',(#2815,#2816,#2817,#2818));
#436=EDGE_LOOP('',(#2819,#2820,#2821,#2822));
#437=EDGE_LOOP('',(#2823,#2824,#2825,#2826));
#438=EDGE_LOOP('',(#2827,#2828,#2829,#2830));
#439=EDGE_LOOP('',(#2831,#2832,#2833,#2834,#2835,#2836,#2837,#2838,#2839,
#2840));
#440=EDGE_LOOP('',(#2841,#2842,#2843,#2844,#2845,#2846,#2847,#2848,#2849,
#2850));
#441=EDGE_LOOP('',(#2851,#2852,#2853,#2854));
#442=EDGE_LOOP('',(#2855,#2856,#2857,#2858));
#443=EDGE_LOOP('',(#2859,#2860,#2861,#2862));
#444=EDGE_LOOP('',(#2863,#2864,#2865,#2866));
#445=EDGE_LOOP('',(#2867,#2868,#2869,#2870));
#446=EDGE_LOOP('',(#2871,#2872,#2873,#2874));
#447=EDGE_LOOP('',(#2875,#2876,#2877,#2878));
#448=EDGE_LOOP('',(#2879,#2880,#2881,#2882));
#449=EDGE_LOOP('',(#2883,#2884,#2885,#2886,#2887,#2888,#2889,#2890));
#450=EDGE_LOOP('',(#2891,#2892,#2893,#2894));
#451=EDGE_LOOP('',(#2895,#2896,#2897,#2898));
#452=EDGE_LOOP('',(#2899,#2900,#2901,#2902));
#453=EDGE_LOOP('',(#2903,#2904,#2905,#2906));
#454=EDGE_LOOP('',(#2907,#2908,#2909,#2910));
#455=EDGE_LOOP('',(#2911,#2912,#2913,#2914));
#456=EDGE_LOOP('',(#2915,#2916,#2917,#2918));
#457=EDGE_LOOP('',(#2919,#2920,#2921,#2922));
#458=EDGE_LOOP('',(#2923,#2924,#2925,#2926));
#459=EDGE_LOOP('',(#2927,#2928,#2929,#2930));
#460=EDGE_LOOP('',(#2931,#2932,#2933,#2934));
#461=EDGE_LOOP('',(#2935,#2936,#2937,#2938));
#462=EDGE_LOOP('',(#2939,#2940,#2941,#2942));
#463=EDGE_LOOP('',(#2943,#2944,#2945,#2946));
#464=EDGE_LOOP('',(#2947,#2948,#2949,#2950));
#465=EDGE_LOOP('',(#2951,#2952,#2953,#2954));
#466=EDGE_LOOP('',(#2955,#2956,#2957,#2958));
#467=EDGE_LOOP('',(#2959,#2960,#2961,#2962));
#468=EDGE_LOOP('',(#2963,#2964,#2965,#2966));
#469=EDGE_LOOP('',(#2967,#2968,#2969,#2970));
#470=EDGE_LOOP('',(#2971,#2972,#2973,#2974));
#471=EDGE_LOOP('',(#2975,#2976,#2977,#2978));
#472=EDGE_LOOP('',(#2979,#2980,#2981,#2982));
#473=EDGE_LOOP('',(#2983,#2984,#2985,#2986));
#474=EDGE_LOOP('',(#2987,#2988,#2989,#2990));
#475=EDGE_LOOP('',(#2991,#2992,#2993,#2994));
#476=EDGE_LOOP('',(#2995,#2996,#2997,#2998));
#477=EDGE_LOOP('',(#2999,#3000,#3001,#3002));
#478=EDGE_LOOP('',(#3003,#3004,#3005,#3006));
#479=EDGE_LOOP('',(#3007,#3008,#3009,#3010));
#480=EDGE_LOOP('',(#3011,#3012,#3013,#3014));
#481=EDGE_LOOP('',(#3015,#3016,#3017,#3018));
#482=EDGE_LOOP('',(#3019,#3020,#3021,#3022));
#483=EDGE_LOOP('',(#3023,#3024,#3025,#3026));
#484=EDGE_LOOP('',(#3027,#3028,#3029,#3030));
#485=EDGE_LOOP('',(#3031,#3032,#3033,#3034));
#486=EDGE_LOOP('',(#3035,#3036,#3037,#3038));
#487=EDGE_LOOP('',(#3039,#3040,#3041,#3042));
#488=EDGE_LOOP('',(#3043,#3044,#3045,#3046));
#489=EDGE_LOOP('',(#3047,#3048,#3049,#3050));
#490=EDGE_LOOP('',(#3051,#3052,#3053,#3054));
#491=EDGE_LOOP('',(#3055,#3056,#3057,#3058));
#492=EDGE_LOOP('',(#3059,#3060,#3061,#3062));
#493=EDGE_LOOP('',(#3063,#3064,#3065,#3066));
#494=EDGE_LOOP('',(#3067,#3068,#3069,#3070));
#495=EDGE_LOOP('',(#3071,#3072,#3073,#3074));
#496=EDGE_LOOP('',(#3075,#3076,#3077,#3078));
#497=EDGE_LOOP('',(#3079,#3080,#3081,#3082));
#498=EDGE_LOOP('',(#3083,#3084,#3085,#3086));
#499=EDGE_LOOP('',(#3087,#3088,#3089,#3090));
#500=EDGE_LOOP('',(#3091,#3092,#3093,#3094));
#501=EDGE_LOOP('',(#3095,#3096,#3097,#3098));
#502=EDGE_LOOP('',(#3099,#3100,#3101,#3102));
#503=EDGE_LOOP('',(#3103,#3104,#3105,#3106));
#504=EDGE_LOOP('',(#3107,#3108,#3109,#3110));
#505=LINE('',#4652,#854);
#506=LINE('',#4655,#855);
#507=LINE('',#4658,#856);
#508=LINE('',#4660,#857);
#509=LINE('',#4661,#858);
#510=LINE('',#4667,#859);
#511=LINE('',#4670,#860);
#512=LINE('',#4672,#861);
#513=LINE('',#4673,#862);
#514=LINE('',#4678,#863);
#515=LINE('',#4682,#864);
#516=LINE('',#4686,#865);
#517=LINE('',#4690,#866);
#518=LINE('',#4692,#867);
#519=LINE('',#4694,#868);
#520=LINE('',#4697,#869);
#521=LINE('',#4700,#870);
#522=LINE('',#4702,#871);
#523=LINE('',#4704,#872);
#524=LINE('',#4705,#873);
#525=LINE('',#4708,#874);
#526=LINE('',#4710,#875);
#527=LINE('',#4712,#876);
#528=LINE('',#4713,#877);
#529=LINE('',#4718,#878);
#530=LINE('',#4722,#879);
#531=LINE('',#4726,#880);
#532=LINE('',#4729,#881);
#533=LINE('',#4734,#882);
#534=LINE('',#4738,#883);
#535=LINE('',#4742,#884);
#536=LINE('',#4745,#885);
#537=LINE('',#4750,#886);
#538=LINE('',#4754,#887);
#539=LINE('',#4758,#888);
#540=LINE('',#4761,#889);
#541=LINE('',#4766,#890);
#542=LINE('',#4770,#891);
#543=LINE('',#4774,#892);
#544=LINE('',#4777,#893);
#545=LINE('',#4782,#894);
#546=LINE('',#4786,#895);
#547=LINE('',#4790,#896);
#548=LINE('',#4793,#897);
#549=LINE('',#4798,#898);
#550=LINE('',#4802,#899);
#551=LINE('',#4806,#900);
#552=LINE('',#4809,#901);
#553=LINE('',#4812,#902);
#554=LINE('',#4814,#903);
#555=LINE('',#4816,#904);
#556=LINE('',#4817,#905);
#557=LINE('',#4820,#906);
#558=LINE('',#4823,#907);
#559=LINE('',#4826,#908);
#560=LINE('',#4827,#909);
#561=LINE('',#4829,#910);
#562=LINE('',#4832,#911);
#563=LINE('',#4833,#912);
#564=LINE('',#4839,#913);
#565=LINE('',#4842,#914);
#566=LINE('',#4845,#915);
#567=LINE('',#4847,#916);
#568=LINE('',#4849,#917);
#569=LINE('',#4851,#918);
#570=LINE('',#4854,#919);
#571=LINE('',#4857,#920);
#572=LINE('',#4861,#921);
#573=LINE('',#4862,#922);
#574=LINE('',#4865,#923);
#575=LINE('',#4868,#924);
#576=LINE('',#4871,#925);
#577=LINE('',#4875,#926);
#578=LINE('',#4877,#927);
#579=LINE('',#4878,#928);
#580=LINE('',#4880,#929);
#581=LINE('',#4881,#930);
#582=LINE('',#4883,#931);
#583=LINE('',#4886,#932);
#584=LINE('',#4889,#933);
#585=LINE('',#4891,#934);
#586=LINE('',#4892,#935);
#587=LINE('',#4895,#936);
#588=LINE('',#4897,#937);
#589=LINE('',#4898,#938);
#590=LINE('',#4904,#939);
#591=LINE('',#4907,#940);
#592=LINE('',#4910,#941);
#593=LINE('',#4911,#942);
#594=LINE('',#4913,#943);
#595=LINE('',#4916,#944);
#596=LINE('',#4919,#945);
#597=LINE('',#4923,#946);
#598=LINE('',#4924,#947);
#599=LINE('',#4927,#948);
#600=LINE('',#4930,#949);
#601=LINE('',#4933,#950);
#602=LINE('',#4937,#951);
#603=LINE('',#4939,#952);
#604=LINE('',#4940,#953);
#605=LINE('',#4942,#954);
#606=LINE('',#4943,#955);
#607=LINE('',#4945,#956);
#608=LINE('',#4948,#957);
#609=LINE('',#4951,#958);
#610=LINE('',#4953,#959);
#611=LINE('',#4954,#960);
#612=LINE('',#4960,#961);
#613=LINE('',#4963,#962);
#614=LINE('',#4966,#963);
#615=LINE('',#4968,#964);
#616=LINE('',#4970,#965);
#617=LINE('',#4972,#966);
#618=LINE('',#4975,#967);
#619=LINE('',#4978,#968);
#620=LINE('',#4982,#969);
#621=LINE('',#4983,#970);
#622=LINE('',#4986,#971);
#623=LINE('',#4989,#972);
#624=LINE('',#4992,#973);
#625=LINE('',#4996,#974);
#626=LINE('',#4998,#975);
#627=LINE('',#4999,#976);
#628=LINE('',#5001,#977);
#629=LINE('',#5002,#978);
#630=LINE('',#5004,#979);
#631=LINE('',#5007,#980);
#632=LINE('',#5010,#981);
#633=LINE('',#5012,#982);
#634=LINE('',#5013,#983);
#635=LINE('',#5016,#984);
#636=LINE('',#5018,#985);
#637=LINE('',#5019,#986);
#638=LINE('',#5025,#987);
#639=LINE('',#5028,#988);
#640=LINE('',#5031,#989);
#641=LINE('',#5032,#990);
#642=LINE('',#5034,#991);
#643=LINE('',#5037,#992);
#644=LINE('',#5040,#993);
#645=LINE('',#5044,#994);
#646=LINE('',#5045,#995);
#647=LINE('',#5048,#996);
#648=LINE('',#5051,#997);
#649=LINE('',#5054,#998);
#650=LINE('',#5058,#999);
#651=LINE('',#5060,#1000);
#652=LINE('',#5061,#1001);
#653=LINE('',#5063,#1002);
#654=LINE('',#5064,#1003);
#655=LINE('',#5066,#1004);
#656=LINE('',#5069,#1005);
#657=LINE('',#5072,#1006);
#658=LINE('',#5074,#1007);
#659=LINE('',#5075,#1008);
#660=LINE('',#5078,#1009);
#661=LINE('',#5081,#1010);
#662=LINE('',#5085,#1011);
#663=LINE('',#5087,#1012);
#664=LINE('',#5089,#1013);
#665=LINE('',#5091,#1014);
#666=LINE('',#5093,#1015);
#667=LINE('',#5095,#1016);
#668=LINE('',#5098,#1017);
#669=LINE('',#5102,#1018);
#670=LINE('',#5105,#1019);
#671=LINE('',#5106,#1020);
#672=LINE('',#5109,#1021);
#673=LINE('',#5110,#1022);
#674=LINE('',#5116,#1023);
#675=LINE('',#5119,#1024);
#676=LINE('',#5122,#1025);
#677=LINE('',#5124,#1026);
#678=LINE('',#5125,#1027);
#679=LINE('',#5130,#1028);
#680=LINE('',#5132,#1029);
#681=LINE('',#5138,#1030);
#682=LINE('',#5144,#1031);
#683=LINE('',#5145,#1032);
#684=LINE('',#5147,#1033);
#685=LINE('',#5149,#1034);
#686=LINE('',#5150,#1035);
#687=LINE('',#5155,#1036);
#688=LINE('',#5159,#1037);
#689=LINE('',#5163,#1038);
#690=LINE('',#5166,#1039);
#691=LINE('',#5171,#1040);
#692=LINE('',#5175,#1041);
#693=LINE('',#5179,#1042);
#694=LINE('',#5182,#1043);
#695=LINE('',#5187,#1044);
#696=LINE('',#5191,#1045);
#697=LINE('',#5195,#1046);
#698=LINE('',#5198,#1047);
#699=LINE('',#5203,#1048);
#700=LINE('',#5207,#1049);
#701=LINE('',#5211,#1050);
#702=LINE('',#5214,#1051);
#703=LINE('',#5219,#1052);
#704=LINE('',#5223,#1053);
#705=LINE('',#5227,#1054);
#706=LINE('',#5230,#1055);
#707=LINE('',#5235,#1056);
#708=LINE('',#5239,#1057);
#709=LINE('',#5243,#1058);
#710=LINE('',#5246,#1059);
#711=LINE('',#5249,#1060);
#712=LINE('',#5251,#1061);
#713=LINE('',#5253,#1062);
#714=LINE('',#5254,#1063);
#715=LINE('',#5259,#1064);
#716=LINE('',#5260,#1065);
#717=LINE('',#5263,#1066);
#718=LINE('',#5264,#1067);
#719=LINE('',#5268,#1068);
#720=LINE('',#5271,#1069);
#721=LINE('',#5278,#1070);
#722=LINE('',#5283,#1071);
#723=LINE('',#5288,#1072);
#724=LINE('',#5289,#1073);
#725=LINE('',#5293,#1074);
#726=LINE('',#5297,#1075);
#727=LINE('',#5301,#1076);
#728=LINE('',#5303,#1077);
#729=LINE('',#5311,#1078);
#730=LINE('',#5314,#1079);
#731=LINE('',#5317,#1080);
#732=LINE('',#5319,#1081);
#733=LINE('',#5323,#1082);
#734=LINE('',#5327,#1083);
#735=LINE('',#5328,#1084);
#736=LINE('',#5331,#1085);
#737=LINE('',#5333,#1086);
#738=LINE('',#5337,#1087);
#739=LINE('',#5349,#1088);
#740=LINE('',#5356,#1089);
#741=LINE('',#5359,#1090);
#742=LINE('',#5360,#1091);
#743=LINE('',#5363,#1092);
#744=LINE('',#5365,#1093);
#745=LINE('',#5366,#1094);
#746=LINE('',#5367,#1095);
#747=LINE('',#5369,#1096);
#748=LINE('',#5372,#1097);
#749=LINE('',#5373,#1098);
#750=LINE('',#5376,#1099);
#751=LINE('',#5380,#1100);
#752=LINE('',#5382,#1101);
#753=LINE('',#5385,#1102);
#754=LINE('',#5387,#1103);
#755=LINE('',#5389,#1104);
#756=LINE('',#5390,#1105);
#757=LINE('',#5391,#1106);
#758=LINE('',#5392,#1107);
#759=LINE('',#5394,#1108);
#760=LINE('',#5398,#1109);
#761=LINE('',#5400,#1110);
#762=LINE('',#5403,#1111);
#763=LINE('',#5407,#1112);
#764=LINE('',#5409,#1113);
#765=LINE('',#5414,#1114);
#766=LINE('',#5418,#1115);
#767=LINE('',#5422,#1116);
#768=LINE('',#5426,#1117);
#769=LINE('',#5428,#1118);
#770=LINE('',#5431,#1119);
#771=LINE('',#5434,#1120);
#772=LINE('',#5438,#1121);
#773=LINE('',#5440,#1122);
#774=LINE('',#5444,#1123);
#775=LINE('',#5447,#1124);
#776=LINE('',#5449,#1125);
#777=LINE('',#5450,#1126);
#778=LINE('',#5452,#1127);
#779=LINE('',#5454,#1128);
#780=LINE('',#5455,#1129);
#781=LINE('',#5457,#1130);
#782=LINE('',#5461,#1131);
#783=LINE('',#5467,#1132);
#784=LINE('',#5471,#1133);
#785=LINE('',#5475,#1134);
#786=LINE('',#5479,#1135);
#787=LINE('',#5481,#1136);
#788=LINE('',#5484,#1137);
#789=LINE('',#5487,#1138);
#790=LINE('',#5491,#1139);
#791=LINE('',#5493,#1140);
#792=LINE('',#5497,#1141);
#793=LINE('',#5500,#1142);
#794=LINE('',#5502,#1143);
#795=LINE('',#5503,#1144);
#796=LINE('',#5505,#1145);
#797=LINE('',#5507,#1146);
#798=LINE('',#5508,#1147);
#799=LINE('',#5510,#1148);
#800=LINE('',#5514,#1149);
#801=LINE('',#5518,#1150);
#802=LINE('',#5519,#1151);
#803=LINE('',#5521,#1152);
#804=LINE('',#5523,#1153);
#805=LINE('',#5525,#1154);
#806=LINE('',#5527,#1155);
#807=LINE('',#5529,#1156);
#808=LINE('',#5531,#1157);
#809=LINE('',#5534,#1158);
#810=LINE('',#5535,#1159);
#811=LINE('',#5537,#1160);
#812=LINE('',#5539,#1161);
#813=LINE('',#5541,#1162);
#814=LINE('',#5543,#1163);
#815=LINE('',#5545,#1164);
#816=LINE('',#5547,#1165);
#817=LINE('',#5550,#1166);
#818=LINE('',#5551,#1167);
#819=LINE('',#5553,#1168);
#820=LINE('',#5555,#1169);
#821=LINE('',#5557,#1170);
#822=LINE('',#5559,#1171);
#823=LINE('',#5561,#1172);
#824=LINE('',#5563,#1173);
#825=LINE('',#5566,#1174);
#826=LINE('',#5567,#1175);
#827=LINE('',#5569,#1176);
#828=LINE('',#5571,#1177);
#829=LINE('',#5573,#1178);
#830=LINE('',#5575,#1179);
#831=LINE('',#5577,#1180);
#832=LINE('',#5579,#1181);
#833=LINE('',#5582,#1182);
#834=LINE('',#5583,#1183);
#835=LINE('',#5585,#1184);
#836=LINE('',#5587,#1185);
#837=LINE('',#5589,#1186);
#838=LINE('',#5591,#1187);
#839=LINE('',#5593,#1188);
#840=LINE('',#5595,#1189);
#841=LINE('',#5598,#1190);
#842=LINE('',#5599,#1191);
#843=LINE('',#5601,#1192);
#844=LINE('',#5603,#1193);
#845=LINE('',#5605,#1194);
#846=LINE('',#5607,#1195);
#847=LINE('',#5609,#1196);
#848=LINE('',#5611,#1197);
#849=LINE('',#5614,#1198);
#850=LINE('',#5615,#1199);
#851=LINE('',#5617,#1200);
#852=LINE('',#5619,#1201);
#853=LINE('',#5622,#1202);
#854=VECTOR('',#3681,10.);
#855=VECTOR('',#3684,10.);
#856=VECTOR('',#3687,10.);
#857=VECTOR('',#3688,10.);
#858=VECTOR('',#3689,10.);
#859=VECTOR('',#3694,10.);
#860=VECTOR('',#3697,10.);
#861=VECTOR('',#3700,10.);
#862=VECTOR('',#3701,10.);
#863=VECTOR('',#3706,10.);
#864=VECTOR('',#3711,10.);
#865=VECTOR('',#3714,10.);
#866=VECTOR('',#3717,10.);
#867=VECTOR('',#3718,10.);
#868=VECTOR('',#3719,10.);
#869=VECTOR('',#3722,10.);
#870=VECTOR('',#3723,10.);
#871=VECTOR('',#3724,10.);
#872=VECTOR('',#3725,10.);
#873=VECTOR('',#3726,10.);
#874=VECTOR('',#3727,10.);
#875=VECTOR('',#3728,10.);
#876=VECTOR('',#3729,10.);
#877=VECTOR('',#3730,10.);
#878=VECTOR('',#3733,10.);
#879=VECTOR('',#3736,10.);
#880=VECTOR('',#3739,10.);
#881=VECTOR('',#3742,10.);
#882=VECTOR('',#3745,10.);
#883=VECTOR('',#3748,10.);
#884=VECTOR('',#3751,10.);
#885=VECTOR('',#3754,10.);
#886=VECTOR('',#3757,10.);
#887=VECTOR('',#3760,10.);
#888=VECTOR('',#3763,10.);
#889=VECTOR('',#3766,10.);
#890=VECTOR('',#3769,10.);
#891=VECTOR('',#3772,10.);
#892=VECTOR('',#3775,10.);
#893=VECTOR('',#3778,10.);
#894=VECTOR('',#3781,10.);
#895=VECTOR('',#3784,10.);
#896=VECTOR('',#3787,10.);
#897=VECTOR('',#3790,10.);
#898=VECTOR('',#3793,10.);
#899=VECTOR('',#3796,10.);
#900=VECTOR('',#3799,10.);
#901=VECTOR('',#3802,10.);
#902=VECTOR('',#3803,10.);
#903=VECTOR('',#3804,10.);
#904=VECTOR('',#3805,10.);
#905=VECTOR('',#3806,10.);
#906=VECTOR('',#3809,10.);
#907=VECTOR('',#3812,10.);
#908=VECTOR('',#3815,10.);
#909=VECTOR('',#3816,10.);
#910=VECTOR('',#3819,10.);
#911=VECTOR('',#3822,10.);
#912=VECTOR('',#3823,10.);
#913=VECTOR('',#3828,10.);
#914=VECTOR('',#3831,10.);
#915=VECTOR('',#3834,10.);
#916=VECTOR('',#3835,10.);
#917=VECTOR('',#3836,10.);
#918=VECTOR('',#3837,10.);
#919=VECTOR('',#3840,10.);
#920=VECTOR('',#3843,10.);
#921=VECTOR('',#3846,10.);
#922=VECTOR('',#3847,10.);
#923=VECTOR('',#3850,10.);
#924=VECTOR('',#3853,10.);
#925=VECTOR('',#3856,10.);
#926=VECTOR('',#3859,10.);
#927=VECTOR('',#3860,10.);
#928=VECTOR('',#3861,10.);
#929=VECTOR('',#3864,10.);
#930=VECTOR('',#3865,10.);
#931=VECTOR('',#3868,10.);
#932=VECTOR('',#3873,10.);
#933=VECTOR('',#3876,10.);
#934=VECTOR('',#3877,10.);
#935=VECTOR('',#3878,10.);
#936=VECTOR('',#3881,10.);
#937=VECTOR('',#3882,10.);
#938=VECTOR('',#3883,10.);
#939=VECTOR('',#3888,10.);
#940=VECTOR('',#3891,10.);
#941=VECTOR('',#3894,10.);
#942=VECTOR('',#3895,10.);
#943=VECTOR('',#3896,10.);
#944=VECTOR('',#3899,10.);
#945=VECTOR('',#3902,10.);
#946=VECTOR('',#3905,10.);
#947=VECTOR('',#3906,10.);
#948=VECTOR('',#3909,10.);
#949=VECTOR('',#3912,10.);
#950=VECTOR('',#3915,10.);
#951=VECTOR('',#3918,10.);
#952=VECTOR('',#3919,10.);
#953=VECTOR('',#3920,10.);
#954=VECTOR('',#3923,10.);
#955=VECTOR('',#3924,10.);
#956=VECTOR('',#3927,10.);
#957=VECTOR('',#3932,10.);
#958=VECTOR('',#3935,10.);
#959=VECTOR('',#3936,10.);
#960=VECTOR('',#3937,10.);
#961=VECTOR('',#3942,10.);
#962=VECTOR('',#3945,10.);
#963=VECTOR('',#3948,10.);
#964=VECTOR('',#3949,10.);
#965=VECTOR('',#3950,10.);
#966=VECTOR('',#3951,10.);
#967=VECTOR('',#3954,10.);
#968=VECTOR('',#3957,10.);
#969=VECTOR('',#3960,10.);
#970=VECTOR('',#3961,10.);
#971=VECTOR('',#3964,10.);
#972=VECTOR('',#3967,10.);
#973=VECTOR('',#3970,10.);
#974=VECTOR('',#3973,10.);
#975=VECTOR('',#3974,10.);
#976=VECTOR('',#3975,10.);
#977=VECTOR('',#3978,10.);
#978=VECTOR('',#3979,10.);
#979=VECTOR('',#3982,10.);
#980=VECTOR('',#3987,10.);
#981=VECTOR('',#3990,10.);
#982=VECTOR('',#3991,10.);
#983=VECTOR('',#3992,10.);
#984=VECTOR('',#3995,10.);
#985=VECTOR('',#3996,10.);
#986=VECTOR('',#3997,10.);
#987=VECTOR('',#4002,10.);
#988=VECTOR('',#4005,10.);
#989=VECTOR('',#4008,10.);
#990=VECTOR('',#4009,10.);
#991=VECTOR('',#4010,10.);
#992=VECTOR('',#4013,10.);
#993=VECTOR('',#4016,10.);
#994=VECTOR('',#4019,10.);
#995=VECTOR('',#4020,10.);
#996=VECTOR('',#4023,10.);
#997=VECTOR('',#4026,10.);
#998=VECTOR('',#4029,10.);
#999=VECTOR('',#4032,10.);
#1000=VECTOR('',#4033,10.);
#1001=VECTOR('',#4034,10.);
#1002=VECTOR('',#4037,10.);
#1003=VECTOR('',#4038,10.);
#1004=VECTOR('',#4041,10.);
#1005=VECTOR('',#4046,10.);
#1006=VECTOR('',#4049,10.);
#1007=VECTOR('',#4050,10.);
#1008=VECTOR('',#4051,10.);
#1009=VECTOR('',#4054,10.);
#1010=VECTOR('',#4057,10.);
#1011=VECTOR('',#4060,10.);
#1012=VECTOR('',#4061,10.);
#1013=VECTOR('',#4062,10.);
#1014=VECTOR('',#4063,10.);
#1015=VECTOR('',#4064,10.);
#1016=VECTOR('',#4065,10.);
#1017=VECTOR('',#4070,10.);
#1018=VECTOR('',#4075,10.);
#1019=VECTOR('',#4078,10.);
#1020=VECTOR('',#4079,10.);
#1021=VECTOR('',#4082,10.);
#1022=VECTOR('',#4083,10.);
#1023=VECTOR('',#4088,10.);
#1024=VECTOR('',#4091,10.);
#1025=VECTOR('',#4094,10.);
#1026=VECTOR('',#4095,10.);
#1027=VECTOR('',#4096,10.);
#1028=VECTOR('',#4101,10.);
#1029=VECTOR('',#4104,10.);
#1030=VECTOR('',#4109,10.);
#1031=VECTOR('',#4114,10.);
#1032=VECTOR('',#4115,10.);
#1033=VECTOR('',#4116,10.);
#1034=VECTOR('',#4117,10.);
#1035=VECTOR('',#4118,10.);
#1036=VECTOR('',#4121,10.);
#1037=VECTOR('',#4124,10.);
#1038=VECTOR('',#4127,10.);
#1039=VECTOR('',#4130,10.);
#1040=VECTOR('',#4133,10.);
#1041=VECTOR('',#4136,10.);
#1042=VECTOR('',#4139,10.);
#1043=VECTOR('',#4142,10.);
#1044=VECTOR('',#4145,10.);
#1045=VECTOR('',#4148,10.);
#1046=VECTOR('',#4151,10.);
#1047=VECTOR('',#4154,10.);
#1048=VECTOR('',#4157,10.);
#1049=VECTOR('',#4160,10.);
#1050=VECTOR('',#4163,10.);
#1051=VECTOR('',#4166,10.);
#1052=VECTOR('',#4169,10.);
#1053=VECTOR('',#4172,10.);
#1054=VECTOR('',#4175,10.);
#1055=VECTOR('',#4178,10.);
#1056=VECTOR('',#4181,10.);
#1057=VECTOR('',#4184,10.);
#1058=VECTOR('',#4187,10.);
#1059=VECTOR('',#4190,10.);
#1060=VECTOR('',#4191,10.);
#1061=VECTOR('',#4192,10.);
#1062=VECTOR('',#4193,10.);
#1063=VECTOR('',#4194,10.);
#1064=VECTOR('',#4199,10.);
#1065=VECTOR('',#4200,10.);
#1066=VECTOR('',#4203,10.);
#1067=VECTOR('',#4204,10.);
#1068=VECTOR('',#4209,10.);
#1069=VECTOR('',#4212,10.);
#1070=VECTOR('',#4219,10.);
#1071=VECTOR('',#4224,10.);
#1072=VECTOR('',#4229,10.);
#1073=VECTOR('',#4230,10.);
#1074=VECTOR('',#4233,10.);
#1075=VECTOR('',#4236,10.);
#1076=VECTOR('',#4241,10.);
#1077=VECTOR('',#4244,10.);
#1078=VECTOR('',#4251,10.);
#1079=VECTOR('',#4254,10.);
#1080=VECTOR('',#4257,10.);
#1081=VECTOR('',#4258,10.);
#1082=VECTOR('',#4261,10.);
#1083=VECTOR('',#4266,10.);
#1084=VECTOR('',#4267,10.);
#1085=VECTOR('',#4270,10.);
#1086=VECTOR('',#4271,10.);
#1087=VECTOR('',#4276,10.);
#1088=VECTOR('',#4291,10.);
#1089=VECTOR('',#4302,10.);
#1090=VECTOR('',#4305,10.);
#1091=VECTOR('',#4306,10.);
#1092=VECTOR('',#4311,10.);
#1093=VECTOR('',#4314,10.);
#1094=VECTOR('',#4315,10.);
#1095=VECTOR('',#4316,10.);
#1096=VECTOR('',#4319,10.);
#1097=VECTOR('',#4322,10.);
#1098=VECTOR('',#4323,10.);
#1099=VECTOR('',#4328,10.);
#1100=VECTOR('',#4333,10.);
#1101=VECTOR('',#4336,10.);
#1102=VECTOR('',#4339,10.);
#1103=VECTOR('',#4340,10.);
#1104=VECTOR('',#4341,10.);
#1105=VECTOR('',#4342,10.);
#1106=VECTOR('',#4343,10.);
#1107=VECTOR('',#4344,10.);
#1108=VECTOR('',#4345,10.);
#1109=VECTOR('',#4350,10.);
#1110=VECTOR('',#4353,10.);
#1111=VECTOR('',#4358,10.);
#1112=VECTOR('',#4365,10.);
#1113=VECTOR('',#4368,10.);
#1114=VECTOR('',#4373,10.);
#1115=VECTOR('',#4378,10.);
#1116=VECTOR('',#4381,10.);
#1117=VECTOR('',#4384,10.);
#1118=VECTOR('',#4385,10.);
#1119=VECTOR('',#4388,10.);
#1120=VECTOR('',#4391,10.);
#1121=VECTOR('',#4394,10.);
#1122=VECTOR('',#4395,10.);
#1123=VECTOR('',#4398,10.);
#1124=VECTOR('',#4401,10.);
#1125=VECTOR('',#4404,0.5);
#1126=VECTOR('',#4405,10.);
#1127=VECTOR('',#4408,0.5);
#1128=VECTOR('',#4411,10.);
#1129=VECTOR('',#4412,10.);
#1130=VECTOR('',#4415,10.);
#1131=VECTOR('',#4422,10.);
#1132=VECTOR('',#4429,10.);
#1133=VECTOR('',#4434,10.);
#1134=VECTOR('',#4437,10.);
#1135=VECTOR('',#4440,10.);
#1136=VECTOR('',#4441,10.);
#1137=VECTOR('',#4444,10.);
#1138=VECTOR('',#4447,10.);
#1139=VECTOR('',#4450,10.);
#1140=VECTOR('',#4451,10.);
#1141=VECTOR('',#4454,10.);
#1142=VECTOR('',#4457,10.);
#1143=VECTOR('',#4460,0.5);
#1144=VECTOR('',#4461,10.);
#1145=VECTOR('',#4464,0.5);
#1146=VECTOR('',#4467,10.);
#1147=VECTOR('',#4468,10.);
#1148=VECTOR('',#4471,10.);
#1149=VECTOR('',#4478,10.);
#1150=VECTOR('',#4485,10.);
#1151=VECTOR('',#4486,10.);
#1152=VECTOR('',#4489,10.);
#1153=VECTOR('',#4492,10.);
#1154=VECTOR('',#4495,10.);
#1155=VECTOR('',#4498,10.);
#1156=VECTOR('',#4501,10.);
#1157=VECTOR('',#4504,10.);
#1158=VECTOR('',#4509,10.);
#1159=VECTOR('',#4510,10.);
#1160=VECTOR('',#4513,10.);
#1161=VECTOR('',#4516,10.);
#1162=VECTOR('',#4519,10.);
#1163=VECTOR('',#4522,10.);
#1164=VECTOR('',#4525,10.);
#1165=VECTOR('',#4528,10.);
#1166=VECTOR('',#4533,10.);
#1167=VECTOR('',#4534,10.);
#1168=VECTOR('',#4537,10.);
#1169=VECTOR('',#4540,10.);
#1170=VECTOR('',#4543,10.);
#1171=VECTOR('',#4546,10.);
#1172=VECTOR('',#4549,10.);
#1173=VECTOR('',#4552,10.);
#1174=VECTOR('',#4557,10.);
#1175=VECTOR('',#4558,10.);
#1176=VECTOR('',#4561,10.);
#1177=VECTOR('',#4564,10.);
#1178=VECTOR('',#4567,10.);
#1179=VECTOR('',#4570,10.);
#1180=VECTOR('',#4573,10.);
#1181=VECTOR('',#4576,10.);
#1182=VECTOR('',#4581,10.);
#1183=VECTOR('',#4582,10.);
#1184=VECTOR('',#4585,10.);
#1185=VECTOR('',#4588,10.);
#1186=VECTOR('',#4591,10.);
#1187=VECTOR('',#4594,10.);
#1188=VECTOR('',#4597,10.);
#1189=VECTOR('',#4600,10.);
#1190=VECTOR('',#4605,10.);
#1191=VECTOR('',#4606,10.);
#1192=VECTOR('',#4609,10.);
#1193=VECTOR('',#4612,10.);
#1194=VECTOR('',#4615,10.);
#1195=VECTOR('',#4618,10.);
#1196=VECTOR('',#4621,10.);
#1197=VECTOR('',#4624,10.);
#1198=VECTOR('',#4629,10.);
#1199=VECTOR('',#4630,10.);
#1200=VECTOR('',#4633,10.);
#1201=VECTOR('',#4636,10.);
#1202=VECTOR('',#4641,10.);
#1203=CIRCLE('',#3366,0.5);
#1204=CIRCLE('',#3367,0.5);
#1205=CIRCLE('',#3370,0.5);
#1206=CIRCLE('',#3371,0.5);
#1207=CIRCLE('',#3374,0.5);
#1208=CIRCLE('',#3375,0.5);
#1209=CIRCLE('',#3377,0.5);
#1210=CIRCLE('',#3378,0.5);
#1211=CIRCLE('',#3379,0.5);
#1212=CIRCLE('',#3380,2.00000000000001);
#1213=CIRCLE('',#3381,2.00000000000001);
#1214=CIRCLE('',#3382,2.00000000000001);
#1215=CIRCLE('',#3383,2.);
#1216=CIRCLE('',#3384,2.);
#1217=CIRCLE('',#3385,2.00000000000001);
#1218=CIRCLE('',#3386,2.00000000000001);
#1219=CIRCLE('',#3387,2.00000000000001);
#1220=CIRCLE('',#3388,2.);
#1221=CIRCLE('',#3389,2.00000000000001);
#1222=CIRCLE('',#3390,2.00000000000001);
#1223=CIRCLE('',#3391,2.00000000000001);
#1224=CIRCLE('',#3392,1.99999999999999);
#1225=CIRCLE('',#3393,1.99999999999999);
#1226=CIRCLE('',#3394,1.99999999999999);
#1227=CIRCLE('',#3395,1.99999999999999);
#1228=CIRCLE('',#3396,1.99999999999999);
#1229=CIRCLE('',#3397,1.99999999999999);
#1230=CIRCLE('',#3398,2.);
#1231=CIRCLE('',#3399,1.99999999999999);
#1232=CIRCLE('',#3400,1.99999999999999);
#1233=CIRCLE('',#3401,1.99999999999999);
#1234=CIRCLE('',#3402,1.99999999999999);
#1235=CIRCLE('',#3403,1.99999999999999);
#1236=CIRCLE('',#3405,0.5);
#1237=CIRCLE('',#3410,1.2);
#1238=CIRCLE('',#3411,1.2);
#1239=CIRCLE('',#3413,1.);
#1240=CIRCLE('',#3415,1.2);
#1241=CIRCLE('',#3417,1.2);
#1242=CIRCLE('',#3419,1.);
#1243=CIRCLE('',#3427,1.2);
#1244=CIRCLE('',#3428,1.2);
#1245=CIRCLE('',#3430,1.);
#1246=CIRCLE('',#3432,1.2);
#1247=CIRCLE('',#3434,1.2);
#1248=CIRCLE('',#3436,1.);
#1249=CIRCLE('',#3443,1.2);
#1250=CIRCLE('',#3444,1.2);
#1251=CIRCLE('',#3446,1.);
#1252=CIRCLE('',#3448,1.2);
#1253=CIRCLE('',#3450,1.2);
#1254=CIRCLE('',#3452,1.);
#1255=CIRCLE('',#3460,1.2);
#1256=CIRCLE('',#3461,1.2);
#1257=CIRCLE('',#3463,1.);
#1258=CIRCLE('',#3465,1.2);
#1259=CIRCLE('',#3467,1.2);
#1260=CIRCLE('',#3469,1.);
#1261=CIRCLE('',#3476,0.5);
#1262=CIRCLE('',#3478,0.5);
#1263=CIRCLE('',#3481,0.5);
#1264=CIRCLE('',#3485,0.5);
#1265=CIRCLE('',#3486,0.5);
#1266=CIRCLE('',#3489,2.89999999999999);
#1267=CIRCLE('',#3490,5.);
#1268=CIRCLE('',#3491,5.00000000000001);
#1269=CIRCLE('',#3492,5.00000000000001);
#1270=CIRCLE('',#3493,2.9);
#1271=CIRCLE('',#3494,0.5);
#1272=CIRCLE('',#3495,2.00000000000001);
#1273=CIRCLE('',#3496,2.);
#1274=CIRCLE('',#3497,2.00000000000001);
#1275=CIRCLE('',#3498,2.00000000000001);
#1276=CIRCLE('',#3499,2.);
#1277=CIRCLE('',#3500,2.00000000000001);
#1278=CIRCLE('',#3501,2.00000000000001);
#1279=CIRCLE('',#3502,2.00000000000001);
#1280=CIRCLE('',#3503,2.);
#1281=CIRCLE('',#3504,2.00000000000001);
#1282=CIRCLE('',#3505,2.00000000000001);
#1283=CIRCLE('',#3506,2.00000000000001);
#1284=CIRCLE('',#3507,1.99999999999999);
#1285=CIRCLE('',#3508,1.99999999999999);
#1286=CIRCLE('',#3509,1.99999999999999);
#1287=CIRCLE('',#3510,1.99999999999999);
#1288=CIRCLE('',#3511,1.99999999999999);
#1289=CIRCLE('',#3512,1.99999999999999);
#1290=CIRCLE('',#3513,2.);
#1291=CIRCLE('',#3514,1.99999999999999);
#1292=CIRCLE('',#3515,1.99999999999999);
#1293=CIRCLE('',#3516,1.99999999999999);
#1294=CIRCLE('',#3517,1.99999999999999);
#1295=CIRCLE('',#3518,1.99999999999999);
#1296=CIRCLE('',#3520,0.5);
#1297=CIRCLE('',#3523,2.89999999999999);
#1298=CIRCLE('',#3525,2.9);
#1299=CIRCLE('',#3531,0.5);
#1300=CIRCLE('',#3533,0.5);
#1301=CIRCLE('',#3534,0.5);
#1302=CIRCLE('',#3542,0.500000000000005);
#1303=CIRCLE('',#3543,0.5);
#1304=CIRCLE('',#3546,0.5);
#1305=CIRCLE('',#3548,0.5);
#1306=CIRCLE('',#3551,0.500000000000007);
#1307=CIRCLE('',#3552,0.5);
#1308=CIRCLE('',#3553,0.500000000000012);
#1309=CIRCLE('',#3557,0.5);
#1310=CIRCLE('',#3558,0.500000000000007);
#1311=CIRCLE('',#3569,0.5);
#1312=CIRCLE('',#3571,5.);
#1313=CIRCLE('',#3572,5.00000000000001);
#1314=CIRCLE('',#3573,5.00000000000001);
#1315=CIRCLE('',#3582,0.2);
#1316=CIRCLE('',#3583,0.2);
#1317=CIRCLE('',#3585,0.2);
#1318=CIRCLE('',#3586,0.2);
#1319=CIRCLE('',#3587,0.500000000000003);
#1320=CIRCLE('',#3589,0.500000000000003);
#1321=CIRCLE('',#3590,0.2);
#1322=CIRCLE('',#3591,0.2);
#1323=CIRCLE('',#3601,0.2);
#1324=CIRCLE('',#3602,0.2);
#1325=CIRCLE('',#3604,0.2);
#1326=CIRCLE('',#3605,0.2);
#1327=CIRCLE('',#3606,0.500000000000003);
#1328=CIRCLE('',#3608,0.500000000000003);
#1329=CIRCLE('',#3609,0.2);
#1330=CIRCLE('',#3610,0.2);
#1331=VERTEX_POINT('',#4648);
#1332=VERTEX_POINT('',#4649);
#1333=VERTEX_POINT('',#4651);
#1334=VERTEX_POINT('',#4653);
#1335=VERTEX_POINT('',#4657);
#1336=VERTEX_POINT('',#4659);
#1337=VERTEX_POINT('',#4663);
#1338=VERTEX_POINT('',#4664);
#1339=VERTEX_POINT('',#4666);
#1340=VERTEX_POINT('',#4668);
#1341=VERTEX_POINT('',#4675);
#1342=VERTEX_POINT('',#4677);
#1343=VERTEX_POINT('',#4681);
#1344=VERTEX_POINT('',#4683);
#1345=VERTEX_POINT('',#4685);
#1346=VERTEX_POINT('',#4687);
#1347=VERTEX_POINT('',#4689);
#1348=VERTEX_POINT('',#4691);
#1349=VERTEX_POINT('',#4693);
#1350=VERTEX_POINT('',#4695);
#1351=VERTEX_POINT('',#4698);
#1352=VERTEX_POINT('',#4699);
#1353=VERTEX_POINT('',#4701);
#1354=VERTEX_POINT('',#4703);
#1355=VERTEX_POINT('',#4706);
#1356=VERTEX_POINT('',#4707);
#1357=VERTEX_POINT('',#4709);
#1358=VERTEX_POINT('',#4711);
#1359=VERTEX_POINT('',#4714);
#1360=VERTEX_POINT('',#4715);
#1361=VERTEX_POINT('',#4717);
#1362=VERTEX_POINT('',#4719);
#1363=VERTEX_POINT('',#4721);
#1364=VERTEX_POINT('',#4723);
#1365=VERTEX_POINT('',#4725);
#1366=VERTEX_POINT('',#4727);
#1367=VERTEX_POINT('',#4730);
#1368=VERTEX_POINT('',#4731);
#1369=VERTEX_POINT('',#4733);
#1370=VERTEX_POINT('',#4735);
#1371=VERTEX_POINT('',#4737);
#1372=VERTEX_POINT('',#4739);
#1373=VERTEX_POINT('',#4741);
#1374=VERTEX_POINT('',#4743);
#1375=VERTEX_POINT('',#4746);
#1376=VERTEX_POINT('',#4747);
#1377=VERTEX_POINT('',#4749);
#1378=VERTEX_POINT('',#4751);
#1379=VERTEX_POINT('',#4753);
#1380=VERTEX_POINT('',#4755);
#1381=VERTEX_POINT('',#4757);
#1382=VERTEX_POINT('',#4759);
#1383=VERTEX_POINT('',#4762);
#1384=VERTEX_POINT('',#4763);
#1385=VERTEX_POINT('',#4765);
#1386=VERTEX_POINT('',#4767);
#1387=VERTEX_POINT('',#4769);
#1388=VERTEX_POINT('',#4771);
#1389=VERTEX_POINT('',#4773);
#1390=VERTEX_POINT('',#4775);
#1391=VERTEX_POINT('',#4778);
#1392=VERTEX_POINT('',#4779);
#1393=VERTEX_POINT('',#4781);
#1394=VERTEX_POINT('',#4783);
#1395=VERTEX_POINT('',#4785);
#1396=VERTEX_POINT('',#4787);
#1397=VERTEX_POINT('',#4789);
#1398=VERTEX_POINT('',#4791);
#1399=VERTEX_POINT('',#4794);
#1400=VERTEX_POINT('',#4795);
#1401=VERTEX_POINT('',#4797);
#1402=VERTEX_POINT('',#4799);
#1403=VERTEX_POINT('',#4801);
#1404=VERTEX_POINT('',#4803);
#1405=VERTEX_POINT('',#4805);
#1406=VERTEX_POINT('',#4807);
#1407=VERTEX_POINT('',#4810);
#1408=VERTEX_POINT('',#4811);
#1409=VERTEX_POINT('',#4813);
#1410=VERTEX_POINT('',#4815);
#1411=VERTEX_POINT('',#4819);
#1412=VERTEX_POINT('',#4821);
#1413=VERTEX_POINT('',#4825);
#1414=VERTEX_POINT('',#4831);
#1415=VERTEX_POINT('',#4835);
#1416=VERTEX_POINT('',#4836);
#1417=VERTEX_POINT('',#4838);
#1418=VERTEX_POINT('',#4840);
#1419=VERTEX_POINT('',#4844);
#1420=VERTEX_POINT('',#4846);
#1421=VERTEX_POINT('',#4848);
#1422=VERTEX_POINT('',#4850);
#1423=VERTEX_POINT('',#4852);
#1424=VERTEX_POINT('',#4856);
#1425=VERTEX_POINT('',#4858);
#1426=VERTEX_POINT('',#4860);
#1427=VERTEX_POINT('',#4864);
#1428=VERTEX_POINT('',#4866);
#1429=VERTEX_POINT('',#4870);
#1430=VERTEX_POINT('',#4872);
#1431=VERTEX_POINT('',#4874);
#1432=VERTEX_POINT('',#4876);
#1433=VERTEX_POINT('',#4888);
#1434=VERTEX_POINT('',#4890);
#1435=VERTEX_POINT('',#4894);
#1436=VERTEX_POINT('',#4896);
#1437=VERTEX_POINT('',#4900);
#1438=VERTEX_POINT('',#4901);
#1439=VERTEX_POINT('',#4903);
#1440=VERTEX_POINT('',#4905);
#1441=VERTEX_POINT('',#4909);
#1442=VERTEX_POINT('',#4912);
#1443=VERTEX_POINT('',#4914);
#1444=VERTEX_POINT('',#4918);
#1445=VERTEX_POINT('',#4920);
#1446=VERTEX_POINT('',#4922);
#1447=VERTEX_POINT('',#4926);
#1448=VERTEX_POINT('',#4928);
#1449=VERTEX_POINT('',#4932);
#1450=VERTEX_POINT('',#4934);
#1451=VERTEX_POINT('',#4936);
#1452=VERTEX_POINT('',#4938);
#1453=VERTEX_POINT('',#4950);
#1454=VERTEX_POINT('',#4952);
#1455=VERTEX_POINT('',#4956);
#1456=VERTEX_POINT('',#4957);
#1457=VERTEX_POINT('',#4959);
#1458=VERTEX_POINT('',#4961);
#1459=VERTEX_POINT('',#4965);
#1460=VERTEX_POINT('',#4967);
#1461=VERTEX_POINT('',#4969);
#1462=VERTEX_POINT('',#4971);
#1463=VERTEX_POINT('',#4973);
#1464=VERTEX_POINT('',#4977);
#1465=VERTEX_POINT('',#4979);
#1466=VERTEX_POINT('',#4981);
#1467=VERTEX_POINT('',#4985);
#1468=VERTEX_POINT('',#4987);
#1469=VERTEX_POINT('',#4991);
#1470=VERTEX_POINT('',#4993);
#1471=VERTEX_POINT('',#4995);
#1472=VERTEX_POINT('',#4997);
#1473=VERTEX_POINT('',#5009);
#1474=VERTEX_POINT('',#5011);
#1475=VERTEX_POINT('',#5015);
#1476=VERTEX_POINT('',#5017);
#1477=VERTEX_POINT('',#5021);
#1478=VERTEX_POINT('',#5022);
#1479=VERTEX_POINT('',#5024);
#1480=VERTEX_POINT('',#5026);
#1481=VERTEX_POINT('',#5030);
#1482=VERTEX_POINT('',#5033);
#1483=VERTEX_POINT('',#5035);
#1484=VERTEX_POINT('',#5039);
#1485=VERTEX_POINT('',#5041);
#1486=VERTEX_POINT('',#5043);
#1487=VERTEX_POINT('',#5047);
#1488=VERTEX_POINT('',#5049);
#1489=VERTEX_POINT('',#5053);
#1490=VERTEX_POINT('',#5055);
#1491=VERTEX_POINT('',#5057);
#1492=VERTEX_POINT('',#5059);
#1493=VERTEX_POINT('',#5071);
#1494=VERTEX_POINT('',#5073);
#1495=VERTEX_POINT('',#5077);
#1496=VERTEX_POINT('',#5079);
#1497=VERTEX_POINT('',#5083);
#1498=VERTEX_POINT('',#5084);
#1499=VERTEX_POINT('',#5086);
#1500=VERTEX_POINT('',#5088);
#1501=VERTEX_POINT('',#5090);
#1502=VERTEX_POINT('',#5092);
#1503=VERTEX_POINT('',#5094);
#1504=VERTEX_POINT('',#5100);
#1505=VERTEX_POINT('',#5104);
#1506=VERTEX_POINT('',#5108);
#1507=VERTEX_POINT('',#5112);
#1508=VERTEX_POINT('',#5113);
#1509=VERTEX_POINT('',#5115);
#1510=VERTEX_POINT('',#5117);
#1511=VERTEX_POINT('',#5121);
#1512=VERTEX_POINT('',#5123);
#1513=VERTEX_POINT('',#5127);
#1514=VERTEX_POINT('',#5129);
#1515=VERTEX_POINT('',#5133);
#1516=VERTEX_POINT('',#5135);
#1517=VERTEX_POINT('',#5137);
#1518=VERTEX_POINT('',#5139);
#1519=VERTEX_POINT('',#5141);
#1520=VERTEX_POINT('',#5143);
#1521=VERTEX_POINT('',#5146);
#1522=VERTEX_POINT('',#5148);
#1523=VERTEX_POINT('',#5151);
#1524=VERTEX_POINT('',#5152);
#1525=VERTEX_POINT('',#5154);
#1526=VERTEX_POINT('',#5156);
#1527=VERTEX_POINT('',#5158);
#1528=VERTEX_POINT('',#5160);
#1529=VERTEX_POINT('',#5162);
#1530=VERTEX_POINT('',#5164);
#1531=VERTEX_POINT('',#5167);
#1532=VERTEX_POINT('',#5168);
#1533=VERTEX_POINT('',#5170);
#1534=VERTEX_POINT('',#5172);
#1535=VERTEX_POINT('',#5174);
#1536=VERTEX_POINT('',#5176);
#1537=VERTEX_POINT('',#5178);
#1538=VERTEX_POINT('',#5180);
#1539=VERTEX_POINT('',#5183);
#1540=VERTEX_POINT('',#5184);
#1541=VERTEX_POINT('',#5186);
#1542=VERTEX_POINT('',#5188);
#1543=VERTEX_POINT('',#5190);
#1544=VERTEX_POINT('',#5192);
#1545=VERTEX_POINT('',#5194);
#1546=VERTEX_POINT('',#5196);
#1547=VERTEX_POINT('',#5199);
#1548=VERTEX_POINT('',#5200);
#1549=VERTEX_POINT('',#5202);
#1550=VERTEX_POINT('',#5204);
#1551=VERTEX_POINT('',#5206);
#1552=VERTEX_POINT('',#5208);
#1553=VERTEX_POINT('',#5210);
#1554=VERTEX_POINT('',#5212);
#1555=VERTEX_POINT('',#5215);
#1556=VERTEX_POINT('',#5216);
#1557=VERTEX_POINT('',#5218);
#1558=VERTEX_POINT('',#5220);
#1559=VERTEX_POINT('',#5222);
#1560=VERTEX_POINT('',#5224);
#1561=VERTEX_POINT('',#5226);
#1562=VERTEX_POINT('',#5228);
#1563=VERTEX_POINT('',#5231);
#1564=VERTEX_POINT('',#5232);
#1565=VERTEX_POINT('',#5234);
#1566=VERTEX_POINT('',#5236);
#1567=VERTEX_POINT('',#5238);
#1568=VERTEX_POINT('',#5240);
#1569=VERTEX_POINT('',#5242);
#1570=VERTEX_POINT('',#5244);
#1571=VERTEX_POINT('',#5247);
#1572=VERTEX_POINT('',#5248);
#1573=VERTEX_POINT('',#5250);
#1574=VERTEX_POINT('',#5252);
#1575=VERTEX_POINT('',#5256);
#1576=VERTEX_POINT('',#5257);
#1577=VERTEX_POINT('',#5262);
#1578=VERTEX_POINT('',#5266);
#1579=VERTEX_POINT('',#5270);
#1580=VERTEX_POINT('',#5274);
#1581=VERTEX_POINT('',#5275);
#1582=VERTEX_POINT('',#5277);
#1583=VERTEX_POINT('',#5279);
#1584=VERTEX_POINT('',#5281);
#1585=VERTEX_POINT('',#5285);
#1586=VERTEX_POINT('',#5287);
#1587=VERTEX_POINT('',#5291);
#1588=VERTEX_POINT('',#5292);
#1589=VERTEX_POINT('',#5294);
#1590=VERTEX_POINT('',#5296);
#1591=VERTEX_POINT('',#5300);
#1592=VERTEX_POINT('',#5305);
#1593=VERTEX_POINT('',#5306);
#1594=VERTEX_POINT('',#5308);
#1595=VERTEX_POINT('',#5310);
#1596=VERTEX_POINT('',#5312);
#1597=VERTEX_POINT('',#5316);
#1598=VERTEX_POINT('',#5318);
#1599=VERTEX_POINT('',#5320);
#1600=VERTEX_POINT('',#5322);
#1601=VERTEX_POINT('',#5326);
#1602=VERTEX_POINT('',#5330);
#1603=VERTEX_POINT('',#5332);
#1604=VERTEX_POINT('',#5336);
#1605=VERTEX_POINT('',#5338);
#1606=VERTEX_POINT('',#5342);
#1607=VERTEX_POINT('',#5343);
#1608=VERTEX_POINT('',#5348);
#1609=VERTEX_POINT('',#5352);
#1610=VERTEX_POINT('',#5358);
#1611=VERTEX_POINT('',#5371);
#1612=VERTEX_POINT('',#5378);
#1613=VERTEX_POINT('',#5383);
#1614=VERTEX_POINT('',#5386);
#1615=VERTEX_POINT('',#5388);
#1616=VERTEX_POINT('',#5393);
#1617=VERTEX_POINT('',#5395);
#1618=VERTEX_POINT('',#5411);
#1619=VERTEX_POINT('',#5413);
#1620=VERTEX_POINT('',#5417);
#1621=VERTEX_POINT('',#5419);
#1622=VERTEX_POINT('',#5421);
#1623=VERTEX_POINT('',#5423);
#1624=VERTEX_POINT('',#5425);
#1625=VERTEX_POINT('',#5427);
#1626=VERTEX_POINT('',#5429);
#1627=VERTEX_POINT('',#5433);
#1628=VERTEX_POINT('',#5435);
#1629=VERTEX_POINT('',#5437);
#1630=VERTEX_POINT('',#5439);
#1631=VERTEX_POINT('',#5441);
#1632=VERTEX_POINT('',#5443);
#1633=VERTEX_POINT('',#5445);
#1634=VERTEX_POINT('',#5464);
#1635=VERTEX_POINT('',#5466);
#1636=VERTEX_POINT('',#5470);
#1637=VERTEX_POINT('',#5472);
#1638=VERTEX_POINT('',#5474);
#1639=VERTEX_POINT('',#5476);
#1640=VERTEX_POINT('',#5478);
#1641=VERTEX_POINT('',#5480);
#1642=VERTEX_POINT('',#5482);
#1643=VERTEX_POINT('',#5486);
#1644=VERTEX_POINT('',#5488);
#1645=VERTEX_POINT('',#5490);
#1646=VERTEX_POINT('',#5492);
#1647=VERTEX_POINT('',#5494);
#1648=VERTEX_POINT('',#5496);
#1649=VERTEX_POINT('',#5498);
#1650=EDGE_CURVE('',#1331,#1332,#1203,.T.);
#1651=EDGE_CURVE('',#1331,#1333,#505,.T.);
#1652=EDGE_CURVE('',#1333,#1334,#1204,.T.);
#1653=EDGE_CURVE('',#1334,#1332,#506,.T.);
#1654=EDGE_CURVE('',#1335,#1334,#507,.T.);
#1655=EDGE_CURVE('',#1336,#1335,#508,.T.);
#1656=EDGE_CURVE('',#1336,#1332,#509,.T.);
#1657=EDGE_CURVE('',#1337,#1338,#1205,.T.);
#1658=EDGE_CURVE('',#1337,#1339,#510,.T.);
#1659=EDGE_CURVE('',#1339,#1340,#1206,.T.);
#1660=EDGE_CURVE('',#1340,#1338,#511,.T.);
#1661=EDGE_CURVE('',#1338,#1331,#512,.T.);
#1662=EDGE_CURVE('',#1333,#1340,#513,.T.);
#1663=EDGE_CURVE('',#1335,#1341,#1207,.T.);
#1664=EDGE_CURVE('',#1341,#1342,#514,.T.);
#1665=EDGE_CURVE('',#1342,#1336,#1208,.F.);
#1666=EDGE_CURVE('',#1339,#1343,#515,.T.);
#1667=EDGE_CURVE('',#1344,#1343,#1209,.T.);
#1668=EDGE_CURVE('',#1344,#1345,#516,.T.);
#1669=EDGE_CURVE('',#1346,#1345,#1210,.T.);
#1670=EDGE_CURVE('',#1346,#1347,#517,.F.);
#1671=EDGE_CURVE('',#1347,#1348,#518,.T.);
#1672=EDGE_CURVE('',#1348,#1349,#519,.F.);
#1673=EDGE_CURVE('',#1350,#1349,#1211,.T.);
#1674=EDGE_CURVE('',#1350,#1341,#520,.T.);
#1675=EDGE_CURVE('',#1351,#1352,#521,.F.);
#1676=EDGE_CURVE('',#1352,#1353,#522,.T.);
#1677=EDGE_CURVE('',#1353,#1354,#523,.F.);
#1678=EDGE_CURVE('',#1354,#1351,#524,.T.);
#1679=EDGE_CURVE('',#1355,#1356,#525,.F.);
#1680=EDGE_CURVE('',#1356,#1357,#526,.T.);
#1681=EDGE_CURVE('',#1357,#1358,#527,.F.);
#1682=EDGE_CURVE('',#1358,#1355,#528,.T.);
#1683=EDGE_CURVE('',#1359,#1360,#1212,.T.);
#1684=EDGE_CURVE('',#1360,#1361,#529,.T.);
#1685=EDGE_CURVE('',#1361,#1362,#1213,.T.);
#1686=EDGE_CURVE('',#1362,#1363,#530,.T.);
#1687=EDGE_CURVE('',#1363,#1364,#1214,.T.);
#1688=EDGE_CURVE('',#1364,#1365,#531,.T.);
#1689=EDGE_CURVE('',#1365,#1366,#1215,.T.);
#1690=EDGE_CURVE('',#1366,#1359,#532,.T.);
#1691=EDGE_CURVE('',#1367,#1368,#1216,.T.);
#1692=EDGE_CURVE('',#1368,#1369,#533,.T.);
#1693=EDGE_CURVE('',#1369,#1370,#1217,.T.);
#1694=EDGE_CURVE('',#1370,#1371,#534,.T.);
#1695=EDGE_CURVE('',#1371,#1372,#1218,.T.);
#1696=EDGE_CURVE('',#1372,#1373,#535,.T.);
#1697=EDGE_CURVE('',#1373,#1374,#1219,.T.);
#1698=EDGE_CURVE('',#1374,#1367,#536,.T.);
#1699=EDGE_CURVE('',#1375,#1376,#1220,.T.);
#1700=EDGE_CURVE('',#1376,#1377,#537,.T.);
#1701=EDGE_CURVE('',#1377,#1378,#1221,.T.);
#1702=EDGE_CURVE('',#1378,#1379,#538,.T.);
#1703=EDGE_CURVE('',#1379,#1380,#1222,.T.);
#1704=EDGE_CURVE('',#1380,#1381,#539,.T.);
#1705=EDGE_CURVE('',#1381,#1382,#1223,.T.);
#1706=EDGE_CURVE('',#1382,#1375,#540,.T.);
#1707=EDGE_CURVE('',#1383,#1384,#1224,.T.);
#1708=EDGE_CURVE('',#1384,#1385,#541,.T.);
#1709=EDGE_CURVE('',#1385,#1386,#1225,.T.);
#1710=EDGE_CURVE('',#1386,#1387,#542,.T.);
#1711=EDGE_CURVE('',#1387,#1388,#1226,.T.);
#1712=EDGE_CURVE('',#1388,#1389,#543,.T.);
#1713=EDGE_CURVE('',#1389,#1390,#1227,.T.);
#1714=EDGE_CURVE('',#1390,#1383,#544,.T.);
#1715=EDGE_CURVE('',#1391,#1392,#1228,.T.);
#1716=EDGE_CURVE('',#1392,#1393,#545,.T.);
#1717=EDGE_CURVE('',#1393,#1394,#1229,.T.);
#1718=EDGE_CURVE('',#1394,#1395,#546,.T.);
#1719=EDGE_CURVE('',#1395,#1396,#1230,.T.);
#1720=EDGE_CURVE('',#1396,#1397,#547,.T.);
#1721=EDGE_CURVE('',#1397,#1398,#1231,.T.);
#1722=EDGE_CURVE('',#1398,#1391,#548,.T.);
#1723=EDGE_CURVE('',#1399,#1400,#1232,.T.);
#1724=EDGE_CURVE('',#1400,#1401,#549,.T.);
#1725=EDGE_CURVE('',#1401,#1402,#1233,.T.);
#1726=EDGE_CURVE('',#1402,#1403,#550,.T.);
#1727=EDGE_CURVE('',#1403,#1404,#1234,.T.);
#1728=EDGE_CURVE('',#1404,#1405,#551,.T.);
#1729=EDGE_CURVE('',#1405,#1406,#1235,.T.);
#1730=EDGE_CURVE('',#1406,#1399,#552,.T.);
#1731=EDGE_CURVE('',#1407,#1408,#553,.T.);
#1732=EDGE_CURVE('',#1408,#1409,#554,.T.);
#1733=EDGE_CURVE('',#1409,#1410,#555,.T.);
#1734=EDGE_CURVE('',#1410,#1407,#556,.T.);
#1735=EDGE_CURVE('',#1343,#1411,#557,.T.);
#1736=EDGE_CURVE('',#1411,#1412,#1236,.F.);
#1737=EDGE_CURVE('',#1412,#1344,#558,.T.);
#1738=EDGE_CURVE('',#1413,#1412,#559,.T.);
#1739=EDGE_CURVE('',#1345,#1413,#560,.T.);
#1740=EDGE_CURVE('',#1411,#1337,#561,.T.);
#1741=EDGE_CURVE('',#1414,#1350,#562,.T.);
#1742=EDGE_CURVE('',#1342,#1414,#563,.T.);
#1743=EDGE_CURVE('',#1415,#1416,#1237,.T.);
#1744=EDGE_CURVE('',#1416,#1417,#564,.T.);
#1745=EDGE_CURVE('',#1417,#1418,#1238,.T.);
#1746=EDGE_CURVE('',#1418,#1415,#565,.T.);
#1747=EDGE_CURVE('',#1419,#1418,#566,.T.);
#1748=EDGE_CURVE('',#1420,#1419,#567,.T.);
#1749=EDGE_CURVE('',#1421,#1420,#568,.T.);
#1750=EDGE_CURVE('',#1421,#1422,#569,.T.);
#1751=EDGE_CURVE('',#1423,#1422,#1239,.T.);
#1752=EDGE_CURVE('',#1423,#1415,#570,.T.);
#1753=EDGE_CURVE('',#1424,#1417,#571,.T.);
#1754=EDGE_CURVE('',#1425,#1424,#1240,.T.);
#1755=EDGE_CURVE('',#1426,#1425,#572,.T.);
#1756=EDGE_CURVE('',#1419,#1426,#573,.T.);
#1757=EDGE_CURVE('',#1424,#1427,#574,.T.);
#1758=EDGE_CURVE('',#1427,#1428,#1241,.T.);
#1759=EDGE_CURVE('',#1428,#1425,#575,.T.);
#1760=EDGE_CURVE('',#1429,#1428,#576,.T.);
#1761=EDGE_CURVE('',#1430,#1429,#1242,.T.);
#1762=EDGE_CURVE('',#1431,#1430,#577,.T.);
#1763=EDGE_CURVE('',#1432,#1431,#578,.T.);
#1764=EDGE_CURVE('',#1432,#1426,#579,.T.);
#1765=EDGE_CURVE('',#1429,#1423,#580,.T.);
#1766=EDGE_CURVE('',#1416,#1427,#581,.T.);
#1767=EDGE_CURVE('',#1422,#1430,#582,.T.);
#1768=EDGE_CURVE('',#1431,#1421,#583,.T.);
#1769=EDGE_CURVE('',#1433,#1431,#584,.T.);
#1770=EDGE_CURVE('',#1433,#1434,#585,.T.);
#1771=EDGE_CURVE('',#1434,#1432,#586,.T.);
#1772=EDGE_CURVE('',#1420,#1435,#587,.T.);
#1773=EDGE_CURVE('',#1435,#1436,#588,.F.);
#1774=EDGE_CURVE('',#1421,#1436,#589,.T.);
#1775=EDGE_CURVE('',#1437,#1438,#1243,.T.);
#1776=EDGE_CURVE('',#1438,#1439,#590,.T.);
#1777=EDGE_CURVE('',#1439,#1440,#1244,.T.);
#1778=EDGE_CURVE('',#1440,#1437,#591,.T.);
#1779=EDGE_CURVE('',#1441,#1440,#592,.T.);
#1780=EDGE_CURVE('',#1434,#1441,#593,.T.);
#1781=EDGE_CURVE('',#1433,#1442,#594,.T.);
#1782=EDGE_CURVE('',#1443,#1442,#1245,.T.);
#1783=EDGE_CURVE('',#1443,#1437,#595,.T.);
#1784=EDGE_CURVE('',#1444,#1439,#596,.T.);
#1785=EDGE_CURVE('',#1445,#1444,#1246,.T.);
#1786=EDGE_CURVE('',#1446,#1445,#597,.T.);
#1787=EDGE_CURVE('',#1441,#1446,#598,.T.);
#1788=EDGE_CURVE('',#1444,#1447,#599,.T.);
#1789=EDGE_CURVE('',#1447,#1448,#1247,.T.);
#1790=EDGE_CURVE('',#1448,#1445,#600,.T.);
#1791=EDGE_CURVE('',#1449,#1448,#601,.T.);
#1792=EDGE_CURVE('',#1450,#1449,#1248,.T.);
#1793=EDGE_CURVE('',#1451,#1450,#602,.T.);
#1794=EDGE_CURVE('',#1452,#1451,#603,.T.);
#1795=EDGE_CURVE('',#1452,#1446,#604,.T.);
#1796=EDGE_CURVE('',#1449,#1443,#605,.T.);
#1797=EDGE_CURVE('',#1438,#1447,#606,.T.);
#1798=EDGE_CURVE('',#1442,#1450,#607,.T.);
#1799=EDGE_CURVE('',#1451,#1433,#608,.T.);
#1800=EDGE_CURVE('',#1453,#1451,#609,.T.);
#1801=EDGE_CURVE('',#1454,#1453,#610,.T.);
#1802=EDGE_CURVE('',#1454,#1452,#611,.T.);
#1803=EDGE_CURVE('',#1455,#1456,#1249,.T.);
#1804=EDGE_CURVE('',#1456,#1457,#612,.T.);
#1805=EDGE_CURVE('',#1457,#1458,#1250,.T.);
#1806=EDGE_CURVE('',#1458,#1455,#613,.T.);
#1807=EDGE_CURVE('',#1459,#1458,#614,.T.);
#1808=EDGE_CURVE('',#1460,#1459,#615,.T.);
#1809=EDGE_CURVE('',#1461,#1460,#616,.T.);
#1810=EDGE_CURVE('',#1461,#1462,#617,.T.);
#1811=EDGE_CURVE('',#1463,#1462,#1251,.T.);
#1812=EDGE_CURVE('',#1463,#1455,#618,.T.);
#1813=EDGE_CURVE('',#1464,#1457,#619,.T.);
#1814=EDGE_CURVE('',#1465,#1464,#1252,.T.);
#1815=EDGE_CURVE('',#1466,#1465,#620,.T.);
#1816=EDGE_CURVE('',#1459,#1466,#621,.T.);
#1817=EDGE_CURVE('',#1464,#1467,#622,.T.);
#1818=EDGE_CURVE('',#1467,#1468,#1253,.T.);
#1819=EDGE_CURVE('',#1468,#1465,#623,.T.);
#1820=EDGE_CURVE('',#1469,#1468,#624,.T.);
#1821=EDGE_CURVE('',#1470,#1469,#1254,.T.);
#1822=EDGE_CURVE('',#1471,#1470,#625,.T.);
#1823=EDGE_CURVE('',#1472,#1471,#626,.T.);
#1824=EDGE_CURVE('',#1472,#1466,#627,.T.);
#1825=EDGE_CURVE('',#1469,#1463,#628,.T.);
#1826=EDGE_CURVE('',#1456,#1467,#629,.T.);
#1827=EDGE_CURVE('',#1462,#1470,#630,.T.);
#1828=EDGE_CURVE('',#1471,#1461,#631,.T.);
#1829=EDGE_CURVE('',#1473,#1471,#632,.T.);
#1830=EDGE_CURVE('',#1473,#1474,#633,.T.);
#1831=EDGE_CURVE('',#1474,#1472,#634,.T.);
#1832=EDGE_CURVE('',#1460,#1475,#635,.T.);
#1833=EDGE_CURVE('',#1475,#1476,#636,.T.);
#1834=EDGE_CURVE('',#1461,#1476,#637,.T.);
#1835=EDGE_CURVE('',#1477,#1478,#1255,.T.);
#1836=EDGE_CURVE('',#1478,#1479,#638,.T.);
#1837=EDGE_CURVE('',#1479,#1480,#1256,.T.);
#1838=EDGE_CURVE('',#1480,#1477,#639,.T.);
#1839=EDGE_CURVE('',#1481,#1480,#640,.T.);
#1840=EDGE_CURVE('',#1474,#1481,#641,.T.);
#1841=EDGE_CURVE('',#1473,#1482,#642,.T.);
#1842=EDGE_CURVE('',#1483,#1482,#1257,.T.);
#1843=EDGE_CURVE('',#1483,#1477,#643,.T.);
#1844=EDGE_CURVE('',#1484,#1479,#644,.T.);
#1845=EDGE_CURVE('',#1485,#1484,#1258,.T.);
#1846=EDGE_CURVE('',#1486,#1485,#645,.T.);
#1847=EDGE_CURVE('',#1481,#1486,#646,.T.);
#1848=EDGE_CURVE('',#1484,#1487,#647,.T.);
#1849=EDGE_CURVE('',#1487,#1488,#1259,.T.);
#1850=EDGE_CURVE('',#1488,#1485,#648,.T.);
#1851=EDGE_CURVE('',#1489,#1488,#649,.T.);
#1852=EDGE_CURVE('',#1490,#1489,#1260,.T.);
#1853=EDGE_CURVE('',#1491,#1490,#650,.T.);
#1854=EDGE_CURVE('',#1492,#1491,#651,.T.);
#1855=EDGE_CURVE('',#1492,#1486,#652,.T.);
#1856=EDGE_CURVE('',#1489,#1483,#653,.T.);
#1857=EDGE_CURVE('',#1478,#1487,#654,.T.);
#1858=EDGE_CURVE('',#1482,#1490,#655,.T.);
#1859=EDGE_CURVE('',#1491,#1473,#656,.T.);
#1860=EDGE_CURVE('',#1493,#1491,#657,.T.);
#1861=EDGE_CURVE('',#1494,#1493,#658,.T.);
#1862=EDGE_CURVE('',#1494,#1492,#659,.T.);
#1863=EDGE_CURVE('',#1414,#1495,#660,.T.);
#1864=EDGE_CURVE('',#1496,#1414,#1261,.F.);
#1865=EDGE_CURVE('',#1495,#1496,#661,.T.);
#1866=EDGE_CURVE('',#1497,#1498,#662,.T.);
#1867=EDGE_CURVE('',#1499,#1497,#663,.T.);
#1868=EDGE_CURVE('',#1500,#1499,#664,.T.);
#1869=EDGE_CURVE('',#1500,#1501,#665,.T.);
#1870=EDGE_CURVE('',#1502,#1501,#666,.T.);
#1871=EDGE_CURVE('',#1503,#1502,#667,.T.);
#1872=EDGE_CURVE('',#1498,#1503,#1262,.T.);
#1873=EDGE_CURVE('',#1349,#1496,#668,.T.);
#1874=EDGE_CURVE('',#1413,#1504,#1263,.F.);
#1875=EDGE_CURVE('',#1504,#1346,#669,.T.);
#1876=EDGE_CURVE('',#1505,#1348,#670,.F.);
#1877=EDGE_CURVE('',#1496,#1505,#671,.T.);
#1878=EDGE_CURVE('',#1506,#1504,#672,.T.);
#1879=EDGE_CURVE('',#1347,#1506,#673,.F.);
#1880=EDGE_CURVE('',#1507,#1508,#1264,.T.);
#1881=EDGE_CURVE('',#1508,#1509,#674,.T.);
#1882=EDGE_CURVE('',#1509,#1510,#1265,.T.);
#1883=EDGE_CURVE('',#1510,#1507,#675,.T.);
#1884=EDGE_CURVE('',#1510,#1511,#676,.T.);
#1885=EDGE_CURVE('',#1511,#1512,#677,.T.);
#1886=EDGE_CURVE('',#1507,#1512,#678,.T.);
#1887=EDGE_CURVE('',#1509,#1513,#1266,.T.);
#1888=EDGE_CURVE('',#1513,#1514,#679,.T.);
#1889=EDGE_CURVE('',#1514,#1453,#1267,.T.);
#1890=EDGE_CURVE('',#1436,#1493,#680,.F.);
#1891=EDGE_CURVE('',#1476,#1515,#1268,.T.);
#1892=EDGE_CURVE('',#1515,#1516,#1269,.T.);
#1893=EDGE_CURVE('',#1516,#1517,#681,.T.);
#1894=EDGE_CURVE('',#1517,#1518,#1270,.T.);
#1895=EDGE_CURVE('',#1519,#1518,#1271,.T.);
#1896=EDGE_CURVE('',#1519,#1520,#682,.T.);
#1897=EDGE_CURVE('',#1520,#1500,#683,.T.);
#1898=EDGE_CURVE('',#1521,#1499,#684,.T.);
#1899=EDGE_CURVE('',#1522,#1521,#685,.T.);
#1900=EDGE_CURVE('',#1522,#1511,#686,.T.);
#1901=EDGE_CURVE('',#1523,#1524,#1272,.T.);
#1902=EDGE_CURVE('',#1524,#1525,#687,.T.);
#1903=EDGE_CURVE('',#1525,#1526,#1273,.T.);
#1904=EDGE_CURVE('',#1526,#1527,#688,.T.);
#1905=EDGE_CURVE('',#1527,#1528,#1274,.T.);
#1906=EDGE_CURVE('',#1528,#1529,#689,.T.);
#1907=EDGE_CURVE('',#1529,#1530,#1275,.T.);
#1908=EDGE_CURVE('',#1530,#1523,#690,.T.);
#1909=EDGE_CURVE('',#1531,#1532,#1276,.T.);
#1910=EDGE_CURVE('',#1532,#1533,#691,.T.);
#1911=EDGE_CURVE('',#1533,#1534,#1277,.T.);
#1912=EDGE_CURVE('',#1534,#1535,#692,.T.);
#1913=EDGE_CURVE('',#1535,#1536,#1278,.T.);
#1914=EDGE_CURVE('',#1536,#1537,#693,.T.);
#1915=EDGE_CURVE('',#1537,#1538,#1279,.T.);
#1916=EDGE_CURVE('',#1538,#1531,#694,.T.);
#1917=EDGE_CURVE('',#1539,#1540,#1280,.T.);
#1918=EDGE_CURVE('',#1540,#1541,#695,.T.);
#1919=EDGE_CURVE('',#1541,#1542,#1281,.T.);
#1920=EDGE_CURVE('',#1542,#1543,#696,.T.);
#1921=EDGE_CURVE('',#1543,#1544,#1282,.T.);
#1922=EDGE_CURVE('',#1544,#1545,#697,.T.);
#1923=EDGE_CURVE('',#1545,#1546,#1283,.T.);
#1924=EDGE_CURVE('',#1546,#1539,#698,.T.);
#1925=EDGE_CURVE('',#1547,#1548,#1284,.T.);
#1926=EDGE_CURVE('',#1548,#1549,#699,.T.);
#1927=EDGE_CURVE('',#1549,#1550,#1285,.T.);
#1928=EDGE_CURVE('',#1550,#1551,#700,.T.);
#1929=EDGE_CURVE('',#1551,#1552,#1286,.T.);
#1930=EDGE_CURVE('',#1552,#1553,#701,.T.);
#1931=EDGE_CURVE('',#1553,#1554,#1287,.T.);
#1932=EDGE_CURVE('',#1554,#1547,#702,.T.);
#1933=EDGE_CURVE('',#1555,#1556,#1288,.T.);
#1934=EDGE_CURVE('',#1556,#1557,#703,.T.);
#1935=EDGE_CURVE('',#1557,#1558,#1289,.T.);
#1936=EDGE_CURVE('',#1558,#1559,#704,.T.);
#1937=EDGE_CURVE('',#1559,#1560,#1290,.T.);
#1938=EDGE_CURVE('',#1560,#1561,#705,.T.);
#1939=EDGE_CURVE('',#1561,#1562,#1291,.T.);
#1940=EDGE_CURVE('',#1562,#1555,#706,.T.);
#1941=EDGE_CURVE('',#1563,#1564,#1292,.T.);
#1942=EDGE_CURVE('',#1564,#1565,#707,.T.);
#1943=EDGE_CURVE('',#1565,#1566,#1293,.T.);
#1944=EDGE_CURVE('',#1566,#1567,#708,.T.);
#1945=EDGE_CURVE('',#1567,#1568,#1294,.T.);
#1946=EDGE_CURVE('',#1568,#1569,#709,.T.);
#1947=EDGE_CURVE('',#1569,#1570,#1295,.T.);
#1948=EDGE_CURVE('',#1570,#1563,#710,.T.);
#1949=EDGE_CURVE('',#1571,#1572,#711,.T.);
#1950=EDGE_CURVE('',#1572,#1573,#712,.T.);
#1951=EDGE_CURVE('',#1573,#1574,#713,.T.);
#1952=EDGE_CURVE('',#1574,#1571,#714,.T.);
#1953=EDGE_CURVE('',#1575,#1576,#1296,.T.);
#1954=EDGE_CURVE('',#1576,#1519,#715,.T.);
#1955=EDGE_CURVE('',#1518,#1575,#716,.T.);
#1956=EDGE_CURVE('',#1577,#1576,#717,.T.);
#1957=EDGE_CURVE('',#1577,#1520,#718,.T.);
#1958=EDGE_CURVE('',#1508,#1578,#1297,.T.);
#1959=EDGE_CURVE('',#1513,#1578,#719,.T.);
#1960=EDGE_CURVE('',#1579,#1517,#720,.T.);
#1961=EDGE_CURVE('',#1579,#1575,#1298,.T.);
#1962=EDGE_CURVE('',#1580,#1581,#17,.T.);
#1963=EDGE_CURVE('',#1581,#1582,#721,.T.);
#1964=EDGE_CURVE('',#1582,#1583,#18,.F.);
#1965=EDGE_CURVE('',#1583,#1584,#19,.T.);
#1966=EDGE_CURVE('',#1584,#1580,#722,.T.);
#1967=EDGE_CURVE('',#1585,#1581,#1299,.T.);
#1968=EDGE_CURVE('',#1585,#1586,#723,.T.);
#1969=EDGE_CURVE('',#1582,#1586,#724,.T.);
#1970=EDGE_CURVE('',#1587,#1588,#725,.T.);
#1971=EDGE_CURVE('',#1589,#1587,#1300,.F.);
#1972=EDGE_CURVE('',#1589,#1590,#726,.T.);
#1973=EDGE_CURVE('',#1588,#1590,#1301,.T.);
#1974=EDGE_CURVE('',#1580,#1591,#727,.T.);
#1975=EDGE_CURVE('',#1498,#1591,#20,.T.);
#1976=EDGE_CURVE('',#1503,#1585,#728,.T.);
#1977=EDGE_CURVE('',#1592,#1593,#21,.T.);
#1978=EDGE_CURVE('',#1594,#1593,#22,.T.);
#1979=EDGE_CURVE('',#1594,#1595,#729,.T.);
#1980=EDGE_CURVE('',#1595,#1596,#23,.T.);
#1981=EDGE_CURVE('',#1596,#1592,#730,.T.);
#1982=EDGE_CURVE('',#1593,#1597,#731,.T.);
#1983=EDGE_CURVE('',#1592,#1598,#732,.T.);
#1984=EDGE_CURVE('',#1598,#1599,#1302,.F.);
#1985=EDGE_CURVE('',#1599,#1600,#733,.T.);
#1986=EDGE_CURVE('',#1600,#1597,#1303,.T.);
#1987=EDGE_CURVE('',#1601,#1596,#734,.T.);
#1988=EDGE_CURVE('',#1598,#1601,#735,.T.);
#1989=EDGE_CURVE('',#1602,#1594,#736,.T.);
#1990=EDGE_CURVE('',#1602,#1603,#737,.T.);
#1991=EDGE_CURVE('',#1595,#1603,#1304,.T.);
#1992=EDGE_CURVE('',#1603,#1604,#738,.T.);
#1993=EDGE_CURVE('',#1604,#1605,#1305,.T.);
#1994=EDGE_CURVE('',#1601,#1605,#24,.T.);
#1995=EDGE_CURVE('',#1606,#1607,#1306,.F.);
#1996=EDGE_CURVE('',#1497,#1606,#1307,.F.);
#1997=EDGE_CURVE('',#1607,#1497,#1308,.F.);
#1998=EDGE_CURVE('',#1606,#1608,#739,.T.);
#1999=EDGE_CURVE('',#1608,#1499,#25,.T.);
#2000=EDGE_CURVE('',#1609,#1598,#1309,.F.);
#2001=EDGE_CURVE('',#1599,#1609,#1310,.F.);
#2002=EDGE_CURVE('',#1605,#1609,#740,.T.);
#2003=EDGE_CURVE('',#1610,#1599,#741,.T.);
#2004=EDGE_CURVE('',#1609,#1521,#742,.T.);
#2005=EDGE_CURVE('',#1610,#1521,#26,.T.);
#2006=EDGE_CURVE('',#1591,#1607,#743,.T.);
#2007=EDGE_CURVE('',#1588,#1583,#744,.T.);
#2008=EDGE_CURVE('',#1590,#1606,#745,.T.);
#2009=EDGE_CURVE('',#1607,#1584,#746,.T.);
#2010=EDGE_CURVE('',#1608,#1589,#747,.T.);
#2011=EDGE_CURVE('',#1611,#1610,#748,.T.);
#2012=EDGE_CURVE('',#1600,#1611,#749,.T.);
#2013=EDGE_CURVE('',#1586,#1502,#750,.T.);
#2014=EDGE_CURVE('',#1611,#1612,#1311,.T.);
#2015=EDGE_CURVE('',#1587,#1612,#751,.T.);
#2016=EDGE_CURVE('',#1435,#1505,#752,.F.);
#2017=EDGE_CURVE('',#1613,#1454,#1312,.T.);
#2018=EDGE_CURVE('',#1578,#1613,#753,.T.);
#2019=EDGE_CURVE('',#1512,#1614,#754,.T.);
#2020=EDGE_CURVE('',#1614,#1615,#755,.T.);
#2021=EDGE_CURVE('',#1615,#1602,#756,.T.);
#2022=EDGE_CURVE('',#1597,#1612,#757,.T.);
#2023=EDGE_CURVE('',#1501,#1577,#758,.T.);
#2024=EDGE_CURVE('',#1616,#1579,#759,.T.);
#2025=EDGE_CURVE('',#1617,#1616,#1313,.T.);
#2026=EDGE_CURVE('',#1475,#1617,#1314,.T.);
#2027=EDGE_CURVE('',#1506,#1494,#760,.F.);
#2028=EDGE_CURVE('',#1615,#1604,#761,.T.);
#2029=EDGE_CURVE('',#1614,#1522,#762,.T.);
#2030=EDGE_CURVE('',#1616,#1516,#763,.T.);
#2031=EDGE_CURVE('',#1514,#1613,#764,.T.);
#2032=EDGE_CURVE('',#1352,#1618,#1315,.F.);
#2033=EDGE_CURVE('',#1618,#1619,#765,.T.);
#2034=EDGE_CURVE('',#1619,#1353,#1316,.F.);
#2035=EDGE_CURVE('',#1351,#1620,#766,.T.);
#2036=EDGE_CURVE('',#1621,#1620,#1317,.F.);
#2037=EDGE_CURVE('',#1621,#1622,#767,.T.);
#2038=EDGE_CURVE('',#1623,#1622,#1318,.F.);
#2039=EDGE_CURVE('',#1623,#1624,#768,.T.);
#2040=EDGE_CURVE('',#1624,#1625,#769,.T.);
#2041=EDGE_CURVE('',#1626,#1625,#1319,.F.);
#2042=EDGE_CURVE('',#1626,#1618,#770,.T.);
#2043=EDGE_CURVE('',#1619,#1627,#771,.T.);
#2044=EDGE_CURVE('',#1628,#1627,#1320,.F.);
#2045=EDGE_CURVE('',#1628,#1629,#772,.T.);
#2046=EDGE_CURVE('',#1629,#1630,#773,.T.);
#2047=EDGE_CURVE('',#1631,#1630,#1321,.F.);
#2048=EDGE_CURVE('',#1631,#1632,#774,.T.);
#2049=EDGE_CURVE('',#1633,#1632,#1322,.F.);
#2050=EDGE_CURVE('',#1633,#1354,#775,.T.);
#2051=EDGE_CURVE('',#1625,#1628,#776,.T.);
#2052=EDGE_CURVE('',#1629,#1624,#777,.T.);
#2053=EDGE_CURVE('',#1627,#1626,#778,.T.);
#2054=EDGE_CURVE('',#1622,#1631,#779,.T.);
#2055=EDGE_CURVE('',#1632,#1621,#780,.T.);
#2056=EDGE_CURVE('',#1620,#1633,#781,.T.);
#2057=EDGE_CURVE('',#1630,#1623,#782,.T.);
#2058=EDGE_CURVE('',#1356,#1634,#1323,.F.);
#2059=EDGE_CURVE('',#1634,#1635,#783,.T.);
#2060=EDGE_CURVE('',#1635,#1357,#1324,.F.);
#2061=EDGE_CURVE('',#1355,#1636,#784,.T.);
#2062=EDGE_CURVE('',#1637,#1636,#1325,.F.);
#2063=EDGE_CURVE('',#1637,#1638,#785,.T.);
#2064=EDGE_CURVE('',#1639,#1638,#1326,.F.);
#2065=EDGE_CURVE('',#1639,#1640,#786,.T.);
#2066=EDGE_CURVE('',#1640,#1641,#787,.T.);
#2067=EDGE_CURVE('',#1642,#1641,#1327,.F.);
#2068=EDGE_CURVE('',#1642,#1634,#788,.T.);
#2069=EDGE_CURVE('',#1635,#1643,#789,.T.);
#2070=EDGE_CURVE('',#1644,#1643,#1328,.F.);
#2071=EDGE_CURVE('',#1644,#1645,#790,.T.);
#2072=EDGE_CURVE('',#1645,#1646,#791,.T.);
#2073=EDGE_CURVE('',#1647,#1646,#1329,.F.);
#2074=EDGE_CURVE('',#1647,#1648,#792,.T.);
#2075=EDGE_CURVE('',#1649,#1648,#1330,.F.);
#2076=EDGE_CURVE('',#1649,#1358,#793,.T.);
#2077=EDGE_CURVE('',#1641,#1644,#794,.T.);
#2078=EDGE_CURVE('',#1645,#1640,#795,.T.);
#2079=EDGE_CURVE('',#1643,#1642,#796,.T.);
#2080=EDGE_CURVE('',#1638,#1647,#797,.T.);
#2081=EDGE_CURVE('',#1648,#1637,#798,.T.);
#2082=EDGE_CURVE('',#1636,#1649,#799,.T.);
#2083=EDGE_CURVE('',#1646,#1639,#800,.T.);
#2084=EDGE_CURVE('',#1523,#1360,#801,.T.);
#2085=EDGE_CURVE('',#1361,#1530,#802,.T.);
#2086=EDGE_CURVE('',#1362,#1529,#803,.T.);
#2087=EDGE_CURVE('',#1363,#1528,#804,.T.);
#2088=EDGE_CURVE('',#1364,#1527,#805,.T.);
#2089=EDGE_CURVE('',#1365,#1526,#806,.T.);
#2090=EDGE_CURVE('',#1366,#1525,#807,.T.);
#2091=EDGE_CURVE('',#1359,#1524,#808,.T.);
#2092=EDGE_CURVE('',#1531,#1368,#809,.T.);
#2093=EDGE_CURVE('',#1369,#1538,#810,.T.);
#2094=EDGE_CURVE('',#1370,#1537,#811,.T.);
#2095=EDGE_CURVE('',#1371,#1536,#812,.T.);
#2096=EDGE_CURVE('',#1372,#1535,#813,.T.);
#2097=EDGE_CURVE('',#1373,#1534,#814,.T.);
#2098=EDGE_CURVE('',#1374,#1533,#815,.T.);
#2099=EDGE_CURVE('',#1367,#1532,#816,.T.);
#2100=EDGE_CURVE('',#1539,#1376,#817,.T.);
#2101=EDGE_CURVE('',#1377,#1546,#818,.T.);
#2102=EDGE_CURVE('',#1378,#1545,#819,.T.);
#2103=EDGE_CURVE('',#1379,#1544,#820,.T.);
#2104=EDGE_CURVE('',#1380,#1543,#821,.T.);
#2105=EDGE_CURVE('',#1381,#1542,#822,.T.);
#2106=EDGE_CURVE('',#1382,#1541,#823,.T.);
#2107=EDGE_CURVE('',#1375,#1540,#824,.T.);
#2108=EDGE_CURVE('',#1547,#1384,#825,.T.);
#2109=EDGE_CURVE('',#1385,#1554,#826,.T.);
#2110=EDGE_CURVE('',#1386,#1553,#827,.T.);
#2111=EDGE_CURVE('',#1387,#1552,#828,.T.);
#2112=EDGE_CURVE('',#1388,#1551,#829,.T.);
#2113=EDGE_CURVE('',#1389,#1550,#830,.T.);
#2114=EDGE_CURVE('',#1390,#1549,#831,.T.);
#2115=EDGE_CURVE('',#1383,#1548,#832,.T.);
#2116=EDGE_CURVE('',#1555,#1392,#833,.T.);
#2117=EDGE_CURVE('',#1393,#1562,#834,.T.);
#2118=EDGE_CURVE('',#1394,#1561,#835,.T.);
#2119=EDGE_CURVE('',#1395,#1560,#836,.T.);
#2120=EDGE_CURVE('',#1396,#1559,#837,.T.);
#2121=EDGE_CURVE('',#1397,#1558,#838,.T.);
#2122=EDGE_CURVE('',#1398,#1557,#839,.T.);
#2123=EDGE_CURVE('',#1391,#1556,#840,.T.);
#2124=EDGE_CURVE('',#1563,#1400,#841,.T.);
#2125=EDGE_CURVE('',#1401,#1570,#842,.T.);
#2126=EDGE_CURVE('',#1402,#1569,#843,.T.);
#2127=EDGE_CURVE('',#1403,#1568,#844,.T.);
#2128=EDGE_CURVE('',#1404,#1567,#845,.T.);
#2129=EDGE_CURVE('',#1405,#1566,#846,.T.);
#2130=EDGE_CURVE('',#1406,#1565,#847,.T.);
#2131=EDGE_CURVE('',#1399,#1564,#848,.T.);
#2132=EDGE_CURVE('',#1571,#1408,#849,.T.);
#2133=EDGE_CURVE('',#1409,#1574,#850,.T.);
#2134=EDGE_CURVE('',#1410,#1573,#851,.T.);
#2135=EDGE_CURVE('',#1407,#1572,#852,.T.);
#2136=EDGE_CURVE('',#1617,#1515,#853,.T.);
#2137=ORIENTED_EDGE('',*,*,#1650,.F.);
#2138=ORIENTED_EDGE('',*,*,#1651,.T.);
#2139=ORIENTED_EDGE('',*,*,#1652,.T.);
#2140=ORIENTED_EDGE('',*,*,#1653,.T.);
#2141=ORIENTED_EDGE('',*,*,#1653,.F.);
#2142=ORIENTED_EDGE('',*,*,#1654,.F.);
#2143=ORIENTED_EDGE('',*,*,#1655,.F.);
#2144=ORIENTED_EDGE('',*,*,#1656,.T.);
#2145=ORIENTED_EDGE('',*,*,#1657,.F.);
#2146=ORIENTED_EDGE('',*,*,#1658,.T.);
#2147=ORIENTED_EDGE('',*,*,#1659,.T.);
#2148=ORIENTED_EDGE('',*,*,#1660,.T.);
#2149=ORIENTED_EDGE('',*,*,#1651,.F.);
#2150=ORIENTED_EDGE('',*,*,#1661,.F.);
#2151=ORIENTED_EDGE('',*,*,#1660,.F.);
#2152=ORIENTED_EDGE('',*,*,#1662,.F.);
#2153=ORIENTED_EDGE('',*,*,#1663,.T.);
#2154=ORIENTED_EDGE('',*,*,#1664,.T.);
#2155=ORIENTED_EDGE('',*,*,#1665,.T.);
#2156=ORIENTED_EDGE('',*,*,#1655,.T.);
#2157=ORIENTED_EDGE('',*,*,#1663,.F.);
#2158=ORIENTED_EDGE('',*,*,#1654,.T.);
#2159=ORIENTED_EDGE('',*,*,#1652,.F.);
#2160=ORIENTED_EDGE('',*,*,#1662,.T.);
#2161=ORIENTED_EDGE('',*,*,#1659,.F.);
#2162=ORIENTED_EDGE('',*,*,#1666,.T.);
#2163=ORIENTED_EDGE('',*,*,#1667,.F.);
#2164=ORIENTED_EDGE('',*,*,#1668,.T.);
#2165=ORIENTED_EDGE('',*,*,#1669,.F.);
#2166=ORIENTED_EDGE('',*,*,#1670,.T.);
#2167=ORIENTED_EDGE('',*,*,#1671,.T.);
#2168=ORIENTED_EDGE('',*,*,#1672,.T.);
#2169=ORIENTED_EDGE('',*,*,#1673,.F.);
#2170=ORIENTED_EDGE('',*,*,#1674,.T.);
#2171=ORIENTED_EDGE('',*,*,#1675,.T.);
#2172=ORIENTED_EDGE('',*,*,#1676,.T.);
#2173=ORIENTED_EDGE('',*,*,#1677,.T.);
#2174=ORIENTED_EDGE('',*,*,#1678,.T.);
#2175=ORIENTED_EDGE('',*,*,#1679,.T.);
#2176=ORIENTED_EDGE('',*,*,#1680,.T.);
#2177=ORIENTED_EDGE('',*,*,#1681,.T.);
#2178=ORIENTED_EDGE('',*,*,#1682,.T.);
#2179=ORIENTED_EDGE('',*,*,#1683,.T.);
#2180=ORIENTED_EDGE('',*,*,#1684,.T.);
#2181=ORIENTED_EDGE('',*,*,#1685,.T.);
#2182=ORIENTED_EDGE('',*,*,#1686,.T.);
#2183=ORIENTED_EDGE('',*,*,#1687,.T.);
#2184=ORIENTED_EDGE('',*,*,#1688,.T.);
#2185=ORIENTED_EDGE('',*,*,#1689,.T.);
#2186=ORIENTED_EDGE('',*,*,#1690,.T.);
#2187=ORIENTED_EDGE('',*,*,#1691,.T.);
#2188=ORIENTED_EDGE('',*,*,#1692,.T.);
#2189=ORIENTED_EDGE('',*,*,#1693,.T.);
#2190=ORIENTED_EDGE('',*,*,#1694,.T.);
#2191=ORIENTED_EDGE('',*,*,#1695,.T.);
#2192=ORIENTED_EDGE('',*,*,#1696,.T.);
#2193=ORIENTED_EDGE('',*,*,#1697,.T.);
#2194=ORIENTED_EDGE('',*,*,#1698,.T.);
#2195=ORIENTED_EDGE('',*,*,#1699,.T.);
#2196=ORIENTED_EDGE('',*,*,#1700,.T.);
#2197=ORIENTED_EDGE('',*,*,#1701,.T.);
#2198=ORIENTED_EDGE('',*,*,#1702,.T.);
#2199=ORIENTED_EDGE('',*,*,#1703,.T.);
#2200=ORIENTED_EDGE('',*,*,#1704,.T.);
#2201=ORIENTED_EDGE('',*,*,#1705,.T.);
#2202=ORIENTED_EDGE('',*,*,#1706,.T.);
#2203=ORIENTED_EDGE('',*,*,#1707,.T.);
#2204=ORIENTED_EDGE('',*,*,#1708,.T.);
#2205=ORIENTED_EDGE('',*,*,#1709,.T.);
#2206=ORIENTED_EDGE('',*,*,#1710,.T.);
#2207=ORIENTED_EDGE('',*,*,#1711,.T.);
#2208=ORIENTED_EDGE('',*,*,#1712,.T.);
#2209=ORIENTED_EDGE('',*,*,#1713,.T.);
#2210=ORIENTED_EDGE('',*,*,#1714,.T.);
#2211=ORIENTED_EDGE('',*,*,#1715,.T.);
#2212=ORIENTED_EDGE('',*,*,#1716,.T.);
#2213=ORIENTED_EDGE('',*,*,#1717,.T.);
#2214=ORIENTED_EDGE('',*,*,#1718,.T.);
#2215=ORIENTED_EDGE('',*,*,#1719,.T.);
#2216=ORIENTED_EDGE('',*,*,#1720,.T.);
#2217=ORIENTED_EDGE('',*,*,#1721,.T.);
#2218=ORIENTED_EDGE('',*,*,#1722,.T.);
#2219=ORIENTED_EDGE('',*,*,#1723,.T.);
#2220=ORIENTED_EDGE('',*,*,#1724,.T.);
#2221=ORIENTED_EDGE('',*,*,#1725,.T.);
#2222=ORIENTED_EDGE('',*,*,#1726,.T.);
#2223=ORIENTED_EDGE('',*,*,#1727,.T.);
#2224=ORIENTED_EDGE('',*,*,#1728,.T.);
#2225=ORIENTED_EDGE('',*,*,#1729,.T.);
#2226=ORIENTED_EDGE('',*,*,#1730,.T.);
#2227=ORIENTED_EDGE('',*,*,#1731,.T.);
#2228=ORIENTED_EDGE('',*,*,#1732,.T.);
#2229=ORIENTED_EDGE('',*,*,#1733,.T.);
#2230=ORIENTED_EDGE('',*,*,#1734,.T.);
#2231=ORIENTED_EDGE('',*,*,#1667,.T.);
#2232=ORIENTED_EDGE('',*,*,#1735,.T.);
#2233=ORIENTED_EDGE('',*,*,#1736,.T.);
#2234=ORIENTED_EDGE('',*,*,#1737,.T.);
#2235=ORIENTED_EDGE('',*,*,#1737,.F.);
#2236=ORIENTED_EDGE('',*,*,#1738,.F.);
#2237=ORIENTED_EDGE('',*,*,#1739,.F.);
#2238=ORIENTED_EDGE('',*,*,#1668,.F.);
#2239=ORIENTED_EDGE('',*,*,#1658,.F.);
#2240=ORIENTED_EDGE('',*,*,#1740,.F.);
#2241=ORIENTED_EDGE('',*,*,#1735,.F.);
#2242=ORIENTED_EDGE('',*,*,#1666,.F.);
#2243=ORIENTED_EDGE('',*,*,#1664,.F.);
#2244=ORIENTED_EDGE('',*,*,#1674,.F.);
#2245=ORIENTED_EDGE('',*,*,#1741,.F.);
#2246=ORIENTED_EDGE('',*,*,#1742,.F.);
#2247=ORIENTED_EDGE('',*,*,#1743,.T.);
#2248=ORIENTED_EDGE('',*,*,#1744,.T.);
#2249=ORIENTED_EDGE('',*,*,#1745,.T.);
#2250=ORIENTED_EDGE('',*,*,#1746,.T.);
#2251=ORIENTED_EDGE('',*,*,#1746,.F.);
#2252=ORIENTED_EDGE('',*,*,#1747,.F.);
#2253=ORIENTED_EDGE('',*,*,#1748,.F.);
#2254=ORIENTED_EDGE('',*,*,#1749,.F.);
#2255=ORIENTED_EDGE('',*,*,#1750,.T.);
#2256=ORIENTED_EDGE('',*,*,#1751,.F.);
#2257=ORIENTED_EDGE('',*,*,#1752,.T.);
#2258=ORIENTED_EDGE('',*,*,#1745,.F.);
#2259=ORIENTED_EDGE('',*,*,#1753,.F.);
#2260=ORIENTED_EDGE('',*,*,#1754,.F.);
#2261=ORIENTED_EDGE('',*,*,#1755,.F.);
#2262=ORIENTED_EDGE('',*,*,#1756,.F.);
#2263=ORIENTED_EDGE('',*,*,#1747,.T.);
#2264=ORIENTED_EDGE('',*,*,#1754,.T.);
#2265=ORIENTED_EDGE('',*,*,#1757,.T.);
#2266=ORIENTED_EDGE('',*,*,#1758,.T.);
#2267=ORIENTED_EDGE('',*,*,#1759,.T.);
#2268=ORIENTED_EDGE('',*,*,#1759,.F.);
#2269=ORIENTED_EDGE('',*,*,#1760,.F.);
#2270=ORIENTED_EDGE('',*,*,#1761,.F.);
#2271=ORIENTED_EDGE('',*,*,#1762,.F.);
#2272=ORIENTED_EDGE('',*,*,#1763,.F.);
#2273=ORIENTED_EDGE('',*,*,#1764,.T.);
#2274=ORIENTED_EDGE('',*,*,#1755,.T.);
#2275=ORIENTED_EDGE('',*,*,#1743,.F.);
#2276=ORIENTED_EDGE('',*,*,#1752,.F.);
#2277=ORIENTED_EDGE('',*,*,#1765,.F.);
#2278=ORIENTED_EDGE('',*,*,#1760,.T.);
#2279=ORIENTED_EDGE('',*,*,#1758,.F.);
#2280=ORIENTED_EDGE('',*,*,#1766,.F.);
#2281=ORIENTED_EDGE('',*,*,#1761,.T.);
#2282=ORIENTED_EDGE('',*,*,#1765,.T.);
#2283=ORIENTED_EDGE('',*,*,#1751,.T.);
#2284=ORIENTED_EDGE('',*,*,#1767,.T.);
#2285=ORIENTED_EDGE('',*,*,#1744,.F.);
#2286=ORIENTED_EDGE('',*,*,#1766,.T.);
#2287=ORIENTED_EDGE('',*,*,#1757,.F.);
#2288=ORIENTED_EDGE('',*,*,#1753,.T.);
#2289=ORIENTED_EDGE('',*,*,#1767,.F.);
#2290=ORIENTED_EDGE('',*,*,#1750,.F.);
#2291=ORIENTED_EDGE('',*,*,#1768,.F.);
#2292=ORIENTED_EDGE('',*,*,#1762,.T.);
#2293=ORIENTED_EDGE('',*,*,#1763,.T.);
#2294=ORIENTED_EDGE('',*,*,#1769,.F.);
#2295=ORIENTED_EDGE('',*,*,#1770,.T.);
#2296=ORIENTED_EDGE('',*,*,#1771,.T.);
#2297=ORIENTED_EDGE('',*,*,#1749,.T.);
#2298=ORIENTED_EDGE('',*,*,#1772,.T.);
#2299=ORIENTED_EDGE('',*,*,#1773,.T.);
#2300=ORIENTED_EDGE('',*,*,#1774,.F.);
#2301=ORIENTED_EDGE('',*,*,#1775,.T.);
#2302=ORIENTED_EDGE('',*,*,#1776,.T.);
#2303=ORIENTED_EDGE('',*,*,#1777,.T.);
#2304=ORIENTED_EDGE('',*,*,#1778,.T.);
#2305=ORIENTED_EDGE('',*,*,#1778,.F.);
#2306=ORIENTED_EDGE('',*,*,#1779,.F.);
#2307=ORIENTED_EDGE('',*,*,#1780,.F.);
#2308=ORIENTED_EDGE('',*,*,#1770,.F.);
#2309=ORIENTED_EDGE('',*,*,#1781,.T.);
#2310=ORIENTED_EDGE('',*,*,#1782,.F.);
#2311=ORIENTED_EDGE('',*,*,#1783,.T.);
#2312=ORIENTED_EDGE('',*,*,#1777,.F.);
#2313=ORIENTED_EDGE('',*,*,#1784,.F.);
#2314=ORIENTED_EDGE('',*,*,#1785,.F.);
#2315=ORIENTED_EDGE('',*,*,#1786,.F.);
#2316=ORIENTED_EDGE('',*,*,#1787,.F.);
#2317=ORIENTED_EDGE('',*,*,#1779,.T.);
#2318=ORIENTED_EDGE('',*,*,#1785,.T.);
#2319=ORIENTED_EDGE('',*,*,#1788,.T.);
#2320=ORIENTED_EDGE('',*,*,#1789,.T.);
#2321=ORIENTED_EDGE('',*,*,#1790,.T.);
#2322=ORIENTED_EDGE('',*,*,#1790,.F.);
#2323=ORIENTED_EDGE('',*,*,#1791,.F.);
#2324=ORIENTED_EDGE('',*,*,#1792,.F.);
#2325=ORIENTED_EDGE('',*,*,#1793,.F.);
#2326=ORIENTED_EDGE('',*,*,#1794,.F.);
#2327=ORIENTED_EDGE('',*,*,#1795,.T.);
#2328=ORIENTED_EDGE('',*,*,#1786,.T.);
#2329=ORIENTED_EDGE('',*,*,#1775,.F.);
#2330=ORIENTED_EDGE('',*,*,#1783,.F.);
#2331=ORIENTED_EDGE('',*,*,#1796,.F.);
#2332=ORIENTED_EDGE('',*,*,#1791,.T.);
#2333=ORIENTED_EDGE('',*,*,#1789,.F.);
#2334=ORIENTED_EDGE('',*,*,#1797,.F.);
#2335=ORIENTED_EDGE('',*,*,#1792,.T.);
#2336=ORIENTED_EDGE('',*,*,#1796,.T.);
#2337=ORIENTED_EDGE('',*,*,#1782,.T.);
#2338=ORIENTED_EDGE('',*,*,#1798,.T.);
#2339=ORIENTED_EDGE('',*,*,#1776,.F.);
#2340=ORIENTED_EDGE('',*,*,#1797,.T.);
#2341=ORIENTED_EDGE('',*,*,#1788,.F.);
#2342=ORIENTED_EDGE('',*,*,#1784,.T.);
#2343=ORIENTED_EDGE('',*,*,#1798,.F.);
#2344=ORIENTED_EDGE('',*,*,#1781,.F.);
#2345=ORIENTED_EDGE('',*,*,#1799,.F.);
#2346=ORIENTED_EDGE('',*,*,#1793,.T.);
#2347=ORIENTED_EDGE('',*,*,#1794,.T.);
#2348=ORIENTED_EDGE('',*,*,#1800,.F.);
#2349=ORIENTED_EDGE('',*,*,#1801,.F.);
#2350=ORIENTED_EDGE('',*,*,#1802,.T.);
#2351=ORIENTED_EDGE('',*,*,#1803,.T.);
#2352=ORIENTED_EDGE('',*,*,#1804,.T.);
#2353=ORIENTED_EDGE('',*,*,#1805,.T.);
#2354=ORIENTED_EDGE('',*,*,#1806,.T.);
#2355=ORIENTED_EDGE('',*,*,#1806,.F.);
#2356=ORIENTED_EDGE('',*,*,#1807,.F.);
#2357=ORIENTED_EDGE('',*,*,#1808,.F.);
#2358=ORIENTED_EDGE('',*,*,#1809,.F.);
#2359=ORIENTED_EDGE('',*,*,#1810,.T.);
#2360=ORIENTED_EDGE('',*,*,#1811,.F.);
#2361=ORIENTED_EDGE('',*,*,#1812,.T.);
#2362=ORIENTED_EDGE('',*,*,#1805,.F.);
#2363=ORIENTED_EDGE('',*,*,#1813,.F.);
#2364=ORIENTED_EDGE('',*,*,#1814,.F.);
#2365=ORIENTED_EDGE('',*,*,#1815,.F.);
#2366=ORIENTED_EDGE('',*,*,#1816,.F.);
#2367=ORIENTED_EDGE('',*,*,#1807,.T.);
#2368=ORIENTED_EDGE('',*,*,#1814,.T.);
#2369=ORIENTED_EDGE('',*,*,#1817,.T.);
#2370=ORIENTED_EDGE('',*,*,#1818,.T.);
#2371=ORIENTED_EDGE('',*,*,#1819,.T.);
#2372=ORIENTED_EDGE('',*,*,#1819,.F.);
#2373=ORIENTED_EDGE('',*,*,#1820,.F.);
#2374=ORIENTED_EDGE('',*,*,#1821,.F.);
#2375=ORIENTED_EDGE('',*,*,#1822,.F.);
#2376=ORIENTED_EDGE('',*,*,#1823,.F.);
#2377=ORIENTED_EDGE('',*,*,#1824,.T.);
#2378=ORIENTED_EDGE('',*,*,#1815,.T.);
#2379=ORIENTED_EDGE('',*,*,#1803,.F.);
#2380=ORIENTED_EDGE('',*,*,#1812,.F.);
#2381=ORIENTED_EDGE('',*,*,#1825,.F.);
#2382=ORIENTED_EDGE('',*,*,#1820,.T.);
#2383=ORIENTED_EDGE('',*,*,#1818,.F.);
#2384=ORIENTED_EDGE('',*,*,#1826,.F.);
#2385=ORIENTED_EDGE('',*,*,#1821,.T.);
#2386=ORIENTED_EDGE('',*,*,#1825,.T.);
#2387=ORIENTED_EDGE('',*,*,#1811,.T.);
#2388=ORIENTED_EDGE('',*,*,#1827,.T.);
#2389=ORIENTED_EDGE('',*,*,#1804,.F.);
#2390=ORIENTED_EDGE('',*,*,#1826,.T.);
#2391=ORIENTED_EDGE('',*,*,#1817,.F.);
#2392=ORIENTED_EDGE('',*,*,#1813,.T.);
#2393=ORIENTED_EDGE('',*,*,#1827,.F.);
#2394=ORIENTED_EDGE('',*,*,#1810,.F.);
#2395=ORIENTED_EDGE('',*,*,#1828,.F.);
#2396=ORIENTED_EDGE('',*,*,#1822,.T.);
#2397=ORIENTED_EDGE('',*,*,#1823,.T.);
#2398=ORIENTED_EDGE('',*,*,#1829,.F.);
#2399=ORIENTED_EDGE('',*,*,#1830,.T.);
#2400=ORIENTED_EDGE('',*,*,#1831,.T.);
#2401=ORIENTED_EDGE('',*,*,#1809,.T.);
#2402=ORIENTED_EDGE('',*,*,#1832,.T.);
#2403=ORIENTED_EDGE('',*,*,#1833,.T.);
#2404=ORIENTED_EDGE('',*,*,#1834,.F.);
#2405=ORIENTED_EDGE('',*,*,#1835,.T.);
#2406=ORIENTED_EDGE('',*,*,#1836,.T.);
#2407=ORIENTED_EDGE('',*,*,#1837,.T.);
#2408=ORIENTED_EDGE('',*,*,#1838,.T.);
#2409=ORIENTED_EDGE('',*,*,#1838,.F.);
#2410=ORIENTED_EDGE('',*,*,#1839,.F.);
#2411=ORIENTED_EDGE('',*,*,#1840,.F.);
#2412=ORIENTED_EDGE('',*,*,#1830,.F.);
#2413=ORIENTED_EDGE('',*,*,#1841,.T.);
#2414=ORIENTED_EDGE('',*,*,#1842,.F.);
#2415=ORIENTED_EDGE('',*,*,#1843,.T.);
#2416=ORIENTED_EDGE('',*,*,#1837,.F.);
#2417=ORIENTED_EDGE('',*,*,#1844,.F.);
#2418=ORIENTED_EDGE('',*,*,#1845,.F.);
#2419=ORIENTED_EDGE('',*,*,#1846,.F.);
#2420=ORIENTED_EDGE('',*,*,#1847,.F.);
#2421=ORIENTED_EDGE('',*,*,#1839,.T.);
#2422=ORIENTED_EDGE('',*,*,#1845,.T.);
#2423=ORIENTED_EDGE('',*,*,#1848,.T.);
#2424=ORIENTED_EDGE('',*,*,#1849,.T.);
#2425=ORIENTED_EDGE('',*,*,#1850,.T.);
#2426=ORIENTED_EDGE('',*,*,#1850,.F.);
#2427=ORIENTED_EDGE('',*,*,#1851,.F.);
#2428=ORIENTED_EDGE('',*,*,#1852,.F.);
#2429=ORIENTED_EDGE('',*,*,#1853,.F.);
#2430=ORIENTED_EDGE('',*,*,#1854,.F.);
#2431=ORIENTED_EDGE('',*,*,#1855,.T.);
#2432=ORIENTED_EDGE('',*,*,#1846,.T.);
#2433=ORIENTED_EDGE('',*,*,#1835,.F.);
#2434=ORIENTED_EDGE('',*,*,#1843,.F.);
#2435=ORIENTED_EDGE('',*,*,#1856,.F.);
#2436=ORIENTED_EDGE('',*,*,#1851,.T.);
#2437=ORIENTED_EDGE('',*,*,#1849,.F.);
#2438=ORIENTED_EDGE('',*,*,#1857,.F.);
#2439=ORIENTED_EDGE('',*,*,#1852,.T.);
#2440=ORIENTED_EDGE('',*,*,#1856,.T.);
#2441=ORIENTED_EDGE('',*,*,#1842,.T.);
#2442=ORIENTED_EDGE('',*,*,#1858,.T.);
#2443=ORIENTED_EDGE('',*,*,#1836,.F.);
#2444=ORIENTED_EDGE('',*,*,#1857,.T.);
#2445=ORIENTED_EDGE('',*,*,#1848,.F.);
#2446=ORIENTED_EDGE('',*,*,#1844,.T.);
#2447=ORIENTED_EDGE('',*,*,#1858,.F.);
#2448=ORIENTED_EDGE('',*,*,#1841,.F.);
#2449=ORIENTED_EDGE('',*,*,#1859,.F.);
#2450=ORIENTED_EDGE('',*,*,#1853,.T.);
#2451=ORIENTED_EDGE('',*,*,#1854,.T.);
#2452=ORIENTED_EDGE('',*,*,#1860,.F.);
#2453=ORIENTED_EDGE('',*,*,#1861,.F.);
#2454=ORIENTED_EDGE('',*,*,#1862,.T.);
#2455=ORIENTED_EDGE('',*,*,#1863,.F.);
#2456=ORIENTED_EDGE('',*,*,#1864,.F.);
#2457=ORIENTED_EDGE('',*,*,#1865,.F.);
#2458=ORIENTED_EDGE('',*,*,#1866,.F.);
#2459=ORIENTED_EDGE('',*,*,#1867,.F.);
#2460=ORIENTED_EDGE('',*,*,#1868,.F.);
#2461=ORIENTED_EDGE('',*,*,#1869,.T.);
#2462=ORIENTED_EDGE('',*,*,#1870,.F.);
#2463=ORIENTED_EDGE('',*,*,#1871,.F.);
#2464=ORIENTED_EDGE('',*,*,#1872,.F.);
#2465=ORIENTED_EDGE('',*,*,#1673,.T.);
#2466=ORIENTED_EDGE('',*,*,#1873,.T.);
#2467=ORIENTED_EDGE('',*,*,#1864,.T.);
#2468=ORIENTED_EDGE('',*,*,#1741,.T.);
#2469=ORIENTED_EDGE('',*,*,#1669,.T.);
#2470=ORIENTED_EDGE('',*,*,#1739,.T.);
#2471=ORIENTED_EDGE('',*,*,#1874,.T.);
#2472=ORIENTED_EDGE('',*,*,#1875,.T.);
#2473=ORIENTED_EDGE('',*,*,#1873,.F.);
#2474=ORIENTED_EDGE('',*,*,#1672,.F.);
#2475=ORIENTED_EDGE('',*,*,#1876,.F.);
#2476=ORIENTED_EDGE('',*,*,#1877,.F.);
#2477=ORIENTED_EDGE('',*,*,#1875,.F.);
#2478=ORIENTED_EDGE('',*,*,#1878,.F.);
#2479=ORIENTED_EDGE('',*,*,#1879,.F.);
#2480=ORIENTED_EDGE('',*,*,#1670,.F.);
#2481=ORIENTED_EDGE('',*,*,#1880,.T.);
#2482=ORIENTED_EDGE('',*,*,#1881,.T.);
#2483=ORIENTED_EDGE('',*,*,#1882,.T.);
#2484=ORIENTED_EDGE('',*,*,#1883,.T.);
#2485=ORIENTED_EDGE('',*,*,#1883,.F.);
#2486=ORIENTED_EDGE('',*,*,#1884,.T.);
#2487=ORIENTED_EDGE('',*,*,#1885,.T.);
#2488=ORIENTED_EDGE('',*,*,#1886,.F.);
#2489=ORIENTED_EDGE('',*,*,#1882,.F.);
#2490=ORIENTED_EDGE('',*,*,#1887,.T.);
#2491=ORIENTED_EDGE('',*,*,#1888,.T.);
#2492=ORIENTED_EDGE('',*,*,#1889,.T.);
#2493=ORIENTED_EDGE('',*,*,#1800,.T.);
#2494=ORIENTED_EDGE('',*,*,#1799,.T.);
#2495=ORIENTED_EDGE('',*,*,#1769,.T.);
#2496=ORIENTED_EDGE('',*,*,#1768,.T.);
#2497=ORIENTED_EDGE('',*,*,#1774,.T.);
#2498=ORIENTED_EDGE('',*,*,#1890,.T.);
#2499=ORIENTED_EDGE('',*,*,#1860,.T.);
#2500=ORIENTED_EDGE('',*,*,#1859,.T.);
#2501=ORIENTED_EDGE('',*,*,#1829,.T.);
#2502=ORIENTED_EDGE('',*,*,#1828,.T.);
#2503=ORIENTED_EDGE('',*,*,#1834,.T.);
#2504=ORIENTED_EDGE('',*,*,#1891,.T.);
#2505=ORIENTED_EDGE('',*,*,#1892,.T.);
#2506=ORIENTED_EDGE('',*,*,#1893,.T.);
#2507=ORIENTED_EDGE('',*,*,#1894,.T.);
#2508=ORIENTED_EDGE('',*,*,#1895,.F.);
#2509=ORIENTED_EDGE('',*,*,#1896,.T.);
#2510=ORIENTED_EDGE('',*,*,#1897,.T.);
#2511=ORIENTED_EDGE('',*,*,#1868,.T.);
#2512=ORIENTED_EDGE('',*,*,#1898,.F.);
#2513=ORIENTED_EDGE('',*,*,#1899,.F.);
#2514=ORIENTED_EDGE('',*,*,#1900,.T.);
#2515=ORIENTED_EDGE('',*,*,#1884,.F.);
#2516=ORIENTED_EDGE('',*,*,#1901,.T.);
#2517=ORIENTED_EDGE('',*,*,#1902,.T.);
#2518=ORIENTED_EDGE('',*,*,#1903,.T.);
#2519=ORIENTED_EDGE('',*,*,#1904,.T.);
#2520=ORIENTED_EDGE('',*,*,#1905,.T.);
#2521=ORIENTED_EDGE('',*,*,#1906,.T.);
#2522=ORIENTED_EDGE('',*,*,#1907,.T.);
#2523=ORIENTED_EDGE('',*,*,#1908,.T.);
#2524=ORIENTED_EDGE('',*,*,#1909,.T.);
#2525=ORIENTED_EDGE('',*,*,#1910,.T.);
#2526=ORIENTED_EDGE('',*,*,#1911,.T.);
#2527=ORIENTED_EDGE('',*,*,#1912,.T.);
#2528=ORIENTED_EDGE('',*,*,#1913,.T.);
#2529=ORIENTED_EDGE('',*,*,#1914,.T.);
#2530=ORIENTED_EDGE('',*,*,#1915,.T.);
#2531=ORIENTED_EDGE('',*,*,#1916,.T.);
#2532=ORIENTED_EDGE('',*,*,#1917,.T.);
#2533=ORIENTED_EDGE('',*,*,#1918,.T.);
#2534=ORIENTED_EDGE('',*,*,#1919,.T.);
#2535=ORIENTED_EDGE('',*,*,#1920,.T.);
#2536=ORIENTED_EDGE('',*,*,#1921,.T.);
#2537=ORIENTED_EDGE('',*,*,#1922,.T.);
#2538=ORIENTED_EDGE('',*,*,#1923,.T.);
#2539=ORIENTED_EDGE('',*,*,#1924,.T.);
#2540=ORIENTED_EDGE('',*,*,#1925,.T.);
#2541=ORIENTED_EDGE('',*,*,#1926,.T.);
#2542=ORIENTED_EDGE('',*,*,#1927,.T.);
#2543=ORIENTED_EDGE('',*,*,#1928,.T.);
#2544=ORIENTED_EDGE('',*,*,#1929,.T.);
#2545=ORIENTED_EDGE('',*,*,#1930,.T.);
#2546=ORIENTED_EDGE('',*,*,#1931,.T.);
#2547=ORIENTED_EDGE('',*,*,#1932,.T.);
#2548=ORIENTED_EDGE('',*,*,#1933,.T.);
#2549=ORIENTED_EDGE('',*,*,#1934,.T.);
#2550=ORIENTED_EDGE('',*,*,#1935,.T.);
#2551=ORIENTED_EDGE('',*,*,#1936,.T.);
#2552=ORIENTED_EDGE('',*,*,#1937,.T.);
#2553=ORIENTED_EDGE('',*,*,#1938,.T.);
#2554=ORIENTED_EDGE('',*,*,#1939,.T.);
#2555=ORIENTED_EDGE('',*,*,#1940,.T.);
#2556=ORIENTED_EDGE('',*,*,#1941,.T.);
#2557=ORIENTED_EDGE('',*,*,#1942,.T.);
#2558=ORIENTED_EDGE('',*,*,#1943,.T.);
#2559=ORIENTED_EDGE('',*,*,#1944,.T.);
#2560=ORIENTED_EDGE('',*,*,#1945,.T.);
#2561=ORIENTED_EDGE('',*,*,#1946,.T.);
#2562=ORIENTED_EDGE('',*,*,#1947,.T.);
#2563=ORIENTED_EDGE('',*,*,#1948,.T.);
#2564=ORIENTED_EDGE('',*,*,#1949,.T.);
#2565=ORIENTED_EDGE('',*,*,#1950,.T.);
#2566=ORIENTED_EDGE('',*,*,#1951,.T.);
#2567=ORIENTED_EDGE('',*,*,#1952,.T.);
#2568=ORIENTED_EDGE('',*,*,#1953,.T.);
#2569=ORIENTED_EDGE('',*,*,#1954,.T.);
#2570=ORIENTED_EDGE('',*,*,#1895,.T.);
#2571=ORIENTED_EDGE('',*,*,#1955,.T.);
#2572=ORIENTED_EDGE('',*,*,#1954,.F.);
#2573=ORIENTED_EDGE('',*,*,#1956,.F.);
#2574=ORIENTED_EDGE('',*,*,#1957,.T.);
#2575=ORIENTED_EDGE('',*,*,#1896,.F.);
#2576=ORIENTED_EDGE('',*,*,#1881,.F.);
#2577=ORIENTED_EDGE('',*,*,#1958,.T.);
#2578=ORIENTED_EDGE('',*,*,#1959,.F.);
#2579=ORIENTED_EDGE('',*,*,#1887,.F.);
#2580=ORIENTED_EDGE('',*,*,#1955,.F.);
#2581=ORIENTED_EDGE('',*,*,#1894,.F.);
#2582=ORIENTED_EDGE('',*,*,#1960,.F.);
#2583=ORIENTED_EDGE('',*,*,#1961,.T.);
#2584=ORIENTED_EDGE('',*,*,#1962,.T.);
#2585=ORIENTED_EDGE('',*,*,#1963,.T.);
#2586=ORIENTED_EDGE('',*,*,#1964,.T.);
#2587=ORIENTED_EDGE('',*,*,#1965,.T.);
#2588=ORIENTED_EDGE('',*,*,#1966,.T.);
#2589=ORIENTED_EDGE('',*,*,#1963,.F.);
#2590=ORIENTED_EDGE('',*,*,#1967,.F.);
#2591=ORIENTED_EDGE('',*,*,#1968,.T.);
#2592=ORIENTED_EDGE('',*,*,#1969,.F.);
#2593=ORIENTED_EDGE('',*,*,#1970,.F.);
#2594=ORIENTED_EDGE('',*,*,#1971,.F.);
#2595=ORIENTED_EDGE('',*,*,#1972,.T.);
#2596=ORIENTED_EDGE('',*,*,#1973,.F.);
#2597=ORIENTED_EDGE('',*,*,#1962,.F.);
#2598=ORIENTED_EDGE('',*,*,#1974,.T.);
#2599=ORIENTED_EDGE('',*,*,#1975,.F.);
#2600=ORIENTED_EDGE('',*,*,#1872,.T.);
#2601=ORIENTED_EDGE('',*,*,#1976,.T.);
#2602=ORIENTED_EDGE('',*,*,#1967,.T.);
#2603=ORIENTED_EDGE('',*,*,#1977,.T.);
#2604=ORIENTED_EDGE('',*,*,#1978,.F.);
#2605=ORIENTED_EDGE('',*,*,#1979,.T.);
#2606=ORIENTED_EDGE('',*,*,#1980,.T.);
#2607=ORIENTED_EDGE('',*,*,#1981,.T.);
#2608=ORIENTED_EDGE('',*,*,#1982,.F.);
#2609=ORIENTED_EDGE('',*,*,#1977,.F.);
#2610=ORIENTED_EDGE('',*,*,#1983,.T.);
#2611=ORIENTED_EDGE('',*,*,#1984,.T.);
#2612=ORIENTED_EDGE('',*,*,#1985,.T.);
#2613=ORIENTED_EDGE('',*,*,#1986,.T.);
#2614=ORIENTED_EDGE('',*,*,#1981,.F.);
#2615=ORIENTED_EDGE('',*,*,#1987,.F.);
#2616=ORIENTED_EDGE('',*,*,#1988,.F.);
#2617=ORIENTED_EDGE('',*,*,#1983,.F.);
#2618=ORIENTED_EDGE('',*,*,#1979,.F.);
#2619=ORIENTED_EDGE('',*,*,#1989,.F.);
#2620=ORIENTED_EDGE('',*,*,#1990,.T.);
#2621=ORIENTED_EDGE('',*,*,#1991,.F.);
#2622=ORIENTED_EDGE('',*,*,#1980,.F.);
#2623=ORIENTED_EDGE('',*,*,#1991,.T.);
#2624=ORIENTED_EDGE('',*,*,#1992,.T.);
#2625=ORIENTED_EDGE('',*,*,#1993,.T.);
#2626=ORIENTED_EDGE('',*,*,#1994,.F.);
#2627=ORIENTED_EDGE('',*,*,#1987,.T.);
#2628=ORIENTED_EDGE('',*,*,#1995,.F.);
#2629=ORIENTED_EDGE('',*,*,#1996,.F.);
#2630=ORIENTED_EDGE('',*,*,#1997,.F.);
#2631=ORIENTED_EDGE('',*,*,#1867,.T.);
#2632=ORIENTED_EDGE('',*,*,#1996,.T.);
#2633=ORIENTED_EDGE('',*,*,#1998,.T.);
#2634=ORIENTED_EDGE('',*,*,#1999,.T.);
#2635=ORIENTED_EDGE('',*,*,#1984,.F.);
#2636=ORIENTED_EDGE('',*,*,#2000,.F.);
#2637=ORIENTED_EDGE('',*,*,#2001,.F.);
#2638=ORIENTED_EDGE('',*,*,#2002,.T.);
#2639=ORIENTED_EDGE('',*,*,#2000,.T.);
#2640=ORIENTED_EDGE('',*,*,#1988,.T.);
#2641=ORIENTED_EDGE('',*,*,#1994,.T.);
#2642=ORIENTED_EDGE('',*,*,#2003,.T.);
#2643=ORIENTED_EDGE('',*,*,#2001,.T.);
#2644=ORIENTED_EDGE('',*,*,#2004,.T.);
#2645=ORIENTED_EDGE('',*,*,#2005,.F.);
#2646=ORIENTED_EDGE('',*,*,#2006,.T.);
#2647=ORIENTED_EDGE('',*,*,#1997,.T.);
#2648=ORIENTED_EDGE('',*,*,#1866,.T.);
#2649=ORIENTED_EDGE('',*,*,#1975,.T.);
#2650=ORIENTED_EDGE('',*,*,#2007,.F.);
#2651=ORIENTED_EDGE('',*,*,#1973,.T.);
#2652=ORIENTED_EDGE('',*,*,#2008,.T.);
#2653=ORIENTED_EDGE('',*,*,#1995,.T.);
#2654=ORIENTED_EDGE('',*,*,#2009,.T.);
#2655=ORIENTED_EDGE('',*,*,#1965,.F.);
#2656=ORIENTED_EDGE('',*,*,#2010,.F.);
#2657=ORIENTED_EDGE('',*,*,#1998,.F.);
#2658=ORIENTED_EDGE('',*,*,#2008,.F.);
#2659=ORIENTED_EDGE('',*,*,#1972,.F.);
#2660=ORIENTED_EDGE('',*,*,#1985,.F.);
#2661=ORIENTED_EDGE('',*,*,#2003,.F.);
#2662=ORIENTED_EDGE('',*,*,#2011,.F.);
#2663=ORIENTED_EDGE('',*,*,#2012,.F.);
#2664=ORIENTED_EDGE('',*,*,#1966,.F.);
#2665=ORIENTED_EDGE('',*,*,#2009,.F.);
#2666=ORIENTED_EDGE('',*,*,#2006,.F.);
#2667=ORIENTED_EDGE('',*,*,#1974,.F.);
#2668=ORIENTED_EDGE('',*,*,#1976,.F.);
#2669=ORIENTED_EDGE('',*,*,#1871,.T.);
#2670=ORIENTED_EDGE('',*,*,#2013,.F.);
#2671=ORIENTED_EDGE('',*,*,#1968,.F.);
#2672=ORIENTED_EDGE('',*,*,#2014,.F.);
#2673=ORIENTED_EDGE('',*,*,#2011,.T.);
#2674=ORIENTED_EDGE('',*,*,#2005,.T.);
#2675=ORIENTED_EDGE('',*,*,#1898,.T.);
#2676=ORIENTED_EDGE('',*,*,#1999,.F.);
#2677=ORIENTED_EDGE('',*,*,#2010,.T.);
#2678=ORIENTED_EDGE('',*,*,#1971,.T.);
#2679=ORIENTED_EDGE('',*,*,#2015,.T.);
#2680=ORIENTED_EDGE('',*,*,#1650,.T.);
#2681=ORIENTED_EDGE('',*,*,#1656,.F.);
#2682=ORIENTED_EDGE('',*,*,#1665,.F.);
#2683=ORIENTED_EDGE('',*,*,#1742,.T.);
#2684=ORIENTED_EDGE('',*,*,#1863,.T.);
#2685=ORIENTED_EDGE('',*,*,#1865,.T.);
#2686=ORIENTED_EDGE('',*,*,#1877,.T.);
#2687=ORIENTED_EDGE('',*,*,#2016,.F.);
#2688=ORIENTED_EDGE('',*,*,#1772,.F.);
#2689=ORIENTED_EDGE('',*,*,#1748,.T.);
#2690=ORIENTED_EDGE('',*,*,#1756,.T.);
#2691=ORIENTED_EDGE('',*,*,#1764,.F.);
#2692=ORIENTED_EDGE('',*,*,#1771,.F.);
#2693=ORIENTED_EDGE('',*,*,#1780,.T.);
#2694=ORIENTED_EDGE('',*,*,#1787,.T.);
#2695=ORIENTED_EDGE('',*,*,#1795,.F.);
#2696=ORIENTED_EDGE('',*,*,#1802,.F.);
#2697=ORIENTED_EDGE('',*,*,#2017,.F.);
#2698=ORIENTED_EDGE('',*,*,#2018,.F.);
#2699=ORIENTED_EDGE('',*,*,#1958,.F.);
#2700=ORIENTED_EDGE('',*,*,#1880,.F.);
#2701=ORIENTED_EDGE('',*,*,#1886,.T.);
#2702=ORIENTED_EDGE('',*,*,#2019,.T.);
#2703=ORIENTED_EDGE('',*,*,#2020,.T.);
#2704=ORIENTED_EDGE('',*,*,#2021,.T.);
#2705=ORIENTED_EDGE('',*,*,#1989,.T.);
#2706=ORIENTED_EDGE('',*,*,#1978,.T.);
#2707=ORIENTED_EDGE('',*,*,#1982,.T.);
#2708=ORIENTED_EDGE('',*,*,#2022,.T.);
#2709=ORIENTED_EDGE('',*,*,#2015,.F.);
#2710=ORIENTED_EDGE('',*,*,#1970,.T.);
#2711=ORIENTED_EDGE('',*,*,#2007,.T.);
#2712=ORIENTED_EDGE('',*,*,#1964,.F.);
#2713=ORIENTED_EDGE('',*,*,#1969,.T.);
#2714=ORIENTED_EDGE('',*,*,#2013,.T.);
#2715=ORIENTED_EDGE('',*,*,#1870,.T.);
#2716=ORIENTED_EDGE('',*,*,#2023,.T.);
#2717=ORIENTED_EDGE('',*,*,#1956,.T.);
#2718=ORIENTED_EDGE('',*,*,#1953,.F.);
#2719=ORIENTED_EDGE('',*,*,#1961,.F.);
#2720=ORIENTED_EDGE('',*,*,#2024,.F.);
#2721=ORIENTED_EDGE('',*,*,#2025,.F.);
#2722=ORIENTED_EDGE('',*,*,#2026,.F.);
#2723=ORIENTED_EDGE('',*,*,#1832,.F.);
#2724=ORIENTED_EDGE('',*,*,#1808,.T.);
#2725=ORIENTED_EDGE('',*,*,#1816,.T.);
#2726=ORIENTED_EDGE('',*,*,#1824,.F.);
#2727=ORIENTED_EDGE('',*,*,#1831,.F.);
#2728=ORIENTED_EDGE('',*,*,#1840,.T.);
#2729=ORIENTED_EDGE('',*,*,#1847,.T.);
#2730=ORIENTED_EDGE('',*,*,#1855,.F.);
#2731=ORIENTED_EDGE('',*,*,#1862,.F.);
#2732=ORIENTED_EDGE('',*,*,#2027,.F.);
#2733=ORIENTED_EDGE('',*,*,#1878,.T.);
#2734=ORIENTED_EDGE('',*,*,#1874,.F.);
#2735=ORIENTED_EDGE('',*,*,#1738,.T.);
#2736=ORIENTED_EDGE('',*,*,#1736,.F.);
#2737=ORIENTED_EDGE('',*,*,#1740,.T.);
#2738=ORIENTED_EDGE('',*,*,#1657,.T.);
#2739=ORIENTED_EDGE('',*,*,#1661,.T.);
#2740=ORIENTED_EDGE('',*,*,#1992,.F.);
#2741=ORIENTED_EDGE('',*,*,#1990,.F.);
#2742=ORIENTED_EDGE('',*,*,#2021,.F.);
#2743=ORIENTED_EDGE('',*,*,#2028,.T.);
#2744=ORIENTED_EDGE('',*,*,#2022,.F.);
#2745=ORIENTED_EDGE('',*,*,#1986,.F.);
#2746=ORIENTED_EDGE('',*,*,#2012,.T.);
#2747=ORIENTED_EDGE('',*,*,#2014,.T.);
#2748=ORIENTED_EDGE('',*,*,#2002,.F.);
#2749=ORIENTED_EDGE('',*,*,#1993,.F.);
#2750=ORIENTED_EDGE('',*,*,#2028,.F.);
#2751=ORIENTED_EDGE('',*,*,#2020,.F.);
#2752=ORIENTED_EDGE('',*,*,#2029,.T.);
#2753=ORIENTED_EDGE('',*,*,#1899,.T.);
#2754=ORIENTED_EDGE('',*,*,#2004,.F.);
#2755=ORIENTED_EDGE('',*,*,#2019,.F.);
#2756=ORIENTED_EDGE('',*,*,#1885,.F.);
#2757=ORIENTED_EDGE('',*,*,#1900,.F.);
#2758=ORIENTED_EDGE('',*,*,#2029,.F.);
#2759=ORIENTED_EDGE('',*,*,#1897,.F.);
#2760=ORIENTED_EDGE('',*,*,#1957,.F.);
#2761=ORIENTED_EDGE('',*,*,#2023,.F.);
#2762=ORIENTED_EDGE('',*,*,#1869,.F.);
#2763=ORIENTED_EDGE('',*,*,#1960,.T.);
#2764=ORIENTED_EDGE('',*,*,#1893,.F.);
#2765=ORIENTED_EDGE('',*,*,#2030,.F.);
#2766=ORIENTED_EDGE('',*,*,#2024,.T.);
#2767=ORIENTED_EDGE('',*,*,#1959,.T.);
#2768=ORIENTED_EDGE('',*,*,#2018,.T.);
#2769=ORIENTED_EDGE('',*,*,#2031,.F.);
#2770=ORIENTED_EDGE('',*,*,#1888,.F.);
#2771=ORIENTED_EDGE('',*,*,#1676,.F.);
#2772=ORIENTED_EDGE('',*,*,#2032,.T.);
#2773=ORIENTED_EDGE('',*,*,#2033,.T.);
#2774=ORIENTED_EDGE('',*,*,#2034,.T.);
#2775=ORIENTED_EDGE('',*,*,#1675,.F.);
#2776=ORIENTED_EDGE('',*,*,#2035,.T.);
#2777=ORIENTED_EDGE('',*,*,#2036,.F.);
#2778=ORIENTED_EDGE('',*,*,#2037,.T.);
#2779=ORIENTED_EDGE('',*,*,#2038,.F.);
#2780=ORIENTED_EDGE('',*,*,#2039,.T.);
#2781=ORIENTED_EDGE('',*,*,#2040,.T.);
#2782=ORIENTED_EDGE('',*,*,#2041,.F.);
#2783=ORIENTED_EDGE('',*,*,#2042,.T.);
#2784=ORIENTED_EDGE('',*,*,#2032,.F.);
#2785=ORIENTED_EDGE('',*,*,#1677,.F.);
#2786=ORIENTED_EDGE('',*,*,#2034,.F.);
#2787=ORIENTED_EDGE('',*,*,#2043,.T.);
#2788=ORIENTED_EDGE('',*,*,#2044,.F.);
#2789=ORIENTED_EDGE('',*,*,#2045,.T.);
#2790=ORIENTED_EDGE('',*,*,#2046,.T.);
#2791=ORIENTED_EDGE('',*,*,#2047,.F.);
#2792=ORIENTED_EDGE('',*,*,#2048,.T.);
#2793=ORIENTED_EDGE('',*,*,#2049,.F.);
#2794=ORIENTED_EDGE('',*,*,#2050,.T.);
#2795=ORIENTED_EDGE('',*,*,#2051,.F.);
#2796=ORIENTED_EDGE('',*,*,#2040,.F.);
#2797=ORIENTED_EDGE('',*,*,#2052,.F.);
#2798=ORIENTED_EDGE('',*,*,#2045,.F.);
#2799=ORIENTED_EDGE('',*,*,#2044,.T.);
#2800=ORIENTED_EDGE('',*,*,#2053,.T.);
#2801=ORIENTED_EDGE('',*,*,#2041,.T.);
#2802=ORIENTED_EDGE('',*,*,#2051,.T.);
#2803=ORIENTED_EDGE('',*,*,#2054,.F.);
#2804=ORIENTED_EDGE('',*,*,#2037,.F.);
#2805=ORIENTED_EDGE('',*,*,#2055,.F.);
#2806=ORIENTED_EDGE('',*,*,#2048,.F.);
#2807=ORIENTED_EDGE('',*,*,#2049,.T.);
#2808=ORIENTED_EDGE('',*,*,#2055,.T.);
#2809=ORIENTED_EDGE('',*,*,#2036,.T.);
#2810=ORIENTED_EDGE('',*,*,#2056,.T.);
#2811=ORIENTED_EDGE('',*,*,#1678,.F.);
#2812=ORIENTED_EDGE('',*,*,#2050,.F.);
#2813=ORIENTED_EDGE('',*,*,#2056,.F.);
#2814=ORIENTED_EDGE('',*,*,#2035,.F.);
#2815=ORIENTED_EDGE('',*,*,#2033,.F.);
#2816=ORIENTED_EDGE('',*,*,#2042,.F.);
#2817=ORIENTED_EDGE('',*,*,#2053,.F.);
#2818=ORIENTED_EDGE('',*,*,#2043,.F.);
#2819=ORIENTED_EDGE('',*,*,#2057,.F.);
#2820=ORIENTED_EDGE('',*,*,#2046,.F.);
#2821=ORIENTED_EDGE('',*,*,#2052,.T.);
#2822=ORIENTED_EDGE('',*,*,#2039,.F.);
#2823=ORIENTED_EDGE('',*,*,#2038,.T.);
#2824=ORIENTED_EDGE('',*,*,#2054,.T.);
#2825=ORIENTED_EDGE('',*,*,#2047,.T.);
#2826=ORIENTED_EDGE('',*,*,#2057,.T.);
#2827=ORIENTED_EDGE('',*,*,#1680,.F.);
#2828=ORIENTED_EDGE('',*,*,#2058,.T.);
#2829=ORIENTED_EDGE('',*,*,#2059,.T.);
#2830=ORIENTED_EDGE('',*,*,#2060,.T.);
#2831=ORIENTED_EDGE('',*,*,#1679,.F.);
#2832=ORIENTED_EDGE('',*,*,#2061,.T.);
#2833=ORIENTED_EDGE('',*,*,#2062,.F.);
#2834=ORIENTED_EDGE('',*,*,#2063,.T.);
#2835=ORIENTED_EDGE('',*,*,#2064,.F.);
#2836=ORIENTED_EDGE('',*,*,#2065,.T.);
#2837=ORIENTED_EDGE('',*,*,#2066,.T.);
#2838=ORIENTED_EDGE('',*,*,#2067,.F.);
#2839=ORIENTED_EDGE('',*,*,#2068,.T.);
#2840=ORIENTED_EDGE('',*,*,#2058,.F.);
#2841=ORIENTED_EDGE('',*,*,#1681,.F.);
#2842=ORIENTED_EDGE('',*,*,#2060,.F.);
#2843=ORIENTED_EDGE('',*,*,#2069,.T.);
#2844=ORIENTED_EDGE('',*,*,#2070,.F.);
#2845=ORIENTED_EDGE('',*,*,#2071,.T.);
#2846=ORIENTED_EDGE('',*,*,#2072,.T.);
#2847=ORIENTED_EDGE('',*,*,#2073,.F.);
#2848=ORIENTED_EDGE('',*,*,#2074,.T.);
#2849=ORIENTED_EDGE('',*,*,#2075,.F.);
#2850=ORIENTED_EDGE('',*,*,#2076,.T.);
#2851=ORIENTED_EDGE('',*,*,#2077,.F.);
#2852=ORIENTED_EDGE('',*,*,#2066,.F.);
#2853=ORIENTED_EDGE('',*,*,#2078,.F.);
#2854=ORIENTED_EDGE('',*,*,#2071,.F.);
#2855=ORIENTED_EDGE('',*,*,#2070,.T.);
#2856=ORIENTED_EDGE('',*,*,#2079,.T.);
#2857=ORIENTED_EDGE('',*,*,#2067,.T.);
#2858=ORIENTED_EDGE('',*,*,#2077,.T.);
#2859=ORIENTED_EDGE('',*,*,#2080,.F.);
#2860=ORIENTED_EDGE('',*,*,#2063,.F.);
#2861=ORIENTED_EDGE('',*,*,#2081,.F.);
#2862=ORIENTED_EDGE('',*,*,#2074,.F.);
#2863=ORIENTED_EDGE('',*,*,#2075,.T.);
#2864=ORIENTED_EDGE('',*,*,#2081,.T.);
#2865=ORIENTED_EDGE('',*,*,#2062,.T.);
#2866=ORIENTED_EDGE('',*,*,#2082,.T.);
#2867=ORIENTED_EDGE('',*,*,#1682,.F.);
#2868=ORIENTED_EDGE('',*,*,#2076,.F.);
#2869=ORIENTED_EDGE('',*,*,#2082,.F.);
#2870=ORIENTED_EDGE('',*,*,#2061,.F.);
#2871=ORIENTED_EDGE('',*,*,#2059,.F.);
#2872=ORIENTED_EDGE('',*,*,#2068,.F.);
#2873=ORIENTED_EDGE('',*,*,#2079,.F.);
#2874=ORIENTED_EDGE('',*,*,#2069,.F.);
#2875=ORIENTED_EDGE('',*,*,#2083,.F.);
#2876=ORIENTED_EDGE('',*,*,#2072,.F.);
#2877=ORIENTED_EDGE('',*,*,#2078,.T.);
#2878=ORIENTED_EDGE('',*,*,#2065,.F.);
#2879=ORIENTED_EDGE('',*,*,#2064,.T.);
#2880=ORIENTED_EDGE('',*,*,#2080,.T.);
#2881=ORIENTED_EDGE('',*,*,#2073,.T.);
#2882=ORIENTED_EDGE('',*,*,#2083,.T.);
#2883=ORIENTED_EDGE('',*,*,#2016,.T.);
#2884=ORIENTED_EDGE('',*,*,#1876,.T.);
#2885=ORIENTED_EDGE('',*,*,#1671,.F.);
#2886=ORIENTED_EDGE('',*,*,#1879,.T.);
#2887=ORIENTED_EDGE('',*,*,#2027,.T.);
#2888=ORIENTED_EDGE('',*,*,#1861,.T.);
#2889=ORIENTED_EDGE('',*,*,#1890,.F.);
#2890=ORIENTED_EDGE('',*,*,#1773,.F.);
#2891=ORIENTED_EDGE('',*,*,#2084,.F.);
#2892=ORIENTED_EDGE('',*,*,#1908,.F.);
#2893=ORIENTED_EDGE('',*,*,#2085,.F.);
#2894=ORIENTED_EDGE('',*,*,#1684,.F.);
#2895=ORIENTED_EDGE('',*,*,#2085,.T.);
#2896=ORIENTED_EDGE('',*,*,#1907,.F.);
#2897=ORIENTED_EDGE('',*,*,#2086,.F.);
#2898=ORIENTED_EDGE('',*,*,#1685,.F.);
#2899=ORIENTED_EDGE('',*,*,#2086,.T.);
#2900=ORIENTED_EDGE('',*,*,#1906,.F.);
#2901=ORIENTED_EDGE('',*,*,#2087,.F.);
#2902=ORIENTED_EDGE('',*,*,#1686,.F.);
#2903=ORIENTED_EDGE('',*,*,#2087,.T.);
#2904=ORIENTED_EDGE('',*,*,#1905,.F.);
#2905=ORIENTED_EDGE('',*,*,#2088,.F.);
#2906=ORIENTED_EDGE('',*,*,#1687,.F.);
#2907=ORIENTED_EDGE('',*,*,#2088,.T.);
#2908=ORIENTED_EDGE('',*,*,#1904,.F.);
#2909=ORIENTED_EDGE('',*,*,#2089,.F.);
#2910=ORIENTED_EDGE('',*,*,#1688,.F.);
#2911=ORIENTED_EDGE('',*,*,#2089,.T.);
#2912=ORIENTED_EDGE('',*,*,#1903,.F.);
#2913=ORIENTED_EDGE('',*,*,#2090,.F.);
#2914=ORIENTED_EDGE('',*,*,#1689,.F.);
#2915=ORIENTED_EDGE('',*,*,#2090,.T.);
#2916=ORIENTED_EDGE('',*,*,#1902,.F.);
#2917=ORIENTED_EDGE('',*,*,#2091,.F.);
#2918=ORIENTED_EDGE('',*,*,#1690,.F.);
#2919=ORIENTED_EDGE('',*,*,#2091,.T.);
#2920=ORIENTED_EDGE('',*,*,#1901,.F.);
#2921=ORIENTED_EDGE('',*,*,#2084,.T.);
#2922=ORIENTED_EDGE('',*,*,#1683,.F.);
#2923=ORIENTED_EDGE('',*,*,#2092,.F.);
#2924=ORIENTED_EDGE('',*,*,#1916,.F.);
#2925=ORIENTED_EDGE('',*,*,#2093,.F.);
#2926=ORIENTED_EDGE('',*,*,#1692,.F.);
#2927=ORIENTED_EDGE('',*,*,#2093,.T.);
#2928=ORIENTED_EDGE('',*,*,#1915,.F.);
#2929=ORIENTED_EDGE('',*,*,#2094,.F.);
#2930=ORIENTED_EDGE('',*,*,#1693,.F.);
#2931=ORIENTED_EDGE('',*,*,#2094,.T.);
#2932=ORIENTED_EDGE('',*,*,#1914,.F.);
#2933=ORIENTED_EDGE('',*,*,#2095,.F.);
#2934=ORIENTED_EDGE('',*,*,#1694,.F.);
#2935=ORIENTED_EDGE('',*,*,#2095,.T.);
#2936=ORIENTED_EDGE('',*,*,#1913,.F.);
#2937=ORIENTED_EDGE('',*,*,#2096,.F.);
#2938=ORIENTED_EDGE('',*,*,#1695,.F.);
#2939=ORIENTED_EDGE('',*,*,#2096,.T.);
#2940=ORIENTED_EDGE('',*,*,#1912,.F.);
#2941=ORIENTED_EDGE('',*,*,#2097,.F.);
#2942=ORIENTED_EDGE('',*,*,#1696,.F.);
#2943=ORIENTED_EDGE('',*,*,#2097,.T.);
#2944=ORIENTED_EDGE('',*,*,#1911,.F.);
#2945=ORIENTED_EDGE('',*,*,#2098,.F.);
#2946=ORIENTED_EDGE('',*,*,#1697,.F.);
#2947=ORIENTED_EDGE('',*,*,#2098,.T.);
#2948=ORIENTED_EDGE('',*,*,#1910,.F.);
#2949=ORIENTED_EDGE('',*,*,#2099,.F.);
#2950=ORIENTED_EDGE('',*,*,#1698,.F.);
#2951=ORIENTED_EDGE('',*,*,#2099,.T.);
#2952=ORIENTED_EDGE('',*,*,#1909,.F.);
#2953=ORIENTED_EDGE('',*,*,#2092,.T.);
#2954=ORIENTED_EDGE('',*,*,#1691,.F.);
#2955=ORIENTED_EDGE('',*,*,#2100,.F.);
#2956=ORIENTED_EDGE('',*,*,#1924,.F.);
#2957=ORIENTED_EDGE('',*,*,#2101,.F.);
#2958=ORIENTED_EDGE('',*,*,#1700,.F.);
#2959=ORIENTED_EDGE('',*,*,#2101,.T.);
#2960=ORIENTED_EDGE('',*,*,#1923,.F.);
#2961=ORIENTED_EDGE('',*,*,#2102,.F.);
#2962=ORIENTED_EDGE('',*,*,#1701,.F.);
#2963=ORIENTED_EDGE('',*,*,#2102,.T.);
#2964=ORIENTED_EDGE('',*,*,#1922,.F.);
#2965=ORIENTED_EDGE('',*,*,#2103,.F.);
#2966=ORIENTED_EDGE('',*,*,#1702,.F.);
#2967=ORIENTED_EDGE('',*,*,#2103,.T.);
#2968=ORIENTED_EDGE('',*,*,#1921,.F.);
#2969=ORIENTED_EDGE('',*,*,#2104,.F.);
#2970=ORIENTED_EDGE('',*,*,#1703,.F.);
#2971=ORIENTED_EDGE('',*,*,#2104,.T.);
#2972=ORIENTED_EDGE('',*,*,#1920,.F.);
#2973=ORIENTED_EDGE('',*,*,#2105,.F.);
#2974=ORIENTED_EDGE('',*,*,#1704,.F.);
#2975=ORIENTED_EDGE('',*,*,#2105,.T.);
#2976=ORIENTED_EDGE('',*,*,#1919,.F.);
#2977=ORIENTED_EDGE('',*,*,#2106,.F.);
#2978=ORIENTED_EDGE('',*,*,#1705,.F.);
#2979=ORIENTED_EDGE('',*,*,#2106,.T.);
#2980=ORIENTED_EDGE('',*,*,#1918,.F.);
#2981=ORIENTED_EDGE('',*,*,#2107,.F.);
#2982=ORIENTED_EDGE('',*,*,#1706,.F.);
#2983=ORIENTED_EDGE('',*,*,#2107,.T.);
#2984=ORIENTED_EDGE('',*,*,#1917,.F.);
#2985=ORIENTED_EDGE('',*,*,#2100,.T.);
#2986=ORIENTED_EDGE('',*,*,#1699,.F.);
#2987=ORIENTED_EDGE('',*,*,#2108,.F.);
#2988=ORIENTED_EDGE('',*,*,#1932,.F.);
#2989=ORIENTED_EDGE('',*,*,#2109,.F.);
#2990=ORIENTED_EDGE('',*,*,#1708,.F.);
#2991=ORIENTED_EDGE('',*,*,#2109,.T.);
#2992=ORIENTED_EDGE('',*,*,#1931,.F.);
#2993=ORIENTED_EDGE('',*,*,#2110,.F.);
#2994=ORIENTED_EDGE('',*,*,#1709,.F.);
#2995=ORIENTED_EDGE('',*,*,#2110,.T.);
#2996=ORIENTED_EDGE('',*,*,#1930,.F.);
#2997=ORIENTED_EDGE('',*,*,#2111,.F.);
#2998=ORIENTED_EDGE('',*,*,#1710,.F.);
#2999=ORIENTED_EDGE('',*,*,#2111,.T.);
#3000=ORIENTED_EDGE('',*,*,#1929,.F.);
#3001=ORIENTED_EDGE('',*,*,#2112,.F.);
#3002=ORIENTED_EDGE('',*,*,#1711,.F.);
#3003=ORIENTED_EDGE('',*,*,#2112,.T.);
#3004=ORIENTED_EDGE('',*,*,#1928,.F.);
#3005=ORIENTED_EDGE('',*,*,#2113,.F.);
#3006=ORIENTED_EDGE('',*,*,#1712,.F.);
#3007=ORIENTED_EDGE('',*,*,#2113,.T.);
#3008=ORIENTED_EDGE('',*,*,#1927,.F.);
#3009=ORIENTED_EDGE('',*,*,#2114,.F.);
#3010=ORIENTED_EDGE('',*,*,#1713,.F.);
#3011=ORIENTED_EDGE('',*,*,#2114,.T.);
#3012=ORIENTED_EDGE('',*,*,#1926,.F.);
#3013=ORIENTED_EDGE('',*,*,#2115,.F.);
#3014=ORIENTED_EDGE('',*,*,#1714,.F.);
#3015=ORIENTED_EDGE('',*,*,#2115,.T.);
#3016=ORIENTED_EDGE('',*,*,#1925,.F.);
#3017=ORIENTED_EDGE('',*,*,#2108,.T.);
#3018=ORIENTED_EDGE('',*,*,#1707,.F.);
#3019=ORIENTED_EDGE('',*,*,#2116,.F.);
#3020=ORIENTED_EDGE('',*,*,#1940,.F.);
#3021=ORIENTED_EDGE('',*,*,#2117,.F.);
#3022=ORIENTED_EDGE('',*,*,#1716,.F.);
#3023=ORIENTED_EDGE('',*,*,#2117,.T.);
#3024=ORIENTED_EDGE('',*,*,#1939,.F.);
#3025=ORIENTED_EDGE('',*,*,#2118,.F.);
#3026=ORIENTED_EDGE('',*,*,#1717,.F.);
#3027=ORIENTED_EDGE('',*,*,#2118,.T.);
#3028=ORIENTED_EDGE('',*,*,#1938,.F.);
#3029=ORIENTED_EDGE('',*,*,#2119,.F.);
#3030=ORIENTED_EDGE('',*,*,#1718,.F.);
#3031=ORIENTED_EDGE('',*,*,#2119,.T.);
#3032=ORIENTED_EDGE('',*,*,#1937,.F.);
#3033=ORIENTED_EDGE('',*,*,#2120,.F.);
#3034=ORIENTED_EDGE('',*,*,#1719,.F.);
#3035=ORIENTED_EDGE('',*,*,#2120,.T.);
#3036=ORIENTED_EDGE('',*,*,#1936,.F.);
#3037=ORIENTED_EDGE('',*,*,#2121,.F.);
#3038=ORIENTED_EDGE('',*,*,#1720,.F.);
#3039=ORIENTED_EDGE('',*,*,#2121,.T.);
#3040=ORIENTED_EDGE('',*,*,#1935,.F.);
#3041=ORIENTED_EDGE('',*,*,#2122,.F.);
#3042=ORIENTED_EDGE('',*,*,#1721,.F.);
#3043=ORIENTED_EDGE('',*,*,#2122,.T.);
#3044=ORIENTED_EDGE('',*,*,#1934,.F.);
#3045=ORIENTED_EDGE('',*,*,#2123,.F.);
#3046=ORIENTED_EDGE('',*,*,#1722,.F.);
#3047=ORIENTED_EDGE('',*,*,#2123,.T.);
#3048=ORIENTED_EDGE('',*,*,#1933,.F.);
#3049=ORIENTED_EDGE('',*,*,#2116,.T.);
#3050=ORIENTED_EDGE('',*,*,#1715,.F.);
#3051=ORIENTED_EDGE('',*,*,#2124,.F.);
#3052=ORIENTED_EDGE('',*,*,#1948,.F.);
#3053=ORIENTED_EDGE('',*,*,#2125,.F.);
#3054=ORIENTED_EDGE('',*,*,#1724,.F.);
#3055=ORIENTED_EDGE('',*,*,#2125,.T.);
#3056=ORIENTED_EDGE('',*,*,#1947,.F.);
#3057=ORIENTED_EDGE('',*,*,#2126,.F.);
#3058=ORIENTED_EDGE('',*,*,#1725,.F.);
#3059=ORIENTED_EDGE('',*,*,#2126,.T.);
#3060=ORIENTED_EDGE('',*,*,#1946,.F.);
#3061=ORIENTED_EDGE('',*,*,#2127,.F.);
#3062=ORIENTED_EDGE('',*,*,#1726,.F.);
#3063=ORIENTED_EDGE('',*,*,#2127,.T.);
#3064=ORIENTED_EDGE('',*,*,#1945,.F.);
#3065=ORIENTED_EDGE('',*,*,#2128,.F.);
#3066=ORIENTED_EDGE('',*,*,#1727,.F.);
#3067=ORIENTED_EDGE('',*,*,#2128,.T.);
#3068=ORIENTED_EDGE('',*,*,#1944,.F.);
#3069=ORIENTED_EDGE('',*,*,#2129,.F.);
#3070=ORIENTED_EDGE('',*,*,#1728,.F.);
#3071=ORIENTED_EDGE('',*,*,#2129,.T.);
#3072=ORIENTED_EDGE('',*,*,#1943,.F.);
#3073=ORIENTED_EDGE('',*,*,#2130,.F.);
#3074=ORIENTED_EDGE('',*,*,#1729,.F.);
#3075=ORIENTED_EDGE('',*,*,#2130,.T.);
#3076=ORIENTED_EDGE('',*,*,#1942,.F.);
#3077=ORIENTED_EDGE('',*,*,#2131,.F.);
#3078=ORIENTED_EDGE('',*,*,#1730,.F.);
#3079=ORIENTED_EDGE('',*,*,#2131,.T.);
#3080=ORIENTED_EDGE('',*,*,#1941,.F.);
#3081=ORIENTED_EDGE('',*,*,#2124,.T.);
#3082=ORIENTED_EDGE('',*,*,#1723,.F.);
#3083=ORIENTED_EDGE('',*,*,#2132,.F.);
#3084=ORIENTED_EDGE('',*,*,#1952,.F.);
#3085=ORIENTED_EDGE('',*,*,#2133,.F.);
#3086=ORIENTED_EDGE('',*,*,#1732,.F.);
#3087=ORIENTED_EDGE('',*,*,#2133,.T.);
#3088=ORIENTED_EDGE('',*,*,#1951,.F.);
#3089=ORIENTED_EDGE('',*,*,#2134,.F.);
#3090=ORIENTED_EDGE('',*,*,#1733,.F.);
#3091=ORIENTED_EDGE('',*,*,#2134,.T.);
#3092=ORIENTED_EDGE('',*,*,#1950,.F.);
#3093=ORIENTED_EDGE('',*,*,#2135,.F.);
#3094=ORIENTED_EDGE('',*,*,#1734,.F.);
#3095=ORIENTED_EDGE('',*,*,#2135,.T.);
#3096=ORIENTED_EDGE('',*,*,#1949,.F.);
#3097=ORIENTED_EDGE('',*,*,#2132,.T.);
#3098=ORIENTED_EDGE('',*,*,#1731,.F.);
#3099=ORIENTED_EDGE('',*,*,#2025,.T.);
#3100=ORIENTED_EDGE('',*,*,#2030,.T.);
#3101=ORIENTED_EDGE('',*,*,#1892,.F.);
#3102=ORIENTED_EDGE('',*,*,#2136,.F.);
#3103=ORIENTED_EDGE('',*,*,#2026,.T.);
#3104=ORIENTED_EDGE('',*,*,#2136,.T.);
#3105=ORIENTED_EDGE('',*,*,#1891,.F.);
#3106=ORIENTED_EDGE('',*,*,#1833,.F.);
#3107=ORIENTED_EDGE('',*,*,#2017,.T.);
#3108=ORIENTED_EDGE('',*,*,#1801,.T.);
#3109=ORIENTED_EDGE('',*,*,#1889,.F.);
#3110=ORIENTED_EDGE('',*,*,#2031,.T.);
#3111=CYLINDRICAL_SURFACE('',#3365,0.5);
#3112=CYLINDRICAL_SURFACE('',#3369,0.5);
#3113=CYLINDRICAL_SURFACE('',#3373,0.5);
#3114=CYLINDRICAL_SURFACE('',#3404,0.5);
#3115=CYLINDRICAL_SURFACE('',#3409,1.2);
#3116=CYLINDRICAL_SURFACE('',#3416,1.2);
#3117=CYLINDRICAL_SURFACE('',#3421,1.);
#3118=CYLINDRICAL_SURFACE('',#3426,1.2);
#3119=CYLINDRICAL_SURFACE('',#3433,1.2);
#3120=CYLINDRICAL_SURFACE('',#3438,1.);
#3121=CYLINDRICAL_SURFACE('',#3442,1.2);
#3122=CYLINDRICAL_SURFACE('',#3449,1.2);
#3123=CYLINDRICAL_SURFACE('',#3454,1.);
#3124=CYLINDRICAL_SURFACE('',#3459,1.2);
#3125=CYLINDRICAL_SURFACE('',#3466,1.2);
#3126=CYLINDRICAL_SURFACE('',#3471,1.);
#3127=CYLINDRICAL_SURFACE('',#3479,0.5);
#3128=CYLINDRICAL_SURFACE('',#3480,0.5);
#3129=CYLINDRICAL_SURFACE('',#3484,0.5);
#3130=CYLINDRICAL_SURFACE('',#3519,0.5);
#3131=CYLINDRICAL_SURFACE('',#3522,2.89999999999999);
#3132=CYLINDRICAL_SURFACE('',#3524,2.9);
#3133=CYLINDRICAL_SURFACE('',#3526,0.5);
#3134=CYLINDRICAL_SURFACE('',#3535,0.5);
#3135=CYLINDRICAL_SURFACE('',#3537,0.5);
#3136=CYLINDRICAL_SURFACE('',#3541,0.5);
#3137=CYLINDRICAL_SURFACE('',#3547,0.5);
#3138=CYLINDRICAL_SURFACE('',#3554,0.5);
#3139=CYLINDRICAL_SURFACE('',#3559,0.5);
#3140=CYLINDRICAL_SURFACE('',#3560,0.5);
#3141=CYLINDRICAL_SURFACE('',#3562,0.5);
#3142=CYLINDRICAL_SURFACE('',#3563,0.5);
#3143=CYLINDRICAL_SURFACE('',#3568,0.5);
#3144=CYLINDRICAL_SURFACE('',#3581,0.2);
#3145=CYLINDRICAL_SURFACE('',#3593,0.500000000000003);
#3146=CYLINDRICAL_SURFACE('',#3595,0.2);
#3147=CYLINDRICAL_SURFACE('',#3599,0.2);
#3148=CYLINDRICAL_SURFACE('',#3600,0.2);
#3149=CYLINDRICAL_SURFACE('',#3612,0.500000000000003);
#3150=CYLINDRICAL_SURFACE('',#3614,0.2);
#3151=CYLINDRICAL_SURFACE('',#3618,0.2);
#3152=CYLINDRICAL_SURFACE('',#3621,2.00000000000001);
#3153=CYLINDRICAL_SURFACE('',#3623,2.00000000000001);
#3154=CYLINDRICAL_SURFACE('',#3625,2.);
#3155=CYLINDRICAL_SURFACE('',#3627,2.00000000000001);
#3156=CYLINDRICAL_SURFACE('',#3629,2.00000000000001);
#3157=CYLINDRICAL_SURFACE('',#3631,2.00000000000001);
#3158=CYLINDRICAL_SURFACE('',#3633,2.00000000000001);
#3159=CYLINDRICAL_SURFACE('',#3635,2.);
#3160=CYLINDRICAL_SURFACE('',#3637,2.00000000000001);
#3161=CYLINDRICAL_SURFACE('',#3639,2.00000000000001);
#3162=CYLINDRICAL_SURFACE('',#3641,2.00000000000001);
#3163=CYLINDRICAL_SURFACE('',#3643,2.);
#3164=CYLINDRICAL_SURFACE('',#3645,1.99999999999999);
#3165=CYLINDRICAL_SURFACE('',#3647,1.99999999999999);
#3166=CYLINDRICAL_SURFACE('',#3649,1.99999999999999);
#3167=CYLINDRICAL_SURFACE('',#3651,1.99999999999999);
#3168=CYLINDRICAL_SURFACE('',#3653,1.99999999999999);
#3169=CYLINDRICAL_SURFACE('',#3655,2.);
#3170=CYLINDRICAL_SURFACE('',#3657,1.99999999999999);
#3171=CYLINDRICAL_SURFACE('',#3659,1.99999999999999);
#3172=CYLINDRICAL_SURFACE('',#3661,1.99999999999999);
#3173=CYLINDRICAL_SURFACE('',#3663,1.99999999999999);
#3174=CYLINDRICAL_SURFACE('',#3665,1.99999999999999);
#3175=CYLINDRICAL_SURFACE('',#3667,1.99999999999999);
#3176=CYLINDRICAL_SURFACE('',#3672,5.00000000000001);
#3177=CYLINDRICAL_SURFACE('',#3673,5.00000000000001);
#3178=CYLINDRICAL_SURFACE('',#3674,5.);
#3179=ADVANCED_FACE('',(#145),#3111,.F.);
#3180=ADVANCED_FACE('',(#146),#43,.F.);
#3181=ADVANCED_FACE('',(#147),#3112,.F.);
#3182=ADVANCED_FACE('',(#148),#44,.F.);
#3183=ADVANCED_FACE('',(#149),#3113,.T.);
#3184=ADVANCED_FACE('',(#150,#27,#28,#29,#30,#31,#32,#33,#34,#35),#45,.F.);
#3185=ADVANCED_FACE('',(#151),#3114,.T.);
#3186=ADVANCED_FACE('',(#152),#46,.F.);
#3187=ADVANCED_FACE('',(#153),#47,.F.);
#3188=ADVANCED_FACE('',(#154),#48,.F.);
#3189=ADVANCED_FACE('',(#155),#3115,.T.);
#3190=ADVANCED_FACE('',(#156),#49,.T.);
#3191=ADVANCED_FACE('',(#157),#50,.T.);
#3192=ADVANCED_FACE('',(#158),#3116,.T.);
#3193=ADVANCED_FACE('',(#159),#51,.T.);
#3194=ADVANCED_FACE('',(#160),#52,.T.);
#3195=ADVANCED_FACE('',(#161),#3117,.T.);
#3196=ADVANCED_FACE('',(#162),#53,.T.);
#3197=ADVANCED_FACE('',(#163),#54,.T.);
#3198=ADVANCED_FACE('',(#164),#55,.T.);
#3199=ADVANCED_FACE('',(#165),#56,.T.);
#3200=ADVANCED_FACE('',(#166),#3118,.T.);
#3201=ADVANCED_FACE('',(#167),#57,.T.);
#3202=ADVANCED_FACE('',(#168),#58,.T.);
#3203=ADVANCED_FACE('',(#169),#3119,.T.);
#3204=ADVANCED_FACE('',(#170),#59,.T.);
#3205=ADVANCED_FACE('',(#171),#60,.T.);
#3206=ADVANCED_FACE('',(#172),#3120,.T.);
#3207=ADVANCED_FACE('',(#173),#61,.T.);
#3208=ADVANCED_FACE('',(#174),#62,.T.);
#3209=ADVANCED_FACE('',(#175),#63,.T.);
#3210=ADVANCED_FACE('',(#176),#3121,.T.);
#3211=ADVANCED_FACE('',(#177),#64,.T.);
#3212=ADVANCED_FACE('',(#178),#65,.T.);
#3213=ADVANCED_FACE('',(#179),#3122,.T.);
#3214=ADVANCED_FACE('',(#180),#66,.T.);
#3215=ADVANCED_FACE('',(#181),#67,.T.);
#3216=ADVANCED_FACE('',(#182),#3123,.T.);
#3217=ADVANCED_FACE('',(#183),#68,.T.);
#3218=ADVANCED_FACE('',(#184),#69,.T.);
#3219=ADVANCED_FACE('',(#185),#70,.T.);
#3220=ADVANCED_FACE('',(#186),#71,.T.);
#3221=ADVANCED_FACE('',(#187),#3124,.T.);
#3222=ADVANCED_FACE('',(#188),#72,.T.);
#3223=ADVANCED_FACE('',(#189),#73,.T.);
#3224=ADVANCED_FACE('',(#190),#3125,.T.);
#3225=ADVANCED_FACE('',(#191),#74,.T.);
#3226=ADVANCED_FACE('',(#192),#75,.T.);
#3227=ADVANCED_FACE('',(#193),#3126,.T.);
#3228=ADVANCED_FACE('',(#194),#76,.T.);
#3229=ADVANCED_FACE('',(#195),#77,.T.);
#3230=ADVANCED_FACE('',(#196),#78,.T.);
#3231=ADVANCED_FACE('',(#197),#79,.F.);
#3232=ADVANCED_FACE('',(#198),#80,.F.);
#3233=ADVANCED_FACE('',(#199),#3127,.T.);
#3234=ADVANCED_FACE('',(#200),#3128,.T.);
#3235=ADVANCED_FACE('',(#201),#81,.F.);
#3236=ADVANCED_FACE('',(#202),#82,.F.);
#3237=ADVANCED_FACE('',(#203),#3129,.T.);
#3238=ADVANCED_FACE('',(#204),#83,.F.);
#3239=ADVANCED_FACE('',(#205,#36,#37,#38,#39,#40,#41,#42),#84,.T.);
#3240=ADVANCED_FACE('',(#206),#3130,.T.);
#3241=ADVANCED_FACE('',(#207),#85,.F.);
#3242=ADVANCED_FACE('',(#208),#3131,.T.);
#3243=ADVANCED_FACE('',(#209),#3132,.T.);
#3244=ADVANCED_FACE('',(#210),#3133,.T.);
#3245=ADVANCED_FACE('',(#211),#86,.T.);
#3246=ADVANCED_FACE('',(#212),#87,.T.);
#3247=ADVANCED_FACE('',(#213),#3134,.T.);
#3248=ADVANCED_FACE('',(#214),#3135,.T.);
#3249=ADVANCED_FACE('',(#215),#3136,.T.);
#3250=ADVANCED_FACE('',(#216),#88,.T.);
#3251=ADVANCED_FACE('',(#217),#89,.T.);
#3252=ADVANCED_FACE('',(#218),#3137,.T.);
#3253=ADVANCED_FACE('',(#219),#15,.T.);
#3254=ADVANCED_FACE('',(#220),#3138,.T.);
#3255=ADVANCED_FACE('',(#221),#16,.T.);
#3256=ADVANCED_FACE('',(#222),#3139,.T.);
#3257=ADVANCED_FACE('',(#223),#3140,.T.);
#3258=ADVANCED_FACE('',(#224),#3141,.T.);
#3259=ADVANCED_FACE('',(#225),#3142,.T.);
#3260=ADVANCED_FACE('',(#226),#90,.T.);
#3261=ADVANCED_FACE('',(#227),#91,.T.);
#3262=ADVANCED_FACE('',(#228),#92,.T.);
#3263=ADVANCED_FACE('',(#229),#93,.T.);
#3264=ADVANCED_FACE('',(#230),#3143,.T.);
#3265=ADVANCED_FACE('',(#231),#94,.F.);
#3266=ADVANCED_FACE('',(#232),#95,.T.);
#3267=ADVANCED_FACE('',(#233),#96,.T.);
#3268=ADVANCED_FACE('',(#234),#97,.F.);
#3269=ADVANCED_FACE('',(#235),#98,.F.);
#3270=ADVANCED_FACE('',(#236),#99,.F.);
#3271=ADVANCED_FACE('',(#237),#100,.T.);
#3272=ADVANCED_FACE('',(#238),#101,.T.);
#3273=ADVANCED_FACE('',(#239),#3144,.F.);
#3274=ADVANCED_FACE('',(#240),#102,.T.);
#3275=ADVANCED_FACE('',(#241),#103,.T.);
#3276=ADVANCED_FACE('',(#242),#104,.T.);
#3277=ADVANCED_FACE('',(#243),#3145,.T.);
#3278=ADVANCED_FACE('',(#244),#105,.T.);
#3279=ADVANCED_FACE('',(#245),#3146,.F.);
#3280=ADVANCED_FACE('',(#246),#106,.T.);
#3281=ADVANCED_FACE('',(#247),#107,.T.);
#3282=ADVANCED_FACE('',(#248),#108,.T.);
#3283=ADVANCED_FACE('',(#249),#3147,.T.);
#3284=ADVANCED_FACE('',(#250),#3148,.F.);
#3285=ADVANCED_FACE('',(#251),#109,.T.);
#3286=ADVANCED_FACE('',(#252),#110,.T.);
#3287=ADVANCED_FACE('',(#253),#111,.T.);
#3288=ADVANCED_FACE('',(#254),#3149,.T.);
#3289=ADVANCED_FACE('',(#255),#112,.T.);
#3290=ADVANCED_FACE('',(#256),#3150,.F.);
#3291=ADVANCED_FACE('',(#257),#113,.T.);
#3292=ADVANCED_FACE('',(#258),#114,.T.);
#3293=ADVANCED_FACE('',(#259),#115,.T.);
#3294=ADVANCED_FACE('',(#260),#3151,.T.);
#3295=ADVANCED_FACE('',(#261),#116,.T.);
#3296=ADVANCED_FACE('',(#262),#117,.T.);
#3297=ADVANCED_FACE('',(#263),#3152,.F.);
#3298=ADVANCED_FACE('',(#264),#118,.T.);
#3299=ADVANCED_FACE('',(#265),#3153,.F.);
#3300=ADVANCED_FACE('',(#266),#119,.T.);
#3301=ADVANCED_FACE('',(#267),#3154,.F.);
#3302=ADVANCED_FACE('',(#268),#120,.T.);
#3303=ADVANCED_FACE('',(#269),#3155,.F.);
#3304=ADVANCED_FACE('',(#270),#121,.T.);
#3305=ADVANCED_FACE('',(#271),#3156,.F.);
#3306=ADVANCED_FACE('',(#272),#122,.T.);
#3307=ADVANCED_FACE('',(#273),#3157,.F.);
#3308=ADVANCED_FACE('',(#274),#123,.T.);
#3309=ADVANCED_FACE('',(#275),#3158,.F.);
#3310=ADVANCED_FACE('',(#276),#124,.T.);
#3311=ADVANCED_FACE('',(#277),#3159,.F.);
#3312=ADVANCED_FACE('',(#278),#125,.T.);
#3313=ADVANCED_FACE('',(#279),#3160,.F.);
#3314=ADVANCED_FACE('',(#280),#126,.T.);
#3315=ADVANCED_FACE('',(#281),#3161,.F.);
#3316=ADVANCED_FACE('',(#282),#127,.T.);
#3317=ADVANCED_FACE('',(#283),#3162,.F.);
#3318=ADVANCED_FACE('',(#284),#128,.T.);
#3319=ADVANCED_FACE('',(#285),#3163,.F.);
#3320=ADVANCED_FACE('',(#286),#129,.T.);
#3321=ADVANCED_FACE('',(#287),#3164,.F.);
#3322=ADVANCED_FACE('',(#288),#130,.T.);
#3323=ADVANCED_FACE('',(#289),#3165,.F.);
#3324=ADVANCED_FACE('',(#290),#131,.T.);
#3325=ADVANCED_FACE('',(#291),#3166,.F.);
#3326=ADVANCED_FACE('',(#292),#132,.T.);
#3327=ADVANCED_FACE('',(#293),#3167,.F.);
#3328=ADVANCED_FACE('',(#294),#133,.T.);
#3329=ADVANCED_FACE('',(#295),#3168,.F.);
#3330=ADVANCED_FACE('',(#296),#134,.T.);
#3331=ADVANCED_FACE('',(#297),#3169,.F.);
#3332=ADVANCED_FACE('',(#298),#135,.T.);
#3333=ADVANCED_FACE('',(#299),#3170,.F.);
#3334=ADVANCED_FACE('',(#300),#136,.T.);
#3335=ADVANCED_FACE('',(#301),#3171,.F.);
#3336=ADVANCED_FACE('',(#302),#137,.T.);
#3337=ADVANCED_FACE('',(#303),#3172,.F.);
#3338=ADVANCED_FACE('',(#304),#138,.T.);
#3339=ADVANCED_FACE('',(#305),#3173,.F.);
#3340=ADVANCED_FACE('',(#306),#139,.T.);
#3341=ADVANCED_FACE('',(#307),#3174,.F.);
#3342=ADVANCED_FACE('',(#308),#140,.T.);
#3343=ADVANCED_FACE('',(#309),#3175,.F.);
#3344=ADVANCED_FACE('',(#310),#141,.T.);
#3345=ADVANCED_FACE('',(#311),#142,.T.);
#3346=ADVANCED_FACE('',(#312),#143,.T.);
#3347=ADVANCED_FACE('',(#313),#144,.T.);
#3348=ADVANCED_FACE('',(#314),#3176,.T.);
#3349=ADVANCED_FACE('',(#315),#3177,.T.);
#3350=ADVANCED_FACE('',(#316),#3178,.T.);
#3351=CLOSED_SHELL('',(#3179,#3180,#3181,#3182,#3183,#3184,#3185,#3186,
#3187,#3188,#3189,#3190,#3191,#3192,#3193,#3194,#3195,#3196,#3197,#3198,
#3199,#3200,#3201,#3202,#3203,#3204,#3205,#3206,#3207,#3208,#3209,#3210,
#3211,#3212,#3213,#3214,#3215,#3216,#3217,#3218,#3219,#3220,#3221,#3222,
#3223,#3224,#3225,#3226,#3227,#3228,#3229,#3230,#3231,#3232,#3233,#3234,
#3235,#3236,#3237,#3238,#3239,#3240,#3241,#3242,#3243,#3244,#3245,#3246,
#3247,#3248,#3249,#3250,#3251,#3252,#3253,#3254,#3255,#3256,#3257,#3258,
#3259,#3260,#3261,#3262,#3263,#3264,#3265,#3266,#3267,#3268,#3269,#3270,
#3271,#3272,#3273,#3274,#3275,#3276,#3277,#3278,#3279,#3280,#3281,#3282,
#3283,#3284,#3285,#3286,#3287,#3288,#3289,#3290,#3291,#3292,#3293,#3294,
#3295,#3296,#3297,#3298,#3299,#3300,#3301,#3302,#3303,#3304,#3305,#3306,
#3307,#3308,#3309,#3310,#3311,#3312,#3313,#3314,#3315,#3316,#3317,#3318,
#3319,#3320,#3321,#3322,#3323,#3324,#3325,#3326,#3327,#3328,#3329,#3330,
#3331,#3332,#3333,#3334,#3335,#3336,#3337,#3338,#3339,#3340,#3341,#3342,
#3343,#3344,#3345,#3346,#3347,#3348,#3349,#3350));
#3352=DERIVED_UNIT_ELEMENT(#3354,1.);
#3353=DERIVED_UNIT_ELEMENT(#5630,-3.);
#3354=(
MASS_UNIT()
NAMED_UNIT(*)
SI_UNIT(.KILO.,.GRAM.)
);
#3355=DERIVED_UNIT((#3352,#3353));
#3356=MEASURE_REPRESENTATION_ITEM('density measure',
POSITIVE_RATIO_MEASURE(7850.),#3355);
#3357=PROPERTY_DEFINITION_REPRESENTATION(#3362,#3359);
#3358=PROPERTY_DEFINITION_REPRESENTATION(#3363,#3360);
#3359=REPRESENTATION('material name',(#3361),#5627);
#3360=REPRESENTATION('density',(#3356),#5627);
#3361=DESCRIPTIVE_REPRESENTATION_ITEM('Steel','Steel');
#3362=PROPERTY_DEFINITION('material property','material name',#5637);
#3363=PROPERTY_DEFINITION('material property','density of part',#5637);
#3364=AXIS2_PLACEMENT_3D('',#4646,#3675,#3676);
#3365=AXIS2_PLACEMENT_3D('',#4647,#3677,#3678);
#3366=AXIS2_PLACEMENT_3D('',#4650,#3679,#3680);
#3367=AXIS2_PLACEMENT_3D('',#4654,#3682,#3683);
#3368=AXIS2_PLACEMENT_3D('',#4656,#3685,#3686);
#3369=AXIS2_PLACEMENT_3D('',#4662,#3690,#3691);
#3370=AXIS2_PLACEMENT_3D('',#4665,#3692,#3693);
#3371=AXIS2_PLACEMENT_3D('',#4669,#3695,#3696);
#3372=AXIS2_PLACEMENT_3D('',#4671,#3698,#3699);
#3373=AXIS2_PLACEMENT_3D('',#4674,#3702,#3703);
#3374=AXIS2_PLACEMENT_3D('',#4676,#3704,#3705);
#3375=AXIS2_PLACEMENT_3D('',#4679,#3707,#3708);
#3376=AXIS2_PLACEMENT_3D('',#4680,#3709,#3710);
#3377=AXIS2_PLACEMENT_3D('',#4684,#3712,#3713);
#3378=AXIS2_PLACEMENT_3D('',#4688,#3715,#3716);
#3379=AXIS2_PLACEMENT_3D('',#4696,#3720,#3721);
#3380=AXIS2_PLACEMENT_3D('',#4716,#3731,#3732);
#3381=AXIS2_PLACEMENT_3D('',#4720,#3734,#3735);
#3382=AXIS2_PLACEMENT_3D('',#4724,#3737,#3738);
#3383=AXIS2_PLACEMENT_3D('',#4728,#3740,#3741);
#3384=AXIS2_PLACEMENT_3D('',#4732,#3743,#3744);
#3385=AXIS2_PLACEMENT_3D('',#4736,#3746,#3747);
#3386=AXIS2_PLACEMENT_3D('',#4740,#3749,#3750);
#3387=AXIS2_PLACEMENT_3D('',#4744,#3752,#3753);
#3388=AXIS2_PLACEMENT_3D('',#4748,#3755,#3756);
#3389=AXIS2_PLACEMENT_3D('',#4752,#3758,#3759);
#3390=AXIS2_PLACEMENT_3D('',#4756,#3761,#3762);
#3391=AXIS2_PLACEMENT_3D('',#4760,#3764,#3765);
#3392=AXIS2_PLACEMENT_3D('',#4764,#3767,#3768);
#3393=AXIS2_PLACEMENT_3D('',#4768,#3770,#3771);
#3394=AXIS2_PLACEMENT_3D('',#4772,#3773,#3774);
#3395=AXIS2_PLACEMENT_3D('',#4776,#3776,#3777);
#3396=AXIS2_PLACEMENT_3D('',#4780,#3779,#3780);
#3397=AXIS2_PLACEMENT_3D('',#4784,#3782,#3783);
#3398=AXIS2_PLACEMENT_3D('',#4788,#3785,#3786);
#3399=AXIS2_PLACEMENT_3D('',#4792,#3788,#3789);
#3400=AXIS2_PLACEMENT_3D('',#4796,#3791,#3792);
#3401=AXIS2_PLACEMENT_3D('',#4800,#3794,#3795);
#3402=AXIS2_PLACEMENT_3D('',#4804,#3797,#3798);
#3403=AXIS2_PLACEMENT_3D('',#4808,#3800,#3801);
#3404=AXIS2_PLACEMENT_3D('',#4818,#3807,#3808);
#3405=AXIS2_PLACEMENT_3D('',#4822,#3810,#3811);
#3406=AXIS2_PLACEMENT_3D('',#4824,#3813,#3814);
#3407=AXIS2_PLACEMENT_3D('',#4828,#3817,#3818);
#3408=AXIS2_PLACEMENT_3D('',#4830,#3820,#3821);
#3409=AXIS2_PLACEMENT_3D('',#4834,#3824,#3825);
#3410=AXIS2_PLACEMENT_3D('',#4837,#3826,#3827);
#3411=AXIS2_PLACEMENT_3D('',#4841,#3829,#3830);
#3412=AXIS2_PLACEMENT_3D('',#4843,#3832,#3833);
#3413=AXIS2_PLACEMENT_3D('',#4853,#3838,#3839);
#3414=AXIS2_PLACEMENT_3D('',#4855,#3841,#3842);
#3415=AXIS2_PLACEMENT_3D('',#4859,#3844,#3845);
#3416=AXIS2_PLACEMENT_3D('',#4863,#3848,#3849);
#3417=AXIS2_PLACEMENT_3D('',#4867,#3851,#3852);
#3418=AXIS2_PLACEMENT_3D('',#4869,#3854,#3855);
#3419=AXIS2_PLACEMENT_3D('',#4873,#3857,#3858);
#3420=AXIS2_PLACEMENT_3D('',#4879,#3862,#3863);
#3421=AXIS2_PLACEMENT_3D('',#4882,#3866,#3867);
#3422=AXIS2_PLACEMENT_3D('',#4884,#3869,#3870);
#3423=AXIS2_PLACEMENT_3D('',#4885,#3871,#3872);
#3424=AXIS2_PLACEMENT_3D('',#4887,#3874,#3875);
#3425=AXIS2_PLACEMENT_3D('',#4893,#3879,#3880);
#3426=AXIS2_PLACEMENT_3D('',#4899,#3884,#3885);
#3427=AXIS2_PLACEMENT_3D('',#4902,#3886,#3887);
#3428=AXIS2_PLACEMENT_3D('',#4906,#3889,#3890);
#3429=AXIS2_PLACEMENT_3D('',#4908,#3892,#3893);
#3430=AXIS2_PLACEMENT_3D('',#4915,#3897,#3898);
#3431=AXIS2_PLACEMENT_3D('',#4917,#3900,#3901);
#3432=AXIS2_PLACEMENT_3D('',#4921,#3903,#3904);
#3433=AXIS2_PLACEMENT_3D('',#4925,#3907,#3908);
#3434=AXIS2_PLACEMENT_3D('',#4929,#3910,#3911);
#3435=AXIS2_PLACEMENT_3D('',#4931,#3913,#3914);
#3436=AXIS2_PLACEMENT_3D('',#4935,#3916,#3917);
#3437=AXIS2_PLACEMENT_3D('',#4941,#3921,#3922);
#3438=AXIS2_PLACEMENT_3D('',#4944,#3925,#3926);
#3439=AXIS2_PLACEMENT_3D('',#4946,#3928,#3929);
#3440=AXIS2_PLACEMENT_3D('',#4947,#3930,#3931);
#3441=AXIS2_PLACEMENT_3D('',#4949,#3933,#3934);
#3442=AXIS2_PLACEMENT_3D('',#4955,#3938,#3939);
#3443=AXIS2_PLACEMENT_3D('',#4958,#3940,#3941);
#3444=AXIS2_PLACEMENT_3D('',#4962,#3943,#3944);
#3445=AXIS2_PLACEMENT_3D('',#4964,#3946,#3947);
#3446=AXIS2_PLACEMENT_3D('',#4974,#3952,#3953);
#3447=AXIS2_PLACEMENT_3D('',#4976,#3955,#3956);
#3448=AXIS2_PLACEMENT_3D('',#4980,#3958,#3959);
#3449=AXIS2_PLACEMENT_3D('',#4984,#3962,#3963);
#3450=AXIS2_PLACEMENT_3D('',#4988,#3965,#3966);
#3451=AXIS2_PLACEMENT_3D('',#4990,#3968,#3969);
#3452=AXIS2_PLACEMENT_3D('',#4994,#3971,#3972);
#3453=AXIS2_PLACEMENT_3D('',#5000,#3976,#3977);
#3454=AXIS2_PLACEMENT_3D('',#5003,#3980,#3981);
#3455=AXIS2_PLACEMENT_3D('',#5005,#3983,#3984);
#3456=AXIS2_PLACEMENT_3D('',#5006,#3985,#3986);
#3457=AXIS2_PLACEMENT_3D('',#5008,#3988,#3989);
#3458=AXIS2_PLACEMENT_3D('',#5014,#3993,#3994);
#3459=AXIS2_PLACEMENT_3D('',#5020,#3998,#3999);
#3460=AXIS2_PLACEMENT_3D('',#5023,#4000,#4001);
#3461=AXIS2_PLACEMENT_3D('',#5027,#4003,#4004);
#3462=AXIS2_PLACEMENT_3D('',#5029,#4006,#4007);
#3463=AXIS2_PLACEMENT_3D('',#5036,#4011,#4012);
#3464=AXIS2_PLACEMENT_3D('',#5038,#4014,#4015);
#3465=AXIS2_PLACEMENT_3D('',#5042,#4017,#4018);
#3466=AXIS2_PLACEMENT_3D('',#5046,#4021,#4022);
#3467=AXIS2_PLACEMENT_3D('',#5050,#4024,#4025);
#3468=AXIS2_PLACEMENT_3D('',#5052,#4027,#4028);
#3469=AXIS2_PLACEMENT_3D('',#5056,#4030,#4031);
#3470=AXIS2_PLACEMENT_3D('',#5062,#4035,#4036);
#3471=AXIS2_PLACEMENT_3D('',#5065,#4039,#4040);
#3472=AXIS2_PLACEMENT_3D('',#5067,#4042,#4043);
#3473=AXIS2_PLACEMENT_3D('',#5068,#4044,#4045);
#3474=AXIS2_PLACEMENT_3D('',#5070,#4047,#4048);
#3475=AXIS2_PLACEMENT_3D('',#5076,#4052,#4053);
#3476=AXIS2_PLACEMENT_3D('',#5080,#4055,#4056);
#3477=AXIS2_PLACEMENT_3D('',#5082,#4058,#4059);
#3478=AXIS2_PLACEMENT_3D('',#5096,#4066,#4067);
#3479=AXIS2_PLACEMENT_3D('',#5097,#4068,#4069);
#3480=AXIS2_PLACEMENT_3D('',#5099,#4071,#4072);
#3481=AXIS2_PLACEMENT_3D('',#5101,#4073,#4074);
#3482=AXIS2_PLACEMENT_3D('',#5103,#4076,#4077);
#3483=AXIS2_PLACEMENT_3D('',#5107,#4080,#4081);
#3484=AXIS2_PLACEMENT_3D('',#5111,#4084,#4085);
#3485=AXIS2_PLACEMENT_3D('',#5114,#4086,#4087);
#3486=AXIS2_PLACEMENT_3D('',#5118,#4089,#4090);
#3487=AXIS2_PLACEMENT_3D('',#5120,#4092,#4093);
#3488=AXIS2_PLACEMENT_3D('',#5126,#4097,#4098);
#3489=AXIS2_PLACEMENT_3D('',#5128,#4099,#4100);
#3490=AXIS2_PLACEMENT_3D('',#5131,#4102,#4103);
#3491=AXIS2_PLACEMENT_3D('',#5134,#4105,#4106);
#3492=AXIS2_PLACEMENT_3D('',#5136,#4107,#4108);
#3493=AXIS2_PLACEMENT_3D('',#5140,#4110,#4111);
#3494=AXIS2_PLACEMENT_3D('',#5142,#4112,#4113);
#3495=AXIS2_PLACEMENT_3D('',#5153,#4119,#4120);
#3496=AXIS2_PLACEMENT_3D('',#5157,#4122,#4123);
#3497=AXIS2_PLACEMENT_3D('',#5161,#4125,#4126);
#3498=AXIS2_PLACEMENT_3D('',#5165,#4128,#4129);
#3499=AXIS2_PLACEMENT_3D('',#5169,#4131,#4132);
#3500=AXIS2_PLACEMENT_3D('',#5173,#4134,#4135);
#3501=AXIS2_PLACEMENT_3D('',#5177,#4137,#4138);
#3502=AXIS2_PLACEMENT_3D('',#5181,#4140,#4141);
#3503=AXIS2_PLACEMENT_3D('',#5185,#4143,#4144);
#3504=AXIS2_PLACEMENT_3D('',#5189,#4146,#4147);
#3505=AXIS2_PLACEMENT_3D('',#5193,#4149,#4150);
#3506=AXIS2_PLACEMENT_3D('',#5197,#4152,#4153);
#3507=AXIS2_PLACEMENT_3D('',#5201,#4155,#4156);
#3508=AXIS2_PLACEMENT_3D('',#5205,#4158,#4159);
#3509=AXIS2_PLACEMENT_3D('',#5209,#4161,#4162);
#3510=AXIS2_PLACEMENT_3D('',#5213,#4164,#4165);
#3511=AXIS2_PLACEMENT_3D('',#5217,#4167,#4168);
#3512=AXIS2_PLACEMENT_3D('',#5221,#4170,#4171);
#3513=AXIS2_PLACEMENT_3D('',#5225,#4173,#4174);
#3514=AXIS2_PLACEMENT_3D('',#5229,#4176,#4177);
#3515=AXIS2_PLACEMENT_3D('',#5233,#4179,#4180);
#3516=AXIS2_PLACEMENT_3D('',#5237,#4182,#4183);
#3517=AXIS2_PLACEMENT_3D('',#5241,#4185,#4186);
#3518=AXIS2_PLACEMENT_3D('',#5245,#4188,#4189);
#3519=AXIS2_PLACEMENT_3D('',#5255,#4195,#4196);
#3520=AXIS2_PLACEMENT_3D('',#5258,#4197,#4198);
#3521=AXIS2_PLACEMENT_3D('',#5261,#4201,#4202);
#3522=AXIS2_PLACEMENT_3D('',#5265,#4205,#4206);
#3523=AXIS2_PLACEMENT_3D('',#5267,#4207,#4208);
#3524=AXIS2_PLACEMENT_3D('',#5269,#4210,#4211);
#3525=AXIS2_PLACEMENT_3D('',#5272,#4213,#4214);
#3526=AXIS2_PLACEMENT_3D('',#5273,#4215,#4216);
#3527=AXIS2_PLACEMENT_3D('',#5276,#4217,#4218);
#3528=AXIS2_PLACEMENT_3D('',#5280,#4220,#4221);
#3529=AXIS2_PLACEMENT_3D('',#5282,#4222,#4223);
#3530=AXIS2_PLACEMENT_3D('',#5284,#4225,#4226);
#3531=AXIS2_PLACEMENT_3D('',#5286,#4227,#4228);
#3532=AXIS2_PLACEMENT_3D('',#5290,#4231,#4232);
#3533=AXIS2_PLACEMENT_3D('',#5295,#4234,#4235);
#3534=AXIS2_PLACEMENT_3D('',#5298,#4237,#4238);
#3535=AXIS2_PLACEMENT_3D('',#5299,#4239,#4240);
#3536=AXIS2_PLACEMENT_3D('',#5302,#4242,#4243);
#3537=AXIS2_PLACEMENT_3D('',#5304,#4245,#4246);
#3538=AXIS2_PLACEMENT_3D('',#5307,#4247,#4248);
#3539=AXIS2_PLACEMENT_3D('',#5309,#4249,#4250);
#3540=AXIS2_PLACEMENT_3D('',#5313,#4252,#4253);
#3541=AXIS2_PLACEMENT_3D('',#5315,#4255,#4256);
#3542=AXIS2_PLACEMENT_3D('',#5321,#4259,#4260);
#3543=AXIS2_PLACEMENT_3D('',#5324,#4262,#4263);
#3544=AXIS2_PLACEMENT_3D('',#5325,#4264,#4265);
#3545=AXIS2_PLACEMENT_3D('',#5329,#4268,#4269);
#3546=AXIS2_PLACEMENT_3D('',#5334,#4272,#4273);
#3547=AXIS2_PLACEMENT_3D('',#5335,#4274,#4275);
#3548=AXIS2_PLACEMENT_3D('',#5339,#4277,#4278);
#3549=AXIS2_PLACEMENT_3D('',#5340,#4279,#4280);
#3550=AXIS2_PLACEMENT_3D('',#5341,#4281,#4282);
#3551=AXIS2_PLACEMENT_3D('',#5344,#4283,#4284);
#3552=AXIS2_PLACEMENT_3D('',#5345,#4285,#4286);
#3553=AXIS2_PLACEMENT_3D('',#5346,#4287,#4288);
#3554=AXIS2_PLACEMENT_3D('',#5347,#4289,#4290);
#3555=AXIS2_PLACEMENT_3D('',#5350,#4292,#4293);
#3556=AXIS2_PLACEMENT_3D('',#5351,#4294,#4295);
#3557=AXIS2_PLACEMENT_3D('',#5353,#4296,#4297);
#3558=AXIS2_PLACEMENT_3D('',#5354,#4298,#4299);
#3559=AXIS2_PLACEMENT_3D('',#5355,#4300,#4301);
#3560=AXIS2_PLACEMENT_3D('',#5357,#4303,#4304);
#3561=AXIS2_PLACEMENT_3D('',#5361,#4307,#4308);
#3562=AXIS2_PLACEMENT_3D('',#5362,#4309,#4310);
#3563=AXIS2_PLACEMENT_3D('',#5364,#4312,#4313);
#3564=AXIS2_PLACEMENT_3D('',#5368,#4317,#4318);
#3565=AXIS2_PLACEMENT_3D('',#5370,#4320,#4321);
#3566=AXIS2_PLACEMENT_3D('',#5374,#4324,#4325);
#3567=AXIS2_PLACEMENT_3D('',#5375,#4326,#4327);
#3568=AXIS2_PLACEMENT_3D('',#5377,#4329,#4330);
#3569=AXIS2_PLACEMENT_3D('',#5379,#4331,#4332);
#3570=AXIS2_PLACEMENT_3D('',#5381,#4334,#4335);
#3571=AXIS2_PLACEMENT_3D('',#5384,#4337,#4338);
#3572=AXIS2_PLACEMENT_3D('',#5396,#4346,#4347);
#3573=AXIS2_PLACEMENT_3D('',#5397,#4348,#4349);
#3574=AXIS2_PLACEMENT_3D('',#5399,#4351,#4352);
#3575=AXIS2_PLACEMENT_3D('',#5401,#4354,#4355);
#3576=AXIS2_PLACEMENT_3D('',#5402,#4356,#4357);
#3577=AXIS2_PLACEMENT_3D('',#5404,#4359,#4360);
#3578=AXIS2_PLACEMENT_3D('',#5405,#4361,#4362);
#3579=AXIS2_PLACEMENT_3D('',#5406,#4363,#4364);
#3580=AXIS2_PLACEMENT_3D('',#5408,#4366,#4367);
#3581=AXIS2_PLACEMENT_3D('',#5410,#4369,#4370);
#3582=AXIS2_PLACEMENT_3D('',#5412,#4371,#4372);
#3583=AXIS2_PLACEMENT_3D('',#5415,#4374,#4375);
#3584=AXIS2_PLACEMENT_3D('',#5416,#4376,#4377);
#3585=AXIS2_PLACEMENT_3D('',#5420,#4379,#4380);
#3586=AXIS2_PLACEMENT_3D('',#5424,#4382,#4383);
#3587=AXIS2_PLACEMENT_3D('',#5430,#4386,#4387);
#3588=AXIS2_PLACEMENT_3D('',#5432,#4389,#4390);
#3589=AXIS2_PLACEMENT_3D('',#5436,#4392,#4393);
#3590=AXIS2_PLACEMENT_3D('',#5442,#4396,#4397);
#3591=AXIS2_PLACEMENT_3D('',#5446,#4399,#4400);
#3592=AXIS2_PLACEMENT_3D('',#5448,#4402,#4403);
#3593=AXIS2_PLACEMENT_3D('',#5451,#4406,#4407);
#3594=AXIS2_PLACEMENT_3D('',#5453,#4409,#4410);
#3595=AXIS2_PLACEMENT_3D('',#5456,#4413,#4414);
#3596=AXIS2_PLACEMENT_3D('',#5458,#4416,#4417);
#3597=AXIS2_PLACEMENT_3D('',#5459,#4418,#4419);
#3598=AXIS2_PLACEMENT_3D('',#5460,#4420,#4421);
#3599=AXIS2_PLACEMENT_3D('',#5462,#4423,#4424);
#3600=AXIS2_PLACEMENT_3D('',#5463,#4425,#4426);
#3601=AXIS2_PLACEMENT_3D('',#5465,#4427,#4428);
#3602=AXIS2_PLACEMENT_3D('',#5468,#4430,#4431);
#3603=AXIS2_PLACEMENT_3D('',#5469,#4432,#4433);
#3604=AXIS2_PLACEMENT_3D('',#5473,#4435,#4436);
#3605=AXIS2_PLACEMENT_3D('',#5477,#4438,#4439);
#3606=AXIS2_PLACEMENT_3D('',#5483,#4442,#4443);
#3607=AXIS2_PLACEMENT_3D('',#5485,#4445,#4446);
#3608=AXIS2_PLACEMENT_3D('',#5489,#4448,#4449);
#3609=AXIS2_PLACEMENT_3D('',#5495,#4452,#4453);
#3610=AXIS2_PLACEMENT_3D('',#5499,#4455,#4456);
#3611=AXIS2_PLACEMENT_3D('',#5501,#4458,#4459);
#3612=AXIS2_PLACEMENT_3D('',#5504,#4462,#4463);
#3613=AXIS2_PLACEMENT_3D('',#5506,#4465,#4466);
#3614=AXIS2_PLACEMENT_3D('',#5509,#4469,#4470);
#3615=AXIS2_PLACEMENT_3D('',#5511,#4472,#4473);
#3616=AXIS2_PLACEMENT_3D('',#5512,#4474,#4475);
#3617=AXIS2_PLACEMENT_3D('',#5513,#4476,#4477);
#3618=AXIS2_PLACEMENT_3D('',#5515,#4479,#4480);
#3619=AXIS2_PLACEMENT_3D('',#5516,#4481,#4482);
#3620=AXIS2_PLACEMENT_3D('',#5517,#4483,#4484);
#3621=AXIS2_PLACEMENT_3D('',#5520,#4487,#4488);
#3622=AXIS2_PLACEMENT_3D('',#5522,#4490,#4491);
#3623=AXIS2_PLACEMENT_3D('',#5524,#4493,#4494);
#3624=AXIS2_PLACEMENT_3D('',#5526,#4496,#4497);
#3625=AXIS2_PLACEMENT_3D('',#5528,#4499,#4500);
#3626=AXIS2_PLACEMENT_3D('',#5530,#4502,#4503);
#3627=AXIS2_PLACEMENT_3D('',#5532,#4505,#4506);
#3628=AXIS2_PLACEMENT_3D('',#5533,#4507,#4508);
#3629=AXIS2_PLACEMENT_3D('',#5536,#4511,#4512);
#3630=AXIS2_PLACEMENT_3D('',#5538,#4514,#4515);
#3631=AXIS2_PLACEMENT_3D('',#5540,#4517,#4518);
#3632=AXIS2_PLACEMENT_3D('',#5542,#4520,#4521);
#3633=AXIS2_PLACEMENT_3D('',#5544,#4523,#4524);
#3634=AXIS2_PLACEMENT_3D('',#5546,#4526,#4527);
#3635=AXIS2_PLACEMENT_3D('',#5548,#4529,#4530);
#3636=AXIS2_PLACEMENT_3D('',#5549,#4531,#4532);
#3637=AXIS2_PLACEMENT_3D('',#5552,#4535,#4536);
#3638=AXIS2_PLACEMENT_3D('',#5554,#4538,#4539);
#3639=AXIS2_PLACEMENT_3D('',#5556,#4541,#4542);
#3640=AXIS2_PLACEMENT_3D('',#5558,#4544,#4545);
#3641=AXIS2_PLACEMENT_3D('',#5560,#4547,#4548);
#3642=AXIS2_PLACEMENT_3D('',#5562,#4550,#4551);
#3643=AXIS2_PLACEMENT_3D('',#5564,#4553,#4554);
#3644=AXIS2_PLACEMENT_3D('',#5565,#4555,#4556);
#3645=AXIS2_PLACEMENT_3D('',#5568,#4559,#4560);
#3646=AXIS2_PLACEMENT_3D('',#5570,#4562,#4563);
#3647=AXIS2_PLACEMENT_3D('',#5572,#4565,#4566);
#3648=AXIS2_PLACEMENT_3D('',#5574,#4568,#4569);
#3649=AXIS2_PLACEMENT_3D('',#5576,#4571,#4572);
#3650=AXIS2_PLACEMENT_3D('',#5578,#4574,#4575);
#3651=AXIS2_PLACEMENT_3D('',#5580,#4577,#4578);
#3652=AXIS2_PLACEMENT_3D('',#5581,#4579,#4580);
#3653=AXIS2_PLACEMENT_3D('',#5584,#4583,#4584);
#3654=AXIS2_PLACEMENT_3D('',#5586,#4586,#4587);
#3655=AXIS2_PLACEMENT_3D('',#5588,#4589,#4590);
#3656=AXIS2_PLACEMENT_3D('',#5590,#4592,#4593);
#3657=AXIS2_PLACEMENT_3D('',#5592,#4595,#4596);
#3658=AXIS2_PLACEMENT_3D('',#5594,#4598,#4599);
#3659=AXIS2_PLACEMENT_3D('',#5596,#4601,#4602);
#3660=AXIS2_PLACEMENT_3D('',#5597,#4603,#4604);
#3661=AXIS2_PLACEMENT_3D('',#5600,#4607,#4608);
#3662=AXIS2_PLACEMENT_3D('',#5602,#4610,#4611);
#3663=AXIS2_PLACEMENT_3D('',#5604,#4613,#4614);
#3664=AXIS2_PLACEMENT_3D('',#5606,#4616,#4617);
#3665=AXIS2_PLACEMENT_3D('',#5608,#4619,#4620);
#3666=AXIS2_PLACEMENT_3D('',#5610,#4622,#4623);
#3667=AXIS2_PLACEMENT_3D('',#5612,#4625,#4626);
#3668=AXIS2_PLACEMENT_3D('',#5613,#4627,#4628);
#3669=AXIS2_PLACEMENT_3D('',#5616,#4631,#4632);
#3670=AXIS2_PLACEMENT_3D('',#5618,#4634,#4635);
#3671=AXIS2_PLACEMENT_3D('',#5620,#4637,#4638);
#3672=AXIS2_PLACEMENT_3D('',#5621,#4639,#4640);
#3673=AXIS2_PLACEMENT_3D('',#5623,#4642,#4643);
#3674=AXIS2_PLACEMENT_3D('',#5624,#4644,#4645);
#3675=DIRECTION('axis',(0.,0.,1.));
#3676=DIRECTION('refdir',(1.,0.,0.));
#3677=DIRECTION('center_axis',(0.,0.,-1.));
#3678=DIRECTION('ref_axis',(-0.707106781186551,0.707106781186544,0.));
#3679=DIRECTION('center_axis',(0.,0.,-1.));
#3680=DIRECTION('ref_axis',(-0.707106781186551,0.707106781186544,0.));
#3681=DIRECTION('',(0.,0.,-1.));
#3682=DIRECTION('center_axis',(0.,0.,-1.));
#3683=DIRECTION('ref_axis',(-0.707106781186551,0.707106781186544,0.));
#3684=DIRECTION('',(0.,0.,1.));
#3685=DIRECTION('center_axis',(0.,1.,0.));
#3686=DIRECTION('ref_axis',(0.,0.,-1.));
#3687=DIRECTION('',(-1.,0.,0.));
#3688=DIRECTION('',(0.,0.,-1.));
#3689=DIRECTION('',(-1.,0.,0.));
#3690=DIRECTION('center_axis',(0.,0.,1.));
#3691=DIRECTION('ref_axis',(-0.707106781186551,-0.707106781186544,0.));
#3692=DIRECTION('center_axis',(0.,0.,-1.));
#3693=DIRECTION('ref_axis',(-0.707106781186551,-0.707106781186544,0.));
#3694=DIRECTION('',(0.,0.,-1.));
#3695=DIRECTION('center_axis',(0.,0.,-1.));
#3696=DIRECTION('ref_axis',(-0.707106781186551,-0.707106781186544,0.));
#3697=DIRECTION('',(0.,0.,1.));
#3698=DIRECTION('center_axis',(-1.,0.,0.));
#3699=DIRECTION('ref_axis',(0.,0.,1.));
#3700=DIRECTION('',(0.,1.,0.));
#3701=DIRECTION('',(0.,-1.,0.));
#3702=DIRECTION('center_axis',(0.,0.,-1.));
#3703=DIRECTION('ref_axis',(0.707106781186551,-0.707106781186544,0.));
#3704=DIRECTION('center_axis',(0.,0.,1.));
#3705=DIRECTION('ref_axis',(0.707106781186551,-0.707106781186544,0.));
#3706=DIRECTION('',(0.,0.,1.));
#3707=DIRECTION('center_axis',(0.,0.,1.));
#3708=DIRECTION('ref_axis',(0.707106781186551,-0.707106781186544,0.));
#3709=DIRECTION('center_axis',(0.,0.,1.));
#3710=DIRECTION('ref_axis',(-1.,0.,0.));
#3711=DIRECTION('',(1.,0.,0.));
#3712=DIRECTION('center_axis',(0.,0.,1.));
#3713=DIRECTION('ref_axis',(0.707106781186551,0.707106781186544,0.));
#3714=DIRECTION('',(0.,-1.,0.));
#3715=DIRECTION('center_axis',(0.,0.,1.));
#3716=DIRECTION('ref_axis',(0.707106781186548,-0.707106781186548,0.));
#3717=DIRECTION('',(1.,-3.66712807473214E-17,0.));
#3718=DIRECTION('',(0.,1.,0.));
#3719=DIRECTION('',(-1.,7.33425614946429E-17,0.));
#3720=DIRECTION('center_axis',(0.,0.,1.));
#3721=DIRECTION('ref_axis',(0.707106781186554,0.707106781186541,0.));
#3722=DIRECTION('',(0.,-1.,0.));
#3723=DIRECTION('',(1.22464679914735E-16,1.,0.));
#3724=DIRECTION('',(1.,-1.22464679914735E-16,0.));
#3725=DIRECTION('',(-1.22464679914735E-16,-1.,0.));
#3726=DIRECTION('',(-1.,1.22464679914735E-16,0.));
#3727=DIRECTION('',(0.,-1.,0.));
#3728=DIRECTION('',(-1.,0.,0.));
#3729=DIRECTION('',(0.,1.,0.));
#3730=DIRECTION('',(1.,0.,0.));
#3731=DIRECTION('center_axis',(0.,0.,1.));
#3732=DIRECTION('ref_axis',(4.44089209850061E-15,-1.,0.));
#3733=DIRECTION('',(0.,1.,0.));
#3734=DIRECTION('center_axis',(0.,0.,1.));
#3735=DIRECTION('ref_axis',(1.,5.55111512312575E-15,0.));
#3736=DIRECTION('',(-1.,4.06179155350667E-16,0.));
#3737=DIRECTION('center_axis',(0.,0.,1.));
#3738=DIRECTION('ref_axis',(-4.4408920985006E-15,1.,0.));
#3739=DIRECTION('',(1.08314441426844E-15,-1.,0.));
#3740=DIRECTION('center_axis',(0.,0.,1.));
#3741=DIRECTION('ref_axis',(-1.,-2.22044604925031E-15,0.));
#3742=DIRECTION('',(1.,0.,0.));
#3743=DIRECTION('center_axis',(0.,0.,1.));
#3744=DIRECTION('ref_axis',(-1.,-3.05311331771918E-15,0.));
#3745=DIRECTION('',(1.,0.,0.));
#3746=DIRECTION('center_axis',(0.,0.,1.));
#3747=DIRECTION('ref_axis',(4.4408920985006E-15,-1.,0.));
#3748=DIRECTION('',(0.,1.,0.));
#3749=DIRECTION('center_axis',(0.,0.,1.));
#3750=DIRECTION('ref_axis',(1.,5.27355936696947E-15,0.));
#3751=DIRECTION('',(-1.,5.41572207134223E-16,0.));
#3752=DIRECTION('center_axis',(0.,0.,1.));
#3753=DIRECTION('ref_axis',(-4.4408920985006E-15,1.,0.));
#3754=DIRECTION('',(1.08314441426844E-15,-1.,0.));
#3755=DIRECTION('center_axis',(0.,0.,1.));
#3756=DIRECTION('ref_axis',(-1.,-3.33066907387547E-15,0.));
#3757=DIRECTION('',(1.,0.,0.));
#3758=DIRECTION('center_axis',(0.,0.,1.));
#3759=DIRECTION('ref_axis',(4.4408920985006E-15,-1.,0.));
#3760=DIRECTION('',(0.,1.,0.));
#3761=DIRECTION('center_axis',(0.,0.,1.));
#3762=DIRECTION('ref_axis',(1.,4.4408920985006E-15,0.));
#3763=DIRECTION('',(-1.,5.41572207134223E-16,0.));
#3764=DIRECTION('center_axis',(0.,0.,1.));
#3765=DIRECTION('ref_axis',(-4.4408920985006E-15,1.,0.));
#3766=DIRECTION('',(1.08314441426845E-15,-1.,0.));
#3767=DIRECTION('center_axis',(0.,0.,1.));
#3768=DIRECTION('ref_axis',(0.,-1.,0.));
#3769=DIRECTION('',(0.,1.,0.));
#3770=DIRECTION('center_axis',(0.,0.,1.));
#3771=DIRECTION('ref_axis',(1.,-5.5511151231258E-15,0.));
#3772=DIRECTION('',(-1.,4.06179155350666E-16,0.));
#3773=DIRECTION('center_axis',(0.,0.,1.));
#3774=DIRECTION('ref_axis',(0.,1.,0.));
#3775=DIRECTION('',(0.,-1.,0.));
#3776=DIRECTION('center_axis',(0.,0.,1.));
#3777=DIRECTION('ref_axis',(-1.,6.10622663543838E-15,0.));
#3778=DIRECTION('',(1.,0.,0.));
#3779=DIRECTION('center_axis',(0.,0.,1.));
#3780=DIRECTION('ref_axis',(0.,-1.,0.));
#3781=DIRECTION('',(0.,1.,0.));
#3782=DIRECTION('center_axis',(0.,0.,1.));
#3783=DIRECTION('ref_axis',(1.,-4.99600361081322E-15,0.));
#3784=DIRECTION('',(-1.,1.08314441426844E-15,0.));
#3785=DIRECTION('center_axis',(0.,0.,1.));
#3786=DIRECTION('ref_axis',(0.,1.,0.));
#3787=DIRECTION('',(0.,-1.,0.));
#3788=DIRECTION('center_axis',(0.,0.,1.));
#3789=DIRECTION('ref_axis',(-1.,-3.05311331771919E-15,0.));
#3790=DIRECTION('',(1.,0.,0.));
#3791=DIRECTION('center_axis',(0.,0.,1.));
#3792=DIRECTION('ref_axis',(0.,-1.,0.));
#3793=DIRECTION('',(0.,1.,0.));
#3794=DIRECTION('center_axis',(0.,0.,1.));
#3795=DIRECTION('ref_axis',(1.,-2.22044604925032E-15,0.));
#3796=DIRECTION('',(-1.,-5.41572207134221E-16,0.));
#3797=DIRECTION('center_axis',(0.,0.,1.));
#3798=DIRECTION('ref_axis',(0.,1.,0.));
#3799=DIRECTION('',(0.,-1.,0.));
#3800=DIRECTION('center_axis',(0.,0.,1.));
#3801=DIRECTION('ref_axis',(-1.,5.5511151231258E-15,0.));
#3802=DIRECTION('',(1.,0.,0.));
#3803=DIRECTION('',(1.,0.,0.));
#3804=DIRECTION('',(0.,1.,0.));
#3805=DIRECTION('',(-1.,2.17690789142187E-15,0.));
#3806=DIRECTION('',(0.,-1.,0.));
#3807=DIRECTION('center_axis',(0.,0.,1.));
#3808=DIRECTION('ref_axis',(0.707106781186551,0.707106781186544,0.));
#3809=DIRECTION('',(0.,0.,1.));
#3810=DIRECTION('center_axis',(0.,0.,1.));
#3811=DIRECTION('ref_axis',(0.707106781186551,0.707106781186544,0.));
#3812=DIRECTION('',(0.,0.,-1.));
#3813=DIRECTION('center_axis',(-1.,0.,0.));
#3814=DIRECTION('ref_axis',(0.,0.,1.));
#3815=DIRECTION('',(0.,0.999999999999998,-5.70338122821059E-8));
#3816=DIRECTION('',(0.,0.,1.));
#3817=DIRECTION('center_axis',(0.,-1.,0.));
#3818=DIRECTION('ref_axis',(0.,0.,1.));
#3819=DIRECTION('',(-1.,0.,0.));
#3820=DIRECTION('center_axis',(-1.,0.,0.));
#3821=DIRECTION('ref_axis',(0.,0.,1.));
#3822=DIRECTION('',(0.,0.,-1.));
#3823=DIRECTION('',(0.,0.999999999999998,-5.70338122821059E-8));
#3824=DIRECTION('center_axis',(0.,1.,0.));
#3825=DIRECTION('ref_axis',(-0.707106781186545,0.,-0.70710678118655));
#3826=DIRECTION('center_axis',(0.,-1.,0.));
#3827=DIRECTION('ref_axis',(-0.707106781186545,0.,-0.70710678118655));
#3828=DIRECTION('',(0.,-1.,0.));
#3829=DIRECTION('center_axis',(0.,1.,0.));
#3830=DIRECTION('ref_axis',(-0.707106781186545,0.,-0.70710678118655));
#3831=DIRECTION('',(0.,1.,0.));
#3832=DIRECTION('center_axis',(-1.,0.,0.));
#3833=DIRECTION('ref_axis',(0.,0.,1.));
#3834=DIRECTION('',(0.,0.,-1.));
#3835=DIRECTION('',(0.,1.,0.));
#3836=DIRECTION('',(0.,0.,-1.));
#3837=DIRECTION('',(0.,1.,0.));
#3838=DIRECTION('center_axis',(1.,0.,0.));
#3839=DIRECTION('ref_axis',(0.,-0.707106781186547,0.707106781186547));
#3840=DIRECTION('',(0.,0.,-1.));
#3841=DIRECTION('center_axis',(0.,-1.,0.));
#3842=DIRECTION('ref_axis',(-1.,0.,0.));
#3843=DIRECTION('',(-1.,0.,0.));
#3844=DIRECTION('center_axis',(0.,1.,0.));
#3845=DIRECTION('ref_axis',(0.707106781186545,0.,-0.70710678118655));
#3846=DIRECTION('',(0.,0.,-1.));
#3847=DIRECTION('',(1.,0.,0.));
#3848=DIRECTION('center_axis',(0.,-1.,0.));
#3849=DIRECTION('ref_axis',(0.707106781186545,0.,-0.70710678118655));
#3850=DIRECTION('',(0.,1.,0.));
#3851=DIRECTION('center_axis',(0.,-1.,0.));
#3852=DIRECTION('ref_axis',(0.707106781186545,0.,-0.70710678118655));
#3853=DIRECTION('',(0.,-1.,0.));
#3854=DIRECTION('center_axis',(1.,0.,0.));
#3855=DIRECTION('ref_axis',(0.,0.,-1.));
#3856=DIRECTION('',(0.,0.,-1.));
#3857=DIRECTION('center_axis',(-1.,0.,0.));
#3858=DIRECTION('ref_axis',(0.,-0.707106781186547,0.707106781186547));
#3859=DIRECTION('',(0.,1.,0.));
#3860=DIRECTION('',(0.,0.,1.));
#3861=DIRECTION('',(0.,1.,0.));
#3862=DIRECTION('center_axis',(0.,1.,0.));
#3863=DIRECTION('ref_axis',(0.,0.,1.));
#3864=DIRECTION('',(-0.999999999999999,0.,5.00679014692195E-8));
#3865=DIRECTION('',(1.,0.,0.));
#3866=DIRECTION('center_axis',(0.999999999999999,0.,-5.00679014692195E-8));
#3867=DIRECTION('ref_axis',(3.54033616923977E-8,0.707106781186547,0.707106781186547));
#3868=DIRECTION('',(0.999999999999999,0.,-5.00679014692195E-8));
#3869=DIRECTION('center_axis',(0.,0.,-1.));
#3870=DIRECTION('ref_axis',(-1.,0.,0.));
#3871=DIRECTION('center_axis',(5.00679014692195E-8,0.,0.999999999999999));
#3872=DIRECTION('ref_axis',(0.999999999999999,0.,-5.00679014692195E-8));
#3873=DIRECTION('',(-1.,1.17639525788096E-16,0.));
#3874=DIRECTION('center_axis',(1.17639525788096E-16,1.,0.));
#3875=DIRECTION('ref_axis',(-1.,1.17639525788096E-16,0.));
#3876=DIRECTION('',(-1.,1.17639525788096E-16,0.));
#3877=DIRECTION('',(0.,0.,-1.));
#3878=DIRECTION('',(-1.,1.17639525788096E-16,0.));
#3879=DIRECTION('center_axis',(1.17639525788096E-16,1.,0.));
#3880=DIRECTION('ref_axis',(-1.,1.17639525788096E-16,0.));
#3881=DIRECTION('',(-1.,1.17639525788096E-16,0.));
#3882=DIRECTION('',(0.,0.,-1.));
#3883=DIRECTION('',(-1.,1.17639525788096E-16,0.));
#3884=DIRECTION('center_axis',(0.,1.,0.));
#3885=DIRECTION('ref_axis',(-0.707106781186545,0.,-0.70710678118655));
#3886=DIRECTION('center_axis',(0.,-1.,0.));
#3887=DIRECTION('ref_axis',(-0.707106781186545,0.,-0.70710678118655));
#3888=DIRECTION('',(0.,-1.,0.));
#3889=DIRECTION('center_axis',(0.,1.,0.));
#3890=DIRECTION('ref_axis',(-0.707106781186545,0.,-0.70710678118655));
#3891=DIRECTION('',(0.,1.,0.));
#3892=DIRECTION('center_axis',(-1.,0.,0.));
#3893=DIRECTION('ref_axis',(0.,0.,1.));
#3894=DIRECTION('',(0.,0.,-1.));
#3895=DIRECTION('',(0.,1.,0.));
#3896=DIRECTION('',(0.,1.,0.));
#3897=DIRECTION('center_axis',(1.,0.,0.));
#3898=DIRECTION('ref_axis',(0.,-0.707106781186547,0.707106781186547));
#3899=DIRECTION('',(0.,0.,-1.));
#3900=DIRECTION('center_axis',(0.,-1.,0.));
#3901=DIRECTION('ref_axis',(-1.,0.,0.));
#3902=DIRECTION('',(-1.,0.,0.));
#3903=DIRECTION('center_axis',(0.,1.,0.));
#3904=DIRECTION('ref_axis',(0.707106781186545,0.,-0.70710678118655));
#3905=DIRECTION('',(0.,0.,-1.));
#3906=DIRECTION('',(1.,0.,0.));
#3907=DIRECTION('center_axis',(0.,-1.,0.));
#3908=DIRECTION('ref_axis',(0.707106781186545,0.,-0.70710678118655));
#3909=DIRECTION('',(0.,1.,0.));
#3910=DIRECTION('center_axis',(0.,-1.,0.));
#3911=DIRECTION('ref_axis',(0.707106781186545,0.,-0.70710678118655));
#3912=DIRECTION('',(0.,-1.,0.));
#3913=DIRECTION('center_axis',(1.,0.,0.));
#3914=DIRECTION('ref_axis',(0.,0.,-1.));
#3915=DIRECTION('',(0.,0.,-1.));
#3916=DIRECTION('center_axis',(-1.,0.,0.));
#3917=DIRECTION('ref_axis',(0.,-0.707106781186547,0.707106781186547));
#3918=DIRECTION('',(0.,1.,0.));
#3919=DIRECTION('',(0.,0.,1.));
#3920=DIRECTION('',(0.,1.,0.));
#3921=DIRECTION('center_axis',(0.,1.,0.));
#3922=DIRECTION('ref_axis',(0.,0.,1.));
#3923=DIRECTION('',(-0.999999999999999,0.,5.00679014692195E-8));
#3924=DIRECTION('',(1.,0.,0.));
#3925=DIRECTION('center_axis',(0.999999999999999,0.,-5.00679014692195E-8));
#3926=DIRECTION('ref_axis',(3.54033616923977E-8,0.707106781186547,0.707106781186547));
#3927=DIRECTION('',(0.999999999999999,0.,-5.00679014692195E-8));
#3928=DIRECTION('center_axis',(0.,0.,-1.));
#3929=DIRECTION('ref_axis',(-1.,0.,0.));
#3930=DIRECTION('center_axis',(5.00679014692195E-8,0.,0.999999999999999));
#3931=DIRECTION('ref_axis',(0.999999999999999,0.,-5.00679014692195E-8));
#3932=DIRECTION('',(-1.,1.17639525788096E-16,0.));
#3933=DIRECTION('center_axis',(1.17639525788096E-16,1.,0.));
#3934=DIRECTION('ref_axis',(-1.,1.17639525788096E-16,0.));
#3935=DIRECTION('',(-1.,1.17639525788096E-16,0.));
#3936=DIRECTION('',(0.,0.,1.));
#3937=DIRECTION('',(-1.,1.17639525788096E-16,0.));
#3938=DIRECTION('center_axis',(-1.22464679914735E-16,-1.,0.));
#3939=DIRECTION('ref_axis',(0.707106781186545,-8.6595605623549E-17,-0.70710678118655));
#3940=DIRECTION('center_axis',(1.22464679914735E-16,1.,0.));
#3941=DIRECTION('ref_axis',(0.707106781186545,-8.6595605623549E-17,-0.70710678118655));
#3942=DIRECTION('',(1.22464679914735E-16,1.,0.));
#3943=DIRECTION('center_axis',(-1.22464679914735E-16,-1.,0.));
#3944=DIRECTION('ref_axis',(0.707106781186545,-8.6595605623549E-17,-0.70710678118655));
#3945=DIRECTION('',(-1.22464679914735E-16,-1.,0.));
#3946=DIRECTION('center_axis',(1.,-1.22464679914735E-16,0.));
#3947=DIRECTION('ref_axis',(0.,0.,1.));
#3948=DIRECTION('',(0.,0.,-1.));
#3949=DIRECTION('',(-1.22464679914735E-16,-1.,0.));
#3950=DIRECTION('',(0.,0.,-1.));
#3951=DIRECTION('',(-1.22464679914735E-16,-1.,0.));
#3952=DIRECTION('center_axis',(-1.,1.22464679914735E-16,0.));
#3953=DIRECTION('ref_axis',(8.65956056235493E-17,0.707106781186547,0.707106781186547));
#3954=DIRECTION('',(0.,0.,-1.));
#3955=DIRECTION('center_axis',(1.22464679914735E-16,1.,0.));
#3956=DIRECTION('ref_axis',(1.,-1.22464679914735E-16,0.));
#3957=DIRECTION('',(1.,-1.22464679914735E-16,0.));
#3958=DIRECTION('center_axis',(-1.22464679914735E-16,-1.,0.));
#3959=DIRECTION('ref_axis',(-0.707106781186545,8.6595605623549E-17,-0.70710678118655));
#3960=DIRECTION('',(0.,0.,-1.));
#3961=DIRECTION('',(-1.,1.22464679914735E-16,0.));
#3962=DIRECTION('center_axis',(1.22464679914735E-16,1.,0.));
#3963=DIRECTION('ref_axis',(-0.707106781186545,8.6595605623549E-17,-0.70710678118655));
#3964=DIRECTION('',(-1.22464679914735E-16,-1.,0.));
#3965=DIRECTION('center_axis',(1.22464679914735E-16,1.,0.));
#3966=DIRECTION('ref_axis',(-0.707106781186545,8.6595605623549E-17,-0.70710678118655));
#3967=DIRECTION('',(1.22464679914735E-16,1.,0.));
#3968=DIRECTION('center_axis',(-1.,1.22464679914735E-16,0.));
#3969=DIRECTION('ref_axis',(0.,0.,-1.));
#3970=DIRECTION('',(0.,0.,-1.));
#3971=DIRECTION('center_axis',(1.,-1.22464679914735E-16,0.));
#3972=DIRECTION('ref_axis',(8.65956056235493E-17,0.707106781186547,0.707106781186547));
#3973=DIRECTION('',(-1.22464679914735E-16,-1.,0.));
#3974=DIRECTION('',(0.,0.,1.));
#3975=DIRECTION('',(-1.22464679914735E-16,-1.,0.));
#3976=DIRECTION('center_axis',(-1.22464679914735E-16,-1.,0.));
#3977=DIRECTION('ref_axis',(0.,0.,1.));
#3978=DIRECTION('',(0.999999999999999,-1.22464679914735E-16,5.00679014692195E-8));
#3979=DIRECTION('',(-1.,1.22464679914735E-16,0.));
#3980=DIRECTION('center_axis',(-0.999999999999999,1.22464679914735E-16,
-5.00679014692195E-8));
#3981=DIRECTION('ref_axis',(-3.54033617789933E-8,-0.707106781186547,0.707106781186547));
#3982=DIRECTION('',(-0.999999999999999,1.22464679914735E-16,-5.00679014692195E-8));
#3983=DIRECTION('center_axis',(0.,0.,-1.));
#3984=DIRECTION('ref_axis',(1.,-1.22464679914735E-16,0.));
#3985=DIRECTION('center_axis',(-5.00679014692195E-8,6.13154952743047E-24,
0.999999999999999));
#3986=DIRECTION('ref_axis',(-0.999999999999999,1.22464679914735E-16,-5.00679014692195E-8));
#3987=DIRECTION('',(1.,0.,0.));
#3988=DIRECTION('center_axis',(0.,-1.,0.));
#3989=DIRECTION('ref_axis',(1.,0.,0.));
#3990=DIRECTION('',(1.,0.,0.));
#3991=DIRECTION('',(0.,0.,-1.));
#3992=DIRECTION('',(1.,0.,0.));
#3993=DIRECTION('center_axis',(0.,-1.,0.));
#3994=DIRECTION('ref_axis',(1.,0.,0.));
#3995=DIRECTION('',(1.,0.,0.));
#3996=DIRECTION('',(0.,0.,1.));
#3997=DIRECTION('',(1.,0.,0.));
#3998=DIRECTION('center_axis',(-1.22464679914735E-16,-1.,0.));
#3999=DIRECTION('ref_axis',(0.707106781186545,-8.6595605623549E-17,-0.70710678118655));
#4000=DIRECTION('center_axis',(1.22464679914735E-16,1.,0.));
#4001=DIRECTION('ref_axis',(0.707106781186545,-8.6595605623549E-17,-0.70710678118655));
#4002=DIRECTION('',(1.22464679914735E-16,1.,0.));
#4003=DIRECTION('center_axis',(-1.22464679914735E-16,-1.,0.));
#4004=DIRECTION('ref_axis',(0.707106781186545,-8.6595605623549E-17,-0.70710678118655));
#4005=DIRECTION('',(-1.22464679914735E-16,-1.,0.));
#4006=DIRECTION('center_axis',(1.,-1.22464679914735E-16,0.));
#4007=DIRECTION('ref_axis',(0.,0.,1.));
#4008=DIRECTION('',(0.,0.,-1.));
#4009=DIRECTION('',(-1.22464679914735E-16,-1.,0.));
#4010=DIRECTION('',(-1.22464679914735E-16,-1.,0.));
#4011=DIRECTION('center_axis',(-1.,1.22464679914735E-16,0.));
#4012=DIRECTION('ref_axis',(8.65956056235493E-17,0.707106781186547,0.707106781186547));
#4013=DIRECTION('',(0.,0.,-1.));
#4014=DIRECTION('center_axis',(1.22464679914735E-16,1.,0.));
#4015=DIRECTION('ref_axis',(1.,-1.22464679914735E-16,0.));
#4016=DIRECTION('',(1.,-1.22464679914735E-16,0.));
#4017=DIRECTION('center_axis',(-1.22464679914735E-16,-1.,0.));
#4018=DIRECTION('ref_axis',(-0.707106781186545,8.6595605623549E-17,-0.70710678118655));
#4019=DIRECTION('',(0.,0.,-1.));
#4020=DIRECTION('',(-1.,1.22464679914735E-16,0.));
#4021=DIRECTION('center_axis',(1.22464679914735E-16,1.,0.));
#4022=DIRECTION('ref_axis',(-0.707106781186545,8.6595605623549E-17,-0.70710678118655));
#4023=DIRECTION('',(-1.22464679914735E-16,-1.,0.));
#4024=DIRECTION('center_axis',(1.22464679914735E-16,1.,0.));
#4025=DIRECTION('ref_axis',(-0.707106781186545,8.6595605623549E-17,-0.70710678118655));
#4026=DIRECTION('',(1.22464679914735E-16,1.,0.));
#4027=DIRECTION('center_axis',(-1.,1.22464679914735E-16,0.));
#4028=DIRECTION('ref_axis',(0.,0.,-1.));
#4029=DIRECTION('',(0.,0.,-1.));
#4030=DIRECTION('center_axis',(1.,-1.22464679914735E-16,0.));
#4031=DIRECTION('ref_axis',(8.65956056235493E-17,0.707106781186547,0.707106781186547));
#4032=DIRECTION('',(-1.22464679914735E-16,-1.,0.));
#4033=DIRECTION('',(0.,0.,1.));
#4034=DIRECTION('',(-1.22464679914735E-16,-1.,0.));
#4035=DIRECTION('center_axis',(-1.22464679914735E-16,-1.,0.));
#4036=DIRECTION('ref_axis',(0.,0.,1.));
#4037=DIRECTION('',(0.999999999999999,-1.22464679914735E-16,5.00679014692195E-8));
#4038=DIRECTION('',(-1.,1.22464679914735E-16,0.));
#4039=DIRECTION('center_axis',(-0.999999999999999,1.22464679914735E-16,
-5.00679014692195E-8));
#4040=DIRECTION('ref_axis',(-3.54033617789933E-8,-0.707106781186547,0.707106781186547));
#4041=DIRECTION('',(-0.999999999999999,1.22464679914735E-16,-5.00679014692195E-8));
#4042=DIRECTION('center_axis',(0.,0.,-1.));
#4043=DIRECTION('ref_axis',(1.,-1.22464679914735E-16,0.));
#4044=DIRECTION('center_axis',(-5.00679014692195E-8,6.13154952743047E-24,
0.999999999999999));
#4045=DIRECTION('ref_axis',(-0.999999999999999,1.22464679914735E-16,-5.00679014692195E-8));
#4046=DIRECTION('',(1.,0.,0.));
#4047=DIRECTION('center_axis',(0.,-1.,0.));
#4048=DIRECTION('ref_axis',(1.,0.,0.));
#4049=DIRECTION('',(1.,0.,0.));
#4050=DIRECTION('',(0.,0.,1.));
#4051=DIRECTION('',(1.,0.,0.));
#4052=DIRECTION('center_axis',(0.,5.70338122821059E-8,0.999999999999998));
#4053=DIRECTION('ref_axis',(0.,0.999999999999998,-5.70338122821059E-8));
#4054=DIRECTION('',(0.,0.999999999999998,-5.70338122821059E-8));
#4055=DIRECTION('center_axis',(0.,5.70338122821059E-8,0.999999999999998));
#4056=DIRECTION('ref_axis',(0.707106781186553,0.707106781186541,-4.03289954215974E-8));
#4057=DIRECTION('',(-1.,7.33425614946429E-17,0.));
#4058=DIRECTION('center_axis',(0.,1.,0.));
#4059=DIRECTION('ref_axis',(0.,0.,-1.));
#4060=DIRECTION('',(-0.70710678118649,0.,-0.707106781186605));
#4061=DIRECTION('',(0.,0.,-1.));
#4062=DIRECTION('',(1.,0.,0.));
#4063=DIRECTION('',(0.,0.,-1.));
#4064=DIRECTION('',(-1.,0.,0.));
#4065=DIRECTION('',(0.,0.,1.));
#4066=DIRECTION('center_axis',(0.,1.,0.));
#4067=DIRECTION('ref_axis',(-0.382683432365014,0.,-0.923879532511318));
#4068=DIRECTION('center_axis',(0.,0.,-1.));
#4069=DIRECTION('ref_axis',(0.707106781186554,0.707106781186541,0.));
#4070=DIRECTION('',(0.,0.,1.));
#4071=DIRECTION('center_axis',(0.,0.,1.));
#4072=DIRECTION('ref_axis',(0.707106781186548,-0.707106781186548,0.));
#4073=DIRECTION('center_axis',(0.,0.,1.));
#4074=DIRECTION('ref_axis',(0.707106781186548,-0.707106781186548,0.));
#4075=DIRECTION('',(0.,0.,-1.));
#4076=DIRECTION('center_axis',(-7.33425614946429E-17,-1.,0.));
#4077=DIRECTION('ref_axis',(1.,-7.33425614946429E-17,0.));
#4078=DIRECTION('',(0.,0.,1.));
#4079=DIRECTION('',(-1.,7.33425614946429E-17,0.));
#4080=DIRECTION('center_axis',(3.66712807473214E-17,1.,0.));
#4081=DIRECTION('ref_axis',(-1.,3.66712807473214E-17,0.));
#4082=DIRECTION('',(1.,-3.66712807473214E-17,0.));
#4083=DIRECTION('',(0.,0.,-1.));
#4084=DIRECTION('center_axis',(0.,0.,-1.));
#4085=DIRECTION('ref_axis',(0.77728158775741,-0.629152869605884,0.));
#4086=DIRECTION('center_axis',(0.,0.,1.));
#4087=DIRECTION('ref_axis',(0.77728158775741,-0.629152869605884,0.));
#4088=DIRECTION('',(0.,0.,1.));
#4089=DIRECTION('center_axis',(0.,0.,-1.));
#4090=DIRECTION('ref_axis',(0.77728158775741,-0.629152869605884,0.));
#4091=DIRECTION('',(0.,0.,-1.));
#4092=DIRECTION('center_axis',(0.,1.,0.));
#4093=DIRECTION('ref_axis',(0.,0.,-1.));
#4094=DIRECTION('',(-1.,0.,0.));
#4095=DIRECTION('',(0.,0.,-1.));
#4096=DIRECTION('',(-1.,0.,0.));
#4097=DIRECTION('center_axis',(0.,0.,1.));
#4098=DIRECTION('ref_axis',(-1.,0.,0.));
#4099=DIRECTION('center_axis',(0.,0.,1.));
#4100=DIRECTION('ref_axis',(1.,0.,0.));
#4101=DIRECTION('',(0.,1.,0.));
#4102=DIRECTION('center_axis',(0.,0.,1.));
#4103=DIRECTION('ref_axis',(1.,0.,0.));
#4104=DIRECTION('',(0.,1.,0.));
#4105=DIRECTION('center_axis',(0.,0.,1.));
#4106=DIRECTION('ref_axis',(0.,-1.,0.));
#4107=DIRECTION('center_axis',(0.,0.,1.));
#4108=DIRECTION('ref_axis',(0.,-1.,0.));
#4109=DIRECTION('',(0.,1.,0.));
#4110=DIRECTION('center_axis',(0.,0.,1.));
#4111=DIRECTION('ref_axis',(6.125368411725E-15,-1.,0.));
#4112=DIRECTION('center_axis',(0.,0.,-1.));
#4113=DIRECTION('ref_axis',(0.777281587757388,0.629152869605912,0.));
#4114=DIRECTION('',(-1.,0.,0.));
#4115=DIRECTION('',(0.,1.,0.));
#4116=DIRECTION('',(0.,-1.,0.));
#4117=DIRECTION('',(1.,0.,0.));
#4118=DIRECTION('',(0.,1.,0.));
#4119=DIRECTION('center_axis',(0.,0.,-1.));
#4120=DIRECTION('ref_axis',(4.44089209850061E-15,-1.,0.));
#4121=DIRECTION('',(-1.,0.,0.));
#4122=DIRECTION('center_axis',(0.,0.,-1.));
#4123=DIRECTION('ref_axis',(-1.,-2.22044604925031E-15,0.));
#4124=DIRECTION('',(-1.08314441426844E-15,1.,0.));
#4125=DIRECTION('center_axis',(0.,0.,-1.));
#4126=DIRECTION('ref_axis',(-4.4408920985006E-15,1.,0.));
#4127=DIRECTION('',(1.,-4.06179155350667E-16,0.));
#4128=DIRECTION('center_axis',(0.,0.,-1.));
#4129=DIRECTION('ref_axis',(1.,5.55111512312575E-15,0.));
#4130=DIRECTION('',(0.,-1.,0.));
#4131=DIRECTION('center_axis',(0.,0.,-1.));
#4132=DIRECTION('ref_axis',(-1.,-3.05311331771918E-15,0.));
#4133=DIRECTION('',(-1.08314441426844E-15,1.,0.));
#4134=DIRECTION('center_axis',(0.,0.,-1.));
#4135=DIRECTION('ref_axis',(-4.4408920985006E-15,1.,0.));
#4136=DIRECTION('',(1.,-5.41572207134223E-16,0.));
#4137=DIRECTION('center_axis',(0.,0.,-1.));
#4138=DIRECTION('ref_axis',(1.,5.27355936696947E-15,0.));
#4139=DIRECTION('',(0.,-1.,0.));
#4140=DIRECTION('center_axis',(0.,0.,-1.));
#4141=DIRECTION('ref_axis',(4.4408920985006E-15,-1.,0.));
#4142=DIRECTION('',(-1.,0.,0.));
#4143=DIRECTION('center_axis',(0.,0.,-1.));
#4144=DIRECTION('ref_axis',(-1.,-3.33066907387547E-15,0.));
#4145=DIRECTION('',(-1.08314441426845E-15,1.,0.));
#4146=DIRECTION('center_axis',(0.,0.,-1.));
#4147=DIRECTION('ref_axis',(-4.4408920985006E-15,1.,0.));
#4148=DIRECTION('',(1.,-5.41572207134223E-16,0.));
#4149=DIRECTION('center_axis',(0.,0.,-1.));
#4150=DIRECTION('ref_axis',(1.,4.4408920985006E-15,0.));
#4151=DIRECTION('',(0.,-1.,0.));
#4152=DIRECTION('center_axis',(0.,0.,-1.));
#4153=DIRECTION('ref_axis',(4.4408920985006E-15,-1.,0.));
#4154=DIRECTION('',(-1.,0.,0.));
#4155=DIRECTION('center_axis',(0.,0.,-1.));
#4156=DIRECTION('ref_axis',(0.,-1.,0.));
#4157=DIRECTION('',(-1.,0.,0.));
#4158=DIRECTION('center_axis',(0.,0.,-1.));
#4159=DIRECTION('ref_axis',(-1.,6.10622663543838E-15,0.));
#4160=DIRECTION('',(0.,1.,0.));
#4161=DIRECTION('center_axis',(0.,0.,-1.));
#4162=DIRECTION('ref_axis',(0.,1.,0.));
#4163=DIRECTION('',(1.,-4.06179155350666E-16,0.));
#4164=DIRECTION('center_axis',(0.,0.,-1.));
#4165=DIRECTION('ref_axis',(1.,-5.5511151231258E-15,0.));
#4166=DIRECTION('',(0.,-1.,0.));
#4167=DIRECTION('center_axis',(0.,0.,-1.));
#4168=DIRECTION('ref_axis',(0.,-1.,0.));
#4169=DIRECTION('',(-1.,0.,0.));
#4170=DIRECTION('center_axis',(0.,0.,-1.));
#4171=DIRECTION('ref_axis',(-1.,-3.05311331771919E-15,0.));
#4172=DIRECTION('',(0.,1.,0.));
#4173=DIRECTION('center_axis',(0.,0.,-1.));
#4174=DIRECTION('ref_axis',(0.,1.,0.));
#4175=DIRECTION('',(1.,-1.08314441426844E-15,0.));
#4176=DIRECTION('center_axis',(0.,0.,-1.));
#4177=DIRECTION('ref_axis',(1.,-4.99600361081322E-15,0.));
#4178=DIRECTION('',(0.,-1.,0.));
#4179=DIRECTION('center_axis',(0.,0.,-1.));
#4180=DIRECTION('ref_axis',(0.,-1.,0.));
#4181=DIRECTION('',(-1.,0.,0.));
#4182=DIRECTION('center_axis',(0.,0.,-1.));
#4183=DIRECTION('ref_axis',(-1.,5.5511151231258E-15,0.));
#4184=DIRECTION('',(0.,1.,0.));
#4185=DIRECTION('center_axis',(0.,0.,-1.));
#4186=DIRECTION('ref_axis',(0.,1.,0.));
#4187=DIRECTION('',(1.,5.41572207134221E-16,0.));
#4188=DIRECTION('center_axis',(0.,0.,-1.));
#4189=DIRECTION('ref_axis',(1.,-2.22044604925032E-15,0.));
#4190=DIRECTION('',(0.,-1.,0.));
#4191=DIRECTION('',(-1.,0.,0.));
#4192=DIRECTION('',(0.,1.,0.));
#4193=DIRECTION('',(1.,-2.17690789142187E-15,0.));
#4194=DIRECTION('',(0.,-1.,0.));
#4195=DIRECTION('center_axis',(0.,0.,-1.));
#4196=DIRECTION('ref_axis',(0.777281587757388,0.629152869605912,0.));
#4197=DIRECTION('center_axis',(0.,0.,1.));
#4198=DIRECTION('ref_axis',(0.777281587757388,0.629152869605912,0.));
#4199=DIRECTION('',(0.,0.,1.));
#4200=DIRECTION('',(0.,0.,-1.));
#4201=DIRECTION('center_axis',(0.,-1.,0.));
#4202=DIRECTION('ref_axis',(0.,0.,1.));
#4203=DIRECTION('',(1.,0.,0.));
#4204=DIRECTION('',(0.,0.,1.));
#4205=DIRECTION('center_axis',(0.,0.,-1.));
#4206=DIRECTION('ref_axis',(1.,0.,0.));
#4207=DIRECTION('center_axis',(0.,0.,1.));
#4208=DIRECTION('ref_axis',(1.,0.,0.));
#4209=DIRECTION('',(0.,0.,-1.));
#4210=DIRECTION('center_axis',(0.,0.,-1.));
#4211=DIRECTION('ref_axis',(6.125368411725E-15,-1.,0.));
#4212=DIRECTION('',(0.,0.,1.));
#4213=DIRECTION('center_axis',(0.,0.,1.));
#4214=DIRECTION('ref_axis',(6.125368411725E-15,-1.,0.));
#4215=DIRECTION('center_axis',(-0.70710678118649,0.,-0.707106781186605));
#4216=DIRECTION('ref_axis',(0.500000000000068,0.70710678118654,-0.499999999999943));
#4217=DIRECTION('center_axis',(0.499999999999955,0.707106781186549,0.500000000000043));
#4218=DIRECTION('ref_axis',(-0.499999999999964,0.707106781186546,-0.500000000000038));
#4219=DIRECTION('',(0.70710678118649,0.,0.707106781186605));
#4220=DIRECTION('center_axis',(0.,0.,1.));
#4221=DIRECTION('ref_axis',(1.,9.81307786677439E-17,-3.46944695195386E-17));
#4222=DIRECTION('center_axis',(-0.499999999999963,0.707106781186538,-0.500000000000051));
#4223=DIRECTION('ref_axis',(0.499999999999956,0.707106781186557,0.50000000000003));
#4224=DIRECTION('',(-0.70710678118649,0.,-0.707106781186605));
#4225=DIRECTION('center_axis',(0.,1.,0.));
#4226=DIRECTION('ref_axis',(0.,0.,1.));
#4227=DIRECTION('center_axis',(0.,-1.,0.));
#4228=DIRECTION('ref_axis',(-0.382683432365014,0.,-0.923879532511318));
#4229=DIRECTION('',(0.,0.,1.));
#4230=DIRECTION('',(-1.,0.,0.));
#4231=DIRECTION('center_axis',(0.,1.,0.));
#4232=DIRECTION('ref_axis',(0.,0.,1.));
#4233=DIRECTION('',(1.,0.,0.));
#4234=DIRECTION('center_axis',(0.,-1.,0.));
#4235=DIRECTION('ref_axis',(0.707106781186548,0.,-0.707106781186548));
#4236=DIRECTION('',(0.,0.,-1.));
#4237=DIRECTION('center_axis',(0.,-1.,0.));
#4238=DIRECTION('ref_axis',(0.923879532511303,0.,-0.38268343236505));
#4239=DIRECTION('center_axis',(0.,1.,0.));
#4240=DIRECTION('ref_axis',(-0.382683432365014,0.,-0.923879532511318));
#4241=DIRECTION('',(0.,-1.,0.));
#4242=DIRECTION('center_axis',(0.499999999999965,-0.707106781186549,0.500000000000034));
#4243=DIRECTION('ref_axis',(0.499999999999954,0.707106781186546,0.500000000000047));
#4244=DIRECTION('',(0.,1.,0.));
#4245=DIRECTION('center_axis',(0.70710678118649,0.,0.707106781186605));
#4246=DIRECTION('ref_axis',(0.500000000000028,-0.707106781186553,-0.499999999999965));
#4247=DIRECTION('center_axis',(-0.499999999999959,-0.707106781186544,-0.500000000000047));
#4248=DIRECTION('ref_axis',(0.49999999999996,-0.707106781186551,0.500000000000035));
#4249=DIRECTION('center_axis',(0.,0.,1.));
#4250=DIRECTION('ref_axis',(1.,1.96261557335488E-16,0.));
#4251=DIRECTION('',(-0.70710678118649,0.,-0.707106781186605));
#4252=DIRECTION('center_axis',(0.499999999999958,-0.707106781186545,0.500000000000046));
#4253=DIRECTION('ref_axis',(-0.499999999999961,-0.70710678118655,-0.500000000000035));
#4254=DIRECTION('',(0.70710678118649,0.,0.707106781186605));
#4255=DIRECTION('center_axis',(0.,1.,0.));
#4256=DIRECTION('ref_axis',(0.923879532511303,0.,-0.38268343236505));
#4257=DIRECTION('',(0.,-1.,0.));
#4258=DIRECTION('',(0.,1.,0.));
#4259=DIRECTION('center_axis',(0.,1.,0.));
#4260=DIRECTION('ref_axis',(0.70710678118661,0.,-0.707106781186486));
#4261=DIRECTION('',(0.,-1.,0.));
#4262=DIRECTION('center_axis',(0.,1.,0.));
#4263=DIRECTION('ref_axis',(0.923879532511303,0.,-0.38268343236505));
#4264=DIRECTION('center_axis',(0.707106781186605,0.,-0.70710678118649));
#4265=DIRECTION('ref_axis',(0.70710678118649,0.,0.707106781186605));
#4266=DIRECTION('',(0.,-1.,0.));
#4267=DIRECTION('',(-0.70710678118649,0.,-0.707106781186605));
#4268=DIRECTION('center_axis',(0.,-1.,0.));
#4269=DIRECTION('ref_axis',(0.,0.,-1.));
#4270=DIRECTION('',(1.,0.,0.));
#4271=DIRECTION('',(0.,0.,-1.));
#4272=DIRECTION('center_axis',(0.,1.,0.));
#4273=DIRECTION('ref_axis',(-0.382683432365014,0.,-0.923879532511318));
#4274=DIRECTION('center_axis',(0.,-1.,0.));
#4275=DIRECTION('ref_axis',(-0.382683432365014,0.,-0.923879532511318));
#4276=DIRECTION('',(0.,1.,0.));
#4277=DIRECTION('center_axis',(0.,-1.,0.));
#4278=DIRECTION('ref_axis',(-0.382683432365014,0.,-0.923879532511318));
#4279=DIRECTION('center_axis',(0.499999999999952,0.707106781186544,0.500000000000053));
#4280=DIRECTION('ref_axis',(-0.499999999999967,0.707106781186551,-0.500000000000029));
#4281=DIRECTION('center_axis',(0.,0.,1.));
#4282=DIRECTION('ref_axis',(1.,0.,0.));
#4283=DIRECTION('center_axis',(0.,-1.,0.));
#4284=DIRECTION('ref_axis',(1.,0.,0.));
#4285=DIRECTION('center_axis',(-1.77635683940023E-14,0.,-1.));
#4286=DIRECTION('ref_axis',(0.,-1.,0.));
#4287=DIRECTION('center_axis',(0.707106781186494,0.,0.707106781186601));
#4288=DIRECTION('ref_axis',(0.707106781186601,0.,-0.707106781186494));
#4289=DIRECTION('center_axis',(0.,0.,-1.));
#4290=DIRECTION('ref_axis',(0.707106781186551,-0.707106781186544,0.));
#4291=DIRECTION('',(0.,0.,1.));
#4292=DIRECTION('center_axis',(0.,-0.707107223728039,-0.707106338644779));
#4293=DIRECTION('ref_axis',(0.,-0.707106338644779,0.707107223728039));
#4294=DIRECTION('center_axis',(0.,0.,1.));
#4295=DIRECTION('ref_axis',(1.,0.,0.));
#4296=DIRECTION('center_axis',(0.707106781186477,0.,0.707106781186619));
#4297=DIRECTION('ref_axis',(0.,1.,0.));
#4298=DIRECTION('center_axis',(0.,-1.77635683940025E-14,-1.));
#4299=DIRECTION('ref_axis',(1.,0.,0.));
#4300=DIRECTION('center_axis',(0.70710678118649,0.,0.707106781186605));
#4301=DIRECTION('ref_axis',(0.500000000000064,0.707106781186537,-0.499999999999951));
#4302=DIRECTION('',(0.70710678118649,0.,0.707106781186605));
#4303=DIRECTION('center_axis',(0.,0.,1.));
#4304=DIRECTION('ref_axis',(0.707106781186551,0.707106781186544,0.));
#4305=DIRECTION('',(0.,0.,-1.));
#4306=DIRECTION('',(0.,0.,1.));
#4307=DIRECTION('center_axis',(0.,-0.707107223728039,0.707106338644779));
#4308=DIRECTION('ref_axis',(0.,0.70710633864478,0.707107223728039));
#4309=DIRECTION('center_axis',(-0.70710678118649,0.,-0.707106781186605));
#4310=DIRECTION('ref_axis',(0.500000000000061,-0.707106781186532,-0.499999999999961));
#4311=DIRECTION('',(0.70710678118649,0.,0.707106781186605));
#4312=DIRECTION('center_axis',(0.,1.,0.));
#4313=DIRECTION('ref_axis',(0.923879532511303,0.,-0.38268343236505));
#4314=DIRECTION('',(0.,-1.,0.));
#4315=DIRECTION('',(0.,-1.,0.));
#4316=DIRECTION('',(0.,1.,0.));
#4317=DIRECTION('center_axis',(1.,0.,0.));
#4318=DIRECTION('ref_axis',(0.,0.,-1.));
#4319=DIRECTION('',(0.,1.,0.));
#4320=DIRECTION('center_axis',(1.,0.,0.));
#4321=DIRECTION('ref_axis',(0.,0.,-1.));
#4322=DIRECTION('',(0.,1.,0.));
#4323=DIRECTION('',(0.,0.,1.));
#4324=DIRECTION('center_axis',(0.707106781186605,0.,-0.70710678118649));
#4325=DIRECTION('ref_axis',(-0.70710678118649,0.,-0.707106781186605));
#4326=DIRECTION('center_axis',(-1.,0.,0.));
#4327=DIRECTION('ref_axis',(0.,0.,1.));
#4328=DIRECTION('',(0.,-1.,0.));
#4329=DIRECTION('center_axis',(0.,1.,0.));
#4330=DIRECTION('ref_axis',(0.707106781186548,0.,-0.707106781186548));
#4331=DIRECTION('center_axis',(0.,1.,0.));
#4332=DIRECTION('ref_axis',(0.707106781186548,0.,-0.707106781186548));
#4333=DIRECTION('',(0.,1.,0.));
#4334=DIRECTION('center_axis',(0.,0.,1.));
#4335=DIRECTION('ref_axis',(-1.,0.,0.));
#4336=DIRECTION('',(0.,1.,0.));
#4337=DIRECTION('center_axis',(0.,0.,1.));
#4338=DIRECTION('ref_axis',(1.,0.,0.));
#4339=DIRECTION('',(0.,1.,0.));
#4340=DIRECTION('',(0.,-1.,0.));
#4341=DIRECTION('',(1.,0.,0.));
#4342=DIRECTION('',(0.,-1.,0.));
#4343=DIRECTION('',(-1.,0.,0.));
#4344=DIRECTION('',(0.,-1.,0.));
#4345=DIRECTION('',(0.,1.,0.));
#4346=DIRECTION('center_axis',(0.,0.,1.));
#4347=DIRECTION('ref_axis',(0.,-1.,0.));
#4348=DIRECTION('center_axis',(0.,0.,1.));
#4349=DIRECTION('ref_axis',(0.,-1.,0.));
#4350=DIRECTION('',(0.,1.,0.));
#4351=DIRECTION('center_axis',(-1.,0.,0.));
#4352=DIRECTION('ref_axis',(0.,0.,-1.));
#4353=DIRECTION('',(0.,0.,-1.));
#4354=DIRECTION('center_axis',(0.,-1.,0.));
#4355=DIRECTION('ref_axis',(0.,0.,-1.));
#4356=DIRECTION('center_axis',(0.,-1.,0.));
#4357=DIRECTION('ref_axis',(0.,0.,1.));
#4358=DIRECTION('',(0.,0.,1.));
#4359=DIRECTION('center_axis',(-1.,0.,0.));
#4360=DIRECTION('ref_axis',(0.,0.,1.));
#4361=DIRECTION('center_axis',(-1.,0.,0.));
#4362=DIRECTION('ref_axis',(0.,0.,1.));
#4363=DIRECTION('center_axis',(1.,0.,0.));
#4364=DIRECTION('ref_axis',(0.,1.,0.));
#4365=DIRECTION('',(0.,0.,1.));
#4366=DIRECTION('center_axis',(1.,0.,0.));
#4367=DIRECTION('ref_axis',(0.,1.,0.));
#4368=DIRECTION('',(0.,0.,-1.));
#4369=DIRECTION('center_axis',(1.,-1.22464679914735E-16,0.));
#4370=DIRECTION('ref_axis',(1.1314261122877E-16,0.923879532511284,0.382683432365096));
#4371=DIRECTION('center_axis',(1.,-1.22464679914735E-16,0.));
#4372=DIRECTION('ref_axis',(1.1314261122877E-16,0.923879532511284,0.382683432365096));
#4373=DIRECTION('',(1.,-1.22464679914735E-16,0.));
#4374=DIRECTION('center_axis',(-1.,1.22464679914735E-16,0.));
#4375=DIRECTION('ref_axis',(1.1314261122877E-16,0.923879532511284,0.382683432365096));
#4376=DIRECTION('center_axis',(-1.,1.22464679914735E-16,0.));
#4377=DIRECTION('ref_axis',(0.,0.,-1.));
#4378=DIRECTION('',(-8.65956056235491E-17,-0.707106781186546,-0.707106781186549));
#4379=DIRECTION('center_axis',(1.,-1.22464679914735E-16,0.));
#4380=DIRECTION('ref_axis',(-1.22464679914735E-16,-1.,0.));
#4381=DIRECTION('',(8.65956056235511E-17,0.707106781186562,-0.707106781186533));
#4382=DIRECTION('center_axis',(-1.,1.22464679914735E-16,0.));
#4383=DIRECTION('ref_axis',(1.21809876815824E-16,0.994653126931233,-0.103272247413917));
#4384=DIRECTION('',(-1.0253870642128E-16,-0.837292078766479,-0.546755864015109));
#4385=DIRECTION('',(-1.08232804287954E-16,-0.883787916347063,0.46788772041903));
#4386=DIRECTION('center_axis',(-1.,1.22464679914735E-16,0.));
#4387=DIRECTION('ref_axis',(-5.7299719917152E-17,-0.467887720419033,-0.883787916347062));
#4388=DIRECTION('',(8.65956056235493E-17,0.707106781186548,0.707106781186548));
#4389=DIRECTION('center_axis',(1.,-1.22464679914735E-16,0.));
#4390=DIRECTION('ref_axis',(0.,0.,1.));
#4391=DIRECTION('',(-8.65956056235493E-17,-0.707106781186548,-0.707106781186548));
#4392=DIRECTION('center_axis',(1.,-1.22464679914735E-16,0.));
#4393=DIRECTION('ref_axis',(-5.7299719917152E-17,-0.467887720419033,-0.883787916347062));
#4394=DIRECTION('',(1.08232804287954E-16,0.883787916347063,-0.46788772041903));
#4395=DIRECTION('',(1.0253870642128E-16,0.837292078766479,0.546755864015109));
#4396=DIRECTION('center_axis',(1.,-1.22464679914735E-16,0.));
#4397=DIRECTION('ref_axis',(1.21809876815824E-16,0.994653126931233,-0.103272247413917));
#4398=DIRECTION('',(-8.65956056235511E-17,-0.707106781186562,0.707106781186533));
#4399=DIRECTION('center_axis',(-1.,1.22464679914735E-16,0.));
#4400=DIRECTION('ref_axis',(-1.22464679914735E-16,-1.,0.));
#4401=DIRECTION('',(8.65956056235491E-17,0.707106781186546,0.707106781186549));
#4402=DIRECTION('center_axis',(-5.72997199171517E-17,-0.46788772041903,
-0.883787916347063));
#4403=DIRECTION('ref_axis',(-1.08232804287954E-16,-0.883787916347063,0.46788772041903));
#4404=DIRECTION('',(1.,-1.22464679914735E-16,0.));
#4405=DIRECTION('',(-1.,1.22464679914735E-16,0.));
#4406=DIRECTION('center_axis',(-1.,1.22464679914735E-16,0.));
#4407=DIRECTION('ref_axis',(-5.7299719917152E-17,-0.467887720419033,-0.883787916347062));
#4408=DIRECTION('',(-1.,1.22464679914735E-16,0.));
#4409=DIRECTION('center_axis',(8.65956056235476E-17,0.707106781186533,0.707106781186562));
#4410=DIRECTION('ref_axis',(8.65956056235511E-17,0.707106781186562,-0.707106781186533));
#4411=DIRECTION('',(1.,-1.22464679914735E-16,0.));
#4412=DIRECTION('',(-1.,1.22464679914735E-16,0.));
#4413=DIRECTION('center_axis',(-1.,1.22464679914735E-16,0.));
#4414=DIRECTION('ref_axis',(-1.22464679914735E-16,-1.,0.));
#4415=DIRECTION('',(1.,-1.22464679914735E-16,0.));
#4416=DIRECTION('center_axis',(8.65956056235495E-17,0.707106781186549,-0.707106781186546));
#4417=DIRECTION('ref_axis',(-8.65956056235491E-17,-0.707106781186546,-0.707106781186549));
#4418=DIRECTION('center_axis',(-8.65956056235493E-17,-0.707106781186548,
0.707106781186548));
#4419=DIRECTION('ref_axis',(8.65956056235493E-17,0.707106781186548,0.707106781186548));
#4420=DIRECTION('center_axis',(6.69582818781149E-17,0.546755864015109,-0.837292078766479));
#4421=DIRECTION('ref_axis',(-1.0253870642128E-16,-0.837292078766479,-0.546755864015109));
#4422=DIRECTION('',(-1.,1.22464679914735E-16,0.));
#4423=DIRECTION('center_axis',(-1.,1.22464679914735E-16,0.));
#4424=DIRECTION('ref_axis',(1.21809876815824E-16,0.994653126931233,-0.103272247413917));
#4425=DIRECTION('center_axis',(-1.,0.,0.));
#4426=DIRECTION('ref_axis',(0.,-0.923879532511284,0.382683432365096));
#4427=DIRECTION('center_axis',(-1.,0.,0.));
#4428=DIRECTION('ref_axis',(0.,-0.923879532511284,0.382683432365096));
#4429=DIRECTION('',(-1.,0.,0.));
#4430=DIRECTION('center_axis',(1.,0.,0.));
#4431=DIRECTION('ref_axis',(0.,-0.923879532511284,0.382683432365096));
#4432=DIRECTION('center_axis',(1.,0.,0.));
#4433=DIRECTION('ref_axis',(0.,0.,-1.));
#4434=DIRECTION('',(0.,0.707106781186546,-0.707106781186549));
#4435=DIRECTION('center_axis',(-1.,0.,0.));
#4436=DIRECTION('ref_axis',(0.,1.,0.));
#4437=DIRECTION('',(0.,-0.707106781186562,-0.707106781186533));
#4438=DIRECTION('center_axis',(1.,0.,0.));
#4439=DIRECTION('ref_axis',(0.,-0.994653126931233,-0.103272247413917));
#4440=DIRECTION('',(0.,0.837292078766479,-0.546755864015109));
#4441=DIRECTION('',(0.,0.883787916347063,0.46788772041903));
#4442=DIRECTION('center_axis',(1.,0.,0.));
#4443=DIRECTION('ref_axis',(0.,0.467887720419033,-0.883787916347062));
#4444=DIRECTION('',(0.,-0.707106781186548,0.707106781186548));
#4445=DIRECTION('center_axis',(-1.,0.,0.));
#4446=DIRECTION('ref_axis',(0.,0.,1.));
#4447=DIRECTION('',(0.,0.707106781186548,-0.707106781186548));
#4448=DIRECTION('center_axis',(-1.,0.,0.));
#4449=DIRECTION('ref_axis',(0.,0.467887720419033,-0.883787916347062));
#4450=DIRECTION('',(0.,-0.883787916347063,-0.46788772041903));
#4451=DIRECTION('',(0.,-0.837292078766479,0.546755864015109));
#4452=DIRECTION('center_axis',(-1.,0.,0.));
#4453=DIRECTION('ref_axis',(0.,-0.994653126931233,-0.103272247413917));
#4454=DIRECTION('',(0.,0.707106781186562,0.707106781186533));
#4455=DIRECTION('center_axis',(1.,0.,0.));
#4456=DIRECTION('ref_axis',(0.,1.,0.));
#4457=DIRECTION('',(0.,-0.707106781186546,0.707106781186549));
#4458=DIRECTION('center_axis',(0.,0.46788772041903,-0.883787916347063));
#4459=DIRECTION('ref_axis',(0.,0.883787916347063,0.46788772041903));
#4460=DIRECTION('',(-1.,0.,0.));
#4461=DIRECTION('',(1.,0.,0.));
#4462=DIRECTION('center_axis',(1.,0.,0.));
#4463=DIRECTION('ref_axis',(0.,0.467887720419033,-0.883787916347062));
#4464=DIRECTION('',(1.,0.,0.));
#4465=DIRECTION('center_axis',(0.,-0.707106781186533,0.707106781186562));
#4466=DIRECTION('ref_axis',(0.,-0.707106781186562,-0.707106781186533));
#4467=DIRECTION('',(-1.,0.,0.));
#4468=DIRECTION('',(1.,0.,0.));
#4469=DIRECTION('center_axis',(1.,0.,0.));
#4470=DIRECTION('ref_axis',(0.,1.,0.));
#4471=DIRECTION('',(-1.,0.,0.));
#4472=DIRECTION('center_axis',(0.,-0.707106781186549,-0.707106781186546));
#4473=DIRECTION('ref_axis',(0.,0.707106781186546,-0.707106781186549));
#4474=DIRECTION('center_axis',(0.,0.707106781186548,0.707106781186548));
#4475=DIRECTION('ref_axis',(0.,-0.707106781186548,0.707106781186548));
#4476=DIRECTION('center_axis',(0.,-0.546755864015109,-0.837292078766479));
#4477=DIRECTION('ref_axis',(0.,0.837292078766479,-0.546755864015109));
#4478=DIRECTION('',(1.,0.,0.));
#4479=DIRECTION('center_axis',(1.,0.,0.));
#4480=DIRECTION('ref_axis',(0.,-0.994653126931233,-0.103272247413917));
#4481=DIRECTION('center_axis',(-1.,0.,0.));
#4482=DIRECTION('ref_axis',(0.,-1.,0.));
#4483=DIRECTION('center_axis',(-1.,0.,0.));
#4484=DIRECTION('ref_axis',(0.,-1.,0.));
#4485=DIRECTION('',(0.,0.,-1.));
#4486=DIRECTION('',(0.,0.,1.));
#4487=DIRECTION('center_axis',(0.,0.,1.));
#4488=DIRECTION('ref_axis',(1.,5.55111512312575E-15,0.));
#4489=DIRECTION('',(0.,0.,1.));
#4490=DIRECTION('center_axis',(-4.06179155350667E-16,-1.,0.));
#4491=DIRECTION('ref_axis',(1.,-4.06179155350667E-16,0.));
#4492=DIRECTION('',(0.,0.,1.));
#4493=DIRECTION('center_axis',(0.,0.,1.));
#4494=DIRECTION('ref_axis',(-4.4408920985006E-15,1.,0.));
#4495=DIRECTION('',(0.,0.,1.));
#4496=DIRECTION('center_axis',(1.,1.08314441426844E-15,0.));
#4497=DIRECTION('ref_axis',(-1.08314441426844E-15,1.,0.));
#4498=DIRECTION('',(0.,0.,1.));
#4499=DIRECTION('center_axis',(0.,0.,1.));
#4500=DIRECTION('ref_axis',(-1.,-2.22044604925031E-15,0.));
#4501=DIRECTION('',(0.,0.,1.));
#4502=DIRECTION('center_axis',(0.,1.,0.));
#4503=DIRECTION('ref_axis',(-1.,0.,0.));
#4504=DIRECTION('',(0.,0.,1.));
#4505=DIRECTION('center_axis',(0.,0.,1.));
#4506=DIRECTION('ref_axis',(4.44089209850061E-15,-1.,0.));
#4507=DIRECTION('center_axis',(0.,1.,0.));
#4508=DIRECTION('ref_axis',(-1.,0.,0.));
#4509=DIRECTION('',(0.,0.,-1.));
#4510=DIRECTION('',(0.,0.,1.));
#4511=DIRECTION('center_axis',(0.,0.,1.));
#4512=DIRECTION('ref_axis',(4.4408920985006E-15,-1.,0.));
#4513=DIRECTION('',(0.,0.,1.));
#4514=DIRECTION('center_axis',(-1.,0.,0.));
#4515=DIRECTION('ref_axis',(0.,-1.,0.));
#4516=DIRECTION('',(0.,0.,1.));
#4517=DIRECTION('center_axis',(0.,0.,1.));
#4518=DIRECTION('ref_axis',(1.,5.27355936696947E-15,0.));
#4519=DIRECTION('',(0.,0.,1.));
#4520=DIRECTION('center_axis',(-5.41572207134223E-16,-1.,0.));
#4521=DIRECTION('ref_axis',(1.,-5.41572207134223E-16,0.));
#4522=DIRECTION('',(0.,0.,1.));
#4523=DIRECTION('center_axis',(0.,0.,1.));
#4524=DIRECTION('ref_axis',(-4.4408920985006E-15,1.,0.));
#4525=DIRECTION('',(0.,0.,1.));
#4526=DIRECTION('center_axis',(1.,1.08314441426844E-15,0.));
#4527=DIRECTION('ref_axis',(-1.08314441426844E-15,1.,0.));
#4528=DIRECTION('',(0.,0.,1.));
#4529=DIRECTION('center_axis',(0.,0.,1.));
#4530=DIRECTION('ref_axis',(-1.,-3.05311331771918E-15,0.));
#4531=DIRECTION('center_axis',(0.,1.,0.));
#4532=DIRECTION('ref_axis',(-1.,0.,0.));
#4533=DIRECTION('',(0.,0.,-1.));
#4534=DIRECTION('',(0.,0.,1.));
#4535=DIRECTION('center_axis',(0.,0.,1.));
#4536=DIRECTION('ref_axis',(4.4408920985006E-15,-1.,0.));
#4537=DIRECTION('',(0.,0.,1.));
#4538=DIRECTION('center_axis',(-1.,0.,0.));
#4539=DIRECTION('ref_axis',(0.,-1.,0.));
#4540=DIRECTION('',(0.,0.,1.));
#4541=DIRECTION('center_axis',(0.,0.,1.));
#4542=DIRECTION('ref_axis',(1.,4.4408920985006E-15,0.));
#4543=DIRECTION('',(0.,0.,1.));
#4544=DIRECTION('center_axis',(-5.41572207134223E-16,-1.,0.));
#4545=DIRECTION('ref_axis',(1.,-5.41572207134223E-16,0.));
#4546=DIRECTION('',(0.,0.,1.));
#4547=DIRECTION('center_axis',(0.,0.,1.));
#4548=DIRECTION('ref_axis',(-4.4408920985006E-15,1.,0.));
#4549=DIRECTION('',(0.,0.,1.));
#4550=DIRECTION('center_axis',(1.,1.08314441426845E-15,0.));
#4551=DIRECTION('ref_axis',(-1.08314441426845E-15,1.,0.));
#4552=DIRECTION('',(0.,0.,1.));
#4553=DIRECTION('center_axis',(0.,0.,1.));
#4554=DIRECTION('ref_axis',(-1.,-3.33066907387547E-15,0.));
#4555=DIRECTION('center_axis',(-1.,0.,0.));
#4556=DIRECTION('ref_axis',(0.,-1.,0.));
#4557=DIRECTION('',(0.,0.,-1.));
#4558=DIRECTION('',(0.,0.,1.));
#4559=DIRECTION('center_axis',(0.,0.,1.));
#4560=DIRECTION('ref_axis',(1.,-5.5511151231258E-15,0.));
#4561=DIRECTION('',(0.,0.,1.));
#4562=DIRECTION('center_axis',(-4.06179155350666E-16,-1.,0.));
#4563=DIRECTION('ref_axis',(1.,-4.06179155350666E-16,0.));
#4564=DIRECTION('',(0.,0.,1.));
#4565=DIRECTION('center_axis',(0.,0.,1.));
#4566=DIRECTION('ref_axis',(0.,1.,0.));
#4567=DIRECTION('',(0.,0.,1.));
#4568=DIRECTION('center_axis',(1.,0.,0.));
#4569=DIRECTION('ref_axis',(0.,1.,0.));
#4570=DIRECTION('',(0.,0.,1.));
#4571=DIRECTION('center_axis',(0.,0.,1.));
#4572=DIRECTION('ref_axis',(-1.,6.10622663543838E-15,0.));
#4573=DIRECTION('',(0.,0.,1.));
#4574=DIRECTION('center_axis',(0.,1.,0.));
#4575=DIRECTION('ref_axis',(-1.,0.,0.));
#4576=DIRECTION('',(0.,0.,1.));
#4577=DIRECTION('center_axis',(0.,0.,1.));
#4578=DIRECTION('ref_axis',(0.,-1.,0.));
#4579=DIRECTION('center_axis',(-1.,0.,0.));
#4580=DIRECTION('ref_axis',(0.,-1.,0.));
#4581=DIRECTION('',(0.,0.,-1.));
#4582=DIRECTION('',(0.,0.,1.));
#4583=DIRECTION('center_axis',(0.,0.,1.));
#4584=DIRECTION('ref_axis',(1.,-4.99600361081322E-15,0.));
#4585=DIRECTION('',(0.,0.,1.));
#4586=DIRECTION('center_axis',(-1.08314441426844E-15,-1.,0.));
#4587=DIRECTION('ref_axis',(1.,-1.08314441426844E-15,0.));
#4588=DIRECTION('',(0.,0.,1.));
#4589=DIRECTION('center_axis',(0.,0.,1.));
#4590=DIRECTION('ref_axis',(0.,1.,0.));
#4591=DIRECTION('',(0.,0.,1.));
#4592=DIRECTION('center_axis',(1.,0.,0.));
#4593=DIRECTION('ref_axis',(0.,1.,0.));
#4594=DIRECTION('',(0.,0.,1.));
#4595=DIRECTION('center_axis',(0.,0.,1.));
#4596=DIRECTION('ref_axis',(-1.,-3.05311331771919E-15,0.));
#4597=DIRECTION('',(0.,0.,1.));
#4598=DIRECTION('center_axis',(0.,1.,0.));
#4599=DIRECTION('ref_axis',(-1.,0.,0.));
#4600=DIRECTION('',(0.,0.,1.));
#4601=DIRECTION('center_axis',(0.,0.,1.));
#4602=DIRECTION('ref_axis',(0.,-1.,0.));
#4603=DIRECTION('center_axis',(-1.,0.,0.));
#4604=DIRECTION('ref_axis',(0.,-1.,0.));
#4605=DIRECTION('',(0.,0.,-1.));
#4606=DIRECTION('',(0.,0.,1.));
#4607=DIRECTION('center_axis',(0.,0.,1.));
#4608=DIRECTION('ref_axis',(1.,-2.22044604925032E-15,0.));
#4609=DIRECTION('',(0.,0.,1.));
#4610=DIRECTION('center_axis',(5.41572207134221E-16,-1.,0.));
#4611=DIRECTION('ref_axis',(1.,5.41572207134221E-16,0.));
#4612=DIRECTION('',(0.,0.,1.));
#4613=DIRECTION('center_axis',(0.,0.,1.));
#4614=DIRECTION('ref_axis',(0.,1.,0.));
#4615=DIRECTION('',(0.,0.,1.));
#4616=DIRECTION('center_axis',(1.,0.,0.));
#4617=DIRECTION('ref_axis',(0.,1.,0.));
#4618=DIRECTION('',(0.,0.,1.));
#4619=DIRECTION('center_axis',(0.,0.,1.));
#4620=DIRECTION('ref_axis',(-1.,5.5511151231258E-15,0.));
#4621=DIRECTION('',(0.,0.,1.));
#4622=DIRECTION('center_axis',(0.,1.,0.));
#4623=DIRECTION('ref_axis',(-1.,0.,0.));
#4624=DIRECTION('',(0.,0.,1.));
#4625=DIRECTION('center_axis',(0.,0.,1.));
#4626=DIRECTION('ref_axis',(0.,-1.,0.));
#4627=DIRECTION('center_axis',(-1.,0.,0.));
#4628=DIRECTION('ref_axis',(0.,-1.,0.));
#4629=DIRECTION('',(0.,0.,-1.));
#4630=DIRECTION('',(0.,0.,1.));
#4631=DIRECTION('center_axis',(-2.17690789142187E-15,-1.,0.));
#4632=DIRECTION('ref_axis',(1.,-2.17690789142187E-15,0.));
#4633=DIRECTION('',(0.,0.,1.));
#4634=DIRECTION('center_axis',(1.,0.,0.));
#4635=DIRECTION('ref_axis',(0.,1.,0.));
#4636=DIRECTION('',(0.,0.,1.));
#4637=DIRECTION('center_axis',(0.,1.,0.));
#4638=DIRECTION('ref_axis',(-1.,0.,0.));
#4639=DIRECTION('center_axis',(0.,0.,1.));
#4640=DIRECTION('ref_axis',(0.,-1.,0.));
#4641=DIRECTION('',(0.,0.,1.));
#4642=DIRECTION('center_axis',(0.,0.,1.));
#4643=DIRECTION('ref_axis',(0.,-1.,0.));
#4644=DIRECTION('center_axis',(0.,0.,1.));
#4645=DIRECTION('ref_axis',(1.,0.,0.));
#4646=CARTESIAN_POINT('',(0.,0.,0.));
#4647=CARTESIAN_POINT('Origin',(117.2,10.5000001639128,40.500000603497));
#4648=CARTESIAN_POINT('',(116.7,10.5000001639128,41.0000006109476));
#4649=CARTESIAN_POINT('',(117.2,11.0000001639128,41.0000006109476));
#4650=CARTESIAN_POINT('Origin',(117.2,10.5000001639128,41.));
#4651=CARTESIAN_POINT('',(116.7,10.5000001639128,39.));
#4652=CARTESIAN_POINT('',(116.7,10.5000001639128,40.500000603497));
#4653=CARTESIAN_POINT('',(117.2,11.0000001639128,39.));
#4654=CARTESIAN_POINT('Origin',(117.2,10.5000001639128,39.));
#4655=CARTESIAN_POINT('',(117.2,11.0000001639128,40.500000603497));
#4656=CARTESIAN_POINT('Origin',(121.7,11.0000001639128,41.0000006109476));
#4657=CARTESIAN_POINT('',(121.2,11.0000001639128,39.));
#4658=CARTESIAN_POINT('',(104.619241815188,11.0000001639128,39.));
#4659=CARTESIAN_POINT('',(121.2,11.0000001639128,41.0000006109476));
#4660=CARTESIAN_POINT('',(121.2,11.0000001639128,40.4750000881031));
#4661=CARTESIAN_POINT('',(121.7,11.0000001639128,41.0000006109476));
#4662=CARTESIAN_POINT('Origin',(117.2,-11.0000001713634,39.5000005885959));
#4663=CARTESIAN_POINT('',(117.2,-11.5000001713634,41.0000006109476));
#4664=CARTESIAN_POINT('',(116.7,-11.0000001713634,41.0000006109476));
#4665=CARTESIAN_POINT('Origin',(117.2,-11.0000001713634,41.));
#4666=CARTESIAN_POINT('',(117.2,-11.5000001713634,39.));
#4667=CARTESIAN_POINT('',(117.2,-11.5000001713634,39.5000005885959));
#4668=CARTESIAN_POINT('',(116.7,-11.0000001713634,39.));
#4669=CARTESIAN_POINT('Origin',(117.2,-11.0000001713634,39.));
#4670=CARTESIAN_POINT('',(116.7,-11.0000001713634,39.5000005885959));
#4671=CARTESIAN_POINT('Origin',(116.7,-0.25000000372529,40.0000005960464));
#4672=CARTESIAN_POINT('',(116.7,-11.5000001713634,41.0000006109476));
#4673=CARTESIAN_POINT('',(116.7,-0.125000189982449,39.));
#4674=CARTESIAN_POINT('Origin',(121.2,11.5000001639128,40.4750000881031));
#4675=CARTESIAN_POINT('',(121.7,11.5000001639128,39.));
#4676=CARTESIAN_POINT('Origin',(121.2,11.5000001639128,39.));
#4677=CARTESIAN_POINT('',(121.7,11.5000001639128,40.9999993441111));
#4678=CARTESIAN_POINT('',(121.7,11.5000001639128,40.4750000881031));
#4679=CARTESIAN_POINT('Origin',(121.2,11.5000001639128,41.));
#4680=CARTESIAN_POINT('Origin',(87.538483630376,-3.76239608357309E-7,39.));
#4681=CARTESIAN_POINT('',(121.2,-11.5000001713634,39.));
#4682=CARTESIAN_POINT('',(104.619241815188,-11.5000001713634,39.));
#4683=CARTESIAN_POINT('',(121.7,-12.0000001713634,39.));
#4684=CARTESIAN_POINT('Origin',(121.2,-12.0000001713634,39.));
#4685=CARTESIAN_POINT('',(121.7,-38.85,39.));
#4686=CARTESIAN_POINT('',(121.7,18.8999994165233,39.));
#4687=CARTESIAN_POINT('',(121.2,-39.35,39.));
#4688=CARTESIAN_POINT('Origin',(121.2,-38.85,39.));
#4689=CARTESIAN_POINT('',(47.438483630376,-39.35,39.));
#4690=CARTESIAN_POINT('',(105.269241815188,-39.35,39.));
#4691=CARTESIAN_POINT('',(47.438483630376,39.35,39.));
#4692=CARTESIAN_POINT('',(47.4384836303759,21.2499994356406,39.));
#4693=CARTESIAN_POINT('',(121.2,39.35,39.));
#4694=CARTESIAN_POINT('',(44.719241815188,39.35,39.));
#4695=CARTESIAN_POINT('',(121.7,38.85,39.));
#4696=CARTESIAN_POINT('Origin',(121.2,38.85,39.));
#4697=CARTESIAN_POINT('',(121.7,18.8999994165233,39.));
#4698=CARTESIAN_POINT('',(77.538998948682,39.3428971519246,39.));
#4699=CARTESIAN_POINT('',(77.538998948682,37.7122759530308,39.));
#4700=CARTESIAN_POINT('',(77.538998948682,19.1500001061781,39.));
#4701=CARTESIAN_POINT('',(85.538998948682,37.7122759530308,39.));
#4702=CARTESIAN_POINT('',(99.6389989430941,37.7122759530308,39.));
#4703=CARTESIAN_POINT('',(85.538998948682,39.3428971519246,39.));
#4704=CARTESIAN_POINT('',(85.538998948682,19.1500001061781,39.));
#4705=CARTESIAN_POINT('',(93.538741289529,39.3428971519246,39.));
#4706=CARTESIAN_POINT('',(91.538998948682,-39.3428971519246,39.));
#4707=CARTESIAN_POINT('',(91.538998948682,-37.7122759530307,39.));
#4708=CARTESIAN_POINT('',(91.538998948682,-19.1500004824177,39.));
#4709=CARTESIAN_POINT('',(83.538998948682,-37.7122759530307,39.));
#4710=CARTESIAN_POINT('',(69.4389989542699,-37.7122759530307,39.));
#4711=CARTESIAN_POINT('',(83.538998948682,-39.3428971519246,39.));
#4712=CARTESIAN_POINT('',(83.538998948682,-19.1500004824177,39.));
#4713=CARTESIAN_POINT('',(78.538741289529,-39.3428971519246,39.));
#4714=CARTESIAN_POINT('',(75.9241495420029,-20.0576195463021,39.));
#4715=CARTESIAN_POINT('',(77.9241495420029,-18.0576195463021,39.));
#4716=CARTESIAN_POINT('Origin',(75.9241495420029,-18.0576195463021,39.));
#4717=CARTESIAN_POINT('',(77.9241495420029,-9.85761954630207,39.));
#4718=CARTESIAN_POINT('',(77.9241495420029,-9.85761954630207,39.));
#4719=CARTESIAN_POINT('',(75.9241495420029,-7.85761954630207,39.));
#4720=CARTESIAN_POINT('Origin',(75.9241495420029,-9.85761954630208,39.));
#4721=CARTESIAN_POINT('',(67.7241495420029,-7.85761954630206,39.));
#4722=CARTESIAN_POINT('',(67.7241495420029,-7.85761954630206,39.));
#4723=CARTESIAN_POINT('',(65.7241495420029,-9.85761954630207,39.));
#4724=CARTESIAN_POINT('Origin',(67.7241495420029,-9.85761954630208,39.));
#4725=CARTESIAN_POINT('',(65.7241495420029,-18.0576195463021,39.));
#4726=CARTESIAN_POINT('',(65.7241495420029,-18.0576195463021,39.));
#4727=CARTESIAN_POINT('',(67.7241495420029,-20.0576195463021,39.));
#4728=CARTESIAN_POINT('Origin',(67.7241495420029,-18.0576195463021,39.));
#4729=CARTESIAN_POINT('',(75.9241495420029,-20.0576195463021,39.));
#4730=CARTESIAN_POINT('',(51.3000009089708,-3.50000146776437,39.));
#4731=CARTESIAN_POINT('',(53.3000009089708,-5.50000146776437,39.));
#4732=CARTESIAN_POINT('Origin',(53.3000009089708,-3.50000146776436,39.));
#4733=CARTESIAN_POINT('',(61.5000009089708,-5.50000146776437,39.));
#4734=CARTESIAN_POINT('',(61.5000009089708,-5.50000146776437,39.));
#4735=CARTESIAN_POINT('',(63.5000009089708,-3.50000146776437,39.));
#4736=CARTESIAN_POINT('Origin',(61.5000009089708,-3.50000146776436,39.));
#4737=CARTESIAN_POINT('',(63.5000009089708,4.69999853223563,39.));
#4738=CARTESIAN_POINT('',(63.5000009089708,4.69999853223564,39.));
#4739=CARTESIAN_POINT('',(61.5000009089708,6.69999853223564,39.));
#4740=CARTESIAN_POINT('Origin',(61.5000009089708,4.69999853223563,39.));
#4741=CARTESIAN_POINT('',(53.3000009089708,6.69999853223564,39.));
#4742=CARTESIAN_POINT('',(53.3000009089708,6.69999853223564,39.));
#4743=CARTESIAN_POINT('',(51.3000009089708,4.69999853223563,39.));
#4744=CARTESIAN_POINT('Origin',(53.3000009089708,4.69999853223563,39.));
#4745=CARTESIAN_POINT('',(51.3000009089708,-3.50000146776437,39.));
#4746=CARTESIAN_POINT('',(65.7241495420029,10.6075847838351,39.));
#4747=CARTESIAN_POINT('',(67.7241495420029,8.6075847838351,39.));
#4748=CARTESIAN_POINT('Origin',(67.7241495420029,10.6075847838351,39.));
#4749=CARTESIAN_POINT('',(75.9241495420029,8.60758478383509,39.));
#4750=CARTESIAN_POINT('',(75.9241495420029,8.60758478383509,39.));
#4751=CARTESIAN_POINT('',(77.9241495420029,10.6075847838351,39.));
#4752=CARTESIAN_POINT('Origin',(75.9241495420029,10.6075847838351,39.));
#4753=CARTESIAN_POINT('',(77.9241495420029,18.8075847838351,39.));
#4754=CARTESIAN_POINT('',(77.9241495420029,18.8075847838351,39.));
#4755=CARTESIAN_POINT('',(75.9241495420029,20.8075847838351,39.));
#4756=CARTESIAN_POINT('Origin',(75.9241495420029,18.8075847838351,39.));
#4757=CARTESIAN_POINT('',(67.7241495420029,20.8075847838351,39.));
#4758=CARTESIAN_POINT('',(67.7241495420029,20.8075847838351,39.));
#4759=CARTESIAN_POINT('',(65.7241495420029,18.8075847838351,39.));
#4760=CARTESIAN_POINT('Origin',(67.7241495420029,18.8075847838351,39.));
#4761=CARTESIAN_POINT('',(65.7241495420029,10.6075847838351,39.));
#4762=CARTESIAN_POINT('',(107.313320518142,-5.80165213856864,39.));
#4763=CARTESIAN_POINT('',(109.313320518142,-3.80165213856864,39.));
#4764=CARTESIAN_POINT('Origin',(107.313320518142,-3.80165213856865,39.));
#4765=CARTESIAN_POINT('',(109.313320518142,4.39834786143137,39.));
#4766=CARTESIAN_POINT('',(109.313320518142,4.39834786143137,39.));
#4767=CARTESIAN_POINT('',(107.313320518142,6.39834786143137,39.));
#4768=CARTESIAN_POINT('Origin',(107.313320518142,4.39834786143138,39.));
#4769=CARTESIAN_POINT('',(99.1133205181421,6.39834786143137,39.));
#4770=CARTESIAN_POINT('',(99.1133205181421,6.39834786143137,39.));
#4771=CARTESIAN_POINT('',(97.1133205181421,4.39834786143137,39.));
#4772=CARTESIAN_POINT('Origin',(99.1133205181421,4.39834786143138,39.));
#4773=CARTESIAN_POINT('',(97.1133205181421,-3.80165213856864,39.));
#4774=CARTESIAN_POINT('',(97.1133205181421,-3.80165213856864,39.));
#4775=CARTESIAN_POINT('',(99.1133205181421,-5.80165213856864,39.));
#4776=CARTESIAN_POINT('Origin',(99.1133205181421,-3.80165213856865,39.));
#4777=CARTESIAN_POINT('',(107.313320518142,-5.80165213856864,39.));
#4778=CARTESIAN_POINT('',(90.566115844501,-5.80165213856864,39.));
#4779=CARTESIAN_POINT('',(92.566115844501,-3.80165213856864,39.));
#4780=CARTESIAN_POINT('Origin',(90.566115844501,-3.80165213856865,39.));
#4781=CARTESIAN_POINT('',(92.566115844501,4.39834786143137,39.));
#4782=CARTESIAN_POINT('',(92.566115844501,4.39834786143137,39.));
#4783=CARTESIAN_POINT('',(90.566115844501,6.39834786143137,39.));
#4784=CARTESIAN_POINT('Origin',(90.566115844501,4.39834786143138,39.));
#4785=CARTESIAN_POINT('',(82.366115844501,6.39834786143138,39.));
#4786=CARTESIAN_POINT('',(82.366115844501,6.39834786143138,39.));
#4787=CARTESIAN_POINT('',(80.366115844501,4.39834786143137,39.));
#4788=CARTESIAN_POINT('Origin',(82.366115844501,4.39834786143138,39.));
#4789=CARTESIAN_POINT('',(80.366115844501,-3.80165213856864,39.));
#4790=CARTESIAN_POINT('',(80.366115844501,-3.80165213856864,39.));
#4791=CARTESIAN_POINT('',(82.366115844501,-5.80165213856862,39.));
#4792=CARTESIAN_POINT('Origin',(82.366115844501,-3.80165213856863,39.));
#4793=CARTESIAN_POINT('',(90.566115844501,-5.80165213856864,39.));
#4794=CARTESIAN_POINT('',(107.313320518142,16.2925152576336,39.));
#4795=CARTESIAN_POINT('',(109.313320518142,18.2925152576336,39.));
#4796=CARTESIAN_POINT('Origin',(107.313320518142,18.2925152576336,39.));
#4797=CARTESIAN_POINT('',(109.313320518142,26.4925152576336,39.));
#4798=CARTESIAN_POINT('',(109.313320518142,26.4925152576336,39.));
#4799=CARTESIAN_POINT('',(107.313320518142,28.4925152576336,39.));
#4800=CARTESIAN_POINT('Origin',(107.313320518142,26.4925152576336,39.));
#4801=CARTESIAN_POINT('',(99.1133205181421,28.4925152576336,39.));
#4802=CARTESIAN_POINT('',(99.1133205181421,28.4925152576336,39.));
#4803=CARTESIAN_POINT('',(97.1133205181421,26.4925152576336,39.));
#4804=CARTESIAN_POINT('Origin',(99.1133205181421,26.4925152576336,39.));
#4805=CARTESIAN_POINT('',(97.1133205181421,18.2925152576336,39.));
#4806=CARTESIAN_POINT('',(97.1133205181421,18.2925152576336,39.));
#4807=CARTESIAN_POINT('',(99.1133205181421,16.2925152576336,39.));
#4808=CARTESIAN_POINT('Origin',(99.1133205181421,18.2925152576336,39.));
#4809=CARTESIAN_POINT('',(107.313320518142,16.2925152576336,39.));
#4810=CARTESIAN_POINT('',(97.1133205181421,-27.7999972999096,39.));
#4811=CARTESIAN_POINT('',(109.313320518142,-27.7999972999096,39.));
#4812=CARTESIAN_POINT('',(109.313320518142,-27.7999972999096,39.));
#4813=CARTESIAN_POINT('',(109.313320518142,-15.5999972999096,39.));
#4814=CARTESIAN_POINT('',(109.313320518142,-15.5999972999096,39.));
#4815=CARTESIAN_POINT('',(97.1133205181421,-15.5999972999096,39.));
#4816=CARTESIAN_POINT('',(99.1133205181421,-15.5999972999096,39.));
#4817=CARTESIAN_POINT('',(97.1133205181421,-25.7999972999096,39.));
#4818=CARTESIAN_POINT('Origin',(121.2,-12.0000001713634,39.475000073202));
#4819=CARTESIAN_POINT('',(121.2,-11.5000001713634,41.0000006109476));
#4820=CARTESIAN_POINT('',(121.2,-11.5000001713634,39.475000073202));
#4821=CARTESIAN_POINT('',(121.7,-12.0000001713634,41.0000006844057));
#4822=CARTESIAN_POINT('Origin',(121.2,-12.0000001713634,41.));
#4823=CARTESIAN_POINT('',(121.7,-12.0000001713634,39.475000073202));
#4824=CARTESIAN_POINT('Origin',(121.7,-37.7999991551042,39.9499995652586));
#4825=CARTESIAN_POINT('',(121.7,-38.85,41.));
#4826=CARTESIAN_POINT('',(121.7,36.1999993049345,40.999997935376));
#4827=CARTESIAN_POINT('',(121.7,-38.85,21.4749997826293));
#4828=CARTESIAN_POINT('Origin',(121.7,-11.5000001713634,39.0000005811453));
#4829=CARTESIAN_POINT('',(121.7,-11.5000001713634,41.0000006109476));
#4830=CARTESIAN_POINT('Origin',(121.7,-37.7999991551042,39.9499995652586));
#4831=CARTESIAN_POINT('',(121.7,38.85,40.9999977842363));
#4832=CARTESIAN_POINT('',(121.7,38.85,21.4749987046903));
#4833=CARTESIAN_POINT('',(121.7,36.1999993049345,40.999997935376));
#4834=CARTESIAN_POINT('Origin',(53.6384836303759,42.8999992475208,39.2000006109476));
#4835=CARTESIAN_POINT('',(52.4384836303759,43.9999992475208,39.2000006109476));
#4836=CARTESIAN_POINT('',(53.6384836303759,43.9999992475208,38.0000006109476));
#4837=CARTESIAN_POINT('Origin',(53.6384836303759,43.9999992475208,39.2000006109476));
#4838=CARTESIAN_POINT('',(53.6384836303759,42.5999992475208,38.0000006109476));
#4839=CARTESIAN_POINT('',(53.6384836303759,42.8999992475208,38.0000006109476));
#4840=CARTESIAN_POINT('',(52.4384836303759,42.5999992475208,39.2000006109476));
#4841=CARTESIAN_POINT('Origin',(53.6384836303759,42.5999992475208,39.2000006109476));
#4842=CARTESIAN_POINT('',(52.4384836303759,42.8999992475208,39.2000006109476));
#4843=CARTESIAN_POINT('Origin',(52.4384836303759,42.4999992475208,41.0000006109476));
#4844=CARTESIAN_POINT('',(52.4384836303759,42.5999992475208,41.0000006109476));
#4845=CARTESIAN_POINT('',(52.4384836303759,42.5999992475208,41.0000006109476));
#4846=CARTESIAN_POINT('',(52.4384836303759,42.4999992475208,41.0000006109476));
#4847=CARTESIAN_POINT('',(52.4384836303759,42.4999992475208,41.0000006109476));
#4848=CARTESIAN_POINT('',(52.4384836303759,42.4999992475208,42.0000006258488));
#4849=CARTESIAN_POINT('',(52.4384836303759,42.4999992475208,41.0000003054738));
#4850=CARTESIAN_POINT('',(52.4384836303759,42.9999992475208,42.0000006258488));
#4851=CARTESIAN_POINT('',(52.4384836303759,42.4999992475208,42.0000006258488));
#4852=CARTESIAN_POINT('',(52.4384836303759,43.9999992475208,41.0000006258488));
#4853=CARTESIAN_POINT('Origin',(52.4384836303759,42.9999992475208,41.0000006258488));
#4854=CARTESIAN_POINT('',(52.4384836303759,43.9999992475208,41.0000006109476));
#4855=CARTESIAN_POINT('Origin',(64.9384836303759,42.5999992475208,41.0000006109476));
#4856=CARTESIAN_POINT('',(63.7384836303759,42.5999992475208,38.0000006109476));
#4857=CARTESIAN_POINT('',(52.4384836303759,42.5999992475208,38.0000006109476));
#4858=CARTESIAN_POINT('',(64.9384836303759,42.5999992475208,39.2000006109476));
#4859=CARTESIAN_POINT('Origin',(63.7384836303759,42.5999992475208,39.2000006109476));
#4860=CARTESIAN_POINT('',(64.9384836303759,42.5999992475208,41.0000006109476));
#4861=CARTESIAN_POINT('',(64.9384836303759,42.5999992475208,41.0000006109476));
#4862=CARTESIAN_POINT('',(64.9384836303759,42.5999992475208,41.0000006109476));
#4863=CARTESIAN_POINT('Origin',(63.7384836303759,42.8999992475208,39.2000006109476));
#4864=CARTESIAN_POINT('',(63.7384836303759,43.9999992475208,38.0000006109476));
#4865=CARTESIAN_POINT('',(63.7384836303759,42.8999992475208,38.0000006109476));
#4866=CARTESIAN_POINT('',(64.9384836303759,43.9999992475208,39.2000006109476));
#4867=CARTESIAN_POINT('Origin',(63.7384836303759,43.9999992475208,39.2000006109476));
#4868=CARTESIAN_POINT('',(64.9384836303759,42.8999992475208,39.2000006109476));
#4869=CARTESIAN_POINT('Origin',(64.9384836303759,42.4999992475208,42.));
#4870=CARTESIAN_POINT('',(64.9384836303759,43.9999992475208,41.));
#4871=CARTESIAN_POINT('',(64.9384836303759,43.9999992475208,41.0000006109476));
#4872=CARTESIAN_POINT('',(64.9384836303759,42.9999992475208,42.));
#4873=CARTESIAN_POINT('Origin',(64.9384836303759,42.9999992475208,41.));
#4874=CARTESIAN_POINT('',(64.9384836303759,42.4999992475208,42.));
#4875=CARTESIAN_POINT('',(64.9384836303759,42.4999992475208,42.));
#4876=CARTESIAN_POINT('',(64.9384836303759,42.4999992475208,41.0000006109476));
#4877=CARTESIAN_POINT('',(64.9384836303759,42.4999992475208,41.5));
#4878=CARTESIAN_POINT('',(64.9384836303759,42.4999992475208,41.0000006109476));
#4879=CARTESIAN_POINT('Origin',(58.6884836303759,43.9999992475208,41.5000006183982));
#4880=CARTESIAN_POINT('',(55.563483592825,43.9999992475208,41.0000004693866));
#4881=CARTESIAN_POINT('',(64.9384836303759,43.9999992475208,38.0000006109476));
#4882=CARTESIAN_POINT('Origin',(55.563483592825,42.9999992475208,41.0000004693866));
#4883=CARTESIAN_POINT('',(55.5634836428929,42.9999992475208,42.0000004693866));
#4884=CARTESIAN_POINT('Origin',(58.6884836303759,43.2999992475208,38.0000006109476));
#4885=CARTESIAN_POINT('Origin',(52.4384836303759,42.4999992475208,42.0000006258488));
#4886=CARTESIAN_POINT('',(122.788483630376,42.4999992475208,42.));
#4887=CARTESIAN_POINT('Origin',(122.788483630376,42.4999992475208,41.));
#4888=CARTESIAN_POINT('',(104.438483630376,42.4999992475208,42.0000006258488));
#4889=CARTESIAN_POINT('',(122.788483630376,42.4999992475208,42.));
#4890=CARTESIAN_POINT('',(104.438483630376,42.4999992475208,41.0000006109476));
#4891=CARTESIAN_POINT('',(104.438483630376,42.4999992475208,41.0000003054738));
#4892=CARTESIAN_POINT('',(105.188741289529,42.4999992475208,41.));
#4893=CARTESIAN_POINT('Origin',(122.788483630376,42.4999992475208,41.));
#4894=CARTESIAN_POINT('',(47.438483630376,42.4999992475208,41.));
#4895=CARTESIAN_POINT('',(105.188741289529,42.4999992475208,41.));
#4896=CARTESIAN_POINT('',(47.438483630376,42.4999992475208,42.));
#4897=CARTESIAN_POINT('',(47.438483630376,42.4999992475208,41.));
#4898=CARTESIAN_POINT('',(122.788483630376,42.4999992475208,42.));
#4899=CARTESIAN_POINT('Origin',(105.638483630376,42.8999992475208,39.2000006109476));
#4900=CARTESIAN_POINT('',(104.438483630376,43.9999992475208,39.2000006109476));
#4901=CARTESIAN_POINT('',(105.638483630376,43.9999992475208,38.0000006109476));
#4902=CARTESIAN_POINT('Origin',(105.638483630376,43.9999992475208,39.2000006109476));
#4903=CARTESIAN_POINT('',(105.638483630376,42.5999992475208,38.0000006109476));
#4904=CARTESIAN_POINT('',(105.638483630376,42.8999992475208,38.0000006109476));
#4905=CARTESIAN_POINT('',(104.438483630376,42.5999992475208,39.2000006109476));
#4906=CARTESIAN_POINT('Origin',(105.638483630376,42.5999992475208,39.2000006109476));
#4907=CARTESIAN_POINT('',(104.438483630376,42.8999992475208,39.2000006109476));
#4908=CARTESIAN_POINT('Origin',(104.438483630376,42.4999992475208,41.0000006109476));
#4909=CARTESIAN_POINT('',(104.438483630376,42.5999992475208,41.0000006109476));
#4910=CARTESIAN_POINT('',(104.438483630376,42.5999992475208,41.0000006109476));
#4911=CARTESIAN_POINT('',(104.438483630376,42.4999992475208,41.0000006109476));
#4912=CARTESIAN_POINT('',(104.438483630376,42.9999992475208,42.0000006258488));
#4913=CARTESIAN_POINT('',(104.438483630376,42.4999992475208,42.0000006258488));
#4914=CARTESIAN_POINT('',(104.438483630376,43.9999992475208,41.0000006258488));
#4915=CARTESIAN_POINT('Origin',(104.438483630376,42.9999992475208,41.0000006258488));
#4916=CARTESIAN_POINT('',(104.438483630376,43.9999992475208,41.0000006109476));
#4917=CARTESIAN_POINT('Origin',(116.938483630376,42.5999992475208,41.0000006109476));
#4918=CARTESIAN_POINT('',(115.738483630376,42.5999992475208,38.0000006109476));
#4919=CARTESIAN_POINT('',(104.438483630376,42.5999992475208,38.0000006109476));
#4920=CARTESIAN_POINT('',(116.938483630376,42.5999992475208,39.2000006109476));
#4921=CARTESIAN_POINT('Origin',(115.738483630376,42.5999992475208,39.2000006109476));
#4922=CARTESIAN_POINT('',(116.938483630376,42.5999992475208,41.0000006109476));
#4923=CARTESIAN_POINT('',(116.938483630376,42.5999992475208,41.0000006109476));
#4924=CARTESIAN_POINT('',(116.938483630376,42.5999992475208,41.0000006109476));
#4925=CARTESIAN_POINT('Origin',(115.738483630376,42.8999992475208,39.2000006109476));
#4926=CARTESIAN_POINT('',(115.738483630376,43.9999992475208,38.0000006109476));
#4927=CARTESIAN_POINT('',(115.738483630376,42.8999992475208,38.0000006109476));
#4928=CARTESIAN_POINT('',(116.938483630376,43.9999992475208,39.2000006109476));
#4929=CARTESIAN_POINT('Origin',(115.738483630376,43.9999992475208,39.2000006109476));
#4930=CARTESIAN_POINT('',(116.938483630376,42.8999992475208,39.2000006109476));
#4931=CARTESIAN_POINT('Origin',(116.938483630376,42.4999992475208,42.));
#4932=CARTESIAN_POINT('',(116.938483630376,43.9999992475208,41.));
#4933=CARTESIAN_POINT('',(116.938483630376,43.9999992475208,41.0000006109476));
#4934=CARTESIAN_POINT('',(116.938483630376,42.9999992475208,42.));
#4935=CARTESIAN_POINT('Origin',(116.938483630376,42.9999992475208,41.));
#4936=CARTESIAN_POINT('',(116.938483630376,42.4999992475208,42.));
#4937=CARTESIAN_POINT('',(116.938483630376,42.4999992475208,42.));
#4938=CARTESIAN_POINT('',(116.938483630376,42.4999992475208,41.0000006109476));
#4939=CARTESIAN_POINT('',(116.938483630376,42.4999992475208,41.5));
#4940=CARTESIAN_POINT('',(116.938483630376,42.4999992475208,41.0000006109476));
#4941=CARTESIAN_POINT('Origin',(110.688483630376,43.9999992475208,41.5000006183982));
#4942=CARTESIAN_POINT('',(107.563483592825,43.9999992475208,41.0000004693866));
#4943=CARTESIAN_POINT('',(116.938483630376,43.9999992475208,38.0000006109476));
#4944=CARTESIAN_POINT('Origin',(107.563483592825,42.9999992475208,41.0000004693866));
#4945=CARTESIAN_POINT('',(107.563483642893,42.9999992475208,42.0000004693866));
#4946=CARTESIAN_POINT('Origin',(110.688483630376,43.2999992475208,38.0000006109476));
#4947=CARTESIAN_POINT('Origin',(104.438483630376,42.4999992475208,42.0000006258488));
#4948=CARTESIAN_POINT('',(122.788483630376,42.4999992475208,42.));
#4949=CARTESIAN_POINT('Origin',(122.788483630376,42.4999992475208,41.));
#4950=CARTESIAN_POINT('',(122.788483630376,42.4999992475208,42.));
#4951=CARTESIAN_POINT('',(122.788483630376,42.4999992475208,42.));
#4952=CARTESIAN_POINT('',(122.788483630376,42.4999992475208,41.));
#4953=CARTESIAN_POINT('',(122.788483630376,42.4999992475208,41.));
#4954=CARTESIAN_POINT('',(105.188741289529,42.4999992475208,41.));
#4955=CARTESIAN_POINT('Origin',(115.714760388179,-42.8999973401722,39.2000006109476));
#4956=CARTESIAN_POINT('',(116.914760388179,-43.9999973401722,39.2000006109476));
#4957=CARTESIAN_POINT('',(115.714760388179,-43.9999973401722,38.0000006109476));
#4958=CARTESIAN_POINT('Origin',(115.714760388179,-43.9999973401722,39.2000006109476));
#4959=CARTESIAN_POINT('',(115.714760388179,-42.5999973401722,38.0000006109476));
#4960=CARTESIAN_POINT('',(115.714760388179,-42.8999973401722,38.0000006109476));
#4961=CARTESIAN_POINT('',(116.914760388179,-42.5999973401722,39.2000006109476));
#4962=CARTESIAN_POINT('Origin',(115.714760388179,-42.5999973401722,39.2000006109476));
#4963=CARTESIAN_POINT('',(116.914760388179,-42.8999973401722,39.2000006109476));
#4964=CARTESIAN_POINT('Origin',(116.914760388179,-42.4999973401722,41.0000006109476));
#4965=CARTESIAN_POINT('',(116.914760388179,-42.5999973401722,41.0000006109476));
#4966=CARTESIAN_POINT('',(116.914760388179,-42.5999973401722,41.0000006109476));
#4967=CARTESIAN_POINT('',(116.914760388179,-42.4999973401722,41.0000006109476));
#4968=CARTESIAN_POINT('',(116.914760388179,-42.4999973401722,41.0000006109476));
#4969=CARTESIAN_POINT('',(116.914760388179,-42.4999973401722,42.0000006258488));
#4970=CARTESIAN_POINT('',(116.914760388179,-42.5,41.0000003054738));
#4971=CARTESIAN_POINT('',(116.914760388179,-42.9999973401722,42.0000006258488));
#4972=CARTESIAN_POINT('',(116.914760388179,-42.4999973401722,42.0000006258488));
#4973=CARTESIAN_POINT('',(116.914760388179,-43.9999973401722,41.0000006258488));
#4974=CARTESIAN_POINT('Origin',(116.914760388179,-42.9999973401722,41.0000006258488));
#4975=CARTESIAN_POINT('',(116.914760388179,-43.9999973401722,41.0000006109476));
#4976=CARTESIAN_POINT('Origin',(104.414760388179,-42.5999973401722,41.0000006109476));
#4977=CARTESIAN_POINT('',(105.614760388179,-42.5999973401722,38.0000006109476));
#4978=CARTESIAN_POINT('',(116.914760388179,-42.5999973401722,38.0000006109476));
#4979=CARTESIAN_POINT('',(104.414760388179,-42.5999973401722,39.2000006109476));
#4980=CARTESIAN_POINT('Origin',(105.614760388179,-42.5999973401722,39.2000006109476));
#4981=CARTESIAN_POINT('',(104.414760388179,-42.5999973401722,41.0000006109476));
#4982=CARTESIAN_POINT('',(104.414760388179,-42.5999973401722,41.0000006109476));
#4983=CARTESIAN_POINT('',(104.414760388179,-42.5999973401722,41.0000006109476));
#4984=CARTESIAN_POINT('Origin',(105.614760388179,-42.8999973401721,39.2000006109476));
#4985=CARTESIAN_POINT('',(105.614760388179,-43.9999973401722,38.0000006109476));
#4986=CARTESIAN_POINT('',(105.614760388179,-42.8999973401721,38.0000006109476));
#4987=CARTESIAN_POINT('',(104.414760388179,-43.9999973401722,39.2000006109476));
#4988=CARTESIAN_POINT('Origin',(105.614760388179,-43.9999973401722,39.2000006109476));
#4989=CARTESIAN_POINT('',(104.414760388179,-42.8999973401721,39.2000006109476));
#4990=CARTESIAN_POINT('Origin',(104.414760388179,-42.4999973401722,42.));
#4991=CARTESIAN_POINT('',(104.414760388179,-43.9999973401722,41.));
#4992=CARTESIAN_POINT('',(104.414760388179,-43.9999973401722,41.0000006109476));
#4993=CARTESIAN_POINT('',(104.414760388179,-42.9999973401722,42.));
#4994=CARTESIAN_POINT('Origin',(104.414760388179,-42.9999973401722,41.));
#4995=CARTESIAN_POINT('',(104.414760388179,-42.4999973401722,42.));
#4996=CARTESIAN_POINT('',(104.414760388179,-42.4999973401722,42.));
#4997=CARTESIAN_POINT('',(104.414760388179,-42.4999973401722,41.0000006109476));
#4998=CARTESIAN_POINT('',(104.414760388179,-42.5,41.5));
#4999=CARTESIAN_POINT('',(104.414760388179,-42.4999973401722,41.0000006109476));
#5000=CARTESIAN_POINT('Origin',(110.664760388179,-43.9999973401722,41.5000006183982));
#5001=CARTESIAN_POINT('',(113.78976042573,-43.9999973401722,41.0000004693866));
#5002=CARTESIAN_POINT('',(104.414760388179,-43.9999973401722,38.0000006109476));
#5003=CARTESIAN_POINT('Origin',(113.78976042573,-42.9999973401722,41.0000004693866));
#5004=CARTESIAN_POINT('',(113.789760375662,-42.9999973401722,42.0000004693866));
#5005=CARTESIAN_POINT('Origin',(110.664760388179,-43.2999973401722,38.0000006109476));
#5006=CARTESIAN_POINT('Origin',(116.914760388179,-42.4999973401722,42.0000006258488));
#5007=CARTESIAN_POINT('',(47.177997897364,-42.5,42.));
#5008=CARTESIAN_POINT('Origin',(47.288483630376,-42.5,41.));
#5009=CARTESIAN_POINT('',(64.9147603881787,-42.4999973401722,42.0000006258488));
#5010=CARTESIAN_POINT('',(47.177997897364,-42.5,42.));
#5011=CARTESIAN_POINT('',(64.9147603881787,-42.4999973401722,41.0000006109476));
#5012=CARTESIAN_POINT('',(64.9147603881787,-42.5,41.0000003054738));
#5013=CARTESIAN_POINT('',(67.438741289529,-42.5,41.));
#5014=CARTESIAN_POINT('Origin',(47.288483630376,-42.5,41.));
#5015=CARTESIAN_POINT('',(123.,-42.5,41.));
#5016=CARTESIAN_POINT('',(67.438741289529,-42.5,41.));
#5017=CARTESIAN_POINT('',(123.,-42.5,42.));
#5018=CARTESIAN_POINT('',(123.,-42.5,41.));
#5019=CARTESIAN_POINT('',(47.177997897364,-42.5,42.));
#5020=CARTESIAN_POINT('Origin',(63.7147603881787,-42.8999973401721,39.2000006109476));
#5021=CARTESIAN_POINT('',(64.9147603881787,-43.9999973401722,39.2000006109476));
#5022=CARTESIAN_POINT('',(63.7147603881787,-43.9999973401722,38.0000006109476));
#5023=CARTESIAN_POINT('Origin',(63.7147603881787,-43.9999973401722,39.2000006109476));
#5024=CARTESIAN_POINT('',(63.7147603881787,-42.5999973401722,38.0000006109476));
#5025=CARTESIAN_POINT('',(63.7147603881787,-42.8999973401721,38.0000006109476));
#5026=CARTESIAN_POINT('',(64.9147603881787,-42.5999973401722,39.2000006109476));
#5027=CARTESIAN_POINT('Origin',(63.7147603881787,-42.5999973401722,39.2000006109476));
#5028=CARTESIAN_POINT('',(64.9147603881787,-42.8999973401721,39.2000006109476));
#5029=CARTESIAN_POINT('Origin',(64.9147603881787,-42.4999973401722,41.0000006109476));
#5030=CARTESIAN_POINT('',(64.9147603881787,-42.5999973401722,41.0000006109476));
#5031=CARTESIAN_POINT('',(64.9147603881787,-42.5999973401722,41.0000006109476));
#5032=CARTESIAN_POINT('',(64.9147603881787,-42.4999973401722,41.0000006109476));
#5033=CARTESIAN_POINT('',(64.9147603881787,-42.9999973401722,42.0000006258488));
#5034=CARTESIAN_POINT('',(64.9147603881787,-42.4999973401722,42.0000006258488));
#5035=CARTESIAN_POINT('',(64.9147603881787,-43.9999973401722,41.0000006258488));
#5036=CARTESIAN_POINT('Origin',(64.9147603881787,-42.9999973401722,41.0000006258488));
#5037=CARTESIAN_POINT('',(64.9147603881787,-43.9999973401722,41.0000006109476));
#5038=CARTESIAN_POINT('Origin',(52.4147603881787,-42.5999973401721,41.0000006109476));
#5039=CARTESIAN_POINT('',(53.6147603881787,-42.5999973401721,38.0000006109476));
#5040=CARTESIAN_POINT('',(64.9147603881787,-42.5999973401722,38.0000006109476));
#5041=CARTESIAN_POINT('',(52.4147603881787,-42.5999973401721,39.2000006109476));
#5042=CARTESIAN_POINT('Origin',(53.6147603881787,-42.5999973401721,39.2000006109476));
#5043=CARTESIAN_POINT('',(52.4147603881787,-42.5999973401721,41.0000006109476));
#5044=CARTESIAN_POINT('',(52.4147603881787,-42.5999973401721,41.0000006109476));
#5045=CARTESIAN_POINT('',(52.4147603881787,-42.5999973401721,41.0000006109476));
#5046=CARTESIAN_POINT('Origin',(53.6147603881787,-42.8999973401721,39.2000006109476));
#5047=CARTESIAN_POINT('',(53.6147603881787,-43.9999973401721,38.0000006109476));
#5048=CARTESIAN_POINT('',(53.6147603881787,-42.8999973401721,38.0000006109476));
#5049=CARTESIAN_POINT('',(52.4147603881787,-43.9999973401721,39.2000006109476));
#5050=CARTESIAN_POINT('Origin',(53.6147603881787,-43.9999973401721,39.2000006109476));
#5051=CARTESIAN_POINT('',(52.4147603881787,-42.8999973401721,39.2000006109476));
#5052=CARTESIAN_POINT('Origin',(52.4147603881787,-42.4999973401721,42.));
#5053=CARTESIAN_POINT('',(52.4147603881787,-43.9999973401721,41.));
#5054=CARTESIAN_POINT('',(52.4147603881787,-43.9999973401721,41.0000006109476));
#5055=CARTESIAN_POINT('',(52.4147603881787,-42.9999973401721,42.));
#5056=CARTESIAN_POINT('Origin',(52.4147603881787,-42.9999973401721,41.));
#5057=CARTESIAN_POINT('',(52.4147603881787,-42.4999973401721,42.));
#5058=CARTESIAN_POINT('',(52.4147603881787,-42.4999973401721,42.));
#5059=CARTESIAN_POINT('',(52.4147603881787,-42.4999973401721,41.0000006109476));
#5060=CARTESIAN_POINT('',(52.4147603881787,-42.5,41.5));
#5061=CARTESIAN_POINT('',(52.4147603881787,-42.4999973401721,41.0000006109476));
#5062=CARTESIAN_POINT('Origin',(58.6647603881787,-43.9999973401721,41.5000006183982));
#5063=CARTESIAN_POINT('',(61.7897604257297,-43.9999973401722,41.0000004693866));
#5064=CARTESIAN_POINT('',(52.4147603881787,-43.9999973401721,38.0000006109476));
#5065=CARTESIAN_POINT('Origin',(61.7897604257297,-42.9999973401722,41.0000004693866));
#5066=CARTESIAN_POINT('',(61.7897603756617,-42.9999973401722,42.0000004693866));
#5067=CARTESIAN_POINT('Origin',(58.6647603881787,-43.2999973401721,38.0000006109476));
#5068=CARTESIAN_POINT('Origin',(64.9147603881787,-42.4999973401722,42.0000006258488));
#5069=CARTESIAN_POINT('',(47.177997897364,-42.5,42.));
#5070=CARTESIAN_POINT('Origin',(47.288483630376,-42.5,41.));
#5071=CARTESIAN_POINT('',(47.438483630376,-42.5,42.));
#5072=CARTESIAN_POINT('',(47.177997897364,-42.5,42.));
#5073=CARTESIAN_POINT('',(47.438483630376,-42.5,41.));
#5074=CARTESIAN_POINT('',(47.438483630376,-42.5,41.));
#5075=CARTESIAN_POINT('',(67.438741289529,-42.5,41.));
#5076=CARTESIAN_POINT('Origin',(124.85,36.1999993049345,40.999997935376));
#5077=CARTESIAN_POINT('',(121.7,39.35,41.));
#5078=CARTESIAN_POINT('',(121.7,-0.799999895142021,41.000000045627));
#5079=CARTESIAN_POINT('',(121.2,39.35,41.));
#5080=CARTESIAN_POINT('Origin',(121.2,38.85,40.9999977842363));
#5081=CARTESIAN_POINT('',(44.744499474341,39.35,41.));
#5082=CARTESIAN_POINT('Origin',(127.788483630376,-10.9240485233015,42.0000006258488));
#5083=CARTESIAN_POINT('',(130.288483630376,-10.9240485233015,41.2071073921341));
#5084=CARTESIAN_POINT('',(128.034930239783,-10.9240485233015,38.953554001541));
#5085=CARTESIAN_POINT('',(129.934930243508,-10.9240485233015,40.8535540052662));
#5086=CARTESIAN_POINT('',(130.288483630376,-10.9240485233015,42.0000006258488));
#5087=CARTESIAN_POINT('',(130.288483630376,-10.9240485233015,41.7500006221235));
#5088=CARTESIAN_POINT('',(122.288483630376,-10.9240485233015,42.0000006258488));
#5089=CARTESIAN_POINT('',(127.788483630376,-10.9240485233015,42.0000006258488));
#5090=CARTESIAN_POINT('',(122.288483630376,-10.9240485233015,41.0000006109476));
#5091=CARTESIAN_POINT('',(122.288483630376,-10.9240485233015,41.0000006109476));
#5092=CARTESIAN_POINT('',(127.888483630376,-10.9240485233015,41.0000006109476));
#5093=CARTESIAN_POINT('',(127.788483630376,-10.9240485233015,41.0000006109476));
#5094=CARTESIAN_POINT('',(127.888483630376,-10.9240485233015,39.3071073921343));
#5095=CARTESIAN_POINT('',(127.888483630376,-10.9240485233015,38.1000006109476));
#5096=CARTESIAN_POINT('Origin',(128.388483630376,-10.9240485233015,39.3071073921343));
#5097=CARTESIAN_POINT('Origin',(121.2,38.85,21.4749987046903));
#5098=CARTESIAN_POINT('',(121.2,39.35,21.4749987046903));
#5099=CARTESIAN_POINT('Origin',(121.2,-38.85,21.4749997826293));
#5100=CARTESIAN_POINT('',(121.2,-39.35,41.));
#5101=CARTESIAN_POINT('Origin',(121.2,-38.85,41.));
#5102=CARTESIAN_POINT('',(121.2,-39.35,21.4749997826293));
#5103=CARTESIAN_POINT('Origin',(1.9,39.35,3.));
#5104=CARTESIAN_POINT('',(47.438483630376,39.35,41.));
#5105=CARTESIAN_POINT('',(47.438483630376,39.35,22.));
#5106=CARTESIAN_POINT('',(44.744499474341,39.35,41.));
#5107=CARTESIAN_POINT('Origin',(123.,-39.35,3.));
#5108=CARTESIAN_POINT('',(47.438483630376,-39.35,41.));
#5109=CARTESIAN_POINT('',(105.294499474341,-39.35,41.));
#5110=CARTESIAN_POINT('',(47.438483630376,-39.35,22.));
#5111=CARTESIAN_POINT('Origin',(130.135822549237,11.5000001639128,42.));
#5112=CARTESIAN_POINT('',(130.135822549237,11.0000001639128,41.));
#5113=CARTESIAN_POINT('',(130.624851490666,11.6041668305794,41.));
#5114=CARTESIAN_POINT('Origin',(130.135822549237,11.5000001639128,41.));
#5115=CARTESIAN_POINT('',(130.624851490666,11.6041668305794,42.));
#5116=CARTESIAN_POINT('',(130.624851490666,11.6041668305794,42.));
#5117=CARTESIAN_POINT('',(130.135822549237,11.0000001639128,42.));
#5118=CARTESIAN_POINT('Origin',(130.135822549237,11.5000001639128,42.));
#5119=CARTESIAN_POINT('',(130.135822549237,11.0000001639128,42.));
#5120=CARTESIAN_POINT('Origin',(127.788483630376,11.0000001639128,42.0000006258488));
#5121=CARTESIAN_POINT('',(122.288483630376,11.0000001639128,42.0000006258488));
#5122=CARTESIAN_POINT('',(130.688483630376,11.0000001639128,42.));
#5123=CARTESIAN_POINT('',(122.288483630376,11.0000001639128,41.0000006109476));
#5124=CARTESIAN_POINT('',(122.288483630376,11.0000001639128,42.0000006258488));
#5125=CARTESIAN_POINT('',(127.788483630376,11.0000001639128,41.0000006109476));
#5126=CARTESIAN_POINT('Origin',(87.538483630376,-3.76239608357309E-7,42.));
#5127=CARTESIAN_POINT('',(127.788483630376,13.9000001639128,42.));
#5128=CARTESIAN_POINT('Origin',(127.788483630376,11.0000001639128,42.));
#5129=CARTESIAN_POINT('',(127.788483630376,37.4999992475208,42.));
#5130=CARTESIAN_POINT('',(127.788483630376,-37.5081119419792,42.));
#5131=CARTESIAN_POINT('Origin',(122.788483630376,37.4999992475208,42.));
#5132=CARTESIAN_POINT('',(47.4384836303759,21.2499994356406,42.));
#5133=CARTESIAN_POINT('',(123.08581485485,-42.4992635268294,42.));
#5134=CARTESIAN_POINT('Origin',(123.,-37.5,42.));
#5135=CARTESIAN_POINT('',(127.788483630376,-37.5081119419792,42.));
#5136=CARTESIAN_POINT('Origin',(122.788483630376,-37.5081119419792,42.));
#5137=CARTESIAN_POINT('',(127.788483630376,-14.324048530752,42.));
#5138=CARTESIAN_POINT('',(127.788483630376,-37.5081119419792,42.));
#5139=CARTESIAN_POINT('',(130.624851490666,-12.0282151974187,42.));
#5140=CARTESIAN_POINT('Origin',(127.788483630376,-11.424048530752,42.));
#5141=CARTESIAN_POINT('',(130.135822549237,-11.424048530752,42.));
#5142=CARTESIAN_POINT('Origin',(130.135822549237,-11.924048530752,42.));
#5143=CARTESIAN_POINT('',(122.288483630376,-11.424048530752,42.0000006258488));
#5144=CARTESIAN_POINT('',(107.663483630376,-11.424048530752,42.));
#5145=CARTESIAN_POINT('',(122.288483630376,-5.58702445163318,42.));
#5146=CARTESIAN_POINT('',(130.288483630376,10.5000001564622,42.0000006258488));
#5147=CARTESIAN_POINT('',(130.288483630376,-0.106012279829619,42.));
#5148=CARTESIAN_POINT('',(122.288483630376,10.5000001564622,42.0000006258488));
#5149=CARTESIAN_POINT('',(127.788483630376,10.5000001564622,42.0000006258488));
#5150=CARTESIAN_POINT('',(122.288483630376,5.37499989197394,42.));
#5151=CARTESIAN_POINT('',(77.9241495420029,-18.0576195463021,42.));
#5152=CARTESIAN_POINT('',(75.9241495420029,-20.0576195463021,42.));
#5153=CARTESIAN_POINT('Origin',(75.9241495420029,-18.0576195463021,42.));
#5154=CARTESIAN_POINT('',(67.7241495420029,-20.0576195463021,42.));
#5155=CARTESIAN_POINT('',(75.9241495420029,-20.0576195463021,42.));
#5156=CARTESIAN_POINT('',(65.7241495420029,-18.0576195463021,42.));
#5157=CARTESIAN_POINT('Origin',(67.7241495420029,-18.0576195463021,42.));
#5158=CARTESIAN_POINT('',(65.7241495420029,-9.85761954630207,42.));
#5159=CARTESIAN_POINT('',(65.7241495420029,-18.0576195463021,42.));
#5160=CARTESIAN_POINT('',(67.7241495420029,-7.85761954630206,42.));
#5161=CARTESIAN_POINT('Origin',(67.7241495420029,-9.85761954630208,42.));
#5162=CARTESIAN_POINT('',(75.9241495420029,-7.85761954630207,42.));
#5163=CARTESIAN_POINT('',(67.7241495420029,-7.85761954630206,42.));
#5164=CARTESIAN_POINT('',(77.9241495420029,-9.85761954630207,42.));
#5165=CARTESIAN_POINT('Origin',(75.9241495420029,-9.85761954630208,42.));
#5166=CARTESIAN_POINT('',(77.9241495420029,-9.85761954630207,42.));
#5167=CARTESIAN_POINT('',(53.3000009089708,-5.50000146776437,42.));
#5168=CARTESIAN_POINT('',(51.3000009089708,-3.50000146776437,42.));
#5169=CARTESIAN_POINT('Origin',(53.3000009089708,-3.50000146776436,42.));
#5170=CARTESIAN_POINT('',(51.3000009089708,4.69999853223563,42.));
#5171=CARTESIAN_POINT('',(51.3000009089708,-3.50000146776437,42.));
#5172=CARTESIAN_POINT('',(53.3000009089708,6.69999853223564,42.));
#5173=CARTESIAN_POINT('Origin',(53.3000009089708,4.69999853223563,42.));
#5174=CARTESIAN_POINT('',(61.5000009089708,6.69999853223564,42.));
#5175=CARTESIAN_POINT('',(53.3000009089708,6.69999853223564,42.));
#5176=CARTESIAN_POINT('',(63.5000009089708,4.69999853223563,42.));
#5177=CARTESIAN_POINT('Origin',(61.5000009089708,4.69999853223563,42.));
#5178=CARTESIAN_POINT('',(63.5000009089708,-3.50000146776437,42.));
#5179=CARTESIAN_POINT('',(63.5000009089708,4.69999853223564,42.));
#5180=CARTESIAN_POINT('',(61.5000009089708,-5.50000146776437,42.));
#5181=CARTESIAN_POINT('Origin',(61.5000009089708,-3.50000146776436,42.));
#5182=CARTESIAN_POINT('',(61.5000009089708,-5.50000146776437,42.));
#5183=CARTESIAN_POINT('',(67.7241495420029,8.6075847838351,42.));
#5184=CARTESIAN_POINT('',(65.7241495420029,10.6075847838351,42.));
#5185=CARTESIAN_POINT('Origin',(67.7241495420029,10.6075847838351,42.));
#5186=CARTESIAN_POINT('',(65.7241495420029,18.8075847838351,42.));
#5187=CARTESIAN_POINT('',(65.7241495420029,10.6075847838351,42.));
#5188=CARTESIAN_POINT('',(67.7241495420029,20.8075847838351,42.));
#5189=CARTESIAN_POINT('Origin',(67.7241495420029,18.8075847838351,42.));
#5190=CARTESIAN_POINT('',(75.9241495420029,20.8075847838351,42.));
#5191=CARTESIAN_POINT('',(67.7241495420029,20.8075847838351,42.));
#5192=CARTESIAN_POINT('',(77.9241495420029,18.8075847838351,42.));
#5193=CARTESIAN_POINT('Origin',(75.9241495420029,18.8075847838351,42.));
#5194=CARTESIAN_POINT('',(77.9241495420029,10.6075847838351,42.));
#5195=CARTESIAN_POINT('',(77.9241495420029,18.8075847838351,42.));
#5196=CARTESIAN_POINT('',(75.9241495420029,8.60758478383509,42.));
#5197=CARTESIAN_POINT('Origin',(75.9241495420029,10.6075847838351,42.));
#5198=CARTESIAN_POINT('',(75.9241495420029,8.60758478383509,42.));
#5199=CARTESIAN_POINT('',(109.313320518142,-3.80165213856864,42.));
#5200=CARTESIAN_POINT('',(107.313320518142,-5.80165213856864,42.));
#5201=CARTESIAN_POINT('Origin',(107.313320518142,-3.80165213856865,42.));
#5202=CARTESIAN_POINT('',(99.1133205181421,-5.80165213856864,42.));
#5203=CARTESIAN_POINT('',(107.313320518142,-5.80165213856864,42.));
#5204=CARTESIAN_POINT('',(97.1133205181421,-3.80165213856864,42.));
#5205=CARTESIAN_POINT('Origin',(99.1133205181421,-3.80165213856865,42.));
#5206=CARTESIAN_POINT('',(97.1133205181421,4.39834786143137,42.));
#5207=CARTESIAN_POINT('',(97.1133205181421,-3.80165213856864,42.));
#5208=CARTESIAN_POINT('',(99.1133205181421,6.39834786143137,42.));
#5209=CARTESIAN_POINT('Origin',(99.1133205181421,4.39834786143138,42.));
#5210=CARTESIAN_POINT('',(107.313320518142,6.39834786143137,42.));
#5211=CARTESIAN_POINT('',(99.1133205181421,6.39834786143137,42.));
#5212=CARTESIAN_POINT('',(109.313320518142,4.39834786143137,42.));
#5213=CARTESIAN_POINT('Origin',(107.313320518142,4.39834786143138,42.));
#5214=CARTESIAN_POINT('',(109.313320518142,4.39834786143137,42.));
#5215=CARTESIAN_POINT('',(92.566115844501,-3.80165213856864,42.));
#5216=CARTESIAN_POINT('',(90.566115844501,-5.80165213856864,42.));
#5217=CARTESIAN_POINT('Origin',(90.566115844501,-3.80165213856865,42.));
#5218=CARTESIAN_POINT('',(82.366115844501,-5.80165213856862,42.));
#5219=CARTESIAN_POINT('',(90.566115844501,-5.80165213856864,42.));
#5220=CARTESIAN_POINT('',(80.366115844501,-3.80165213856864,42.));
#5221=CARTESIAN_POINT('Origin',(82.366115844501,-3.80165213856863,42.));
#5222=CARTESIAN_POINT('',(80.366115844501,4.39834786143137,42.));
#5223=CARTESIAN_POINT('',(80.366115844501,-3.80165213856864,42.));
#5224=CARTESIAN_POINT('',(82.366115844501,6.39834786143138,42.));
#5225=CARTESIAN_POINT('Origin',(82.366115844501,4.39834786143138,42.));
#5226=CARTESIAN_POINT('',(90.566115844501,6.39834786143137,42.));
#5227=CARTESIAN_POINT('',(82.366115844501,6.39834786143138,42.));
#5228=CARTESIAN_POINT('',(92.566115844501,4.39834786143137,42.));
#5229=CARTESIAN_POINT('Origin',(90.566115844501,4.39834786143138,42.));
#5230=CARTESIAN_POINT('',(92.566115844501,4.39834786143137,42.));
#5231=CARTESIAN_POINT('',(109.313320518142,18.2925152576336,42.));
#5232=CARTESIAN_POINT('',(107.313320518142,16.2925152576336,42.));
#5233=CARTESIAN_POINT('Origin',(107.313320518142,18.2925152576336,42.));
#5234=CARTESIAN_POINT('',(99.1133205181421,16.2925152576336,42.));
#5235=CARTESIAN_POINT('',(107.313320518142,16.2925152576336,42.));
#5236=CARTESIAN_POINT('',(97.1133205181421,18.2925152576336,42.));
#5237=CARTESIAN_POINT('Origin',(99.1133205181421,18.2925152576336,42.));
#5238=CARTESIAN_POINT('',(97.1133205181421,26.4925152576336,42.));
#5239=CARTESIAN_POINT('',(97.1133205181421,18.2925152576336,42.));
#5240=CARTESIAN_POINT('',(99.1133205181421,28.4925152576336,42.));
#5241=CARTESIAN_POINT('Origin',(99.1133205181421,26.4925152576336,42.));
#5242=CARTESIAN_POINT('',(107.313320518142,28.4925152576336,42.));
#5243=CARTESIAN_POINT('',(99.1133205181421,28.4925152576336,42.));
#5244=CARTESIAN_POINT('',(109.313320518142,26.4925152576336,42.));
#5245=CARTESIAN_POINT('Origin',(107.313320518142,26.4925152576336,42.));
#5246=CARTESIAN_POINT('',(109.313320518142,26.4925152576336,42.));
#5247=CARTESIAN_POINT('',(109.313320518142,-27.7999972999096,42.));
#5248=CARTESIAN_POINT('',(97.1133205181421,-27.7999972999096,42.));
#5249=CARTESIAN_POINT('',(109.313320518142,-27.7999972999096,42.));
#5250=CARTESIAN_POINT('',(97.1133205181421,-15.5999972999096,42.));
#5251=CARTESIAN_POINT('',(97.1133205181421,-25.7999972999096,42.));
#5252=CARTESIAN_POINT('',(109.313320518142,-15.5999972999096,42.));
#5253=CARTESIAN_POINT('',(99.1133205181421,-15.5999972999096,42.));
#5254=CARTESIAN_POINT('',(109.313320518142,-15.5999972999096,42.));
#5255=CARTESIAN_POINT('Origin',(130.135822549237,-11.924048530752,42.));
#5256=CARTESIAN_POINT('',(130.624851490666,-12.0282151974187,41.));
#5257=CARTESIAN_POINT('',(130.135822549237,-11.424048530752,41.));
#5258=CARTESIAN_POINT('Origin',(130.135822549237,-11.924048530752,41.));
#5259=CARTESIAN_POINT('',(130.135822549237,-11.424048530752,42.));
#5260=CARTESIAN_POINT('',(130.624851490666,-12.0282151974187,42.));
#5261=CARTESIAN_POINT('Origin',(127.788483630376,-11.424048530752,41.0000006109476));
#5262=CARTESIAN_POINT('',(122.288483630376,-11.424048530752,41.0000006109476));
#5263=CARTESIAN_POINT('',(107.688741289529,-11.424048530752,41.));
#5264=CARTESIAN_POINT('',(122.288483630376,-11.424048530752,42.0000006258488));
#5265=CARTESIAN_POINT('Origin',(127.788483630376,11.0000001639128,42.));
#5266=CARTESIAN_POINT('',(127.788483630376,13.9000001639128,41.));
#5267=CARTESIAN_POINT('Origin',(127.788483630376,11.0000001639128,41.));
#5268=CARTESIAN_POINT('',(127.788483630376,13.9000001639128,42.));
#5269=CARTESIAN_POINT('Origin',(127.788483630376,-11.424048530752,42.));
#5270=CARTESIAN_POINT('',(127.788483630376,-14.324048530752,41.));
#5271=CARTESIAN_POINT('',(127.788483630376,-14.324048530752,42.));
#5272=CARTESIAN_POINT('Origin',(127.788483630376,-11.424048530752,41.));
#5273=CARTESIAN_POINT('Origin',(129.709930239783,-9.42404852330145,40.6285540015409));
#5274=CARTESIAN_POINT('',(128.74203702097,-9.42404852330145,38.9535540015411));
#5275=CARTESIAN_POINT('',(128.034930239783,-8.92404852330145,38.953554001541));
#5276=CARTESIAN_POINT('Origin',(128.388483630376,-9.42404852330145,39.3071073921343));
#5277=CARTESIAN_POINT('',(130.081376238242,-8.92404852330145,41.));
#5278=CARTESIAN_POINT('',(129.709930239783,-8.92404852330145,40.6285540015409));
#5279=CARTESIAN_POINT('',(130.743573212902,-9.24869863486213,41.));
#5280=CARTESIAN_POINT('Origin',(130.081376238242,-9.42404852330145,41.));
#5281=CARTESIAN_POINT('',(130.642037020969,-9.42404852330145,40.8535540015409));
#5282=CARTESIAN_POINT('Origin',(130.288483630376,-9.42404852330145,41.2071073921341));
#5283=CARTESIAN_POINT('',(130.063483630376,-9.42404852330145,40.2750006109476));
#5284=CARTESIAN_POINT('Origin',(129.338483630376,-8.92404852330145,39.5500006109476));
#5285=CARTESIAN_POINT('',(127.888483630376,-8.92404852330145,39.3071073921343));
#5286=CARTESIAN_POINT('Origin',(128.388483630376,-8.92404852330145,39.3071073921343));
#5287=CARTESIAN_POINT('',(127.888483630376,-8.92404852330145,41.0000006109476));
#5288=CARTESIAN_POINT('',(127.888483630376,-8.92404852330145,38.1000006109476));
#5289=CARTESIAN_POINT('',(108.463741289529,-8.92404852330145,41.));
#5290=CARTESIAN_POINT('Origin',(129.338483630376,-8.92404852330145,39.5500006109476));
#5291=CARTESIAN_POINT('',(130.288483630376,-8.92404852330145,41.));
#5292=CARTESIAN_POINT('',(130.743573212902,-8.92404852330145,41.));
#5293=CARTESIAN_POINT('',(108.463741289529,-8.92404852330145,41.));
#5294=CARTESIAN_POINT('',(130.788483630376,-8.92404852330145,41.5));
#5295=CARTESIAN_POINT('Origin',(130.288483630376,-8.92404852330145,41.5));
#5296=CARTESIAN_POINT('',(130.788483630376,-8.92404852330145,41.2071073921341));
#5297=CARTESIAN_POINT('',(130.788483630376,-8.92404852330145,40.5250006146729));
#5298=CARTESIAN_POINT('Origin',(130.288483630376,-8.92404852330145,41.2071073921341));
#5299=CARTESIAN_POINT('Origin',(128.388483630376,-10.9240485233015,39.3071073921343));
#5300=CARTESIAN_POINT('',(128.74203702097,-10.4240485233015,38.9535540015411));
#5301=CARTESIAN_POINT('',(128.74203702097,-10.9240485233015,38.9535540015411));
#5302=CARTESIAN_POINT('Origin',(128.388483630376,-10.4240485233015,39.3071073921343));
#5303=CARTESIAN_POINT('',(127.888483630376,-10.9240485233015,39.3071073921343));
#5304=CARTESIAN_POINT('Origin',(128.259930239783,9.00000015646219,39.1785540015409));
#5305=CARTESIAN_POINT('',(130.642037020969,9.00000015646219,40.8535540015409));
#5306=CARTESIAN_POINT('',(130.743573212902,8.82465026802287,41.));
#5307=CARTESIAN_POINT('Origin',(130.288483630376,9.00000015646219,41.2071073921341));
#5308=CARTESIAN_POINT('',(130.081376238242,8.50000015646219,41.));
#5309=CARTESIAN_POINT('Origin',(130.081376238242,9.00000015646219,41.));
#5310=CARTESIAN_POINT('',(128.034930239783,8.50000015646219,38.953554001541));
#5311=CARTESIAN_POINT('',(128.259930239783,8.50000015646219,39.1785540015409));
#5312=CARTESIAN_POINT('',(128.74203702097,9.00000015646219,38.9535540015411));
#5313=CARTESIAN_POINT('Origin',(128.388483630376,9.00000015646219,39.3071073921343));
#5314=CARTESIAN_POINT('',(128.613483630376,9.00000015646219,38.8250006109476));
#5315=CARTESIAN_POINT('Origin',(130.288483630376,5.14398798652128,41.2071073921341));
#5316=CARTESIAN_POINT('',(130.743573212902,8.50000015646219,41.));
#5317=CARTESIAN_POINT('',(130.743573212902,5.14398798652128,41.));
#5318=CARTESIAN_POINT('',(130.642037020969,10.0000001564622,40.8535540015409));
#5319=CARTESIAN_POINT('',(130.642037020969,5.14398798652128,40.8535540015409));
#5320=CARTESIAN_POINT('',(130.788483630376,10.0000001564622,41.2071073921341));
#5321=CARTESIAN_POINT('Origin',(130.288483630376,10.0000001564622,41.2071073921341));
#5322=CARTESIAN_POINT('',(130.788483630376,8.50000015646219,41.2071073921341));
#5323=CARTESIAN_POINT('',(130.788483630376,5.14398798652128,41.2071073921341));
#5324=CARTESIAN_POINT('Origin',(130.288483630376,8.50000015646219,41.2071073921341));
#5325=CARTESIAN_POINT('Origin',(127.888483630376,10.5000001564622,38.1000006109476));
#5326=CARTESIAN_POINT('',(128.74203702097,10.0000001564622,38.9535540015411));
#5327=CARTESIAN_POINT('',(128.74203702097,10.5000001564622,38.9535540015411));
#5328=CARTESIAN_POINT('',(128.588483630376,10.0000001564622,38.8000006109476));
#5329=CARTESIAN_POINT('Origin',(129.338483630376,8.50000015646219,39.5500006109476));
#5330=CARTESIAN_POINT('',(127.888483630376,8.50000015646219,41.0000006109476));
#5331=CARTESIAN_POINT('',(108.463741289529,8.50000015646219,41.));
#5332=CARTESIAN_POINT('',(127.888483630376,8.50000015646219,39.3071073921343));
#5333=CARTESIAN_POINT('',(127.888483630376,8.50000015646219,41.0000006109476));
#5334=CARTESIAN_POINT('Origin',(128.388483630376,8.50000015646219,39.3071073921343));
#5335=CARTESIAN_POINT('Origin',(128.388483630376,10.5000001564622,39.3071073921343));
#5336=CARTESIAN_POINT('',(127.888483630376,10.5000001564622,39.3071073921343));
#5337=CARTESIAN_POINT('',(127.888483630376,10.5000001564622,39.3071073921343));
#5338=CARTESIAN_POINT('',(128.034930239783,10.5000001564622,38.953554001541));
#5339=CARTESIAN_POINT('Origin',(128.388483630376,10.5000001564622,39.3071073921343));
#5340=CARTESIAN_POINT('Origin',(128.388483630376,10.0000001564622,39.3071073921343));
#5341=CARTESIAN_POINT('Origin',(130.288483630376,-10.4240485233015,41.2071073921341));
#5342=CARTESIAN_POINT('',(130.788483630376,-10.4240485233015,41.2071073921341));
#5343=CARTESIAN_POINT('',(130.642037020969,-10.4240485233015,40.8535540015409));
#5344=CARTESIAN_POINT('Origin',(130.288483630376,-10.4240485233015,41.2071073921341));
#5345=CARTESIAN_POINT('Origin',(130.288483630376,-10.4240485233015,41.2071073921341));
#5346=CARTESIAN_POINT('Origin',(130.288483630376,-10.4240485233015,41.2071073921341));
#5347=CARTESIAN_POINT('Origin',(130.288483630376,-10.4240485233015,41.7500006221235));
#5348=CARTESIAN_POINT('',(130.788483630376,-10.4240485233015,41.5));
#5349=CARTESIAN_POINT('',(130.788483630376,-10.4240485233015,41.7500006221235));
#5350=CARTESIAN_POINT('Origin',(130.288483630376,-10.4240485233015,41.5));
#5351=CARTESIAN_POINT('Origin',(130.288483630376,10.0000001564622,41.2071073921341));
#5352=CARTESIAN_POINT('',(130.288483630376,10.5000001564622,41.2071073921341));
#5353=CARTESIAN_POINT('Origin',(130.288483630376,10.0000001564622,41.2071073921341));
#5354=CARTESIAN_POINT('Origin',(130.288483630376,10.0000001564622,41.2071073921341));
#5355=CARTESIAN_POINT('Origin',(128.234930239783,10.0000001564622,39.1535540015409));
#5356=CARTESIAN_POINT('',(128.234930239783,10.5000001564622,39.1535540015409));
#5357=CARTESIAN_POINT('Origin',(130.288483630376,10.0000001564622,41.2500006146729));
#5358=CARTESIAN_POINT('',(130.788483630376,10.0000001564622,41.5));
#5359=CARTESIAN_POINT('',(130.788483630376,10.0000001564622,41.2500006146729));
#5360=CARTESIAN_POINT('',(130.288483630376,10.5000001564622,41.2500006146729));
#5361=CARTESIAN_POINT('Origin',(130.288483630376,10.0000001564622,41.5));
#5362=CARTESIAN_POINT('Origin',(129.934930243508,-10.4240485233015,40.8535540052662));
#5363=CARTESIAN_POINT('',(130.288483634101,-10.4240485233015,40.5000006146729));
#5364=CARTESIAN_POINT('Origin',(130.288483630376,-5.56803635336054,41.2071073921341));
#5365=CARTESIAN_POINT('',(130.743573212902,-5.56803635336054,41.));
#5366=CARTESIAN_POINT('',(130.788483630376,-5.56803635336054,41.2071073921341));
#5367=CARTESIAN_POINT('',(130.642037020969,-5.56803635336054,40.8535540015409));
#5368=CARTESIAN_POINT('Origin',(130.788483630376,-0.21202418341963,41.5000006183982));
#5369=CARTESIAN_POINT('',(130.788483630376,-0.106012279829619,41.5));
#5370=CARTESIAN_POINT('Origin',(130.788483630376,-0.21202418341963,41.5000006183982));
#5371=CARTESIAN_POINT('',(130.788483630376,8.50000015646219,41.5));
#5372=CARTESIAN_POINT('',(130.788483630376,-0.106012279829619,41.5));
#5373=CARTESIAN_POINT('',(130.788483630376,8.50000015646219,40.5250006146729));
#5374=CARTESIAN_POINT('Origin',(130.788483630376,-10.9240485233015,41.0000006109476));
#5375=CARTESIAN_POINT('Origin',(127.888483630376,-10.9240485233015,38.1000006109476));
#5376=CARTESIAN_POINT('',(127.888483630376,-5.46202426165073,41.));
#5377=CARTESIAN_POINT('Origin',(130.288483630376,-0.106012091709815,41.5));
#5378=CARTESIAN_POINT('',(130.288483630376,8.50000015646219,41.));
#5379=CARTESIAN_POINT('Origin',(130.288483630376,8.50000015646219,41.5));
#5380=CARTESIAN_POINT('',(130.288483630376,-0.106012091709815,41.));
#5381=CARTESIAN_POINT('Origin',(87.588998948682,0.,41.));
#5382=CARTESIAN_POINT('',(47.4384836303759,21.2499996237604,41.));
#5383=CARTESIAN_POINT('',(127.788483630376,37.4999992475208,41.));
#5384=CARTESIAN_POINT('Origin',(122.788483630376,37.4999992475208,41.));
#5385=CARTESIAN_POINT('',(127.788483630376,-18.7540559709896,41.));
#5386=CARTESIAN_POINT('',(122.288483630376,10.5000001564622,41.0000006109476));
#5387=CARTESIAN_POINT('',(122.288483630376,11.0000001639128,41.0000006109476));
#5388=CARTESIAN_POINT('',(127.888483630376,10.5000001564622,41.0000006109476));
#5389=CARTESIAN_POINT('',(107.688741289529,10.5000001564622,41.));
#5390=CARTESIAN_POINT('',(127.888483630376,5.2500000782311,41.));
#5391=CARTESIAN_POINT('',(108.463741289529,8.50000015646219,41.));
#5392=CARTESIAN_POINT('',(122.288483630376,-11.424048530752,41.0000006109476));
#5393=CARTESIAN_POINT('',(127.788483630376,-37.5081119419792,41.));
#5394=CARTESIAN_POINT('',(127.788483630376,-18.7540559709896,41.));
#5395=CARTESIAN_POINT('',(123.08581485485,-42.4992635268294,41.));
#5396=CARTESIAN_POINT('Origin',(122.788483630376,-37.5081119419792,41.));
#5397=CARTESIAN_POINT('Origin',(123.,-37.5,41.));
#5398=CARTESIAN_POINT('',(47.4384836303759,21.2499996237604,41.));
#5399=CARTESIAN_POINT('Origin',(127.888483630376,10.5000001564622,41.0000006109476));
#5400=CARTESIAN_POINT('',(127.888483630376,10.5000001564622,41.0000006109476));
#5401=CARTESIAN_POINT('Origin',(129.338483630376,8.50000015646219,39.5500006109476));
#5402=CARTESIAN_POINT('Origin',(127.788483630376,10.5000001564622,41.0000006109476));
#5403=CARTESIAN_POINT('',(122.288483630376,10.5000001564622,41.0000006109476));
#5404=CARTESIAN_POINT('Origin',(122.288483630376,10.7500001601875,41.5000006183982));
#5405=CARTESIAN_POINT('Origin',(122.288483630376,-11.1740485270267,41.5000006183982));
#5406=CARTESIAN_POINT('Origin',(127.788483630376,-37.5081119419792,41.));
#5407=CARTESIAN_POINT('',(127.788483630376,-37.5081119419792,41.));
#5408=CARTESIAN_POINT('Origin',(127.788483630376,-37.5081119419792,41.));
#5409=CARTESIAN_POINT('',(127.788483630376,37.4999992475208,41.));
#5410=CARTESIAN_POINT('Origin',(99.6389989430941,37.5186267857204,39.05));
#5411=CARTESIAN_POINT('',(77.538998948682,37.6600481419577,38.9085786437627));
#5412=CARTESIAN_POINT('Origin',(77.538998948682,37.5186267857204,39.05));
#5413=CARTESIAN_POINT('',(85.538998948682,37.6600481419577,38.9085786437627));
#5414=CARTESIAN_POINT('',(99.6389989430941,37.6600481419577,38.9085786437627));
#5415=CARTESIAN_POINT('Origin',(85.538998948682,37.5186267857204,39.05));
#5416=CARTESIAN_POINT('Origin',(77.538998948682,38.3000005885959,38.0918622382418));
#5417=CARTESIAN_POINT('',(77.538998948682,38.6914219448332,38.3485247929086));
#5418=CARTESIAN_POINT('',(77.538998948682,38.9586902889885,38.6157931370639));
#5419=CARTESIAN_POINT('',(77.538998948682,38.6914219448332,38.065682080434));
#5420=CARTESIAN_POINT('Origin',(77.538998948682,38.8328433010705,38.2071034366713));
#5421=CARTESIAN_POINT('',(77.538998948682,39.3758100724482,37.3812939528189));
#5422=CARTESIAN_POINT('',(77.538998948682,38.5163108882032,38.2407931370639));
#5423=CARTESIAN_POINT('',(77.538998948682,39.3437398890139,37.0724141808283));
#5424=CARTESIAN_POINT('Origin',(77.538998948682,39.2343887162109,37.2398725965816));
#5425=CARTESIAN_POINT('',(77.538998948682,39.1313545492126,36.9337255046637));
#5426=CARTESIAN_POINT('',(77.538998948682,39.3143581148549,37.053227737144));
#5427=CARTESIAN_POINT('',(77.538998948682,37.476402805272,37.8098764279264));
#5428=CARTESIAN_POINT('',(77.538998948682,38.5672245291374,37.2323825741153));
#5429=CARTESIAN_POINT('',(77.538998948682,37.3567932748882,38.6053237766932));
#5430=CARTESIAN_POINT('Origin',(77.538998948682,37.7103466654815,38.2517703861));
#5431=CARTESIAN_POINT('',(77.538998948682,37.3108333755561,38.5593638773611));
#5432=CARTESIAN_POINT('Origin',(85.538998948682,38.3000005885959,38.0918622382418));
#5433=CARTESIAN_POINT('',(85.538998948682,37.3567932748882,38.6053237766932));
#5434=CARTESIAN_POINT('',(85.538998948682,37.3108333755561,38.5593638773611));
#5435=CARTESIAN_POINT('',(85.538998948682,37.476402805272,37.8098764279264));
#5436=CARTESIAN_POINT('Origin',(85.538998948682,37.7103466654815,38.2517703861));
#5437=CARTESIAN_POINT('',(85.538998948682,39.1313545492126,36.9337255046637));
#5438=CARTESIAN_POINT('',(85.538998948682,38.5672245291374,37.2323825741153));
#5439=CARTESIAN_POINT('',(85.538998948682,39.3437398890139,37.0724141808283));
#5440=CARTESIAN_POINT('',(85.538998948682,39.3143581148549,37.053227737144));
#5441=CARTESIAN_POINT('',(85.538998948682,39.3758100724482,37.3812939528189));
#5442=CARTESIAN_POINT('Origin',(85.538998948682,39.2343887162109,37.2398725965816));
#5443=CARTESIAN_POINT('',(85.538998948682,38.6914219448332,38.065682080434));
#5444=CARTESIAN_POINT('',(85.538998948682,38.5163108882032,38.2407931370639));
#5445=CARTESIAN_POINT('',(85.538998948682,38.6914219448332,38.3485247929086));
#5446=CARTESIAN_POINT('Origin',(85.538998948682,38.8328433010705,38.2071034366713));
#5447=CARTESIAN_POINT('',(85.538998948682,38.9586902889885,38.6157931370639));
#5448=CARTESIAN_POINT('Origin',(99.538998948682,39.1313545492126,36.9337255046637));
#5449=CARTESIAN_POINT('',(99.538998948682,37.476402805272,37.8098764279264));
#5450=CARTESIAN_POINT('',(99.538998948682,39.1313545492126,36.9337255046637));
#5451=CARTESIAN_POINT('Origin',(99.538998948682,37.7103466654815,38.2517703861));
#5452=CARTESIAN_POINT('',(99.538998948682,37.3567932748882,38.6053237766932));
#5453=CARTESIAN_POINT('Origin',(99.538998948682,38.5500005885959,38.2071034366713));
#5454=CARTESIAN_POINT('',(99.538998948682,39.3758100724482,37.3812939528189));
#5455=CARTESIAN_POINT('',(99.538998948682,38.6914219448332,38.065682080434));
#5456=CARTESIAN_POINT('Origin',(99.538998948682,38.8328433010705,38.2071034366713));
#5457=CARTESIAN_POINT('',(99.538998948682,38.6914219448332,38.3485247929086));
#5458=CARTESIAN_POINT('Origin',(99.538998948682,39.5500005885959,39.2071034366713));
#5459=CARTESIAN_POINT('Origin',(99.538998948682,37.0500005885959,38.2985310904009));
#5460=CARTESIAN_POINT('Origin',(99.538998948682,39.5500005885959,37.2071034366713));
#5461=CARTESIAN_POINT('',(99.538998948682,39.3437398890139,37.0724141808283));
#5462=CARTESIAN_POINT('Origin',(99.538998948682,39.2343887162109,37.2398725965816));
#5463=CARTESIAN_POINT('Origin',(69.4389989542699,-37.5186267857204,39.05));
#5464=CARTESIAN_POINT('',(91.538998948682,-37.6600481419577,38.9085786437627));
#5465=CARTESIAN_POINT('Origin',(91.538998948682,-37.5186267857204,39.05));
#5466=CARTESIAN_POINT('',(83.538998948682,-37.6600481419577,38.9085786437627));
#5467=CARTESIAN_POINT('',(69.4389989542699,-37.6600481419577,38.9085786437627));
#5468=CARTESIAN_POINT('Origin',(83.538998948682,-37.5186267857204,39.05));
#5469=CARTESIAN_POINT('Origin',(91.538998948682,-38.3000005885959,38.0918622382418));
#5470=CARTESIAN_POINT('',(91.538998948682,-38.6914219448332,38.3485247929086));
#5471=CARTESIAN_POINT('',(91.538998948682,-38.9586902889885,38.6157931370639));
#5472=CARTESIAN_POINT('',(91.538998948682,-38.6914219448332,38.065682080434));
#5473=CARTESIAN_POINT('Origin',(91.538998948682,-38.8328433010705,38.2071034366713));
#5474=CARTESIAN_POINT('',(91.538998948682,-39.3758100724482,37.3812939528189));
#5475=CARTESIAN_POINT('',(91.538998948682,-38.5163108882032,38.2407931370639));
#5476=CARTESIAN_POINT('',(91.538998948682,-39.3437398890139,37.0724141808283));
#5477=CARTESIAN_POINT('Origin',(91.538998948682,-39.2343887162109,37.2398725965816));
#5478=CARTESIAN_POINT('',(91.538998948682,-39.1313545492126,36.9337255046637));
#5479=CARTESIAN_POINT('',(91.538998948682,-39.3143581148549,37.053227737144));
#5480=CARTESIAN_POINT('',(91.538998948682,-37.476402805272,37.8098764279264));
#5481=CARTESIAN_POINT('',(91.538998948682,-38.5672245291374,37.2323825741153));
#5482=CARTESIAN_POINT('',(91.538998948682,-37.3567932748882,38.6053237766932));
#5483=CARTESIAN_POINT('Origin',(91.538998948682,-37.7103466654815,38.2517703861));
#5484=CARTESIAN_POINT('',(91.538998948682,-37.3108333755561,38.5593638773611));
#5485=CARTESIAN_POINT('Origin',(83.538998948682,-38.3000005885959,38.0918622382418));
#5486=CARTESIAN_POINT('',(83.538998948682,-37.3567932748882,38.6053237766932));
#5487=CARTESIAN_POINT('',(83.538998948682,-37.3108333755561,38.5593638773611));
#5488=CARTESIAN_POINT('',(83.538998948682,-37.476402805272,37.8098764279264));
#5489=CARTESIAN_POINT('Origin',(83.538998948682,-37.7103466654815,38.2517703861));
#5490=CARTESIAN_POINT('',(83.538998948682,-39.1313545492126,36.9337255046637));
#5491=CARTESIAN_POINT('',(83.538998948682,-38.5672245291374,37.2323825741153));
#5492=CARTESIAN_POINT('',(83.538998948682,-39.3437398890139,37.0724141808283));
#5493=CARTESIAN_POINT('',(83.538998948682,-39.3143581148549,37.053227737144));
#5494=CARTESIAN_POINT('',(83.538998948682,-39.3758100724482,37.3812939528189));
#5495=CARTESIAN_POINT('Origin',(83.538998948682,-39.2343887162109,37.2398725965816));
#5496=CARTESIAN_POINT('',(83.538998948682,-38.6914219448332,38.065682080434));
#5497=CARTESIAN_POINT('',(83.538998948682,-38.5163108882032,38.2407931370639));
#5498=CARTESIAN_POINT('',(83.538998948682,-38.6914219448332,38.3485247929086));
#5499=CARTESIAN_POINT('Origin',(83.538998948682,-38.8328433010705,38.2071034366713));
#5500=CARTESIAN_POINT('',(83.538998948682,-38.9586902889885,38.6157931370639));
#5501=CARTESIAN_POINT('Origin',(69.538998948682,-39.1313545492126,36.9337255046637));
#5502=CARTESIAN_POINT('',(69.538998948682,-37.476402805272,37.8098764279264));
#5503=CARTESIAN_POINT('',(69.538998948682,-39.1313545492126,36.9337255046637));
#5504=CARTESIAN_POINT('Origin',(69.538998948682,-37.7103466654815,38.2517703861));
#5505=CARTESIAN_POINT('',(69.538998948682,-37.3567932748882,38.6053237766932));
#5506=CARTESIAN_POINT('Origin',(69.538998948682,-38.5500005885958,38.2071034366713));
#5507=CARTESIAN_POINT('',(69.538998948682,-39.3758100724482,37.3812939528189));
#5508=CARTESIAN_POINT('',(69.538998948682,-38.6914219448332,38.065682080434));
#5509=CARTESIAN_POINT('Origin',(69.538998948682,-38.8328433010705,38.2071034366713));
#5510=CARTESIAN_POINT('',(69.538998948682,-38.6914219448332,38.3485247929086));
#5511=CARTESIAN_POINT('Origin',(69.538998948682,-39.5500005885959,39.2071034366713));
#5512=CARTESIAN_POINT('Origin',(69.538998948682,-37.0500005885958,38.2985310904009));
#5513=CARTESIAN_POINT('Origin',(69.538998948682,-39.5500005885959,37.2071034366713));
#5514=CARTESIAN_POINT('',(69.538998948682,-39.3437398890139,37.0724141808283));
#5515=CARTESIAN_POINT('Origin',(69.538998948682,-39.2343887162109,37.2398725965816));
#5516=CARTESIAN_POINT('Origin',(47.438483630376,42.4999992475208,41.));
#5517=CARTESIAN_POINT('Origin',(77.9241495420029,-9.85761954630207,41.));
#5518=CARTESIAN_POINT('',(77.9241495420029,-18.0576195463021,41.));
#5519=CARTESIAN_POINT('',(77.9241495420029,-9.85761954630207,41.));
#5520=CARTESIAN_POINT('Origin',(75.9241495420029,-9.85761954630208,41.));
#5521=CARTESIAN_POINT('',(75.9241495420029,-7.85761954630207,41.));
#5522=CARTESIAN_POINT('Origin',(67.7241495420029,-7.85761954630206,41.));
#5523=CARTESIAN_POINT('',(67.7241495420029,-7.85761954630206,41.));
#5524=CARTESIAN_POINT('Origin',(67.7241495420029,-9.85761954630208,41.));
#5525=CARTESIAN_POINT('',(65.7241495420029,-9.85761954630207,41.));
#5526=CARTESIAN_POINT('Origin',(65.7241495420029,-18.0576195463021,41.));
#5527=CARTESIAN_POINT('',(65.7241495420029,-18.0576195463021,41.));
#5528=CARTESIAN_POINT('Origin',(67.7241495420029,-18.0576195463021,41.));
#5529=CARTESIAN_POINT('',(67.7241495420029,-20.0576195463021,41.));
#5530=CARTESIAN_POINT('Origin',(75.9241495420029,-20.0576195463021,41.));
#5531=CARTESIAN_POINT('',(75.9241495420029,-20.0576195463021,41.));
#5532=CARTESIAN_POINT('Origin',(75.9241495420029,-18.0576195463021,41.));
#5533=CARTESIAN_POINT('Origin',(61.5000009089708,-5.50000146776437,41.));
#5534=CARTESIAN_POINT('',(53.3000009089708,-5.50000146776437,41.));
#5535=CARTESIAN_POINT('',(61.5000009089708,-5.50000146776437,41.));
#5536=CARTESIAN_POINT('Origin',(61.5000009089708,-3.50000146776436,41.));
#5537=CARTESIAN_POINT('',(63.5000009089708,-3.50000146776437,41.));
#5538=CARTESIAN_POINT('Origin',(63.5000009089708,4.69999853223564,41.));
#5539=CARTESIAN_POINT('',(63.5000009089708,4.69999853223564,41.));
#5540=CARTESIAN_POINT('Origin',(61.5000009089708,4.69999853223563,41.));
#5541=CARTESIAN_POINT('',(61.5000009089708,6.69999853223564,41.));
#5542=CARTESIAN_POINT('Origin',(53.3000009089708,6.69999853223564,41.));
#5543=CARTESIAN_POINT('',(53.3000009089708,6.69999853223564,41.));
#5544=CARTESIAN_POINT('Origin',(53.3000009089708,4.69999853223563,41.));
#5545=CARTESIAN_POINT('',(51.3000009089708,4.69999853223564,41.));
#5546=CARTESIAN_POINT('Origin',(51.3000009089708,-3.50000146776437,41.));
#5547=CARTESIAN_POINT('',(51.3000009089708,-3.50000146776437,41.));
#5548=CARTESIAN_POINT('Origin',(53.3000009089708,-3.50000146776436,41.));
#5549=CARTESIAN_POINT('Origin',(75.9241495420029,8.60758478383509,41.));
#5550=CARTESIAN_POINT('',(67.7241495420029,8.6075847838351,41.));
#5551=CARTESIAN_POINT('',(75.9241495420029,8.60758478383509,41.));
#5552=CARTESIAN_POINT('Origin',(75.9241495420029,10.6075847838351,41.));
#5553=CARTESIAN_POINT('',(77.9241495420029,10.6075847838351,41.));
#5554=CARTESIAN_POINT('Origin',(77.9241495420029,18.8075847838351,41.));
#5555=CARTESIAN_POINT('',(77.9241495420029,18.8075847838351,41.));
#5556=CARTESIAN_POINT('Origin',(75.9241495420029,18.8075847838351,41.));
#5557=CARTESIAN_POINT('',(75.9241495420029,20.8075847838351,41.));
#5558=CARTESIAN_POINT('Origin',(67.7241495420029,20.8075847838351,41.));
#5559=CARTESIAN_POINT('',(67.7241495420029,20.8075847838351,41.));
#5560=CARTESIAN_POINT('Origin',(67.7241495420029,18.8075847838351,41.));
#5561=CARTESIAN_POINT('',(65.7241495420029,18.8075847838351,41.));
#5562=CARTESIAN_POINT('Origin',(65.7241495420029,10.6075847838351,41.));
#5563=CARTESIAN_POINT('',(65.7241495420029,10.6075847838351,41.));
#5564=CARTESIAN_POINT('Origin',(67.7241495420029,10.6075847838351,41.));
#5565=CARTESIAN_POINT('Origin',(109.313320518142,4.39834786143137,41.));
#5566=CARTESIAN_POINT('',(109.313320518142,-3.80165213856864,41.));
#5567=CARTESIAN_POINT('',(109.313320518142,4.39834786143137,41.));
#5568=CARTESIAN_POINT('Origin',(107.313320518142,4.39834786143138,41.));
#5569=CARTESIAN_POINT('',(107.313320518142,6.39834786143137,41.));
#5570=CARTESIAN_POINT('Origin',(99.1133205181421,6.39834786143137,41.));
#5571=CARTESIAN_POINT('',(99.1133205181421,6.39834786143137,41.));
#5572=CARTESIAN_POINT('Origin',(99.1133205181421,4.39834786143138,41.));
#5573=CARTESIAN_POINT('',(97.1133205181421,4.39834786143137,41.));
#5574=CARTESIAN_POINT('Origin',(97.1133205181421,-3.80165213856864,41.));
#5575=CARTESIAN_POINT('',(97.1133205181421,-3.80165213856864,41.));
#5576=CARTESIAN_POINT('Origin',(99.1133205181421,-3.80165213856865,41.));
#5577=CARTESIAN_POINT('',(99.1133205181421,-5.80165213856864,41.));
#5578=CARTESIAN_POINT('Origin',(107.313320518142,-5.80165213856864,41.));
#5579=CARTESIAN_POINT('',(107.313320518142,-5.80165213856864,41.));
#5580=CARTESIAN_POINT('Origin',(107.313320518142,-3.80165213856865,41.));
#5581=CARTESIAN_POINT('Origin',(92.566115844501,4.39834786143137,41.));
#5582=CARTESIAN_POINT('',(92.566115844501,-3.80165213856864,41.));
#5583=CARTESIAN_POINT('',(92.566115844501,4.39834786143137,41.));
#5584=CARTESIAN_POINT('Origin',(90.566115844501,4.39834786143138,41.));
#5585=CARTESIAN_POINT('',(90.566115844501,6.39834786143137,41.));
#5586=CARTESIAN_POINT('Origin',(82.366115844501,6.39834786143138,41.));
#5587=CARTESIAN_POINT('',(82.366115844501,6.39834786143138,41.));
#5588=CARTESIAN_POINT('Origin',(82.366115844501,4.39834786143138,41.));
#5589=CARTESIAN_POINT('',(80.366115844501,4.39834786143137,41.));
#5590=CARTESIAN_POINT('Origin',(80.366115844501,-3.80165213856864,41.));
#5591=CARTESIAN_POINT('',(80.366115844501,-3.80165213856864,41.));
#5592=CARTESIAN_POINT('Origin',(82.366115844501,-3.80165213856863,41.));
#5593=CARTESIAN_POINT('',(82.366115844501,-5.80165213856862,41.));
#5594=CARTESIAN_POINT('Origin',(90.566115844501,-5.80165213856864,41.));
#5595=CARTESIAN_POINT('',(90.566115844501,-5.80165213856864,41.));
#5596=CARTESIAN_POINT('Origin',(90.566115844501,-3.80165213856865,41.));
#5597=CARTESIAN_POINT('Origin',(109.313320518142,26.4925152576336,41.));
#5598=CARTESIAN_POINT('',(109.313320518142,18.2925152576336,41.));
#5599=CARTESIAN_POINT('',(109.313320518142,26.4925152576336,41.));
#5600=CARTESIAN_POINT('Origin',(107.313320518142,26.4925152576336,41.));
#5601=CARTESIAN_POINT('',(107.313320518142,28.4925152576336,41.));
#5602=CARTESIAN_POINT('Origin',(99.1133205181421,28.4925152576336,41.));
#5603=CARTESIAN_POINT('',(99.1133205181421,28.4925152576336,41.));
#5604=CARTESIAN_POINT('Origin',(99.1133205181421,26.4925152576336,41.));
#5605=CARTESIAN_POINT('',(97.1133205181421,26.4925152576336,41.));
#5606=CARTESIAN_POINT('Origin',(97.1133205181421,18.2925152576336,41.));
#5607=CARTESIAN_POINT('',(97.1133205181421,18.2925152576336,41.));
#5608=CARTESIAN_POINT('Origin',(99.1133205181421,18.2925152576336,41.));
#5609=CARTESIAN_POINT('',(99.1133205181421,16.2925152576336,41.));
#5610=CARTESIAN_POINT('Origin',(107.313320518142,16.2925152576336,41.));
#5611=CARTESIAN_POINT('',(107.313320518142,16.2925152576336,41.));
#5612=CARTESIAN_POINT('Origin',(107.313320518142,18.2925152576336,41.));
#5613=CARTESIAN_POINT('Origin',(109.313320518142,-15.5999972999096,41.));
#5614=CARTESIAN_POINT('',(109.313320518142,-27.7999972999096,41.));
#5615=CARTESIAN_POINT('',(109.313320518142,-15.5999972999096,41.));
#5616=CARTESIAN_POINT('Origin',(97.1133205181421,-15.5999972999096,41.));
#5617=CARTESIAN_POINT('',(97.1133205181421,-15.5999972999096,41.));
#5618=CARTESIAN_POINT('Origin',(97.1133205181421,-27.7999972999096,41.));
#5619=CARTESIAN_POINT('',(97.1133205181421,-27.7999972999096,41.));
#5620=CARTESIAN_POINT('Origin',(109.313320518142,-27.7999972999096,41.));
#5621=CARTESIAN_POINT('Origin',(122.788483630376,-37.5081119419792,41.));
#5622=CARTESIAN_POINT('',(123.08581485485,-42.4992635268294,41.));
#5623=CARTESIAN_POINT('Origin',(123.,-37.5,41.));
#5624=CARTESIAN_POINT('Origin',(122.788483630376,37.4999992475208,41.));
#5625=UNCERTAINTY_MEASURE_WITH_UNIT(LENGTH_MEASURE(0.01),#5629,
'DISTANCE_ACCURACY_VALUE',
'Maximum model space distance between geometric entities at asserted c
onnectivities');
#5626=UNCERTAINTY_MEASURE_WITH_UNIT(LENGTH_MEASURE(0.01),#5629,
'DISTANCE_ACCURACY_VALUE',
'Maximum model space distance between geometric entities at asserted c
onnectivities');
#5627=(
GEOMETRIC_REPRESENTATION_CONTEXT(3)
GLOBAL_UNCERTAINTY_ASSIGNED_CONTEXT((#5625))
GLOBAL_UNIT_ASSIGNED_CONTEXT((#5629,#5631,#5632))
REPRESENTATION_CONTEXT('','3D')
);
#5628=(
GEOMETRIC_REPRESENTATION_CONTEXT(3)
GLOBAL_UNCERTAINTY_ASSIGNED_CONTEXT((#5626))
GLOBAL_UNIT_ASSIGNED_CONTEXT((#5629,#5631,#5632))
REPRESENTATION_CONTEXT('','3D')
);
#5629=(
LENGTH_UNIT()
NAMED_UNIT(*)
SI_UNIT(.MILLI.,.METRE.)
);
#5630=(
LENGTH_UNIT()
NAMED_UNIT(*)
SI_UNIT($,.METRE.)
);
#5631=(
NAMED_UNIT(*)
PLANE_ANGLE_UNIT()
SI_UNIT($,.RADIAN.)
);
#5632=(
NAMED_UNIT(*)
SI_UNIT($,.STERADIAN.)
SOLID_ANGLE_UNIT()
);
#5633=SHAPE_DEFINITION_REPRESENTATION(#5634,#5635);
#5634=PRODUCT_DEFINITION_SHAPE('',$,#5637);
#5635=SHAPE_REPRESENTATION('',(#3364),#5627);
#5636=PRODUCT_DEFINITION_CONTEXT('part definition',#5641,'design');
#5637=PRODUCT_DEFINITION('2026-08-14-23-23-50-391',
'roversa-robot-chassis-3dp',#5638,#5636);
#5638=PRODUCT_DEFINITION_FORMATION('',$,#5643);
#5639=PRODUCT_RELATED_PRODUCT_CATEGORY('roversa-robot-chassis-3dp',
'roversa-robot-chassis-3dp',(#5643));
#5640=APPLICATION_PROTOCOL_DEFINITION('international standard',
'automotive_design',2009,#5641);
#5641=APPLICATION_CONTEXT(
'Core Data for Automotive Mechanical Design Process');
#5642=PRODUCT_CONTEXT('part definition',#5641,'mechanical');
#5643=PRODUCT('2026-08-14-23-23-50-391','roversa-robot-chassis-3dp',$,(#5642));
#5644=PRESENTATION_STYLE_ASSIGNMENT((#5650));
#5645=PRESENTATION_STYLE_ASSIGNMENT((#5651));
#5646=PRESENTATION_STYLE_ASSIGNMENT((#5652));
#5647=PRESENTATION_STYLE_ASSIGNMENT((#5653));
#5648=PRESENTATION_STYLE_ASSIGNMENT((#5654));
#5649=PRESENTATION_STYLE_ASSIGNMENT((#5655));
#5650=SURFACE_STYLE_USAGE(.BOTH.,#5656);
#5651=SURFACE_STYLE_USAGE(.BOTH.,#5657);
#5652=SURFACE_STYLE_USAGE(.BOTH.,#5658);
#5653=SURFACE_STYLE_USAGE(.BOTH.,#5659);
#5654=SURFACE_STYLE_USAGE(.BOTH.,#5660);
#5655=SURFACE_STYLE_USAGE(.BOTH.,#5661);
#5656=SURFACE_SIDE_STYLE('',(#5662));
#5657=SURFACE_SIDE_STYLE('',(#5663));
#5658=SURFACE_SIDE_STYLE('',(#5664));
#5659=SURFACE_SIDE_STYLE('',(#5665));
#5660=SURFACE_SIDE_STYLE('',(#5666));
#5661=SURFACE_SIDE_STYLE('',(#5667));
#5662=SURFACE_STYLE_FILL_AREA(#5668);
#5663=SURFACE_STYLE_FILL_AREA(#5669);
#5664=SURFACE_STYLE_FILL_AREA(#5670);
#5665=SURFACE_STYLE_FILL_AREA(#5671);
#5666=SURFACE_STYLE_FILL_AREA(#5672);
#5667=SURFACE_STYLE_FILL_AREA(#5673);
#5668=FILL_AREA_STYLE('Steel - Satin',(#5674));
#5669=FILL_AREA_STYLE('Plastic - Glossy (Grey)',(#5675));
#5670=FILL_AREA_STYLE('Rubber - Soft',(#5676));
#5671=FILL_AREA_STYLE('Plastic - Matte (White)',(#5677));
#5672=FILL_AREA_STYLE('Plastic - Matte (Red)',(#5678));
#5673=FILL_AREA_STYLE('Glass (Grey)',(#5679));
#5674=FILL_AREA_STYLE_COLOUR('Steel - Satin',#5680);
#5675=FILL_AREA_STYLE_COLOUR('Plastic - Glossy (Grey)',#5681);
#5676=FILL_AREA_STYLE_COLOUR('Rubber - Soft',#5682);
#5677=FILL_AREA_STYLE_COLOUR('Plastic - Matte (White)',#5683);
#5678=FILL_AREA_STYLE_COLOUR('Plastic - Matte (Red)',#5684);
#5679=FILL_AREA_STYLE_COLOUR('Glass (Grey)',#5685);
#5680=COLOUR_RGB('Steel - Satin',0.627450980392157,0.627450980392157,0.627450980392157);
#5681=COLOUR_RGB('Plastic - Glossy (Grey)',0.,0.,0.);
#5682=COLOUR_RGB('Rubber - Soft',0.152941176470588,0.152941176470588,0.152941176470588);
#5683=COLOUR_RGB('Plastic - Matte (White)',0.964705882352941,0.964705882352941,
0.952941176470588);
#5684=COLOUR_RGB('Plastic - Matte (Red)',0.768627450980392,0.207843137254902,
0.152941176470588);
#5685=COLOUR_RGB('Glass (Grey)',0.701960784313725,0.701960784313725,0.701960784313725);
ENDSEC;
END-ISO-10303-21;
